0x0000000000000030,_start,316,_ZN7subsdk117_start_subsdk1_30Ev!
0x0000000000000170,sub_170,52,_ZN7subsdk119sub_170_subsdk1_170Ev!
0x00000000000001b0,sub_1b0,8,_Z13subsdk1_f_1b0v
0x00000000000001c0,sub_1c0,8,_Z13subsdk1_f_1c0v
0x00000000000001d0,sub_1d0,8,_Z13subsdk1_f_1d0v
0x00000000000001e0,sub_1e0,4,_ZN7subsdk119sub_1e0_subsdk1_1e0Ev!
0x00000000000001f0,sub_1f0,12,_ZN7subsdk119sub_1f0_subsdk1_1f0Ev!
0x0000000000000200,sub_200,12,_ZN7subsdk119sub_200_subsdk1_200Ev!
0x0000000000000210,sub_210,8,_Z13subsdk1_f_210v
0x0000000000000220,sub_220,8,_Z13subsdk1_f_220v
0x0000000000000230,sub_230,8,_Z13subsdk1_f_230v
0x0000000000000240,sub_240,8,_Z13subsdk1_f_240v
0x0000000000000250,sub_250,8,_Z13subsdk1_f_250v
0x0000000000000260,sub_260,8,_Z13subsdk1_f_260v
0x0000000000000270,sub_270,64,_ZN7subsdk119sub_270_subsdk1_270Ev!
0x00000000000002b0,sub_2b0,4,_ZN7subsdk119sub_2b0_subsdk1_2b0Ev!
0x00000000000002c0,sub_2c0,4,_ZN7subsdk119sub_2c0_subsdk1_2c0Ev!
0x00000000000002d0,sub_2d0,4,_ZN7subsdk119sub_2d0_subsdk1_2d0Ev!
0x00000000000002e0,sub_2e0,552,_ZN7subsdk119sub_2e0_subsdk1_2e0Ev!
0x0000000000000510,sub_510,20,_ZN7subsdk119sub_510_subsdk1_510Ev!
0x0000000000000530,sub_530,36,_ZN7subsdk17sub_530Ev!
0x0000000000000560,sub_560,56,_ZN7subsdk119sub_560_subsdk1_560Ev!
0x00000000000005a0,sub_5a0,84,_ZN7subsdk17sub_5a0Ev!
0x0000000000000600,sub_600,24,_ZN7subsdk17sub_600Ev!
0x0000000000000620,sub_620,4,_ZN7subsdk17sub_620Ev!
0x0000000000000630,sub_630,12,_ZN7subsdk119sub_630_subsdk1_630Ev!
0x0000000000000640,undefined,396,_ZN7subsdk121undefined_subsdk1_640Ev!
0x00000000000007d0,sub_7d0,512,_ZN7subsdk17sub_7d0Ev!
0x00000000000009d0,sub_9d0,336,_ZN7subsdk17sub_9d0Ev!
0x0000000000000b20,sub_b20,392,_ZN7subsdk17sub_b20Ev!
0x0000000000000cb0,sub_cb0,312,_ZN7subsdk17sub_cb0Ev!
0x0000000000000df0,sub_df0,280,_ZN7subsdk17sub_df0Ev!
0x0000000000000f10,sub_f10,496,_ZN7subsdk119sub_f10_subsdk1_f10Ev!
0x0000000000001100,sub_1100,256,_ZN7subsdk121sub_1100_subsdk1_1100Ev!
0x0000000000001200,sub_1200,72,_ZN7subsdk121sub_1200_subsdk1_1200Ev!
0x0000000000001250,sub_1250,4,_Z14subsdk1_f_1250v
0x0000000000001260,sub_1260,48,_ZN7subsdk18sub_1260Ev!
0x0000000000001290,sub_1290,12,_Z14subsdk1_f_1290Pv
0x00000000000012a0,sub_12a0,4,_Z14subsdk1_f_12a0v
0x00000000000012b0,sub_12b0,4,_Z14subsdk1_f_12b0v
0x00000000000012c0,null_atom,184,_ZN7subsdk19null_atomEv!
0x0000000000001380,sub_1380,4,_Z14subsdk1_f_1380v
0x0000000000001390,sub_1390,56,_ZN7subsdk18sub_1390Ev!
0x00000000000013d0,sub_13d0,600,_ZN7subsdk18sub_13d0Ev!
0x0000000000001630,sub_1630,524,_ZN7subsdk18sub_1630Ev!
0x0000000000001840,sub_1840,20,_Z14subsdk1_f_1840PvS_
0x0000000000001860,sub_1860,16,_Z14subsdk1_f_1860mj
0x0000000000001870,sub_1870,1120,_ZN7subsdk121sub_1870_subsdk1_1870Ev!
0x0000000000001cd0,sub_1cd0,324,_ZN7subsdk121sub_1cd0_subsdk1_1cd0Ev!
0x0000000000001e20,sub_1e20,8,_Z14subsdk1_f_1e20Pv
0x0000000000001e30,sub_1e30,8,_Z14subsdk1_f_1e30Pv
0x0000000000001e40,sub_1e40,8,_Z14subsdk1_f_1e40Pv
0x0000000000001e50,sub_1e50,288,_ZN7subsdk18sub_1e50Ev!
0x0000000000001f70,sub_1f70,36,_ZN7subsdk18sub_1f70Ev!
0x0000000000001fa0,sub_1fa0,80,_ZN7subsdk121sub_1fa0_subsdk1_1fa0Ev!
0x0000000000001ff0,sub_1ff0,48,_ZN7subsdk121sub_1ff0_subsdk1_1ff0Ev!
0x0000000000002020,sub_2020,52,_ZN7subsdk121sub_2020_subsdk1_2020Ev!
0x0000000000002060,sub_2060,96,_ZN7subsdk18sub_2060Ev!
0x00000000000020c0,sub_20c0,228,_ZN7subsdk18sub_20c0Ev!
0x00000000000021b0,sub_21b0,104,_ZN7subsdk18sub_21b0Ev!
0x0000000000002220,sub_2220,188,_ZN7subsdk18sub_2220Ev!
0x00000000000022e0,sub_22e0,108,_ZN7subsdk121sub_22e0_subsdk1_22e0Ev!
0x0000000000002350,sub_2350,12,_ZN7subsdk121sub_2350_subsdk1_2350Ev!
0x0000000000002360,sub_2360,104,_ZN7subsdk18sub_2360Ev!
0x00000000000023d0,sub_23d0,100,_ZN7subsdk121sub_23d0_subsdk1_23d0Ev!
0x0000000000002440,sub_2440,104,_ZN7subsdk18sub_2440Ev!
0x00000000000024b0,sub_24b0,100,_ZN7subsdk121sub_24b0_subsdk1_24b0Ev!
0x0000000000002520,sub_2520,104,_ZN7subsdk18sub_2520Ev!
0x0000000000002590,sub_2590,104,_ZN7subsdk121sub_2590_subsdk1_2590Ev!
0x0000000000002600,sub_2600,12,_ZN7subsdk18sub_2600Ev!
0x0000000000002610,sub_2610,92,_ZN7subsdk18sub_2610Ev!
0x0000000000002670,sub_2670,224,_ZN7subsdk18sub_2670Ev!
0x0000000000002750,sub_2750,300,_ZN7subsdk18sub_2750Ev!
0x0000000000002880,sub_2880,28,_ZN7subsdk18sub_2880Ev!
0x00000000000028a0,sub_28a0,272,_ZN7subsdk18sub_28a0Ev!
0x00000000000029b0,sub_29b0,100,_ZN7subsdk18sub_29b0Ev!
0x0000000000002a20,sub_2a20,376,_ZN7subsdk18sub_2a20Ev!
0x0000000000002ba0,sub_2ba0,804,_ZN7subsdk121sub_2ba0_subsdk1_2ba0Ev!
0x0000000000002ed0,sub_2ed0,64,_ZN7subsdk121sub_2ed0_subsdk1_2ed0Ev!
0x0000000000002f10,sub_2f10,436,_ZN7subsdk18sub_2f10Ev!
0x00000000000030d0,sub_30d0,356,_ZN7subsdk18sub_30d0Ev!
0x0000000000003240,sub_3240,92,_ZN7subsdk18sub_3240Ev!
0x00000000000032a0,sub_32a0,364,_ZN7subsdk18sub_32a0Ev!
0x0000000000003410,sub_3410,144,_ZN7subsdk18sub_3410Ev!
0x00000000000034a0,sub_34a0,4,_Z14subsdk1_f_34a0v
0x00000000000034b0,sub_34b0,4,_Z14subsdk1_f_34b0v
0x00000000000034c0,sub_34c0,144,_ZN7subsdk18sub_34c0Ev!
0x0000000000003550,sub_3550,68,_ZN7subsdk18sub_3550Ev!
0x00000000000035a0,sub_35a0,36,_ZN7subsdk18sub_35a0Ev!
0x00000000000035d0,sub_35d0,28,_ZN7subsdk18sub_35d0Ev!
0x00000000000035f0,sub_35f0,40,_ZN7subsdk18sub_35f0Ev!
0x0000000000003620,sub_3620,40,_ZN7subsdk18sub_3620Ev!
0x0000000000003650,sub_3650,28,_ZN7subsdk18sub_3650Ev!
0x0000000000003670,sub_3670,28,_ZN7subsdk18sub_3670Ev!
0x0000000000003690,sub_3690,224,_ZN7subsdk18sub_3690Ev!
0x0000000000003770,sub_3770,224,_ZN7subsdk121sub_3770_subsdk1_3770Ev!
0x0000000000003850,sub_3850,16,_ZN7subsdk18sub_3850Ev!
0x0000000000003860,sub_3860,16,_ZN7subsdk18sub_3860Ev!
0x0000000000003870,sub_3870,24,_ZN7subsdk121sub_3870_subsdk1_3870Ev!
0x0000000000003890,sub_3890,24,_ZN7subsdk121sub_3890_subsdk1_3890Ev!
0x00000000000038b0,sub_38b0,24,_ZN7subsdk121sub_38b0_subsdk1_38b0Ev!
0x00000000000038d0,sub_38d0,24,_ZN7subsdk121sub_38d0_subsdk1_38d0Ev!
0x00000000000038f0,sub_38f0,28,_ZN7subsdk18sub_38f0Ev!
0x0000000000003910,sub_3910,28,_ZN7subsdk18sub_3910Ev!
0x0000000000003930,sub_3930,4,_Z14subsdk1_f_3930v
0x0000000000003940,sub_3940,12,_ZN7subsdk18sub_3940Ev!
0x0000000000003950,sub_3950,4,_Z14subsdk1_f_3950v
0x0000000000003960,sub_3960,4,_Z14subsdk1_f_3960v
0x0000000000003970,sub_3970,4,_Z14subsdk1_f_3970v
0x0000000000003980,sub_3980,8,_Z14subsdk1_f_3980Pv
0x0000000000003990,sub_3990,40,_ZN7subsdk18sub_3990Ev!
0x00000000000039c0,Unknown_profile_option_s_ignored,404,_ZN7subsdk132Unknown_profile_option_s_ignoredEv!
0x0000000000003b60,sub_3b60,128,_ZN7subsdk18sub_3b60Ev!
0x0000000000003be0,s_s_s,24,_ZN7subsdk118s_s_s_subsdk1_3be0Ev!
0x0000000000003c00,sub_3c00,36,_ZN7subsdk18sub_3c00Ev!
0x0000000000003c30,sub_3c30,16,_Z14subsdk1_f_3c30Pv
0x0000000000003c40,sub_3c40,36,_ZN7subsdk18sub_3c40Ev!
0x0000000000003c70,sub_3c70,16,_Z14subsdk1_f_3c70Pv
0x0000000000003c80,sub_3c80,32,_ZN7subsdk18sub_3c80Ev!
0x0000000000003ca0,sub_3ca0,12,_ZN7subsdk18sub_3ca0Ev!
0x0000000000003cb0,sub_3cb0,32,_ZN7subsdk18sub_3cb0Ev!
0x0000000000003cd0,Profile_option_s_value_d_too_small_clamped_to_d,180,_ZN7subsdk147Profile_option_s_value_d_too_small_clamped_to_dEv!
0x0000000000003d90,s_s_val_s,36,_ZN7subsdk19s_s_val_sEv!
0x0000000000003dc0,sub_3dc0,36,_ZN7subsdk18sub_3dc0Ev!
0x0000000000003df0,Profile_option_s_value_d_too_small_clamped_to_d_2,160,_ZN7subsdk149Profile_option_s_value_d_too_small_clamped_to_d_2Ev!
0x0000000000003e90,sub_3e90,268,_ZN7subsdk121sub_3e90_subsdk1_3e90Ev!
0x0000000000003fa0,sub_3fa0,128,_ZN7subsdk18sub_3fa0Ev!
0x0000000000004020,sub_4020,4,_Z14subsdk1_f_4020v
0x0000000000004030,sub_4030,4,_Z14subsdk1_f_4030v
0x0000000000004040,sub_4040,404,_ZN7subsdk18sub_4040Ev!
0x00000000000041e0,sub_41e0,116,_ZN7subsdk18sub_41e0Ev!
0x0000000000004260,sub_4260,100,_ZN7subsdk121sub_4260_subsdk1_4260Ev!
0x00000000000042d0,sub_42d0,108,_ZN7subsdk121sub_42d0_subsdk1_42d0Ev!
0x0000000000004340,sub_4340,144,_ZN7subsdk18sub_4340Ev!
0x00000000000043d0,sub_43d0,120,_ZN7subsdk18sub_43d0Ev!
0x0000000000004450,sub_4450,120,_ZN7subsdk121sub_4450_subsdk1_4450Ev!
0x00000000000044d0,sub_44d0,132,_ZN7subsdk121sub_44d0_subsdk1_44d0Ev!
0x0000000000004560,sub_4560,128,_ZN7subsdk18sub_4560Ev!
0x00000000000045e0,sub_45e0,120,_ZN7subsdk18sub_45e0Ev!
0x0000000000004660,pixel_center_integer,640,_ZN7subsdk120pixel_center_integerEv!
0x00000000000048e0,NV_shader_buffer_load,912,_ZN7subsdk121NV_shader_buffer_loadEv!
0x0000000000004c70,NV_shader_buffer_load_2,460,_ZN7subsdk123NV_shader_buffer_load_2Ev!
0x0000000000004e40,pixel_center_integer_2,1480,_ZN7subsdk122pixel_center_integer_2Ev!
0x0000000000005410,NV_stereo_view_rendering,3484,_ZN7subsdk124NV_stereo_view_renderingEv!
0x00000000000061b0,NV_stereo_view_rendering_2,5200,_ZN7subsdk126NV_stereo_view_rendering_2Ev!
0x0000000000007600,NV_stereo_view_rendering_3,3408,_ZN7subsdk126NV_stereo_view_rendering_3Ev!
0x0000000000008350,NV_stereo_view_rendering_4,1120,_ZN7subsdk126NV_stereo_view_rendering_4Ev!
0x00000000000087b0,NV_stereo_view_rendering_5,940,_ZN7subsdk126NV_stereo_view_rendering_5Ev!
0x0000000000008b60,pixel_center_integer_3,660,_ZN7subsdk122pixel_center_integer_3Ev!
0x0000000000008e00,NV_shader_buffer_load_3,940,_ZN7subsdk123NV_shader_buffer_load_3Ev!
0x00000000000091b0,NV_shader_buffer_load_4,480,_ZN7subsdk123NV_shader_buffer_load_4Ev!
0x0000000000009390,pixel_center_integer_4,1500,_ZN7subsdk122pixel_center_integer_4Ev!
0x0000000000009970,NV_stereo_view_rendering_6,3520,_ZN7subsdk126NV_stereo_view_rendering_6Ev!
0x000000000000a730,NV_stereo_view_rendering_7,5240,_ZN7subsdk126NV_stereo_view_rendering_7Ev!
0x000000000000bbb0,NV_stereo_view_rendering_8,3444,_ZN7subsdk126NV_stereo_view_rendering_8Ev!
0x000000000000c930,NV_stereo_view_rendering_9,1140,_ZN7subsdk126NV_stereo_view_rendering_9Ev!
0x000000000000cdb0,NV_stereo_view_rendering_10,960,_ZN7subsdk127NV_stereo_view_rendering_10Ev!
0x000000000000d170,Incompatable_options_s_and_s,112,_ZN7subsdk128Incompatable_options_s_and_sEv!
0x000000000000d1e0,sub_d1e0,124,_ZN7subsdk18sub_d1e0Ev!
0x000000000000d260,sub_d260,136,_ZN7subsdk121sub_d260_subsdk1_d260Ev!
0x000000000000d2f0,sub_d2f0,128,_ZN7subsdk18sub_d2f0Ev!
0x000000000000d370,sub_d370,152,_ZN7subsdk18sub_d370Ev!
0x000000000000d410,sub_d410,144,_ZN7subsdk18sub_d410Ev!
0x000000000000d4a0,sub_d4a0,124,_ZN7subsdk18sub_d4a0Ev!
0x000000000000d520,sub_d520,136,_ZN7subsdk18sub_d520Ev!
0x000000000000d5b0,sub_d5b0,124,_ZN7subsdk18sub_d5b0Ev!
0x000000000000d630,sub_d630,2376,_ZN7subsdk18sub_d630Ev!
0x000000000000df80,sub_df80,20,_ZN7subsdk121sub_df80_subsdk1_df80Ev!
0x000000000000dfa0,sub_dfa0,40,_ZN7subsdk18sub_dfa0Ev!
0x000000000000dfd0,sub_dfd0,4,_Z14subsdk1_f_dfd0v
0x000000000000dfe0,sub_dfe0,28,_ZN7subsdk18sub_dfe0Ev!
0x000000000000e000,sub_e000,108,_ZN7subsdk121sub_e000_subsdk1_e000Ev!
0x000000000000e070,sub_e070,116,_ZN7subsdk18sub_e070Ev!
0x000000000000e0f0,sub_e0f0,4,_Z14subsdk1_f_e0f0v
0x000000000000e100,sub_e100,268,_ZN7subsdk121sub_e100_subsdk1_e100Ev!
0x000000000000e210,sub_e210,3696,_ZN7subsdk18sub_e210Ev!
0x000000000000f080,sub_f080,152,_ZN7subsdk18sub_f080Ev!
0x000000000000f120,sub_f120,16,_Z14subsdk1_f_f120Pv
0x000000000000f130,sub_f130,212,_ZN7subsdk18sub_f130Ev!
0x000000000000f210,sub_f210,12,_ZN7subsdk18sub_f210Ev!
0x000000000000f220,sub_f220,68,_ZN7subsdk18sub_f220Ev!
0x000000000000f270,sub_f270,84,_ZN7subsdk18sub_f270Ev!
0x000000000000f2d0,sub_f2d0,144,_ZN7subsdk18sub_f2d0Ev!
0x000000000000f360,sub_f360,116,_ZN7subsdk18sub_f360Ev!
0x000000000000f3e0,sub_f3e0,56,_ZN7subsdk18sub_f3e0Ev!
0x000000000000f420,sub_f420,8,_Z14subsdk1_f_f420v
0x000000000000f430,sub_f430,8,_Z14subsdk1_f_f430v
0x000000000000f440,sub_f440,112,_ZN7subsdk18sub_f440Ev!
0x000000000000f4b0,sub_f4b0,412,_ZN7subsdk121sub_f4b0_subsdk1_f4b0Ev!
0x000000000000f650,sub_f650,148,_ZN7subsdk121sub_f650_subsdk1_f650Ev!
0x000000000000f6f0,Constant_register,436,_ZN7subsdk117Constant_registerEv!
0x000000000000f8b0,sub_f8b0,372,_ZN7subsdk18sub_f8b0Ev!
0x000000000000fa30,sub_fa30,384,_ZN7subsdk18sub_fa30Ev!
0x000000000000fbb0,sub_fbb0,300,_ZN7subsdk18sub_fbb0Ev!
0x000000000000fce0,sub_fce0,588,_ZN7subsdk18sub_fce0Ev!
0x000000000000ff30,sub_ff30,104,_ZN7subsdk18sub_ff30Ev!
0x000000000000ffa0,sub_ffa0,188,_ZN7subsdk18sub_ffa0Ev!
0x0000000000010060,sub_10060,16,_Z15subsdk1_f_10060Pv
0x0000000000010070,sub_10070,52,_ZN7subsdk19sub_10070Ev!
0x00000000000100b0,sub_100b0,108,_ZN7subsdk19sub_100b0Ev!
0x0000000000010120,Sampler_limit_exceeded_more_than_d_samplers_needed_to_co,400,_ZN7subsdk156Sampler_limit_exceeded_more_than_d_samplers_needed_to_coEv!
0x00000000000102b0,sub_102b0,264,_ZN7subsdk19sub_102b0Ev!
0x00000000000103c0,sub_103c0,208,_ZN7subsdk19sub_103c0Ev!
0x0000000000010490,sub_10490,84,_ZN7subsdk19sub_10490Ev!
0x00000000000104f0,sub_104f0,48,_ZN7subsdk19sub_104f0Ev!
0x0000000000010520,sub_10520,496,_ZN7subsdk19sub_10520Ev!
0x0000000000010710,sub_10710,148,_ZN7subsdk19sub_10710Ev!
0x00000000000107b0,sub_107b0,8,_ZN7subsdk19sub_107b0Ev!
0x00000000000107c0,sub_107c0,28,_ZN7subsdk19sub_107c0Ev!
0x00000000000107e0,sub_107e0,20,_Z15subsdk1_f_107e0mPv
0x0000000000010800,sub_10800,8,_Z15subsdk1_f_10800v
0x0000000000010810,sub_10810,56,_ZN7subsdk19sub_10810Ev!
0x0000000000010850,sub_10850,128,_ZN7subsdk19sub_10850Ev!
0x00000000000108d0,sub_108d0,28,_ZN7subsdk123sub_108d0_subsdk1_108d0Ev!
0x00000000000108f0,sub_108f0,32,_ZN7subsdk123sub_108f0_subsdk1_108f0Ev!
0x0000000000010910,ISAFEADD,2380,_ZN7subsdk18ISAFEADDEv!
0x0000000000011260,sub_11260,40,_ZN7subsdk19sub_11260Ev!
0x0000000000011290,sub_11290,12,_Z15subsdk1_f_11290mmm
0x00000000000112a0,sub_112a0,12,_Z15subsdk1_f_112a0mm
0x00000000000112b0,sub_112b0,12,_Z15subsdk1_f_112b0mmm
0x00000000000112c0,sub_112c0,4,_Z15subsdk1_f_112c0v
0x00000000000112d0,sub_112d0,8,_Z15subsdk1_f_112d0v
0x00000000000112e0,sub_112e0,4,_Z15subsdk1_f_112e0v
0x00000000000112f0,sub_112f0,36,_ZN7subsdk19sub_112f0Ev!
0x0000000000011320,sub_11320,8,_Z15subsdk1_f_11320v
0x0000000000011330,sub_11330,4,_Z15subsdk1_f_11330v
0x0000000000011340,sub_11340,24,_ZN7subsdk19sub_11340Ev!
0x0000000000011360,sub_11360,4,_Z15subsdk1_f_11360v
0x0000000000011370,sub_11370,4,_Z15subsdk1_f_11370v
0x0000000000011380,sub_11380,8,_ZN7subsdk19sub_11380Ev!
0x0000000000011390,sub_11390,48,_ZN7subsdk19sub_11390Ev!
0x00000000000113c0,sub_113c0,88,_ZN7subsdk19sub_113c0Ev!
0x0000000000011420,sub_11420,24,_ZN7subsdk19sub_11420Ev!
0x0000000000011440,sub_11440,736,_ZN7subsdk123sub_11440_subsdk1_11440Ev!
0x0000000000011720,sub_11720,48,_ZN7subsdk19sub_11720Ev!
0x0000000000011750,sub_11750,240,_ZN7subsdk19sub_11750Ev!
0x0000000000011840,sub_11840,392,_ZN7subsdk19sub_11840Ev!
0x00000000000119d0,sub_119d0,288,_ZN7subsdk19sub_119d0Ev!
0x0000000000011af0,sub_11af0,2088,_ZN7subsdk19sub_11af0Ev!
0x0000000000012320,sub_12320,356,_ZN7subsdk19sub_12320Ev!
0x0000000000012490,sub_12490,852,_ZN7subsdk19sub_12490Ev!
0x00000000000127f0,sub_127f0,64,_ZN7subsdk19sub_127f0Ev!
0x0000000000012830,sub_12830,1196,_ZN7subsdk123sub_12830_subsdk1_12830Ev!
0x0000000000012ce0,sub_12ce0,344,_ZN7subsdk123sub_12ce0_subsdk1_12ce0Ev!
0x0000000000012e40,sub_12e40,1264,_ZN7subsdk19sub_12e40Ev!
0x0000000000013330,sub_13330,320,_ZN7subsdk19sub_13330Ev!
0x0000000000013470,sub_13470,532,_ZN7subsdk19sub_13470Ev!
0x0000000000013690,sub_13690,144,_ZN7subsdk19sub_13690Ev!
0x0000000000013720,sub_13720,140,_ZN7subsdk19sub_13720Ev!
0x00000000000137b0,sub_137b0,752,_ZN7subsdk19sub_137b0Ev!
0x0000000000013aa0,sub_13aa0,560,_ZN7subsdk123sub_13aa0_subsdk1_13aa0Ev!
0x0000000000013cd0,sub_13cd0,96,_ZN7subsdk19sub_13cd0Ev!
0x0000000000013d30,sub_13d30,4,_Z15subsdk1_f_13d30v
0x0000000000013d40,sub_13d40,52,_ZN7subsdk123sub_13d40_subsdk1_13d40Ev!
0x0000000000013d80,sub_13d80,584,_ZN7subsdk123sub_13d80_subsdk1_13d80Ev!
0x0000000000013fd0,sub_13fd0,92,_ZN7subsdk19sub_13fd0Ev!
0x0000000000014030,sub_14030,156,_ZN7subsdk19sub_14030Ev!
0x00000000000140d0,sub_140d0,376,_ZN7subsdk19sub_140d0Ev!
0x0000000000014250,sub_14250,1260,_ZN7subsdk19sub_14250Ev!
0x0000000000014740,sub_14740,48,_ZN7subsdk19sub_14740Ev!
0x0000000000014770,sub_14770,1400,_ZN7subsdk19sub_14770Ev!
0x0000000000014cf0,sub_14cf0,804,_ZN7subsdk19sub_14cf0Ev!
0x0000000000015020,sub_15020,448,_ZN7subsdk19sub_15020Ev!
0x00000000000151e0,sub_151e0,1792,_ZN7subsdk19sub_151e0Ev!
0x00000000000158e0,sub_158e0,188,_ZN7subsdk123sub_158e0_subsdk1_158e0Ev!
0x00000000000159a0,sub_159a0,2792,_ZN7subsdk19sub_159a0Ev!
0x0000000000016490,sub_16490,108,_ZN7subsdk19sub_16490Ev!
0x0000000000016500,sub_16500,272,_ZN7subsdk19sub_16500Ev!
0x0000000000016610,sub_16610,16,_ZN7subsdk19sub_16610Ev!
0x0000000000016620,sub_16620,48,_ZN7subsdk19sub_16620Ev!
0x0000000000016650,f_TEX00,816,_ZN7subsdk17f_TEX00Ev!
0x0000000000016980,sub_16980,8,_Z15subsdk1_f_16980v
0x0000000000016990,sub_16990,8,_Z15subsdk1_f_16990v
0x00000000000169a0,sub_169a0,240,_ZN7subsdk19sub_169a0Ev!
0x0000000000016a90,sub_16a90,1752,_ZN7subsdk19sub_16a90Ev!
0x0000000000017170,sub_17170,32,_Z15subsdk1_f_17170Pv
0x0000000000017190,sub_17190,24,_ZN7subsdk19sub_17190Ev!
0x00000000000171b0,sub_171b0,88,_ZN7subsdk19sub_171b0Ev!
0x0000000000017210,sub_17210,952,_ZN7subsdk123sub_17210_subsdk1_17210Ev!
0x00000000000175d0,sub_175d0,108,_ZN7subsdk19sub_175d0Ev!
0x0000000000017640,sub_17640,8,_Z15subsdk1_f_17640Pv
0x0000000000017650,sub_17650,8,_Z15subsdk1_f_17650Pvmm
0x0000000000017660,sub_17660,60,_ZN7subsdk19sub_17660Ev!
0x00000000000176a0,sub_176a0,768,_ZN7subsdk19sub_176a0Ev!
0x00000000000179a0,sub_179a0,164,_ZN7subsdk19sub_179a0Ev!
0x0000000000017a50,sub_17a50,108,_ZN7subsdk19sub_17a50Ev!
0x0000000000017ac0,sub_17ac0,124,_ZN7subsdk19sub_17ac0Ev!
0x0000000000017b40,sub_17b40,608,_ZN7subsdk19sub_17b40Ev!
0x0000000000017da0,sub_17da0,112,_ZN7subsdk19sub_17da0Ev!
0x0000000000017e10,sub_17e10,528,_ZN7subsdk19sub_17e10Ev!
0x0000000000018020,sub_18020,220,_ZN7subsdk19sub_18020Ev!
0x0000000000018100,sub_18100,160,_ZN7subsdk123sub_18100_subsdk1_18100Ev!
0x00000000000181a0,sub_181a0,456,_ZN7subsdk19sub_181a0Ev!
0x0000000000018370,sub_18370,376,_ZN7subsdk19sub_18370Ev!
0x00000000000184f0,sub_184f0,216,_ZN7subsdk19sub_184f0Ev!
0x00000000000185d0,sub_185d0,712,_ZN7subsdk19sub_185d0Ev!
0x00000000000188a0,sub_188a0,376,_ZN7subsdk19sub_188a0Ev!
0x0000000000018a20,sub_18a20,300,_ZN7subsdk19sub_18a20Ev!
0x0000000000018b50,sub_18b50,124,_ZN7subsdk19sub_18b50Ev!
0x0000000000018bd0,sub_18bd0,72,_ZN7subsdk19sub_18bd0Ev!
0x0000000000018c20,sub_18c20,1964,_ZN7subsdk19sub_18c20Ev!
0x00000000000193d0,sub_193d0,84,_ZN7subsdk19sub_193d0Ev!
0x0000000000019430,sub_19430,16,_ZN7subsdk19sub_19430Ev!
0x0000000000019440,sub_19440,492,_ZN7subsdk19sub_19440Ev!
0x0000000000019630,sub_19630,4,_Z15subsdk1_f_19630v
0x0000000000019640,sub_19640,4,_Z15subsdk1_f_19640v
0x0000000000019650,sub_19650,4,_Z15subsdk1_f_19650v
0x0000000000019660,sub_19660,4,_Z15subsdk1_f_19660v
0x0000000000019670,sub_19670,4,_Z15subsdk1_f_19670v
0x0000000000019680,sub_19680,8,_Z15subsdk1_f_19680v
0x0000000000019690,sub_19690,4,_Z15subsdk1_f_19690v
0x00000000000196a0,sub_196a0,4,_Z15subsdk1_f_196a0v
0x00000000000196b0,sub_196b0,8,_Z15subsdk1_f_196b0v
0x00000000000196c0,sub_196c0,8,_Z15subsdk1_f_196c0v
0x00000000000196d0,sub_196d0,8,_Z15subsdk1_f_196d0v
0x00000000000196e0,sub_196e0,8,_Z15subsdk1_f_196e0v
0x00000000000196f0,sub_196f0,4,_Z15subsdk1_f_196f0v
0x0000000000019700,sub_19700,4,_Z15subsdk1_f_19700v
0x0000000000019710,sub_19710,36,_ZN7subsdk19sub_19710Ev!
0x0000000000019740,sub_19740,876,_ZN7subsdk19sub_19740Ev!
0x0000000000019ab0,sub_19ab0,80,_ZN7subsdk19sub_19ab0Ev!
0x0000000000019b00,sub_19b00,724,_ZN7subsdk123sub_19b00_subsdk1_19b00Ev!
0x0000000000019de0,sub_19de0,556,_ZN7subsdk19sub_19de0Ev!
0x000000000001a010,sub_1a010,4,_Z15subsdk1_f_1a010v
0x000000000001a020,sub_1a020,4,_Z15subsdk1_f_1a020v
0x000000000001a030,sub_1a030,4,_Z15subsdk1_f_1a030v
0x000000000001a040,sub_1a040,32,_ZN7subsdk123sub_1a040_subsdk1_1a040Ev!
0x000000000001a060,sub_1a060,4,_Z15subsdk1_f_1a060v
0x000000000001a070,sub_1a070,68,_ZN7subsdk19sub_1a070Ev!
0x000000000001a0c0,sub_1a0c0,280,_ZN7subsdk19sub_1a0c0Ev!
0x000000000001a1e0,sub_1a1e0,12,_ZN7subsdk19sub_1a1e0Ev!
0x000000000001a1f0,sub_1a1f0,4,_Z15subsdk1_f_1a1f0v
0x000000000001a200,sub_1a200,140,_ZN7subsdk19sub_1a200Ev!
0x000000000001a290,sub_1a290,540,_ZN7subsdk19sub_1a290Ev!
0x000000000001a4b0,sub_1a4b0,56,_ZN7subsdk19sub_1a4b0Ev!
0x000000000001a4f0,sub_1a4f0,100,_ZN7subsdk19sub_1a4f0Ev!
0x000000000001a560,sub_1a560,96,_ZN7subsdk19sub_1a560Ev!
0x000000000001a5c0,sub_1a5c0,252,_ZN7subsdk19sub_1a5c0Ev!
0x000000000001a6c0,sub_1a6c0,104,_ZN7subsdk19sub_1a6c0Ev!
0x000000000001a730,sub_1a730,72,_ZN7subsdk19sub_1a730Ev!
0x000000000001a780,sub_1a780,104,_ZN7subsdk19sub_1a780Ev!
0x000000000001a7f0,sub_1a7f0,108,_ZN7subsdk19sub_1a7f0Ev!
0x000000000001a860,sub_1a860,528,_ZN7subsdk19sub_1a860Ev!
0x000000000001aa70,sub_1aa70,80,_ZN7subsdk19sub_1aa70Ev!
0x000000000001aac0,sub_1aac0,712,_ZN7subsdk19sub_1aac0Ev!
0x000000000001ad90,sub_1ad90,28,_ZN7subsdk123sub_1ad90_subsdk1_1ad90Ev!
0x000000000001adb0,sub_1adb0,28,_ZN7subsdk123sub_1adb0_subsdk1_1adb0Ev!
0x000000000001add0,sub_1add0,28,_ZN7subsdk19sub_1add0Ev!
0x000000000001adf0,sub_1adf0,1212,_ZN7subsdk19sub_1adf0Ev!
0x000000000001b2b0,sub_1b2b0,80,_ZN7subsdk19sub_1b2b0Ev!
0x000000000001b300,gl_InvocationID,404,_ZN7subsdk115gl_InvocationIDEv!
0x000000000001b4a0,sub_1b4a0,80,_ZN7subsdk19sub_1b4a0Ev!
0x000000000001b4f0,sub_1b4f0,4,_Z15subsdk1_f_1b4f0v
0x000000000001b500,sub_1b500,120,_ZN7subsdk19sub_1b500Ev!
0x000000000001b580,sub_1b580,2524,_ZN7subsdk19sub_1b580Ev!
0x000000000001bf60,sub_1bf60,100,_ZN7subsdk19sub_1bf60Ev!
0x000000000001bfd0,sub_1bfd0,436,_ZN7subsdk19sub_1bfd0Ev!
0x000000000001c190,sub_1c190,216,_ZN7subsdk19sub_1c190Ev!
0x000000000001c270,sub_1c270,240,_ZN7subsdk19sub_1c270Ev!
0x000000000001c360,sub_1c360,536,_ZN7subsdk19sub_1c360Ev!
0x000000000001c580,sub_1c580,1204,_ZN7subsdk19sub_1c580Ev!
0x000000000001ca40,sub_1ca40,388,_ZN7subsdk19sub_1ca40Ev!
0x000000000001cbd0,sub_1cbd0,264,_ZN7subsdk19sub_1cbd0Ev!
0x000000000001cce0,sub_1cce0,424,_ZN7subsdk123sub_1cce0_subsdk1_1cce0Ev!
0x000000000001ce90,sub_1ce90,72,_ZN7subsdk123sub_1ce90_subsdk1_1ce90Ev!
0x000000000001cee0,sub_1cee0,1440,_ZN7subsdk123sub_1cee0_subsdk1_1cee0Ev!
0x000000000001d480,sub_1d480,8,_Z15subsdk1_f_1d480v
0x000000000001d490,sub_1d490,8,_Z15subsdk1_f_1d490v
0x000000000001d4a0,sub_1d4a0,8,_Z15subsdk1_f_1d4a0v
0x000000000001d4b0,sub_1d4b0,12,_ZN7subsdk19sub_1d4b0Ev!
0x000000000001d4c0,sub_1d4c0,8,_Z15subsdk1_f_1d4c0v
0x000000000001d4d0,sub_1d4d0,8,_Z15subsdk1_f_1d4d0v
0x000000000001d4e0,sub_1d4e0,8,_Z15subsdk1_f_1d4e0v
0x000000000001d4f0,sub_1d4f0,8,_Z15subsdk1_f_1d4f0v
0x000000000001d500,sub_1d500,8,_Z15subsdk1_f_1d500v
0x000000000001d510,sub_1d510,8,_Z15subsdk1_f_1d510v
0x000000000001d520,sub_1d520,8,_Z15subsdk1_f_1d520v
0x000000000001d530,sub_1d530,8,_Z15subsdk1_f_1d530v
0x000000000001d540,sub_1d540,8,_Z15subsdk1_f_1d540v
0x000000000001d550,sub_1d550,8,_Z15subsdk1_f_1d550v
0x000000000001d560,sub_1d560,8,_Z15subsdk1_f_1d560v
0x000000000001d570,sub_1d570,8,_Z15subsdk1_f_1d570v
0x000000000001d580,sub_1d580,8,_Z15subsdk1_f_1d580v
0x000000000001d590,sub_1d590,8,_Z15subsdk1_f_1d590v
0x000000000001d5a0,sub_1d5a0,4,_Z15subsdk1_f_1d5a0v
0x000000000001d5b0,sub_1d5b0,8,_Z15subsdk1_f_1d5b0v
0x000000000001d5c0,sub_1d5c0,4,_Z15subsdk1_f_1d5c0v
0x000000000001d5d0,sub_1d5d0,8,_Z15subsdk1_f_1d5d0v
0x000000000001d5e0,sub_1d5e0,8,_Z15subsdk1_f_1d5e0v
0x000000000001d5f0,sub_1d5f0,4,_Z15subsdk1_f_1d5f0v
0x000000000001d600,sub_1d600,4,_Z15subsdk1_f_1d600v
0x000000000001d610,sub_1d610,8,_Z15subsdk1_f_1d610v
0x000000000001d620,sub_1d620,8,_Z15subsdk1_f_1d620v
0x000000000001d630,sub_1d630,8,_Z15subsdk1_f_1d630v
0x000000000001d640,sub_1d640,8,_Z15subsdk1_f_1d640v
0x000000000001d650,sub_1d650,8,_Z15subsdk1_f_1d650v
0x000000000001d660,sub_1d660,12,_ZN7subsdk19sub_1d660Ev!
0x000000000001d670,sub_1d670,12,_Z15subsdk1_f_1d670v
0x000000000001d680,sub_1d680,4,_Z15subsdk1_f_1d680v
0x000000000001d690,sub_1d690,8,_Z15subsdk1_f_1d690v
0x000000000001d6a0,sub_1d6a0,8,_Z15subsdk1_f_1d6a0v
0x000000000001d6b0,sub_1d6b0,8,_Z15subsdk1_f_1d6b0v
0x000000000001d6c0,sub_1d6c0,8,_Z15subsdk1_f_1d6c0v
0x000000000001d6d0,sub_1d6d0,8,_Z15subsdk1_f_1d6d0v
0x000000000001d6e0,sub_1d6e0,8,_Z15subsdk1_f_1d6e0v
0x000000000001d6f0,sub_1d6f0,8,_Z15subsdk1_f_1d6f0v
0x000000000001d700,sub_1d700,8,_Z15subsdk1_f_1d700v
0x000000000001d710,sub_1d710,8,_Z15subsdk1_f_1d710v
0x000000000001d720,sub_1d720,16,_Z15subsdk1_f_1d720mmPv
0x000000000001d730,sub_1d730,8,_Z15subsdk1_f_1d730v
0x000000000001d740,sub_1d740,8,_Z15subsdk1_f_1d740v
0x000000000001d750,sub_1d750,16,_ZN7subsdk123sub_1d750_subsdk1_1d750Ev!
0x000000000001d760,sub_1d760,4,_Z15subsdk1_f_1d760v
0x000000000001d770,sub_1d770,8,_Z15subsdk1_f_1d770v
0x000000000001d780,sub_1d780,8,_Z15subsdk1_f_1d780v
0x000000000001d790,sub_1d790,8,_Z15subsdk1_f_1d790v
0x000000000001d7a0,sub_1d7a0,8,_Z15subsdk1_f_1d7a0v
0x000000000001d7b0,sub_1d7b0,4,_Z15subsdk1_f_1d7b0v
0x000000000001d7c0,sub_1d7c0,8,_Z15subsdk1_f_1d7c0v
0x000000000001d7d0,sub_1d7d0,4,_Z15subsdk1_f_1d7d0v
0x000000000001d7e0,sub_1d7e0,8,_Z15subsdk1_f_1d7e0v
0x000000000001d7f0,sub_1d7f0,8,_Z15subsdk1_f_1d7f0v
0x000000000001d800,sub_1d800,4,_Z15subsdk1_f_1d800v
0x000000000001d810,sub_1d810,4,_Z15subsdk1_f_1d810v
0x000000000001d820,sub_1d820,8,_Z15subsdk1_f_1d820v
0x000000000001d830,sub_1d830,4,_Z15subsdk1_f_1d830v
0x000000000001d840,sub_1d840,8,_Z15subsdk1_f_1d840mPv
0x000000000001d850,sub_1d850,8,_Z15subsdk1_f_1d850jjj
0x000000000001d860,sub_1d860,4,_Z15subsdk1_f_1d860v
0x000000000001d870,sub_1d870,8,_Z15subsdk1_f_1d870v
0x000000000001d880,sub_1d880,8,_Z15subsdk1_f_1d880v
0x000000000001d890,sub_1d890,8,_Z15subsdk1_f_1d890v
0x000000000001d8a0,sub_1d8a0,8,_Z15subsdk1_f_1d8a0v
0x000000000001d8b0,sub_1d8b0,8,_Z15subsdk1_f_1d8b0v
0x000000000001d8c0,sub_1d8c0,8,_Z15subsdk1_f_1d8c0v
0x000000000001d8d0,sub_1d8d0,8,_Z15subsdk1_f_1d8d0v
0x000000000001d8e0,sub_1d8e0,8,_Z15subsdk1_f_1d8e0v
0x000000000001d8f0,sub_1d8f0,8,_Z15subsdk1_f_1d8f0v
0x000000000001d900,sub_1d900,8,_Z15subsdk1_f_1d900v
0x000000000001d910,sub_1d910,4,_Z15subsdk1_f_1d910v
0x000000000001d920,sub_1d920,8,_Z15subsdk1_f_1d920v
0x000000000001d930,sub_1d930,8,_Z15subsdk1_f_1d930v
0x000000000001d940,sub_1d940,8,_Z15subsdk1_f_1d940v
0x000000000001d950,sub_1d950,4,_Z15subsdk1_f_1d950v
0x000000000001d960,sub_1d960,8,_Z15subsdk1_f_1d960v
0x000000000001d970,sub_1d970,4,_Z15subsdk1_f_1d970v
0x000000000001d980,sub_1d980,4,_Z15subsdk1_f_1d980v
0x000000000001d990,sub_1d990,8,_Z15subsdk1_f_1d990v
0x000000000001d9a0,sub_1d9a0,8,_Z15subsdk1_f_1d9a0v
0x000000000001d9b0,sub_1d9b0,100,_ZN7subsdk19sub_1d9b0Ev!
0x000000000001da20,sub_1da20,144,_ZN7subsdk19sub_1da20Ev!
0x000000000001dab0,sub_1dab0,204,_ZN7subsdk19sub_1dab0Ev!
0x000000000001db80,sub_1db80,332,_ZN7subsdk19sub_1db80Ev!
0x000000000001dcd0,sub_1dcd0,132,_ZN7subsdk19sub_1dcd0Ev!
0x000000000001dd60,sub_1dd60,452,_ZN7subsdk19sub_1dd60Ev!
0x000000000001df30,sub_1df30,56,_ZN7subsdk19sub_1df30Ev!
0x000000000001df70,sub_1df70,16,_ZN7subsdk19sub_1df70Ev!
0x000000000001df80,sub_1df80,192,_ZN7subsdk19sub_1df80Ev!
0x000000000001e040,sub_1e040,24,_ZN7subsdk19sub_1e040Ev!
0x000000000001e060,sub_1e060,16,_Z15subsdk1_f_1e060Pv
0x000000000001e070,sub_1e070,516,_ZN7subsdk19sub_1e070Ev!
0x000000000001e280,sub_1e280,168,_ZN7subsdk19sub_1e280Ev!
0x000000000001e330,f_0x_llx,192,_ZN7subsdk18f_0x_llxEv!
0x000000000001e3f0,sub_1e3f0,16,_ZN7subsdk19sub_1e3f0Ev!
0x000000000001e400,sub_1e400,32,_ZN7subsdk19sub_1e400Ev!
0x000000000001e420,sub_1e420,92,_ZN7subsdk19sub_1e420Ev!
0x000000000001e480,SHARED_ADDR,440,_ZN7subsdk111SHARED_ADDREv!
0x000000000001e640,s_dcc,688,_ZN7subsdk15s_dccEv!
0x000000000001e8f0,sub_1e8f0,140,_ZN7subsdk123sub_1e8f0_subsdk1_1e8f0Ev!
0x000000000001e980,sub_1e980,4,_Z15subsdk1_f_1e980v
0x000000000001e990,VARYING,300,_ZN7subsdk17VARYINGEv!
0x000000000001eac0,OP_x,120,_ZN7subsdk14OP_xEv!
0x000000000001eb40,vr_dcc,1276,_ZN7subsdk16vr_dccEv!
0x000000000001f040,vr_dcc_2,116,_ZN7subsdk18vr_dcc_2Ev!
0x000000000001f0c0,sub_1f0c0,40,_ZN7subsdk19sub_1f0c0Ev!
0x000000000001f0f0,SHADOWARRAYCUBE,476,_ZN7subsdk115SHADOWARRAYCUBEEv!
0x000000000001f2d0,BAD_TEXUNIT,116,_ZN7subsdk111BAD_TEXUNITEv!
0x000000000001f350,sub_1f350,12,_ZN7subsdk19sub_1f350Ev!
0x000000000001f360,f_0x_llx_2,1116,_ZN7subsdk110f_0x_llx_2Ev!
0x000000000001f7c0,prototype,1056,_ZN7subsdk19prototypeEv!
0x000000000001fbe0,unnamed,760,_ZN7subsdk121unnamed_subsdk1_1fbe0Ev!
0x000000000001fee0,s_s_s_2,604,_ZN7subsdk121s_s_s_2_subsdk1_1fee0Ev!
0x0000000000020140,sub_20140,20,_Z15subsdk1_f_20140mmmPv
0x0000000000020160,sub_20160,616,_ZN7subsdk123sub_20160_subsdk1_20160Ev!
0x00000000000203d0,vr_dcc_3,384,_ZN7subsdk18vr_dcc_3Ev!
0x0000000000020550,sub_20550,84,_ZN7subsdk19sub_20550Ev!
0x00000000000205b0,sBB_d,260,_ZN7subsdk15sBB_dEv!
0x00000000000206c0,SHADOWARRAYCUBE_2,8344,_ZN7subsdk117SHADOWARRAYCUBE_2Ev!
0x0000000000022760,sub_22760,8,_Z15subsdk1_f_22760v
0x0000000000022770,sub_22770,532,_ZN7subsdk19sub_22770Ev!
0x0000000000022990,sub_22990,8,_Z15subsdk1_f_22990mmPv
0x00000000000229a0,sub_229a0,8,_Z15subsdk1_f_229a0mmPv
0x00000000000229b0,sub_229b0,68,_ZN7subsdk19sub_229b0Ev!
0x0000000000022a00,unnamed_2,96,_ZN7subsdk123unnamed_2_subsdk1_22a00Ev!
0x0000000000022a60,version,440,_ZN7subsdk121version_subsdk1_22a60Ev!
0x0000000000022c20,sub_22c20,8,_ZN7subsdk123sub_22c20_subsdk1_22c20Ev!
0x0000000000022c30,ssemantic,372,_ZN7subsdk19ssemanticEv!
0x0000000000022db0,sub_22db0,8,_Z15subsdk1_f_22db0v
0x0000000000022dc0,f_0_s_d,216,_ZN7subsdk17f_0_s_dEv!
0x0000000000022ea0,NOPERSPECTIVE,1332,_ZN7subsdk113NOPERSPECTIVEEv!
0x00000000000233e0,sub_233e0,36,_ZN7subsdk19sub_233e0Ev!
0x0000000000023410,sub_23410,84,_ZN7subsdk19sub_23410Ev!
0x0000000000023470,unnamed_3,1768,_ZN7subsdk123unnamed_3_subsdk1_23470Ev!
0x0000000000023b60,sub_23b60,80,_ZN7subsdk123sub_23b60_subsdk1_23b60Ev!
0x0000000000023bb0,sconst_s_d,460,_ZN7subsdk110sconst_s_dEv!
0x0000000000023d80,sub_23d80,96,_ZN7subsdk19sub_23d80Ev!
0x0000000000023de0,sdefault_s,752,_ZN7subsdk110sdefault_sEv!
0x00000000000240d0,sub_240d0,156,_ZN7subsdk19sub_240d0Ev!
0x0000000000024170,sub_24170,4,_Z15subsdk1_f_24170v
0x0000000000024180,sub_24180,40,_ZN7subsdk19sub_24180Ev!
0x00000000000241b0,sub_241b0,124,_ZN7subsdk19sub_241b0Ev!
0x0000000000024230,sub_24230,4,_Z15subsdk1_f_24230v
0x0000000000024240,f_2d,212,_ZN7subsdk118f_2d_subsdk1_24240Ev!
0x0000000000024320,f_3_2d_d,80,_ZN7subsdk18f_3_2d_dEv!
0x0000000000024370,sub_24370,180,_ZN7subsdk19sub_24370Ev!
0x0000000000024430,sub_24430,8,_Z15subsdk1_f_24430v
0x0000000000024440,sub_24440,8,_Z15subsdk1_f_24440v
0x0000000000024450,sub_24450,4,_Z15subsdk1_f_24450v
0x0000000000024460,sub_24460,8,_Z15subsdk1_f_24460mmmmmm
0x0000000000024470,sub_24470,4,_Z15subsdk1_f_24470v
0x0000000000024480,sub_24480,4,_Z15subsdk1_f_24480v
0x0000000000024490,s_d_d_d,432,_ZN7subsdk17s_d_d_dEv!
0x0000000000024640,sub_24640,788,_ZN7subsdk19sub_24640Ev!
0x0000000000024960,sub_24960,460,_ZN7subsdk19sub_24960Ev!
0x0000000000024b30,sub_24b30,200,_ZN7subsdk19sub_24b30Ev!
0x0000000000024c00,sub_24c00,48,_ZN7subsdk19sub_24c00Ev!
0x0000000000024c30,sub_24c30,280,_ZN7subsdk19sub_24c30Ev!
0x0000000000024d50,sub_24d50,528,_ZN7subsdk19sub_24d50Ev!
0x0000000000024f60,sub_24f60,836,_ZN7subsdk19sub_24f60Ev!
0x00000000000252b0,sub_252b0,720,_ZN7subsdk19sub_252b0Ev!
0x0000000000025580,sub_25580,52,_ZN7subsdk19sub_25580Ev!
0x00000000000255c0,sub_255c0,448,_ZN7subsdk19sub_255c0Ev!
0x0000000000025780,sub_25780,392,_ZN7subsdk19sub_25780Ev!
0x0000000000025910,sub_25910,4,_Z15subsdk1_f_25910v
0x0000000000025920,sub_25920,3096,_ZN7subsdk19sub_25920Ev!
0x0000000000026540,sub_26540,4,_Z15subsdk1_f_26540v
0x0000000000026550,sub_26550,28,_ZN7subsdk19sub_26550Ev!
0x0000000000026570,sub_26570,1032,_ZN7subsdk19sub_26570Ev!
0x0000000000026980,sub_26980,4,_Z15subsdk1_f_26980v
0x0000000000026990,sub_26990,8,_Z15subsdk1_f_26990v
0x00000000000269a0,sub_269a0,24,_ZN7subsdk19sub_269a0Ev!
0x00000000000269c0,sub_269c0,76,_ZN7subsdk19sub_269c0Ev!
0x0000000000026a10,sub_26a10,20,_ZN7subsdk123sub_26a10_subsdk1_26a10Ev!
0x0000000000026a30,sub_26a30,1736,_ZN7subsdk123sub_26a30_subsdk1_26a30Ev!
0x0000000000027100,sub_27100,4,_Z15subsdk1_f_27100v
0x0000000000027110,sub_27110,8,_Z15subsdk1_f_27110v
0x0000000000027120,sub_27120,160,_ZN7subsdk123sub_27120_subsdk1_27120Ev!
0x00000000000271c0,sub_271c0,100,_ZN7subsdk19sub_271c0Ev!
0x0000000000027230,sub_27230,212,_ZN7subsdk19sub_27230Ev!
0x0000000000027310,sub_27310,308,_ZN7subsdk19sub_27310Ev!
0x0000000000027450,sub_27450,212,_ZN7subsdk19sub_27450Ev!
0x0000000000027530,sub_27530,8,_Z15subsdk1_f_27530v
0x0000000000027540,sub_27540,8,_Z15subsdk1_f_27540v
0x0000000000027550,sub_27550,8,_Z15subsdk1_f_27550v
0x0000000000027560,sub_27560,8,_Z15subsdk1_f_27560v
0x0000000000027570,sub_27570,1152,_ZN7subsdk19sub_27570Ev!
0x00000000000279f0,sub_279f0,232,_ZN7subsdk19sub_279f0Ev!
0x0000000000027ae0,sub_27ae0,88,_ZN7subsdk19sub_27ae0Ev!
0x0000000000027b40,sub_27b40,2152,_ZN7subsdk19sub_27b40Ev!
0x00000000000283b0,sub_283b0,2388,_ZN7subsdk123sub_283b0_subsdk1_283b0Ev!
0x0000000000028d10,sub_28d10,576,_ZN7subsdk19sub_28d10Ev!
0x0000000000028f50,sub_28f50,212,_ZN7subsdk123sub_28f50_subsdk1_28f50Ev!
0x0000000000029030,sub_29030,2364,_ZN7subsdk19sub_29030Ev!
0x0000000000029970,Temporary_register_limit_of_d_exceeded_d_registers_neede,632,_ZN7subsdk156Temporary_register_limit_of_d_exceeded_d_registers_needeEv!
0x0000000000029bf0,sub_29bf0,8,_Z15subsdk1_f_29bf0v
0x0000000000029c00,sub_29c00,4,_Z15subsdk1_f_29c00v
0x0000000000029c10,sub_29c10,8,_Z15subsdk1_f_29c10mmm
0x0000000000029c20,sub_29c20,40,_ZN7subsdk19sub_29c20Ev!
0x0000000000029c50,sub_29c50,64,_ZN7subsdk19sub_29c50Ev!
0x0000000000029c90,sub_29c90,4,_Z15subsdk1_f_29c90v
0x0000000000029ca0,sub_29ca0,40,_ZN7subsdk123sub_29ca0_subsdk1_29ca0Ev!
0x0000000000029cd0,sub_29cd0,124,_ZN7subsdk123sub_29cd0_subsdk1_29cd0Ev!
0x0000000000029d50,sub_29d50,124,_ZN7subsdk19sub_29d50Ev!
0x0000000000029dd0,sub_29dd0,48,_ZN7subsdk19sub_29dd0Ev!
0x0000000000029e00,sub_29e00,144,_ZN7subsdk19sub_29e00Ev!
0x0000000000029e90,sub_29e90,20,_ZN7subsdk123sub_29e90_subsdk1_29e90Ev!
0x0000000000029eb0,sub_29eb0,44,_ZN7subsdk19sub_29eb0Ev!
0x0000000000029ee0,sub_29ee0,32,_ZN7subsdk19sub_29ee0Ev!
0x0000000000029f00,sub_29f00,1108,_ZN7subsdk19sub_29f00Ev!
0x000000000002a360,sub_2a360,416,_ZN7subsdk19sub_2a360Ev!
0x000000000002a500,sub_2a500,464,_ZN7subsdk19sub_2a500Ev!
0x000000000002a6d0,sub_2a6d0,796,_ZN7subsdk19sub_2a6d0Ev!
0x000000000002a9f0,sub_2a9f0,4,_Z15subsdk1_f_2a9f0v
0x000000000002aa00,sub_2aa00,8,_Z15subsdk1_f_2aa00v
0x000000000002aa10,internal_constant_d,1512,_ZN7subsdk119internal_constant_dEv!
0x000000000002b000,sub_2b000,84,_ZN7subsdk19sub_2b000Ev!
0x000000000002b060,sub_2b060,504,_ZN7subsdk19sub_2b060Ev!
0x000000000002b260,sub_2b260,260,_ZN7subsdk19sub_2b260Ev!
0x000000000002b370,sub_2b370,108,_ZN7subsdk19sub_2b370Ev!
0x000000000002b3e0,sub_2b3e0,404,_ZN7subsdk19sub_2b3e0Ev!
0x000000000002b580,sub_2b580,180,_ZN7subsdk19sub_2b580Ev!
0x000000000002b640,sub_2b640,184,_ZN7subsdk19sub_2b640Ev!
0x000000000002b700,sub_2b700,824,_ZN7subsdk19sub_2b700Ev!
0x000000000002ba40,sub_2ba40,28,_ZN7subsdk123sub_2ba40_subsdk1_2ba40Ev!
0x000000000002ba60,sub_2ba60,4,_Z15subsdk1_f_2ba60v
0x000000000002ba70,sub_2ba70,192,_ZN7subsdk123sub_2ba70_subsdk1_2ba70Ev!
0x000000000002bb30,sub_2bb30,208,_ZN7subsdk19sub_2bb30Ev!
0x000000000002bc00,sub_2bc00,12,_ZN7subsdk19sub_2bc00Ev!
0x000000000002bc10,sub_2bc10,276,_ZN7subsdk19sub_2bc10Ev!
0x000000000002bd30,sub_2bd30,452,_ZN7subsdk19sub_2bd30Ev!
0x000000000002bf00,sub_2bf00,360,_ZN7subsdk19sub_2bf00Ev!
0x000000000002c070,sub_2c070,128,_ZN7subsdk123sub_2c070_subsdk1_2c070Ev!
0x000000000002c0f0,sub_2c0f0,488,_ZN7subsdk19sub_2c0f0Ev!
0x000000000002c2e0,sub_2c2e0,668,_ZN7subsdk19sub_2c2e0Ev!
0x000000000002c580,sub_2c580,596,_ZN7subsdk19sub_2c580Ev!
0x000000000002c7e0,sub_2c7e0,428,_ZN7subsdk123sub_2c7e0_subsdk1_2c7e0Ev!
0x000000000002c990,sub_2c990,504,_ZN7subsdk123sub_2c990_subsdk1_2c990Ev!
0x000000000002cb90,sub_2cb90,4,_Z15subsdk1_f_2cb90v
0x000000000002cba0,sub_2cba0,4,_Z15subsdk1_f_2cba0v
0x000000000002cbb0,sub_2cbb0,8,_Z15subsdk1_f_2cbb0mmmmmj
0x000000000002cbc0,sub_2cbc0,4,_Z15subsdk1_f_2cbc0v
0x000000000002cbd0,sub_2cbd0,172,_ZN7subsdk19sub_2cbd0Ev!
0x000000000002cc80,sub_2cc80,124,_ZN7subsdk123sub_2cc80_subsdk1_2cc80Ev!
0x000000000002cd00,sub_2cd00,1508,_ZN7subsdk19sub_2cd00Ev!
0x000000000002d2f0,sub_2d2f0,12,_ZN7subsdk19sub_2d2f0Ev!
0x000000000002d300,sub_2d300,4,_Z15subsdk1_f_2d300v
0x000000000002d310,sub_2d310,8,_Z15subsdk1_f_2d310v
0x000000000002d320,sub_2d320,640,_ZN7subsdk19sub_2d320Ev!
0x000000000002d5a0,sub_2d5a0,188,_ZN7subsdk19sub_2d5a0Ev!
0x000000000002d660,sub_2d660,452,_ZN7subsdk19sub_2d660Ev!
0x000000000002d830,sub_2d830,744,_ZN7subsdk19sub_2d830Ev!
0x000000000002db20,sub_2db20,276,_ZN7subsdk19sub_2db20Ev!
0x000000000002dc40,sub_2dc40,556,_ZN7subsdk19sub_2dc40Ev!
0x000000000002de70,sub_2de70,4,_Z15subsdk1_f_2de70v
0x000000000002de80,sub_2de80,4,_Z15subsdk1_f_2de80v
0x000000000002de90,sub_2de90,1880,_ZN7subsdk19sub_2de90Ev!
0x000000000002e5f0,sub_2e5f0,28,_ZN7subsdk19sub_2e5f0Ev!
0x000000000002e610,sub_2e610,4,_Z15subsdk1_f_2e610v
0x000000000002e620,sub_2e620,336,_ZN7subsdk19sub_2e620Ev!
0x000000000002e770,sub_2e770,292,_ZN7subsdk19sub_2e770Ev!
0x000000000002e8a0,sub_2e8a0,8,_Z15subsdk1_f_2e8a0v
0x000000000002e8b0,sub_2e8b0,4,_Z15subsdk1_f_2e8b0v
0x000000000002e8c0,sub_2e8c0,4,_Z15subsdk1_f_2e8c0v
0x000000000002e8d0,sub_2e8d0,408,_ZN7subsdk19sub_2e8d0Ev!
0x000000000002ea70,sub_2ea70,332,_ZN7subsdk19sub_2ea70Ev!
0x000000000002ebc0,sub_2ebc0,40,_ZN7subsdk123sub_2ebc0_subsdk1_2ebc0Ev!
0x000000000002ebf0,sub_2ebf0,172,_ZN7subsdk19sub_2ebf0Ev!
0x000000000002eca0,sub_2eca0,64,_ZN7subsdk123sub_2eca0_subsdk1_2eca0Ev!
0x000000000002ece0,sub_2ece0,56,_ZN7subsdk19sub_2ece0Ev!
0x000000000002ed20,sub_2ed20,12,_Z15subsdk1_f_2ed20Pv
0x000000000002ed30,s_d_d,820,_ZN7subsdk15s_d_dEv!
0x000000000002f070,sub_2f070,440,_ZN7subsdk19sub_2f070Ev!
0x000000000002f230,sub_2f230,60,_ZN7subsdk19sub_2f230Ev!
0x000000000002f270,sub_2f270,212,_ZN7subsdk19sub_2f270Ev!
0x000000000002f350,sub_2f350,1352,_ZN7subsdk19sub_2f350Ev!
0x000000000002f8a0,sub_2f8a0,508,_ZN7subsdk19sub_2f8a0Ev!
0x000000000002faa0,sub_2faa0,500,_ZN7subsdk19sub_2faa0Ev!
0x000000000002fca0,sub_2fca0,484,_ZN7subsdk19sub_2fca0Ev!
0x000000000002fe90,sub_2fe90,1396,_ZN7subsdk19sub_2fe90Ev!
0x0000000000030410,sub_30410,308,_ZN7subsdk19sub_30410Ev!
0x0000000000030550,sub_30550,372,_ZN7subsdk19sub_30550Ev!
0x00000000000306d0,sub_306d0,596,_ZN7subsdk19sub_306d0Ev!
0x0000000000030930,sub_30930,440,_ZN7subsdk19sub_30930Ev!
0x0000000000030af0,sub_30af0,416,_ZN7subsdk19sub_30af0Ev!
0x0000000000030c90,sub_30c90,196,_ZN7subsdk19sub_30c90Ev!
0x0000000000030d60,sub_30d60,560,_ZN7subsdk19sub_30d60Ev!
0x0000000000030f90,sub_30f90,12,_Z15subsdk1_f_30f90Pv
0x0000000000030fa0,sub_30fa0,100,_ZN7subsdk19sub_30fa0Ev!
0x0000000000031010,sub_31010,28,_Z15subsdk1_f_31010mjPvS_
0x0000000000031030,sub_31030,52,_ZN7subsdk19sub_31030Ev!
0x0000000000031070,sub_31070,44,_ZN7subsdk19sub_31070Ev!
0x00000000000310a0,sub_310a0,40,_ZN7subsdk19sub_310a0Ev!
0x00000000000310d0,sub_310d0,28,_ZN7subsdk123sub_310d0_subsdk1_310d0Ev!
0x00000000000310f0,sub_310f0,16,_Z15subsdk1_f_310f0Pv
0x0000000000031100,sub_31100,60,_ZN7subsdk19sub_31100Ev!
0x0000000000031140,sub_31140,60,_ZN7subsdk19sub_31140Ev!
0x0000000000031180,sub_31180,60,_ZN7subsdk19sub_31180Ev!
0x00000000000311c0,sub_311c0,44,_ZN7subsdk19sub_311c0Ev!
0x00000000000311f0,sub_311f0,44,_ZN7subsdk19sub_311f0Ev!
0x0000000000031220,sub_31220,188,_ZN7subsdk19sub_31220Ev!
0x00000000000312e0,sub_312e0,84,_ZN7subsdk19sub_312e0Ev!
0x0000000000031340,sub_31340,168,_ZN7subsdk19sub_31340Ev!
0x00000000000313f0,sub_313f0,88,_ZN7subsdk19sub_313f0Ev!
0x0000000000031450,sub_31450,160,_ZN7subsdk19sub_31450Ev!
0x00000000000314f0,sub_314f0,84,_ZN7subsdk19sub_314f0Ev!
0x0000000000031550,sub_31550,168,_ZN7subsdk19sub_31550Ev!
0x0000000000031600,sub_31600,80,_ZN7subsdk123sub_31600_subsdk1_31600Ev!
0x0000000000031650,sub_31650,168,_ZN7subsdk19sub_31650Ev!
0x0000000000031700,sub_31700,120,_ZN7subsdk19sub_31700Ev!
0x0000000000031780,sub_31780,284,_ZN7subsdk19sub_31780Ev!
0x00000000000318a0,sub_318a0,112,_ZN7subsdk19sub_318a0Ev!
0x0000000000031910,sub_31910,276,_ZN7subsdk19sub_31910Ev!
0x0000000000031a30,sub_31a30,128,_ZN7subsdk19sub_31a30Ev!
0x0000000000031ab0,sub_31ab0,212,_ZN7subsdk19sub_31ab0Ev!
0x0000000000031b90,sub_31b90,144,_ZN7subsdk19sub_31b90Ev!
0x0000000000031c20,sub_31c20,380,_ZN7subsdk19sub_31c20Ev!
0x0000000000031da0,sub_31da0,132,_ZN7subsdk19sub_31da0Ev!
0x0000000000031e30,sub_31e30,360,_ZN7subsdk19sub_31e30Ev!
0x0000000000031fa0,sub_31fa0,164,_ZN7subsdk19sub_31fa0Ev!
0x0000000000032050,sub_32050,400,_ZN7subsdk19sub_32050Ev!
0x00000000000321e0,sub_321e0,144,_ZN7subsdk19sub_321e0Ev!
0x0000000000032270,sub_32270,380,_ZN7subsdk19sub_32270Ev!
0x00000000000323f0,sub_323f0,184,_ZN7subsdk123sub_323f0_subsdk1_323f0Ev!
0x00000000000324b0,sub_324b0,476,_ZN7subsdk19sub_324b0Ev!
0x0000000000032690,sub_32690,156,_ZN7subsdk19sub_32690Ev!
0x0000000000032730,sub_32730,448,_ZN7subsdk19sub_32730Ev!
0x00000000000328f0,sub_328f0,204,_ZN7subsdk19sub_328f0Ev!
0x00000000000329c0,sub_329c0,552,_ZN7subsdk19sub_329c0Ev!
0x0000000000032bf0,sub_32bf0,8,_Z15subsdk1_f_32bf0v
0x0000000000032c00,sub_32c00,8,_Z15subsdk1_f_32c00Pv
0x0000000000032c10,sub_32c10,16,_Z15subsdk1_f_32c10mj
0x0000000000032c20,sub_32c20,16,_Z15subsdk1_f_32c20mj
0x0000000000032c30,sub_32c30,16,_Z15subsdk1_f_32c30mj
0x0000000000032c40,sub_32c40,16,_Z15subsdk1_f_32c40mj
0x0000000000032c50,sub_32c50,8,_Z15subsdk1_f_32c50v
0x0000000000032c60,sub_32c60,8,_Z15subsdk1_f_32c60v
0x0000000000032c70,sub_32c70,8,_Z15subsdk1_f_32c70v
0x0000000000032c80,sub_32c80,16,_ZN7subsdk19sub_32c80Ev!
0x0000000000032c90,sub_32c90,8,_Z15subsdk1_f_32c90v
0x0000000000032ca0,sub_32ca0,8,_Z15subsdk1_f_32ca0v
0x0000000000032cb0,sub_32cb0,8,_Z15subsdk1_f_32cb0v
0x0000000000032cc0,sub_32cc0,8,_Z15subsdk1_f_32cc0v
0x0000000000032cd0,sub_32cd0,12,_Z15subsdk1_f_32cd0mmPvS_
0x0000000000032ce0,sub_32ce0,8,_Z15subsdk1_f_32ce0v
0x0000000000032cf0,sub_32cf0,8,_Z15subsdk1_f_32cf0v
0x0000000000032d00,sub_32d00,8,_Z15subsdk1_f_32d00v
0x0000000000032d10,sub_32d10,16,_ZN7subsdk19sub_32d10Ev!
0x0000000000032d20,sub_32d20,16,_ZN7subsdk123sub_32d20_subsdk1_32d20Ev!
0x0000000000032d30,sub_32d30,24,_Z15subsdk1_f_32d30mmPvS_
0x0000000000032d50,sub_32d50,16,_ZN7subsdk123sub_32d50_subsdk1_32d50Ev!
0x0000000000032d60,sub_32d60,8,_Z15subsdk1_f_32d60v
0x0000000000032d70,sub_32d70,8,_Z15subsdk1_f_32d70v
0x0000000000032d80,sub_32d80,8,_Z15subsdk1_f_32d80v
0x0000000000032d90,sub_32d90,8,_Z15subsdk1_f_32d90v
0x0000000000032da0,sub_32da0,8,_Z15subsdk1_f_32da0v
0x0000000000032db0,sub_32db0,8,_Z15subsdk1_f_32db0v
0x0000000000032dc0,sub_32dc0,8,_Z15subsdk1_f_32dc0v
0x0000000000032dd0,sub_32dd0,8,_Z15subsdk1_f_32dd0v
0x0000000000032de0,sub_32de0,8,_Z15subsdk1_f_32de0v
0x0000000000032df0,sub_32df0,8,_Z15subsdk1_f_32df0v
0x0000000000032e00,sub_32e00,8,_Z15subsdk1_f_32e00v
0x0000000000032e10,sub_32e10,8,_Z15subsdk1_f_32e10v
0x0000000000032e20,sub_32e20,8,_Z15subsdk1_f_32e20v
0x0000000000032e30,sub_32e30,8,_Z15subsdk1_f_32e30v
0x0000000000032e40,sub_32e40,4,_Z15subsdk1_f_32e40v
0x0000000000032e50,sub_32e50,4,_Z15subsdk1_f_32e50v
0x0000000000032e60,sub_32e60,8,_Z15subsdk1_f_32e60v
0x0000000000032e70,sub_32e70,8,_Z15subsdk1_f_32e70Pv
0x0000000000032e80,sub_32e80,8,_Z15subsdk1_f_32e80Pv
0x0000000000032e90,sub_32e90,8,_Z15subsdk1_f_32e90Pv
0x0000000000032ea0,sub_32ea0,8,_Z15subsdk1_f_32ea0v
0x0000000000032eb0,sub_32eb0,8,_Z15subsdk1_f_32eb0Pv
0x0000000000032ec0,sub_32ec0,8,_Z15subsdk1_f_32ec0v
0x0000000000032ed0,sub_32ed0,8,_Z15subsdk1_f_32ed0Pv
0x0000000000032ee0,sub_32ee0,8,_Z15subsdk1_f_32ee0v
0x0000000000032ef0,sub_32ef0,24,_ZN7subsdk19sub_32ef0Ev!
0x0000000000032f10,sub_32f10,24,_ZN7subsdk19sub_32f10Ev!
0x0000000000032f30,sub_32f30,12,_Z15subsdk1_f_32f30Pv
0x0000000000032f40,sub_32f40,8,_Z15subsdk1_f_32f40Pv
0x0000000000032f50,sub_32f50,8,_Z15subsdk1_f_32f50v
0x0000000000032f60,sub_32f60,8,_Z15subsdk1_f_32f60Pv
0x0000000000032f70,sub_32f70,28,_ZN7subsdk19sub_32f70Ev!
0x0000000000032f90,sub_32f90,48,_ZN7subsdk19sub_32f90Ev!
0x0000000000032fc0,sub_32fc0,48,_ZN7subsdk19sub_32fc0Ev!
0x0000000000032ff0,sub_32ff0,48,_ZN7subsdk19sub_32ff0Ev!
0x0000000000033020,sub_33020,200,_ZN7subsdk19sub_33020Ev!
0x00000000000330f0,sub_330f0,68,_Z15subsdk1_f_330f0PvS_
0x0000000000033140,sub_33140,36,_Z15subsdk1_f_33140PvS_
0x0000000000033170,sub_33170,200,_ZN7subsdk19sub_33170Ev!
0x0000000000033240,sub_33240,200,_ZN7subsdk19sub_33240Ev!
0x0000000000033310,sub_33310,200,_ZN7subsdk123sub_33310_subsdk1_33310Ev!
0x00000000000333e0,sub_333e0,200,_ZN7subsdk19sub_333e0Ev!
0x00000000000334b0,sub_334b0,200,_ZN7subsdk19sub_334b0Ev!
0x0000000000033580,sub_33580,200,_ZN7subsdk19sub_33580Ev!
0x0000000000033650,sub_33650,200,_ZN7subsdk19sub_33650Ev!
0x0000000000033720,sub_33720,200,_ZN7subsdk123sub_33720_subsdk1_33720Ev!
0x00000000000337f0,sub_337f0,200,_ZN7subsdk19sub_337f0Ev!
0x00000000000338c0,sub_338c0,48,_ZN7subsdk19sub_338c0Ev!
0x00000000000338f0,sub_338f0,12,_ZN7subsdk123sub_338f0_subsdk1_338f0Ev!
0x0000000000033900,sub_33900,8,_Z15subsdk1_f_33900Pv
0x0000000000033910,sub_33910,76,_ZN7subsdk123sub_33910_subsdk1_33910Ev!
0x0000000000033960,sub_33960,76,_ZN7subsdk19sub_33960Ev!
0x00000000000339b0,sub_339b0,60,_ZN7subsdk19sub_339b0Ev!
0x00000000000339f0,sub_339f0,36,_Z15subsdk1_f_339f0PvS_
0x0000000000033a20,sub_33a20,8,_ZN7subsdk19sub_33a20Ev!
0x0000000000033a30,sub_33a30,600,_ZN7subsdk19sub_33a30Ev!
0x0000000000033c90,sub_33c90,460,_ZN7subsdk19sub_33c90Ev!
0x0000000000033e60,sub_33e60,8,_Z15subsdk1_f_33e60Pvj
0x0000000000033e70,sub_33e70,8,_Z15subsdk1_f_33e70Pv
0x0000000000033e80,sub_33e80,8,_Z15subsdk1_f_33e80Pvj
0x0000000000033e90,sub_33e90,92,_ZN7subsdk19sub_33e90Ev!
0x0000000000033ef0,sub_33ef0,12,_ZN7subsdk19sub_33ef0Ev!
0x0000000000033f00,sub_33f00,8,_Z15subsdk1_f_33f00Pvj
0x0000000000033f10,sub_33f10,8,_Z15subsdk1_f_33f10Pv
0x0000000000033f20,sub_33f20,8,_Z15subsdk1_f_33f20Pvj
0x0000000000033f30,sub_33f30,8,_Z15subsdk1_f_33f30Pvj
0x0000000000033f40,sub_33f40,8,_Z15subsdk1_f_33f40Pv
0x0000000000033f50,sub_33f50,8,_Z15subsdk1_f_33f50Pvm
0x0000000000033f60,sub_33f60,8,_Z15subsdk1_f_33f60Pv
0x0000000000033f70,sub_33f70,8,_Z15subsdk1_f_33f70Pvm
0x0000000000033f80,sub_33f80,8,_Z15subsdk1_f_33f80Pvj
0x0000000000033f90,sub_33f90,8,_Z15subsdk1_f_33f90Pvj
0x0000000000033fa0,sub_33fa0,8,_Z15subsdk1_f_33fa0Pvj
0x0000000000033fb0,sub_33fb0,12,_ZN7subsdk19sub_33fb0Ev!
0x0000000000033fc0,sub_33fc0,8,_Z15subsdk1_f_33fc0Pvj
0x0000000000033fd0,sub_33fd0,32,_ZN7subsdk19sub_33fd0Ev!
0x0000000000033ff0,sub_33ff0,36,_ZN7subsdk19sub_33ff0Ev!
0x0000000000034020,sub_34020,12,_ZN7subsdk123sub_34020_subsdk1_34020Ev!
0x0000000000034030,sub_34030,40,_ZN7subsdk19sub_34030Ev!
0x0000000000034060,sub_34060,8,_Z15subsdk1_f_34060Pv
0x0000000000034070,sub_34070,8,_Z15subsdk1_f_34070Pvm
0x0000000000034080,sub_34080,8,_Z15subsdk1_f_34080Pvj
0x0000000000034090,sub_34090,12,_ZN7subsdk123sub_34090_subsdk1_34090Ev!
0x00000000000340a0,sub_340a0,20,_ZN7subsdk19sub_340a0Ev!
0x00000000000340c0,sub_340c0,8,_Z15subsdk1_f_340c0Pv
0x00000000000340d0,sub_340d0,8,_Z15subsdk1_f_340d0Pvj
0x00000000000340e0,sub_340e0,8,_Z15subsdk1_f_340e0Pv
0x00000000000340f0,sub_340f0,8,_Z15subsdk1_f_340f0Pvj
0x0000000000034100,sub_34100,8,_Z15subsdk1_f_34100Pv
0x0000000000034110,sub_34110,16,_Z15subsdk1_f_34110Pvj
0x0000000000034120,sub_34120,8,_Z15subsdk1_f_34120Pvj
0x0000000000034130,sub_34130,12,_Z15subsdk1_f_34130Pvmj
0x0000000000034140,sub_34140,20,_ZN7subsdk19sub_34140Ev!
0x0000000000034160,sub_34160,8,_Z15subsdk1_f_34160Pvm
0x0000000000034170,sub_34170,8,_Z15subsdk1_f_34170Pv
0x0000000000034180,sub_34180,8,_Z15subsdk1_f_34180Pvm
0x0000000000034190,sub_34190,8,_Z15subsdk1_f_34190Pv
0x00000000000341a0,sub_341a0,8,_Z15subsdk1_f_341a0Pvm
0x00000000000341b0,sub_341b0,8,_Z15subsdk1_f_341b0Pv
0x00000000000341c0,sub_341c0,8,_Z15subsdk1_f_341c0Pvm
0x00000000000341d0,sub_341d0,8,_Z15subsdk1_f_341d0Pv
0x00000000000341e0,sub_341e0,8,_Z15subsdk1_f_341e0Pvm
0x00000000000341f0,sub_341f0,8,_Z15subsdk1_f_341f0Pv
0x0000000000034200,sub_34200,8,_Z15subsdk1_f_34200Pvm
0x0000000000034210,sub_34210,8,_Z15subsdk1_f_34210Pvj
0x0000000000034220,sub_34220,8,_Z15subsdk1_f_34220Pv
0x0000000000034230,sub_34230,8,_Z15subsdk1_f_34230Pvm
0x0000000000034240,sub_34240,8,_Z15subsdk1_f_34240Pv
0x0000000000034250,sub_34250,8,_Z15subsdk1_f_34250Pvm
0x0000000000034260,sub_34260,8,_Z15subsdk1_f_34260Pv
0x0000000000034270,sub_34270,8,_Z15subsdk1_f_34270Pvj
0x0000000000034280,sub_34280,8,_Z15subsdk1_f_34280Pv
0x0000000000034290,sub_34290,8,_Z15subsdk1_f_34290Pvm
0x00000000000342a0,sub_342a0,16,_Z15subsdk1_f_342a0Pvj
0x00000000000342b0,sub_342b0,84,_ZN7subsdk19sub_342b0Ev!
0x0000000000034310,sub_34310,84,_ZN7subsdk19sub_34310Ev!
0x0000000000034370,sub_34370,84,_ZN7subsdk19sub_34370Ev!
0x00000000000343d0,sub_343d0,4,_Z15subsdk1_f_343d0v
0x00000000000343e0,sub_343e0,312,_ZN7subsdk19sub_343e0Ev!
0x0000000000034520,sub_34520,4,_Z15subsdk1_f_34520v
0x0000000000034530,sub_34530,16,_Z15subsdk1_f_34530Pvm
0x0000000000034540,sub_34540,8,_Z15subsdk1_f_34540Pv
0x0000000000034550,sub_34550,8,_Z15subsdk1_f_34550Pv
0x0000000000034560,sub_34560,8,_Z15subsdk1_f_34560Pvm
0x0000000000034570,sub_34570,8,_Z15subsdk1_f_34570Pv
0x0000000000034580,sub_34580,8,_Z15subsdk1_f_34580Pvj
0x0000000000034590,sub_34590,8,_Z15subsdk1_f_34590Pv
0x00000000000345a0,sub_345a0,8,_Z15subsdk1_f_345a0Pvm
0x00000000000345b0,Jan_30_2019,12,_Z15subsdk1_f_345b0v
0x00000000000345c0,sub_345c0,164,_ZN7subsdk123sub_345c0_subsdk1_345c0Ev!
0x0000000000034670,sub_34670,108,_ZN7subsdk19sub_34670Ev!
0x00000000000346e0,sub_346e0,156,_ZN7subsdk19sub_346e0Ev!
0x0000000000034780,sub_34780,1116,_ZN7subsdk19sub_34780Ev!
0x0000000000034be0,sub_34be0,392,_ZN7subsdk19sub_34be0Ev!
0x0000000000034d70,sub_34d70,20,_ZN7subsdk19sub_34d70Ev!
0x0000000000034d90,sub_34d90,840,_ZN7subsdk19sub_34d90Ev!
0x00000000000350e0,sub_350e0,224,_ZN7subsdk19sub_350e0Ev!
0x00000000000351c0,sub_351c0,112,_ZN7subsdk19sub_351c0Ev!
0x0000000000035230,sub_35230,228,_ZN7subsdk19sub_35230Ev!
0x0000000000035320,sub_35320,16,_ZN7subsdk19sub_35320Ev!
0x0000000000035330,sub_35330,2876,_ZN7subsdk19sub_35330Ev!
0x0000000000035e70,sub_35e70,68,_ZN7subsdk19sub_35e70Ev!
0x0000000000035ec0,sub_35ec0,116,_ZN7subsdk19sub_35ec0Ev!
0x0000000000035f40,sub_35f40,112,_ZN7subsdk123sub_35f40_subsdk1_35f40Ev!
0x0000000000035fb0,sub_35fb0,32,_ZN7subsdk19sub_35fb0Ev!
0x0000000000035fd0,sub_35fd0,68,_ZN7subsdk19sub_35fd0Ev!
0x0000000000036020,sub_36020,28,_ZN7subsdk123sub_36020_subsdk1_36020Ev!
0x0000000000036040,sub_36040,44,_ZN7subsdk19sub_36040Ev!
0x0000000000036070,sub_36070,108,_ZN7subsdk19sub_36070Ev!
0x00000000000360e0,sub_360e0,556,_ZN7subsdk19sub_360e0Ev!
0x0000000000036310,sub_36310,64,_ZN7subsdk19sub_36310Ev!
0x0000000000036350,sub_36350,108,_ZN7subsdk19sub_36350Ev!
0x00000000000363c0,sub_363c0,100,_ZN7subsdk19sub_363c0Ev!
0x0000000000036430,sub_36430,160,_ZN7subsdk19sub_36430Ev!
0x00000000000364d0,sub_364d0,32,_ZN7subsdk19sub_364d0Ev!
0x00000000000364f0,sub_364f0,508,_ZN7subsdk123sub_364f0_subsdk1_364f0Ev!
0x00000000000366f0,sub_366f0,156,_ZN7subsdk19sub_366f0Ev!
0x0000000000036790,sub_36790,728,_ZN7subsdk19sub_36790Ev!
0x0000000000036a70,sub_36a70,500,_ZN7subsdk19sub_36a70Ev!
0x0000000000036c70,sub_36c70,264,_ZN7subsdk19sub_36c70Ev!
0x0000000000036d80,sub_36d80,1320,_ZN7subsdk19sub_36d80Ev!
0x00000000000372b0,sub_372b0,284,_ZN7subsdk123sub_372b0_subsdk1_372b0Ev!
0x00000000000373d0,sub_373d0,384,_ZN7subsdk19sub_373d0Ev!
0x0000000000037550,sub_37550,84,_ZN7subsdk19sub_37550Ev!
0x00000000000375b0,sub_375b0,72,_ZN7subsdk19sub_375b0Ev!
0x0000000000037600,sub_37600,84,_ZN7subsdk19sub_37600Ev!
0x0000000000037660,sub_37660,136,_ZN7subsdk19sub_37660Ev!
0x00000000000376f0,sub_376f0,140,_ZN7subsdk19sub_376f0Ev!
0x0000000000037780,sub_37780,172,_ZN7subsdk123sub_37780_subsdk1_37780Ev!
0x0000000000037830,sub_37830,176,_ZN7subsdk19sub_37830Ev!
0x00000000000378e0,sub_378e0,200,_ZN7subsdk19sub_378e0Ev!
0x00000000000379b0,sub_379b0,204,_ZN7subsdk123sub_379b0_subsdk1_379b0Ev!
0x0000000000037a80,sub_37a80,344,_ZN7subsdk19sub_37a80Ev!
0x0000000000037be0,sub_37be0,160,_ZN7subsdk19sub_37be0Ev!
0x0000000000037c80,sub_37c80,448,_ZN7subsdk123sub_37c80_subsdk1_37c80Ev!
0x0000000000037e40,sub_37e40,36,_ZN7subsdk19sub_37e40Ev!
0x0000000000037e70,sub_37e70,408,_ZN7subsdk19sub_37e70Ev!
0x0000000000038010,sub_38010,916,_ZN7subsdk19sub_38010Ev!
0x00000000000383b0,sub_383b0,48,_ZN7subsdk19sub_383b0Ev!
0x00000000000383e0,sub_383e0,528,_ZN7subsdk19sub_383e0Ev!
0x00000000000385f0,sub_385f0,720,_ZN7subsdk19sub_385f0Ev!
0x00000000000388c0,sub_388c0,228,_ZN7subsdk19sub_388c0Ev!
0x00000000000389b0,sub_389b0,448,_ZN7subsdk123sub_389b0_subsdk1_389b0Ev!
0x0000000000038b70,sub_38b70,12,_Z15subsdk1_f_38b70mPv
0x0000000000038b80,sub_38b80,96,_ZN7subsdk19sub_38b80Ev!
0x0000000000038be0,sub_38be0,216,_ZN7subsdk19sub_38be0Ev!
0x0000000000038cc0,sub_38cc0,16,_ZN7subsdk123sub_38cc0_subsdk1_38cc0Ev!
0x0000000000038cd0,sub_38cd0,12,_Z15subsdk1_f_38cd0mPvmm
0x0000000000038ce0,sub_38ce0,12,_Z15subsdk1_f_38ce0mPvm
0x0000000000038cf0,sub_38cf0,100,_ZN7subsdk123sub_38cf0_subsdk1_38cf0Ev!
0x0000000000038d60,sub_38d60,532,_ZN7subsdk19sub_38d60Ev!
0x0000000000038f80,sub_38f80,20,_ZN7subsdk19sub_38f80Ev!
0x0000000000038fa0,sub_38fa0,152,_ZN7subsdk19sub_38fa0Ev!
0x0000000000039040,sub_39040,388,_ZN7subsdk19sub_39040Ev!
0x00000000000391d0,sub_391d0,16,_ZN7subsdk19sub_391d0Ev!
0x00000000000391e0,sub_391e0,224,_ZN7subsdk19sub_391e0Ev!
0x00000000000392c0,sub_392c0,312,_ZN7subsdk19sub_392c0Ev!
0x0000000000039400,sub_39400,312,_ZN7subsdk19sub_39400Ev!
0x0000000000039540,sub_39540,32,_ZN7subsdk19sub_39540Ev!
0x0000000000039560,sub_39560,188,_ZN7subsdk19sub_39560Ev!
0x0000000000039620,sub_39620,72,_ZN7subsdk19sub_39620Ev!
0x0000000000039670,sub_39670,324,_ZN7subsdk123sub_39670_subsdk1_39670Ev!
0x00000000000397c0,internal_sym_d,208,_ZN7subsdk114internal_sym_dEv!
0x0000000000039890,sub_39890,132,_ZN7subsdk19sub_39890Ev!
0x0000000000039920,sub_39920,136,_ZN7subsdk19sub_39920Ev!
0x00000000000399b0,sub_399b0,144,_ZN7subsdk19sub_399b0Ev!
0x0000000000039a40,sub_39a40,32,_ZN7subsdk19sub_39a40Ev!
0x0000000000039a60,sub_39a60,252,_ZN7subsdk19sub_39a60Ev!
0x0000000000039b60,sub_39b60,336,_ZN7subsdk19sub_39b60Ev!
0x0000000000039cb0,sub_39cb0,196,_ZN7subsdk19sub_39cb0Ev!
0x0000000000039d80,sub_39d80,164,_ZN7subsdk19sub_39d80Ev!
0x0000000000039e30,sub_39e30,60,_ZN7subsdk123sub_39e30_subsdk1_39e30Ev!
0x0000000000039e70,sub_39e70,248,_ZN7subsdk19sub_39e70Ev!
0x0000000000039f70,sub_39f70,728,_ZN7subsdk19sub_39f70Ev!
0x000000000003a250,sub_3a250,36,_ZN7subsdk123sub_3a250_subsdk1_3a250Ev!
0x000000000003a280,sub_3a280,140,_ZN7subsdk19sub_3a280Ev!
0x000000000003a310,f_0x_08x_0x_08x,32,_ZN7subsdk115f_0x_08x_0x_08xEv!
0x000000000003a330,sub_3a330,920,_ZN7subsdk19sub_3a330Ev!
0x000000000003a6d0,sub_3a6d0,36,_ZN7subsdk123sub_3a6d0_subsdk1_3a6d0Ev!
0x000000000003a700,sub_3a700,36,_ZN7subsdk19sub_3a700Ev!
0x000000000003a730,sub_3a730,996,_ZN7subsdk19sub_3a730Ev!
0x000000000003ab20,sub_3ab20,88,_ZN7subsdk19sub_3ab20Ev!
0x000000000003ab80,sub_3ab80,32,_ZN7subsdk19sub_3ab80Ev!
0x000000000003aba0,sub_3aba0,20,_Z15subsdk1_f_3aba0Pv
0x000000000003abc0,sub_3abc0,44,_ZN7subsdk19sub_3abc0Ev!
0x000000000003abf0,sub_3abf0,132,_ZN7subsdk123sub_3abf0_subsdk1_3abf0Ev!
0x000000000003ac80,sub_3ac80,188,_ZN7subsdk19sub_3ac80Ev!
0x000000000003ad40,sub_3ad40,116,_ZN7subsdk19sub_3ad40Ev!
0x000000000003adc0,sub_3adc0,72,_ZN7subsdk19sub_3adc0Ev!
0x000000000003ae10,sub_3ae10,96,_ZN7subsdk19sub_3ae10Ev!
0x000000000003ae70,sub_3ae70,140,_ZN7subsdk19sub_3ae70Ev!
0x000000000003af00,sub_3af00,52,_ZN7subsdk19sub_3af00Ev!
0x000000000003af40,sub_3af40,16,_Z15subsdk1_f_3af40Pv
0x000000000003af50,sub_3af50,36,_ZN7subsdk19sub_3af50Ev!
0x000000000003af80,sub_3af80,32,_ZN7subsdk19sub_3af80Ev!
0x000000000003afa0,sub_3afa0,32,_ZN7subsdk19sub_3afa0Ev!
0x000000000003afc0,sub_3afc0,60,_ZN7subsdk123sub_3afc0_subsdk1_3afc0Ev!
0x000000000003b000,sub_3b000,16,_ZN7subsdk19sub_3b000Ev!
0x000000000003b010,sub_3b010,36,_ZN7subsdk19sub_3b010Ev!
0x000000000003b040,sub_3b040,36,_ZN7subsdk19sub_3b040Ev!
0x000000000003b070,sub_3b070,36,_ZN7subsdk19sub_3b070Ev!
0x000000000003b0a0,sub_3b0a0,28,_ZN7subsdk19sub_3b0a0Ev!
0x000000000003b0c0,sub_3b0c0,28,_ZN7subsdk123sub_3b0c0_subsdk1_3b0c0Ev!
0x000000000003b0e0,sub_3b0e0,64,_ZN7subsdk19sub_3b0e0Ev!
0x000000000003b120,sub_3b120,20,_Z15subsdk1_f_3b120mPv
0x000000000003b140,sub_3b140,108,_ZN7subsdk19sub_3b140Ev!
0x000000000003b1b0,sub_3b1b0,52,_ZN7subsdk123sub_3b1b0_subsdk1_3b1b0Ev!
0x000000000003b1f0,sub_3b1f0,596,_ZN7subsdk19sub_3b1f0Ev!
0x000000000003b450,sub_3b450,56,_ZN7subsdk19sub_3b450Ev!
0x000000000003b490,sub_3b490,20,_Z15subsdk1_f_3b490mPv
0x000000000003b4b0,sub_3b4b0,168,_ZN7subsdk19sub_3b4b0Ev!
0x000000000003b560,sub_3b560,160,_ZN7subsdk123sub_3b560_subsdk1_3b560Ev!
0x000000000003b600,sub_3b600,48,_ZN7subsdk19sub_3b600Ev!
0x000000000003b630,sub_3b630,76,_ZN7subsdk19sub_3b630Ev!
0x000000000003b680,sub_3b680,36,_ZN7subsdk19sub_3b680Ev!
0x000000000003b6b0,sub_3b6b0,96,_ZN7subsdk123sub_3b6b0_subsdk1_3b6b0Ev!
0x000000000003b710,sub_3b710,592,_ZN7subsdk19sub_3b710Ev!
0x000000000003b960,internal_sym_d_2,3688,_ZN7subsdk116internal_sym_d_2Ev!
0x000000000003c7d0,sub_3c7d0,576,_ZN7subsdk123sub_3c7d0_subsdk1_3c7d0Ev!
0x000000000003ca10,sub_3ca10,180,_ZN7subsdk123sub_3ca10_subsdk1_3ca10Ev!
0x000000000003cad0,sub_3cad0,92,_ZN7subsdk19sub_3cad0Ev!
0x000000000003cb30,sub_3cb30,28,_Z15subsdk1_f_3cb30mjj
0x000000000003cb50,sub_3cb50,112,_ZN7subsdk19sub_3cb50Ev!
0x000000000003cbc0,sub_3cbc0,180,_ZN7subsdk19sub_3cbc0Ev!
0x000000000003cc80,sub_3cc80,164,_ZN7subsdk19sub_3cc80Ev!
0x000000000003cd30,sub_3cd30,216,_ZN7subsdk19sub_3cd30Ev!
0x000000000003ce10,sub_3ce10,52,_ZN7subsdk19sub_3ce10Ev!
0x000000000003ce50,sub_3ce50,4,_Z15subsdk1_f_3ce50v
0x000000000003ce60,sub_3ce60,4,_Z15subsdk1_f_3ce60v
0x000000000003ce70,sub_3ce70,64,_ZN7subsdk19sub_3ce70Ev!
0x000000000003ceb0,sub_3ceb0,132,_ZN7subsdk19sub_3ceb0Ev!
0x000000000003cf40,sub_3cf40,24,_ZN7subsdk123sub_3cf40_subsdk1_3cf40Ev!
0x000000000003cf60,sub_3cf60,96,_ZN7subsdk123sub_3cf60_subsdk1_3cf60Ev!
0x000000000003cfc0,sub_3cfc0,196,_ZN7subsdk19sub_3cfc0Ev!
0x000000000003d090,sub_3d090,144,_ZN7subsdk19sub_3d090Ev!
0x000000000003d120,sub_3d120,24,_ZN7subsdk19sub_3d120Ev!
0x000000000003d140,sub_3d140,96,_ZN7subsdk19sub_3d140Ev!
0x000000000003d1a0,sub_3d1a0,100,_ZN7subsdk19sub_3d1a0Ev!
0x000000000003d210,sub_3d210,44,_ZN7subsdk19sub_3d210Ev!
0x000000000003d240,sub_3d240,164,_ZN7subsdk19sub_3d240Ev!
0x000000000003d2f0,sub_3d2f0,232,_ZN7subsdk19sub_3d2f0Ev!
0x000000000003d3e0,sub_3d3e0,296,_ZN7subsdk19sub_3d3e0Ev!
0x000000000003d510,sub_3d510,92,_ZN7subsdk123sub_3d510_subsdk1_3d510Ev!
0x000000000003d570,sub_3d570,168,_ZN7subsdk123sub_3d570_subsdk1_3d570Ev!
0x000000000003d620,sub_3d620,164,_ZN7subsdk19sub_3d620Ev!
0x000000000003d6d0,sub_3d6d0,72,_ZN7subsdk19sub_3d6d0Ev!
0x000000000003d720,sub_3d720,84,_ZN7subsdk123sub_3d720_subsdk1_3d720Ev!
0x000000000003d780,sub_3d780,196,_ZN7subsdk123sub_3d780_subsdk1_3d780Ev!
0x000000000003d850,sub_3d850,92,_ZN7subsdk19sub_3d850Ev!
0x000000000003d8b0,sub_3d8b0,168,_ZN7subsdk19sub_3d8b0Ev!
0x000000000003d960,sub_3d960,244,_ZN7subsdk19sub_3d960Ev!
0x000000000003da60,sub_3da60,284,_ZN7subsdk19sub_3da60Ev!
0x000000000003db80,sub_3db80,1204,_ZN7subsdk19sub_3db80Ev!
0x000000000003e040,sub_3e040,56,_ZN7subsdk19sub_3e040Ev!
0x000000000003e080,sub_3e080,148,_ZN7subsdk19sub_3e080Ev!
0x000000000003e120,sub_3e120,184,_ZN7subsdk19sub_3e120Ev!
0x000000000003e1e0,sub_3e1e0,124,_ZN7subsdk19sub_3e1e0Ev!
0x000000000003e260,sub_3e260,204,_ZN7subsdk19sub_3e260Ev!
0x000000000003e330,sub_3e330,124,_ZN7subsdk19sub_3e330Ev!
0x000000000003e3b0,sub_3e3b0,120,_ZN7subsdk19sub_3e3b0Ev!
0x000000000003e430,sub_3e430,52,_ZN7subsdk19sub_3e430Ev!
0x000000000003e470,sub_3e470,80,_ZN7subsdk19sub_3e470Ev!
0x000000000003e4c0,sub_3e4c0,12,_ZN7subsdk19sub_3e4c0Ev!
0x000000000003e4d0,sub_3e4d0,120,_ZN7subsdk19sub_3e4d0Ev!
0x000000000003e550,sub_3e550,88,_ZN7subsdk19sub_3e550Ev!
0x000000000003e5b0,sub_3e5b0,96,_ZN7subsdk19sub_3e5b0Ev!
0x000000000003e610,sub_3e610,92,_ZN7subsdk19sub_3e610Ev!
0x000000000003e670,sub_3e670,168,_ZN7subsdk19sub_3e670Ev!
0x000000000003e720,sub_3e720,44,_ZN7subsdk123sub_3e720_subsdk1_3e720Ev!
0x000000000003e750,sub_3e750,168,_ZN7subsdk123sub_3e750_subsdk1_3e750Ev!
0x000000000003e800,sub_3e800,396,_ZN7subsdk19sub_3e800Ev!
0x000000000003e990,internal_sym_d_3,1332,_ZN7subsdk116internal_sym_d_3Ev!
0x000000000003eed0,sub_3eed0,740,_ZN7subsdk123sub_3eed0_subsdk1_3eed0Ev!
0x000000000003f1c0,sub_3f1c0,348,_ZN7subsdk19sub_3f1c0Ev!
0x000000000003f320,sub_3f320,292,_ZN7subsdk19sub_3f320Ev!
0x000000000003f450,internal_sym_d_4,852,_ZN7subsdk116internal_sym_d_4Ev!
0x000000000003f7b0,sub_3f7b0,408,_ZN7subsdk19sub_3f7b0Ev!
0x000000000003f950,internal_sym_d_5,1968,_ZN7subsdk116internal_sym_d_5Ev!
0x0000000000040100,sub_40100,104,_ZN7subsdk123sub_40100_subsdk1_40100Ev!
0x0000000000040170,sub_40170,120,_ZN7subsdk123sub_40170_subsdk1_40170Ev!
0x00000000000401f0,sub_401f0,728,_ZN7subsdk19sub_401f0Ev!
0x00000000000404d0,sub_404d0,144,_ZN7subsdk19sub_404d0Ev!
0x0000000000040560,sub_40560,8,_ZN7subsdk19sub_40560Ev!
0x0000000000040570,sub_40570,1032,_ZN7subsdk19sub_40570Ev!
0x0000000000040980,sub_40980,360,_ZN7subsdk19sub_40980Ev!
0x0000000000040af0,sub_40af0,108,_ZN7subsdk19sub_40af0Ev!
0x0000000000040b60,sub_40b60,80,_ZN7subsdk123sub_40b60_subsdk1_40b60Ev!
0x0000000000040bb0,sub_40bb0,8,_ZN7subsdk19sub_40bb0Ev!
0x0000000000040bc0,sub_40bc0,56,_ZN7subsdk19sub_40bc0Ev!
0x0000000000040c00,sub_40c00,16,_Z15subsdk1_f_40c00mPv
0x0000000000040c10,sub_40c10,32,_ZN7subsdk19sub_40c10Ev!
0x0000000000040c30,sub_40c30,1192,_ZN7subsdk19sub_40c30Ev!
0x00000000000410e0,sub_410e0,56,_ZN7subsdk19sub_410e0Ev!
0x0000000000041120,sub_41120,580,_ZN7subsdk19sub_41120Ev!
0x0000000000041370,sub_41370,408,_ZN7subsdk19sub_41370Ev!
0x0000000000041510,sub_41510,376,_ZN7subsdk19sub_41510Ev!
0x0000000000041690,sub_41690,944,_ZN7subsdk123sub_41690_subsdk1_41690Ev!
0x0000000000041a40,sub_41a40,88,_ZN7subsdk19sub_41a40Ev!
0x0000000000041aa0,sub_41aa0,84,_ZN7subsdk19sub_41aa0Ev!
0x0000000000041b00,sub_41b00,156,_ZN7subsdk19sub_41b00Ev!
0x0000000000041ba0,bb_controlflow,176,_ZN7subsdk114bb_controlflowEv!
0x0000000000041c50,sub_41c50,52,_ZN7subsdk123sub_41c50_subsdk1_41c50Ev!
0x0000000000041c90,sub_41c90,164,_ZN7subsdk123sub_41c90_subsdk1_41c90Ev!
0x0000000000041d40,sub_41d40,88,_ZN7subsdk19sub_41d40Ev!
0x0000000000041da0,sub_41da0,44,_ZN7subsdk19sub_41da0Ev!
0x0000000000041dd0,sub_41dd0,92,_ZN7subsdk19sub_41dd0Ev!
0x0000000000041e30,sub_41e30,1944,_ZN7subsdk123sub_41e30_subsdk1_41e30Ev!
0x00000000000425d0,sub_425d0,340,_ZN7subsdk123sub_425d0_subsdk1_425d0Ev!
0x0000000000042730,sub_42730,136,_ZN7subsdk19sub_42730Ev!
0x00000000000427c0,sub_427c0,20,_ZN7subsdk19sub_427c0Ev!
0x00000000000427e0,sub_427e0,80,_ZN7subsdk123sub_427e0_subsdk1_427e0Ev!
0x0000000000042830,sub_42830,8,_Z15subsdk1_f_42830j
0x0000000000042840,sub_42840,92,_ZN7subsdk19sub_42840Ev!
0x00000000000428a0,sub_428a0,64,_ZN7subsdk123sub_428a0_subsdk1_428a0Ev!
0x00000000000428e0,sub_428e0,32,_ZN7subsdk19sub_428e0Ev!
0x0000000000042900,sub_42900,8,_Z15subsdk1_f_42900Pv
0x0000000000042910,sub_42910,16,_Z15subsdk1_f_42910Pvm
0x0000000000042920,sub_42920,8,_Z15subsdk1_f_42920Pv
0x0000000000042930,sub_42930,16,_Z15subsdk1_f_42930Pvm
0x0000000000042940,sub_42940,16,_ZN7subsdk19sub_42940Ev!
0x0000000000042950,sub_42950,8,_Z15subsdk1_f_42950Pv
0x0000000000042960,sub_42960,16,_Z15subsdk1_f_42960Pvm
0x0000000000042970,sub_42970,12,_Z15subsdk1_f_42970Pv
0x0000000000042980,sub_42980,8,_Z15subsdk1_f_42980Pv
0x0000000000042990,sub_42990,52,_ZN7subsdk123sub_42990_subsdk1_42990Ev!
0x00000000000429d0,ENDPRIM,1204,_ZN7subsdk17ENDPRIMEv!
0x0000000000042e90,sub_42e90,636,_ZN7subsdk19sub_42e90Ev!
0x0000000000043110,sub_43110,240,_ZN7subsdk19sub_43110Ev!
0x0000000000043200,VARYING_2,208,_ZN7subsdk19VARYING_2Ev!
0x00000000000432d0,BadChild,552,_ZN7subsdk18BadChildEv!
0x0000000000043500,sub_43500,16,_Z15subsdk1_f_43500mmmPv
0x0000000000043510,COLOR_ZERO,128,_ZN7subsdk110COLOR_ZEROEv!
0x0000000000043590,unnamed_4,4120,_ZN7subsdk123unnamed_4_subsdk1_43590Ev!
0x00000000000445b0,sub_445b0,48,_ZN7subsdk123sub_445b0_subsdk1_445b0Ev!
0x00000000000445e0,sub_445e0,44,_ZN7subsdk19sub_445e0Ev!
0x0000000000044610,sub_44610,96,_ZN7subsdk19sub_44610Ev!
0x0000000000044670,sub_44670,412,_ZN7subsdk19sub_44670Ev!
0x0000000000044810,sub_44810,16,_ZN7subsdk19sub_44810Ev!
0x0000000000044820,sub_44820,144,_ZN7subsdk19sub_44820Ev!
0x00000000000448b0,sub_448b0,12,_Z15subsdk1_f_448b0Pv
0x00000000000448c0,sub_448c0,4,_Z15subsdk1_f_448c0v
0x00000000000448d0,sub_448d0,24,_ZN7subsdk19sub_448d0Ev!
0x00000000000448f0,sub_448f0,92,_ZN7subsdk19sub_448f0Ev!
0x0000000000044950,sub_44950,48,_ZN7subsdk123sub_44950_subsdk1_44950Ev!
0x0000000000044980,sub_44980,52,_ZN7subsdk19sub_44980Ev!
0x00000000000449c0,sub_449c0,860,_ZN7subsdk123sub_449c0_subsdk1_449c0Ev!
0x0000000000044d20,sub_44d20,160,_ZN7subsdk123sub_44d20_subsdk1_44d20Ev!
0x0000000000044dc0,sub_44dc0,112,_ZN7subsdk19sub_44dc0Ev!
0x0000000000044e30,sub_44e30,56,_ZN7subsdk19sub_44e30Ev!
0x0000000000044e70,sub_44e70,272,_ZN7subsdk19sub_44e70Ev!
0x0000000000044f80,sub_44f80,252,_ZN7subsdk19sub_44f80Ev!
0x0000000000045080,sub_45080,208,_ZN7subsdk19sub_45080Ev!
0x0000000000045150,sub_45150,140,_ZN7subsdk19sub_45150Ev!
0x00000000000451e0,sub_451e0,508,_ZN7subsdk19sub_451e0Ev!
0x00000000000453e0,sub_453e0,544,_ZN7subsdk19sub_453e0Ev!
0x0000000000045600,sub_45600,304,_ZN7subsdk19sub_45600Ev!
0x0000000000045730,sub_45730,1612,_ZN7subsdk19sub_45730Ev!
0x0000000000045d80,sub_45d80,828,_ZN7subsdk19sub_45d80Ev!
0x00000000000460c0,sub_460c0,324,_ZN7subsdk19sub_460c0Ev!
0x0000000000046210,sub_46210,140,_ZN7subsdk19sub_46210Ev!
0x00000000000462a0,sub_462a0,88,_ZN7subsdk19sub_462a0Ev!
0x0000000000046300,sub_46300,220,_ZN7subsdk19sub_46300Ev!
0x00000000000463e0,sub_463e0,64,_ZN7subsdk19sub_463e0Ev!
0x0000000000046420,sub_46420,64,_ZN7subsdk19sub_46420Ev!
0x0000000000046460,sub_46460,472,_ZN7subsdk19sub_46460Ev!
0x0000000000046640,sub_46640,208,_ZN7subsdk123sub_46640_subsdk1_46640Ev!
0x0000000000046710,sub_46710,1024,_ZN7subsdk19sub_46710Ev!
0x0000000000046b10,sub_46b10,260,_ZN7subsdk123sub_46b10_subsdk1_46b10Ev!
0x0000000000046c20,sub_46c20,624,_ZN7subsdk19sub_46c20Ev!
0x0000000000046e90,sub_46e90,1008,_ZN7subsdk123sub_46e90_subsdk1_46e90Ev!
0x0000000000047280,sub_47280,224,_ZN7subsdk123sub_47280_subsdk1_47280Ev!
0x0000000000047360,sub_47360,460,_ZN7subsdk19sub_47360Ev!
0x0000000000047530,sub_47530,720,_ZN7subsdk19sub_47530Ev!
0x0000000000047800,sub_47800,1024,_ZN7subsdk19sub_47800Ev!
0x0000000000047c00,sub_47c00,1316,_ZN7subsdk19sub_47c00Ev!
0x0000000000048130,sub_48130,216,_ZN7subsdk19sub_48130Ev!
0x0000000000048210,sub_48210,104,_ZN7subsdk123sub_48210_subsdk1_48210Ev!
0x0000000000048280,sub_48280,96,_ZN7subsdk19sub_48280Ev!
0x00000000000482e0,sub_482e0,584,_ZN7subsdk19sub_482e0Ev!
0x0000000000048530,sub_48530,352,_ZN7subsdk19sub_48530Ev!
0x0000000000048690,sub_48690,536,_ZN7subsdk19sub_48690Ev!
0x00000000000488b0,sub_488b0,880,_ZN7subsdk19sub_488b0Ev!
0x0000000000048c20,sub_48c20,148,_ZN7subsdk19sub_48c20Ev!
0x0000000000048cc0,sub_48cc0,256,_ZN7subsdk19sub_48cc0Ev!
0x0000000000048dc0,sub_48dc0,104,_ZN7subsdk19sub_48dc0Ev!
0x0000000000048e30,sub_48e30,144,_ZN7subsdk19sub_48e30Ev!
0x0000000000048ec0,sub_48ec0,2392,_ZN7subsdk19sub_48ec0Ev!
0x0000000000049820,sub_49820,1848,_ZN7subsdk19sub_49820Ev!
0x0000000000049f60,sub_49f60,1456,_ZN7subsdk19sub_49f60Ev!
0x000000000004a510,sub_4a510,760,_ZN7subsdk19sub_4a510Ev!
0x000000000004a810,sub_4a810,4088,_ZN7subsdk123sub_4a810_subsdk1_4a810Ev!
0x000000000004b810,sub_4b810,456,_ZN7subsdk19sub_4b810Ev!
0x000000000004b9e0,sub_4b9e0,1008,_ZN7subsdk19sub_4b9e0Ev!
0x000000000004bdd0,sub_4bdd0,224,_ZN7subsdk19sub_4bdd0Ev!
0x000000000004beb0,sub_4beb0,2596,_ZN7subsdk19sub_4beb0Ev!
0x000000000004c8e0,sub_4c8e0,232,_ZN7subsdk19sub_4c8e0Ev!
0x000000000004c9d0,sub_4c9d0,284,_ZN7subsdk19sub_4c9d0Ev!
0x000000000004caf0,sub_4caf0,216,_ZN7subsdk19sub_4caf0Ev!
0x000000000004cbd0,sub_4cbd0,1096,_ZN7subsdk19sub_4cbd0Ev!
0x000000000004d020,sub_4d020,892,_ZN7subsdk123sub_4d020_subsdk1_4d020Ev!
0x000000000004d3a0,sub_4d3a0,2292,_ZN7subsdk123sub_4d3a0_subsdk1_4d3a0Ev!
0x000000000004dca0,sub_4dca0,396,_ZN7subsdk19sub_4dca0Ev!
0x000000000004de30,sub_4de30,13620,_ZN7subsdk19sub_4de30Ev!
0x0000000000051370,sub_51370,124,_ZN7subsdk19sub_51370Ev!
0x00000000000513f0,sub_513f0,188,_ZN7subsdk19sub_513f0Ev!
0x00000000000514b0,sub_514b0,612,_ZN7subsdk19sub_514b0Ev!
0x0000000000051720,sub_51720,400,_ZN7subsdk19sub_51720Ev!
0x00000000000518b0,sub_518b0,412,_ZN7subsdk19sub_518b0Ev!
0x0000000000051a50,sub_51a50,304,_ZN7subsdk123sub_51a50_subsdk1_51a50Ev!
0x0000000000051b80,sub_51b80,1092,_ZN7subsdk19sub_51b80Ev!
0x0000000000051fd0,sub_51fd0,1504,_ZN7subsdk123sub_51fd0_subsdk1_51fd0Ev!
0x00000000000525b0,sub_525b0,936,_ZN7subsdk19sub_525b0Ev!
0x0000000000052960,sub_52960,200,_ZN7subsdk19sub_52960Ev!
0x0000000000052a30,sub_52a30,168,_ZN7subsdk19sub_52a30Ev!
0x0000000000052ae0,sub_52ae0,448,_ZN7subsdk19sub_52ae0Ev!
0x0000000000052ca0,sub_52ca0,148,_ZN7subsdk19sub_52ca0Ev!
0x0000000000052d40,sub_52d40,664,_ZN7subsdk19sub_52d40Ev!
0x0000000000052fe0,sub_52fe0,672,_ZN7subsdk19sub_52fe0Ev!
0x0000000000053280,sub_53280,624,_ZN7subsdk19sub_53280Ev!
0x00000000000534f0,sub_534f0,308,_ZN7subsdk19sub_534f0Ev!
0x0000000000053630,sub_53630,604,_ZN7subsdk19sub_53630Ev!
0x0000000000053890,sub_53890,1308,_ZN7subsdk123sub_53890_subsdk1_53890Ev!
0x0000000000053db0,sub_53db0,720,_ZN7subsdk19sub_53db0Ev!
0x0000000000054080,sub_54080,224,_ZN7subsdk19sub_54080Ev!
0x0000000000054160,sub_54160,324,_ZN7subsdk19sub_54160Ev!
0x00000000000542b0,sub_542b0,200,_ZN7subsdk19sub_542b0Ev!
0x0000000000054380,sub_54380,852,_ZN7subsdk19sub_54380Ev!
0x00000000000546e0,sub_546e0,304,_ZN7subsdk19sub_546e0Ev!
0x0000000000054810,sub_54810,296,_ZN7subsdk19sub_54810Ev!
0x0000000000054940,sub_54940,464,_ZN7subsdk19sub_54940Ev!
0x0000000000054b10,sub_54b10,4,_Z15subsdk1_f_54b10v
0x0000000000054b20,sub_54b20,4,_Z15subsdk1_f_54b20v
0x0000000000054b30,sub_54b30,4,_Z15subsdk1_f_54b30v
0x0000000000054b40,gl_ClipVertex,840,_ZN7subsdk113gl_ClipVertexEv!
0x0000000000054e90,s_d_s,560,_ZN7subsdk119s_d_s_subsdk1_54e90Ev!
0x00000000000550c0,sub_550c0,120,_ZN7subsdk19sub_550c0Ev!
0x0000000000055140,sub_55140,68,_ZN7subsdk19sub_55140Ev!
0x0000000000055190,sub_55190,100,_ZN7subsdk19sub_55190Ev!
0x0000000000055200,sub_55200,108,_ZN7subsdk19sub_55200Ev!
0x0000000000055270,sub_55270,100,_ZN7subsdk19sub_55270Ev!
0x00000000000552e0,sub_552e0,60,_ZN7subsdk19sub_552e0Ev!
0x0000000000055320,sub_55320,224,_ZN7subsdk19sub_55320Ev!
0x0000000000055400,sub_55400,220,_ZN7subsdk19sub_55400Ev!
0x00000000000554e0,sub_554e0,140,_ZN7subsdk19sub_554e0Ev!
0x0000000000055570,sub_55570,72,_ZN7subsdk19sub_55570Ev!
0x00000000000555c0,sub_555c0,176,_ZN7subsdk19sub_555c0Ev!
0x0000000000055670,sub_55670,256,_ZN7subsdk19sub_55670Ev!
0x0000000000055770,sub_55770,256,_ZN7subsdk19sub_55770Ev!
0x0000000000055870,sub_55870,212,_ZN7subsdk19sub_55870Ev!
0x0000000000055950,sub_55950,344,_ZN7subsdk19sub_55950Ev!
0x0000000000055ab0,sub_55ab0,356,_ZN7subsdk19sub_55ab0Ev!
0x0000000000055c20,sub_55c20,276,_ZN7subsdk19sub_55c20Ev!
0x0000000000055d40,sub_55d40,184,_ZN7subsdk19sub_55d40Ev!
0x0000000000055e00,sub_55e00,232,_ZN7subsdk19sub_55e00Ev!
0x0000000000055ef0,sub_55ef0,144,_ZN7subsdk19sub_55ef0Ev!
0x0000000000055f80,sub_55f80,100,_ZN7subsdk19sub_55f80Ev!
0x0000000000055ff0,sub_55ff0,268,_ZN7subsdk123sub_55ff0_subsdk1_55ff0Ev!
0x0000000000056100,sub_56100,256,_ZN7subsdk19sub_56100Ev!
0x0000000000056200,sub_56200,4,_Z15subsdk1_f_56200v
0x0000000000056210,sub_56210,764,_ZN7subsdk123sub_56210_subsdk1_56210Ev!
0x0000000000056510,sub_56510,3652,_ZN7subsdk19sub_56510Ev!
0x0000000000057360,sub_57360,252,_ZN7subsdk123sub_57360_subsdk1_57360Ev!
0x0000000000057460,sub_57460,56,_ZN7subsdk123sub_57460_subsdk1_57460Ev!
0x00000000000574a0,sub_574a0,408,_ZN7subsdk123sub_574a0_subsdk1_574a0Ev!
0x0000000000057640,sub_57640,16,_Z15subsdk1_f_57640mPv
0x0000000000057650,sub_57650,28,_ZN7subsdk19sub_57650Ev!
0x0000000000057670,sub_57670,228,_ZN7subsdk123sub_57670_subsdk1_57670Ev!
0x0000000000057760,sub_57760,12,_Z15subsdk1_f_57760mPv
0x0000000000057770,sub_57770,2748,_ZN7subsdk19sub_57770Ev!
0x0000000000058230,sub_58230,696,_ZN7subsdk19sub_58230Ev!
0x00000000000584f0,sub_584f0,40,_ZN7subsdk19sub_584f0Ev!
0x0000000000058520,sub_58520,8,_Z15subsdk1_f_58520Pv
0x0000000000058530,sub_58530,848,_ZN7subsdk19sub_58530Ev!
0x0000000000058880,sub_58880,1348,_ZN7subsdk19sub_58880Ev!
0x0000000000058dd0,sub_58dd0,156,_ZN7subsdk19sub_58dd0Ev!
0x0000000000058e70,sub_58e70,192,_ZN7subsdk19sub_58e70Ev!
0x0000000000058f30,sub_58f30,464,_ZN7subsdk19sub_58f30Ev!
0x0000000000059100,sub_59100,16,_Z15subsdk1_f_59100Pvmj
0x0000000000059110,sub_59110,176,_ZN7subsdk19sub_59110Ev!
0x00000000000591c0,sub_591c0,48,_ZN7subsdk123sub_591c0_subsdk1_591c0Ev!
0x00000000000591f0,sub_591f0,84,_ZN7subsdk19sub_591f0Ev!
0x0000000000059250,sub_59250,4356,_ZN7subsdk19sub_59250Ev!
0x000000000005a360,sub_5a360,144,_ZN7subsdk19sub_5a360Ev!
0x000000000005a3f0,sub_5a3f0,32,_ZN7subsdk19sub_5a3f0Ev!
0x000000000005a410,sub_5a410,140,_ZN7subsdk19sub_5a410Ev!
0x000000000005a4a0,sub_5a4a0,492,_ZN7subsdk19sub_5a4a0Ev!
0x000000000005a690,sub_5a690,700,_ZN7subsdk123sub_5a690_subsdk1_5a690Ev!
0x000000000005a950,sub_5a950,632,_ZN7subsdk123sub_5a950_subsdk1_5a950Ev!
0x000000000005abd0,sub_5abd0,192,_ZN7subsdk19sub_5abd0Ev!
0x000000000005ac90,sub_5ac90,192,_ZN7subsdk19sub_5ac90Ev!
0x000000000005ad50,sub_5ad50,244,_ZN7subsdk19sub_5ad50Ev!
0x000000000005ae50,sub_5ae50,300,_ZN7subsdk19sub_5ae50Ev!
0x000000000005af80,sub_5af80,484,_ZN7subsdk19sub_5af80Ev!
0x000000000005b170,sub_5b170,4,_Z15subsdk1_f_5b170v
0x000000000005b180,sub_5b180,8,_Z15subsdk1_f_5b180v
0x000000000005b190,sub_5b190,8,_Z15subsdk1_f_5b190v
0x000000000005b1a0,sub_5b1a0,4,_Z15subsdk1_f_5b1a0v
0x000000000005b1b0,sub_5b1b0,740,_ZN7subsdk19sub_5b1b0Ev!
0x000000000005b4a0,sub_5b4a0,636,_ZN7subsdk123sub_5b4a0_subsdk1_5b4a0Ev!
0x000000000005b720,sub_5b720,80,_ZN7subsdk123sub_5b720_subsdk1_5b720Ev!
0x000000000005b770,sub_5b770,1780,_ZN7subsdk19sub_5b770Ev!
0x000000000005be70,sub_5be70,256,_ZN7subsdk19sub_5be70Ev!
0x000000000005bf70,sub_5bf70,408,_ZN7subsdk19sub_5bf70Ev!
0x000000000005c110,sub_5c110,344,_ZN7subsdk19sub_5c110Ev!
0x000000000005c270,sub_5c270,616,_ZN7subsdk19sub_5c270Ev!
0x000000000005c4e0,sub_5c4e0,352,_ZN7subsdk19sub_5c4e0Ev!
0x000000000005c640,sub_5c640,616,_ZN7subsdk19sub_5c640Ev!
0x000000000005c8b0,sub_5c8b0,348,_ZN7subsdk19sub_5c8b0Ev!
0x000000000005ca10,sub_5ca10,424,_ZN7subsdk19sub_5ca10Ev!
0x000000000005cbc0,sub_5cbc0,656,_ZN7subsdk19sub_5cbc0Ev!
0x000000000005ce50,sub_5ce50,852,_ZN7subsdk123sub_5ce50_subsdk1_5ce50Ev!
0x000000000005d1b0,sub_5d1b0,24,_ZN7subsdk19sub_5d1b0Ev!
0x000000000005d1d0,sub_5d1d0,888,_ZN7subsdk19sub_5d1d0Ev!
0x000000000005d550,sub_5d550,5600,_ZN7subsdk19sub_5d550Ev!
0x000000000005eb30,sub_5eb30,48,_ZN7subsdk19sub_5eb30Ev!
0x000000000005eb60,sub_5eb60,600,_ZN7subsdk123sub_5eb60_subsdk1_5eb60Ev!
0x000000000005edc0,sub_5edc0,4964,_ZN7subsdk19sub_5edc0Ev!
0x0000000000060130,sub_60130,312,_ZN7subsdk19sub_60130Ev!
0x0000000000060270,sub_60270,52,_ZN7subsdk19sub_60270Ev!
0x00000000000602b0,sub_602b0,40,_ZN7subsdk123sub_602b0_subsdk1_602b0Ev!
0x00000000000602e0,sub_602e0,12,_Z15subsdk1_f_602e0Pv
0x00000000000602f0,sub_602f0,56,_ZN7subsdk19sub_602f0Ev!
0x0000000000060330,sub_60330,84,_ZN7subsdk19sub_60330Ev!
0x0000000000060390,sub_60390,68,_ZN7subsdk123sub_60390_subsdk1_60390Ev!
0x00000000000603e0,sub_603e0,64,_ZN7subsdk19sub_603e0Ev!
0x0000000000060420,sub_60420,92,_ZN7subsdk19sub_60420Ev!
0x0000000000060480,sub_60480,172,_ZN7subsdk19sub_60480Ev!
0x0000000000060530,sub_60530,180,_ZN7subsdk19sub_60530Ev!
0x00000000000605f0,sub_605f0,52,_ZN7subsdk19sub_605f0Ev!
0x0000000000060630,sub_60630,52,_ZN7subsdk19sub_60630Ev!
0x0000000000060670,sub_60670,40,_ZN7subsdk19sub_60670Ev!
0x00000000000606a0,sub_606a0,12,_Z15subsdk1_f_606a0Pv
0x00000000000606b0,sub_606b0,56,_ZN7subsdk19sub_606b0Ev!
0x00000000000606f0,sub_606f0,84,_ZN7subsdk19sub_606f0Ev!
0x0000000000060750,sub_60750,68,_ZN7subsdk19sub_60750Ev!
0x00000000000607a0,sub_607a0,64,_ZN7subsdk19sub_607a0Ev!
0x00000000000607e0,sub_607e0,92,_ZN7subsdk19sub_607e0Ev!
0x0000000000060840,sub_60840,172,_ZN7subsdk19sub_60840Ev!
0x00000000000608f0,sub_608f0,180,_ZN7subsdk19sub_608f0Ev!
0x00000000000609b0,sub_609b0,52,_ZN7subsdk123sub_609b0_subsdk1_609b0Ev!
0x00000000000609f0,sub_609f0,8,_Z15subsdk1_f_609f0Pvm
0x0000000000060a00,sub_60a00,8,_Z15subsdk1_f_60a00Pv
0x0000000000060a10,sub_60a10,56,_ZN7subsdk19sub_60a10Ev!
0x0000000000060a50,sub_60a50,16,_ZN7subsdk19sub_60a50Ev!
0x0000000000060a60,sub_60a60,36,_ZN7subsdk19sub_60a60Ev!
0x0000000000060a90,sub_60a90,80,_ZN7subsdk19sub_60a90Ev!
0x0000000000060ae0,sub_60ae0,156,_ZN7subsdk19sub_60ae0Ev!
0x0000000000060b80,sub_60b80,156,_ZN7subsdk19sub_60b80Ev!
0x0000000000060c20,sub_60c20,588,_ZN7subsdk19sub_60c20Ev!
0x0000000000060e70,sub_60e70,76,_ZN7subsdk19sub_60e70Ev!
0x0000000000060ec0,sub_60ec0,88,_ZN7subsdk19sub_60ec0Ev!
0x0000000000060f20,sub_60f20,108,_ZN7subsdk19sub_60f20Ev!
0x0000000000060f90,sub_60f90,116,_ZN7subsdk19sub_60f90Ev!
0x0000000000061010,sub_61010,80,_ZN7subsdk19sub_61010Ev!
0x0000000000061060,sub_61060,80,_ZN7subsdk19sub_61060Ev!
0x00000000000610b0,sub_610b0,76,_ZN7subsdk19sub_610b0Ev!
0x0000000000061100,sub_61100,180,_ZN7subsdk19sub_61100Ev!
0x00000000000611c0,sub_611c0,180,_ZN7subsdk123sub_611c0_subsdk1_611c0Ev!
0x0000000000061280,sub_61280,68,_ZN7subsdk19sub_61280Ev!
0x00000000000612d0,sub_612d0,588,_ZN7subsdk19sub_612d0Ev!
0x0000000000061520,sub_61520,76,_ZN7subsdk19sub_61520Ev!
0x0000000000061570,sub_61570,88,_ZN7subsdk19sub_61570Ev!
0x00000000000615d0,sub_615d0,108,_ZN7subsdk19sub_615d0Ev!
0x0000000000061640,sub_61640,116,_ZN7subsdk19sub_61640Ev!
0x00000000000616c0,sub_616c0,80,_ZN7subsdk19sub_616c0Ev!
0x0000000000061710,sub_61710,80,_ZN7subsdk123sub_61710_subsdk1_61710Ev!
0x0000000000061760,sub_61760,76,_ZN7subsdk123sub_61760_subsdk1_61760Ev!
0x00000000000617b0,sub_617b0,180,_ZN7subsdk123sub_617b0_subsdk1_617b0Ev!
0x0000000000061870,sub_61870,180,_ZN7subsdk19sub_61870Ev!
0x0000000000061930,sub_61930,68,_ZN7subsdk19sub_61930Ev!
0x0000000000061980,sub_61980,40,_ZN7subsdk123sub_61980_subsdk1_61980Ev!
0x00000000000619b0,sub_619b0,12,_Z15subsdk1_f_619b0Pv
0x00000000000619c0,sub_619c0,56,_ZN7subsdk123sub_619c0_subsdk1_619c0Ev!
0x0000000000061a00,sub_61a00,52,_ZN7subsdk19sub_61a00Ev!
0x0000000000061a40,sub_61a40,84,_ZN7subsdk19sub_61a40Ev!
0x0000000000061aa0,sub_61aa0,68,_ZN7subsdk19sub_61aa0Ev!
0x0000000000061af0,sub_61af0,64,_ZN7subsdk19sub_61af0Ev!
0x0000000000061b30,sub_61b30,92,_ZN7subsdk19sub_61b30Ev!
0x0000000000061b90,sub_61b90,172,_ZN7subsdk19sub_61b90Ev!
0x0000000000061c40,sub_61c40,180,_ZN7subsdk123sub_61c40_subsdk1_61c40Ev!
0x0000000000061d00,sub_61d00,52,_ZN7subsdk19sub_61d00Ev!
0x0000000000061d40,sub_61d40,44,_ZN7subsdk19sub_61d40Ev!
0x0000000000061d70,sub_61d70,44,_ZN7subsdk19sub_61d70Ev!
0x0000000000061da0,sub_61da0,40,_ZN7subsdk19sub_61da0Ev!
0x0000000000061dd0,sub_61dd0,20,_ZN7subsdk19sub_61dd0Ev!
0x0000000000061df0,sub_61df0,32,_ZN7subsdk19sub_61df0Ev!
0x0000000000061e10,sub_61e10,36,_ZN7subsdk19sub_61e10Ev!
0x0000000000061e40,sub_61e40,24,_ZN7subsdk19sub_61e40Ev!
0x0000000000061e60,sub_61e60,28,_ZN7subsdk19sub_61e60Ev!
0x0000000000061e80,sub_61e80,132,_ZN7subsdk19sub_61e80Ev!
0x0000000000061f10,sub_61f10,112,_ZN7subsdk19sub_61f10Ev!
0x0000000000061f80,sub_61f80,204,_ZN7subsdk123sub_61f80_subsdk1_61f80Ev!
0x0000000000062050,sub_62050,124,_ZN7subsdk19sub_62050Ev!
0x00000000000620d0,sub_620d0,132,_ZN7subsdk19sub_620d0Ev!
0x0000000000062160,sub_62160,132,_ZN7subsdk19sub_62160Ev!
0x00000000000621f0,sub_621f0,72,_ZN7subsdk19sub_621f0Ev!
0x0000000000062240,sub_62240,144,_ZN7subsdk123sub_62240_subsdk1_62240Ev!
0x00000000000622d0,sub_622d0,80,_ZN7subsdk123sub_622d0_subsdk1_622d0Ev!
0x0000000000062320,sub_62320,148,_ZN7subsdk123sub_62320_subsdk1_62320Ev!
0x00000000000623c0,sub_623c0,168,_ZN7subsdk123sub_623c0_subsdk1_623c0Ev!
0x0000000000062470,sub_62470,28,_ZN7subsdk123sub_62470_subsdk1_62470Ev!
0x0000000000062490,sub_62490,64,_ZN7subsdk123sub_62490_subsdk1_62490Ev!
0x00000000000624d0,sub_624d0,1252,_ZN7subsdk19sub_624d0Ev!
0x00000000000629c0,sub_629c0,176,_ZN7subsdk19sub_629c0Ev!
0x0000000000062a70,sub_62a70,1880,_ZN7subsdk19sub_62a70Ev!
0x00000000000631d0,sub_631d0,64,_ZN7subsdk19sub_631d0Ev!
0x0000000000063210,sub_63210,292,_ZN7subsdk19sub_63210Ev!
0x0000000000063340,sub_63340,268,_ZN7subsdk19sub_63340Ev!
0x0000000000063450,sub_63450,52,_ZN7subsdk19sub_63450Ev!
0x0000000000063490,sub_63490,32,_ZN7subsdk19sub_63490Ev!
0x00000000000634b0,sub_634b0,124,_ZN7subsdk19sub_634b0Ev!
0x0000000000063530,sub_63530,32,_ZN7subsdk19sub_63530Ev!
0x0000000000063550,sub_63550,12,_ZN7subsdk19sub_63550Ev!
0x0000000000063560,sub_63560,20,_Z15subsdk1_f_63560Pv
0x0000000000063580,sub_63580,44,_ZN7subsdk123sub_63580_subsdk1_63580Ev!
0x00000000000635b0,sub_635b0,20,_Z15subsdk1_f_635b0Pv
0x00000000000635d0,sub_635d0,20,_Z15subsdk1_f_635d0Pv
0x00000000000635f0,sub_635f0,20,_Z15subsdk1_f_635f0Pv
0x0000000000063610,sub_63610,36,_ZN7subsdk19sub_63610Ev!
0x0000000000063640,sub_63640,36,_ZN7subsdk19sub_63640Ev!
0x0000000000063670,sub_63670,44,_ZN7subsdk19sub_63670Ev!
0x00000000000636a0,sub_636a0,68,_ZN7subsdk19sub_636a0Ev!
0x00000000000636f0,sub_636f0,20,_Z15subsdk1_f_636f0Pv
0x0000000000063710,sub_63710,280,_ZN7subsdk19sub_63710Ev!
0x0000000000063830,sub_63830,36,_ZN7subsdk19sub_63830Ev!
0x0000000000063860,sub_63860,120,_ZN7subsdk19sub_63860Ev!
0x00000000000638e0,sub_638e0,36,_ZN7subsdk123sub_638e0_subsdk1_638e0Ev!
0x0000000000063910,sub_63910,800,_ZN7subsdk19sub_63910Ev!
0x0000000000063c30,sub_63c30,76,_ZN7subsdk19sub_63c30Ev!
0x0000000000063c80,sub_63c80,388,_ZN7subsdk19sub_63c80Ev!
0x0000000000063e10,sub_63e10,40,_ZN7subsdk19sub_63e10Ev!
0x0000000000063e40,sub_63e40,536,_ZN7subsdk19sub_63e40Ev!
0x0000000000064060,sub_64060,1068,_ZN7subsdk19sub_64060Ev!
0x0000000000064490,sub_64490,308,_ZN7subsdk19sub_64490Ev!
0x00000000000645d0,sub_645d0,728,_ZN7subsdk19sub_645d0Ev!
0x00000000000648b0,sub_648b0,216,_ZN7subsdk123sub_648b0_subsdk1_648b0Ev!
0x0000000000064990,sub_64990,124,_ZN7subsdk19sub_64990Ev!
0x0000000000064a10,sub_64a10,228,_ZN7subsdk19sub_64a10Ev!
0x0000000000064b00,sub_64b00,88,_ZN7subsdk19sub_64b00Ev!
0x0000000000064b60,sub_64b60,88,_ZN7subsdk123sub_64b60_subsdk1_64b60Ev!
0x0000000000064bc0,sub_64bc0,68,_ZN7subsdk19sub_64bc0Ev!
0x0000000000064c10,sub_64c10,76,_ZN7subsdk19sub_64c10Ev!
0x0000000000064c60,sub_64c60,272,_ZN7subsdk19sub_64c60Ev!
0x0000000000064d70,sub_64d70,124,_ZN7subsdk19sub_64d70Ev!
0x0000000000064df0,sub_64df0,40,_ZN7subsdk19sub_64df0Ev!
0x0000000000064e20,sub_64e20,676,_ZN7subsdk19sub_64e20Ev!
0x00000000000650d0,sub_650d0,16,_ZN7subsdk19sub_650d0Ev!
0x00000000000650e0,sub_650e0,144,_ZN7subsdk19sub_650e0Ev!
0x0000000000065170,sub_65170,88,_ZN7subsdk19sub_65170Ev!
0x00000000000651d0,sub_651d0,224,_ZN7subsdk19sub_651d0Ev!
0x00000000000652b0,sub_652b0,160,_ZN7subsdk19sub_652b0Ev!
0x0000000000065350,sub_65350,120,_ZN7subsdk19sub_65350Ev!
0x00000000000653d0,sub_653d0,68,_ZN7subsdk19sub_653d0Ev!
0x0000000000065420,sub_65420,788,_ZN7subsdk19sub_65420Ev!
0x0000000000065740,sub_65740,4224,_ZN7subsdk19sub_65740Ev!
0x00000000000667c0,sub_667c0,88,_ZN7subsdk19sub_667c0Ev!
0x0000000000066820,sub_66820,56,_ZN7subsdk123sub_66820_subsdk1_66820Ev!
0x0000000000066860,sub_66860,156,_ZN7subsdk123sub_66860_subsdk1_66860Ev!
0x0000000000066900,sub_66900,36,_ZN7subsdk19sub_66900Ev!
0x0000000000066930,sub_66930,36,_ZN7subsdk19sub_66930Ev!
0x0000000000066960,sub_66960,84,_ZN7subsdk19sub_66960Ev!
0x00000000000669c0,sub_669c0,40,_ZN7subsdk19sub_669c0Ev!
0x00000000000669f0,sub_669f0,72,_ZN7subsdk123sub_669f0_subsdk1_669f0Ev!
0x0000000000066a40,sub_66a40,52,_ZN7subsdk19sub_66a40Ev!
0x0000000000066a80,sub_66a80,216,_ZN7subsdk19sub_66a80Ev!
0x0000000000066b60,sub_66b60,88,_ZN7subsdk19sub_66b60Ev!
0x0000000000066bc0,sub_66bc0,52,_ZN7subsdk19sub_66bc0Ev!
0x0000000000066c00,sub_66c00,36,_ZN7subsdk19sub_66c00Ev!
0x0000000000066c30,sub_66c30,56,_ZN7subsdk19sub_66c30Ev!
0x0000000000066c70,sub_66c70,88,_ZN7subsdk19sub_66c70Ev!
0x0000000000066cd0,sub_66cd0,100,_ZN7subsdk19sub_66cd0Ev!
0x0000000000066d40,sub_66d40,100,_ZN7subsdk123sub_66d40_subsdk1_66d40Ev!
0x0000000000066db0,sub_66db0,84,_ZN7subsdk19sub_66db0Ev!
0x0000000000066e10,sub_66e10,100,_ZN7subsdk19sub_66e10Ev!
0x0000000000066e80,sub_66e80,116,_ZN7subsdk19sub_66e80Ev!
0x0000000000066f00,sub_66f00,52,_ZN7subsdk19sub_66f00Ev!
0x0000000000066f40,sub_66f40,80,_ZN7subsdk123sub_66f40_subsdk1_66f40Ev!
0x0000000000066f90,sub_66f90,120,_ZN7subsdk123sub_66f90_subsdk1_66f90Ev!
0x0000000000067010,sub_67010,404,_ZN7subsdk19sub_67010Ev!
0x00000000000671b0,sub_671b0,212,_ZN7subsdk19sub_671b0Ev!
0x0000000000067290,sub_67290,152,_ZN7subsdk123sub_67290_subsdk1_67290Ev!
0x0000000000067330,sub_67330,156,_ZN7subsdk123sub_67330_subsdk1_67330Ev!
0x00000000000673d0,sub_673d0,152,_ZN7subsdk19sub_673d0Ev!
0x0000000000067470,sub_67470,440,_ZN7subsdk19sub_67470Ev!
0x0000000000067630,sub_67630,288,_ZN7subsdk19sub_67630Ev!
0x0000000000067750,sub_67750,120,_ZN7subsdk19sub_67750Ev!
0x00000000000677d0,sub_677d0,140,_ZN7subsdk19sub_677d0Ev!
0x0000000000067860,sub_67860,48,_ZN7subsdk123sub_67860_subsdk1_67860Ev!
0x0000000000067890,sub_67890,172,_ZN7subsdk19sub_67890Ev!
0x0000000000067940,sub_67940,44,_ZN7subsdk19sub_67940Ev!
0x0000000000067970,sub_67970,120,_ZN7subsdk19sub_67970Ev!
0x00000000000679f0,sub_679f0,128,_ZN7subsdk19sub_679f0Ev!
0x0000000000067a70,sub_67a70,60,_ZN7subsdk19sub_67a70Ev!
0x0000000000067ab0,sub_67ab0,60,_ZN7subsdk19sub_67ab0Ev!
0x0000000000067af0,sub_67af0,80,_ZN7subsdk19sub_67af0Ev!
0x0000000000067b40,sub_67b40,56,_ZN7subsdk19sub_67b40Ev!
0x0000000000067b80,sub_67b80,60,_ZN7subsdk19sub_67b80Ev!
0x0000000000067bc0,sub_67bc0,172,_ZN7subsdk19sub_67bc0Ev!
0x0000000000067c70,sub_67c70,88,_ZN7subsdk19sub_67c70Ev!
0x0000000000067cd0,sub_67cd0,604,_ZN7subsdk123sub_67cd0_subsdk1_67cd0Ev!
0x0000000000067f30,sub_67f30,188,_ZN7subsdk19sub_67f30Ev!
0x0000000000067ff0,sub_67ff0,24,_Z15subsdk1_f_67ff0Pv
0x0000000000068010,sub_68010,76,_ZN7subsdk19sub_68010Ev!
0x0000000000068060,sub_68060,44,_ZN7subsdk19sub_68060Ev!
0x0000000000068090,sub_68090,76,_ZN7subsdk19sub_68090Ev!
0x00000000000680e0,sub_680e0,44,_ZN7subsdk19sub_680e0Ev!
0x0000000000068110,sub_68110,76,_ZN7subsdk19sub_68110Ev!
0x0000000000068160,sub_68160,36,_ZN7subsdk123sub_68160_subsdk1_68160Ev!
0x0000000000068190,sub_68190,36,_ZN7subsdk19sub_68190Ev!
0x00000000000681c0,sub_681c0,44,_ZN7subsdk19sub_681c0Ev!
0x00000000000681f0,sub_681f0,32,_Z15subsdk1_f_681f0j
0x0000000000068210,sub_68210,32,_Z15subsdk1_f_68210j
0x0000000000068230,sub_68230,36,_ZN7subsdk19sub_68230Ev!
0x0000000000068260,sub_68260,36,_ZN7subsdk19sub_68260Ev!
0x0000000000068290,sub_68290,504,_ZN7subsdk19sub_68290Ev!
0x0000000000068490,sub_68490,52,_ZN7subsdk19sub_68490Ev!
0x00000000000684d0,sub_684d0,192,_ZN7subsdk19sub_684d0Ev!
0x0000000000068590,sub_68590,268,_ZN7subsdk19sub_68590Ev!
0x00000000000686a0,sub_686a0,120,_ZN7subsdk19sub_686a0Ev!
0x0000000000068720,sub_68720,136,_ZN7subsdk19sub_68720Ev!
0x00000000000687b0,sub_687b0,52,_ZN7subsdk19sub_687b0Ev!
0x00000000000687f0,sub_687f0,144,_ZN7subsdk19sub_687f0Ev!
0x0000000000068880,sub_68880,52,_ZN7subsdk19sub_68880Ev!
0x00000000000688c0,sub_688c0,160,_ZN7subsdk19sub_688c0Ev!
0x0000000000068960,sub_68960,200,_ZN7subsdk19sub_68960Ev!
0x0000000000068a30,sub_68a30,684,_ZN7subsdk19sub_68a30Ev!
0x0000000000068ce0,sub_68ce0,156,_ZN7subsdk19sub_68ce0Ev!
0x0000000000068d80,sub_68d80,48,_ZN7subsdk123sub_68d80_subsdk1_68d80Ev!
0x0000000000068db0,sub_68db0,36,_ZN7subsdk19sub_68db0Ev!
0x0000000000068de0,sub_68de0,24,_ZN7subsdk123sub_68de0_subsdk1_68de0Ev!
0x0000000000068e00,sub_68e00,8,_Z15subsdk1_f_68e00Pv
0x0000000000068e10,sub_68e10,24,_ZN7subsdk123sub_68e10_subsdk1_68e10Ev!
0x0000000000068e30,sub_68e30,88,_ZN7subsdk19sub_68e30Ev!
0x0000000000068e90,sub_68e90,96,_ZN7subsdk19sub_68e90Ev!
0x0000000000068ef0,sub_68ef0,308,_ZN7subsdk123sub_68ef0_subsdk1_68ef0Ev!
0x0000000000069030,sub_69030,336,_ZN7subsdk19sub_69030Ev!
0x0000000000069180,sub_69180,160,_ZN7subsdk19sub_69180Ev!
0x0000000000069220,sub_69220,292,_ZN7subsdk19sub_69220Ev!
0x0000000000069350,sub_69350,160,_ZN7subsdk19sub_69350Ev!
0x00000000000693f0,sub_693f0,160,_ZN7subsdk123sub_693f0_subsdk1_693f0Ev!
0x0000000000069490,sub_69490,168,_ZN7subsdk19sub_69490Ev!
0x0000000000069540,sub_69540,200,_ZN7subsdk123sub_69540_subsdk1_69540Ev!
0x0000000000069610,sub_69610,208,_ZN7subsdk19sub_69610Ev!
0x00000000000696e0,sub_696e0,256,_ZN7subsdk123sub_696e0_subsdk1_696e0Ev!
0x00000000000697e0,sub_697e0,288,_ZN7subsdk19sub_697e0Ev!
0x0000000000069900,sub_69900,276,_ZN7subsdk19sub_69900Ev!
0x0000000000069a20,sub_69a20,152,_ZN7subsdk19sub_69a20Ev!
0x0000000000069ac0,sub_69ac0,172,_ZN7subsdk19sub_69ac0Ev!
0x0000000000069b70,sub_69b70,768,_ZN7subsdk123sub_69b70_subsdk1_69b70Ev!
0x0000000000069e70,sub_69e70,40,_ZN7subsdk123sub_69e70_subsdk1_69e70Ev!
0x0000000000069ea0,sub_69ea0,40,_ZN7subsdk123sub_69ea0_subsdk1_69ea0Ev!
0x0000000000069ed0,sub_69ed0,280,_ZN7subsdk19sub_69ed0Ev!
0x0000000000069ff0,sub_69ff0,100,_ZN7subsdk123sub_69ff0_subsdk1_69ff0Ev!
0x000000000006a060,sub_6a060,200,_ZN7subsdk19sub_6a060Ev!
0x000000000006a130,sub_6a130,1892,_ZN7subsdk123sub_6a130_subsdk1_6a130Ev!
0x000000000006a8a0,sub_6a8a0,584,_ZN7subsdk19sub_6a8a0Ev!
0x000000000006aaf0,sub_6aaf0,1720,_ZN7subsdk19sub_6aaf0Ev!
0x000000000006b1b0,sub_6b1b0,968,_ZN7subsdk19sub_6b1b0Ev!
0x000000000006b580,sub_6b580,1676,_ZN7subsdk19sub_6b580Ev!
0x000000000006bc10,sub_6bc10,236,_ZN7subsdk19sub_6bc10Ev!
0x000000000006bd00,sub_6bd00,208,_ZN7subsdk123sub_6bd00_subsdk1_6bd00Ev!
0x000000000006bdd0,sub_6bdd0,568,_ZN7subsdk19sub_6bdd0Ev!
0x000000000006c010,sub_6c010,780,_ZN7subsdk19sub_6c010Ev!
0x000000000006c320,sub_6c320,264,_ZN7subsdk19sub_6c320Ev!
0x000000000006c430,sub_6c430,304,_ZN7subsdk123sub_6c430_subsdk1_6c430Ev!
0x000000000006c560,sub_6c560,492,_ZN7subsdk19sub_6c560Ev!
0x000000000006c750,sub_6c750,4512,_ZN7subsdk19sub_6c750Ev!
0x000000000006d8f0,sub_6d8f0,64,_ZN7subsdk123sub_6d8f0_subsdk1_6d8f0Ev!
0x000000000006d930,sub_6d930,1876,_ZN7subsdk123sub_6d930_subsdk1_6d930Ev!
0x000000000006e090,sub_6e090,1044,_ZN7subsdk19sub_6e090Ev!
0x000000000006e4b0,sub_6e4b0,344,_ZN7subsdk19sub_6e4b0Ev!
0x000000000006e610,sub_6e610,344,_ZN7subsdk123sub_6e610_subsdk1_6e610Ev!
0x000000000006e770,sub_6e770,492,_ZN7subsdk123sub_6e770_subsdk1_6e770Ev!
0x000000000006e960,sub_6e960,324,_ZN7subsdk19sub_6e960Ev!
0x000000000006eab0,sub_6eab0,132,_ZN7subsdk19sub_6eab0Ev!
0x000000000006eb40,sub_6eb40,8,_Z15subsdk1_f_6eb40v
0x000000000006eb50,sub_6eb50,12,_ZN7subsdk19sub_6eb50Ev!
0x000000000006eb60,d_d_d,32,_ZN7subsdk119d_d_d_subsdk1_6eb60Ev!
0x000000000006eb80,sub_6eb80,8,_Z15subsdk1_f_6eb80v
0x000000000006eb90,sub_6eb90,4,_Z15subsdk1_f_6eb90v
0x000000000006eba0,sub_6eba0,4,_Z15subsdk1_f_6eba0v
0x000000000006ebb0,sub_6ebb0,4,_Z15subsdk1_f_6ebb0v
0x000000000006ebc0,sub_6ebc0,4,_Z15subsdk1_f_6ebc0v
0x000000000006ebd0,sub_6ebd0,8,_Z15subsdk1_f_6ebd0v
0x000000000006ebe0,sub_6ebe0,4,_Z15subsdk1_f_6ebe0v
0x000000000006ebf0,sub_6ebf0,4,_Z15subsdk1_f_6ebf0v
0x000000000006ec00,sub_6ec00,4,_Z15subsdk1_f_6ec00v
0x000000000006ec10,sub_6ec10,4,_Z15subsdk1_f_6ec10v
0x000000000006ec20,sub_6ec20,4,_Z15subsdk1_f_6ec20v
0x000000000006ec30,sub_6ec30,8,_Z15subsdk1_f_6ec30v
0x000000000006ec40,sub_6ec40,4,_Z15subsdk1_f_6ec40v
0x000000000006ec50,sub_6ec50,4,_Z15subsdk1_f_6ec50v
0x000000000006ec60,sub_6ec60,4,_Z15subsdk1_f_6ec60v
0x000000000006ec70,sub_6ec70,8,_Z15subsdk1_f_6ec70jj
0x000000000006ec80,sub_6ec80,16,_Z15subsdk1_f_6ec80mPv
0x000000000006ec90,sub_6ec90,8,_Z15subsdk1_f_6ec90v
0x000000000006eca0,sub_6eca0,8,_Z15subsdk1_f_6eca0v
0x000000000006ecb0,sub_6ecb0,8,_Z15subsdk1_f_6ecb0v
0x000000000006ecc0,sub_6ecc0,8,_Z15subsdk1_f_6ecc0v
0x000000000006ecd0,sub_6ecd0,8,_Z15subsdk1_f_6ecd0v
0x000000000006ece0,sub_6ece0,8,_Z15subsdk1_f_6ece0v
0x000000000006ecf0,sub_6ecf0,8,_Z15subsdk1_f_6ecf0v
0x000000000006ed00,sub_6ed00,8,_Z15subsdk1_f_6ed00v
0x000000000006ed10,sub_6ed10,4,_Z15subsdk1_f_6ed10v
0x000000000006ed20,sub_6ed20,1504,_ZN7subsdk19sub_6ed20Ev!
0x000000000006f300,sub_6f300,8,_Z15subsdk1_f_6f300Pvm
0x000000000006f310,sub_6f310,56,_ZN7subsdk19sub_6f310Ev!
0x000000000006f350,sub_6f350,16,_ZN7subsdk19sub_6f350Ev!
0x000000000006f360,sub_6f360,36,_ZN7subsdk123sub_6f360_subsdk1_6f360Ev!
0x000000000006f390,sub_6f390,80,_ZN7subsdk19sub_6f390Ev!
0x000000000006f3e0,sub_6f3e0,156,_ZN7subsdk19sub_6f3e0Ev!
0x000000000006f480,sub_6f480,156,_ZN7subsdk19sub_6f480Ev!
0x000000000006f520,sub_6f520,40,_ZN7subsdk123sub_6f520_subsdk1_6f520Ev!
0x000000000006f550,sub_6f550,28,_ZN7subsdk19sub_6f550Ev!
0x000000000006f570,sub_6f570,1404,_ZN7subsdk19sub_6f570Ev!
0x000000000006faf0,sub_6faf0,48,_ZN7subsdk19sub_6faf0Ev!
0x000000000006fb20,sub_6fb20,76,_ZN7subsdk19sub_6fb20Ev!
0x000000000006fb70,sub_6fb70,92,_ZN7subsdk19sub_6fb70Ev!
0x000000000006fbd0,sub_6fbd0,32,_ZN7subsdk19sub_6fbd0Ev!
0x000000000006fbf0,sub_6fbf0,20,_Z15subsdk1_f_6fbf0mPv
0x000000000006fc10,sub_6fc10,24,_ZN7subsdk19sub_6fc10Ev!
0x000000000006fc30,sub_6fc30,32,_ZN7subsdk19sub_6fc30Ev!
0x000000000006fc50,sub_6fc50,56,_ZN7subsdk19sub_6fc50Ev!
0x000000000006fc90,sub_6fc90,100,_ZN7subsdk123sub_6fc90_subsdk1_6fc90Ev!
0x000000000006fd00,sub_6fd00,1248,_ZN7subsdk19sub_6fd00Ev!
0x00000000000701e0,sub_701e0,516,_ZN7subsdk123sub_701e0_subsdk1_701e0Ev!
0x00000000000703f0,sub_703f0,240,_ZN7subsdk19sub_703f0Ev!
0x00000000000704e0,sub_704e0,144,_ZN7subsdk19sub_704e0Ev!
0x0000000000070570,sub_70570,496,_ZN7subsdk19sub_70570Ev!
0x0000000000070760,sub_70760,320,_ZN7subsdk19sub_70760Ev!
0x00000000000708a0,sub_708a0,52,_ZN7subsdk19sub_708a0Ev!
0x00000000000708e0,sub_708e0,372,_ZN7subsdk19sub_708e0Ev!
0x0000000000070a60,sub_70a60,20,_Z15subsdk1_f_70a60mPv
0x0000000000070a80,sub_70a80,748,_ZN7subsdk123sub_70a80_subsdk1_70a80Ev!
0x0000000000070d70,sub_70d70,1268,_ZN7subsdk123sub_70d70_subsdk1_70d70Ev!
0x0000000000071270,sub_71270,1492,_ZN7subsdk19sub_71270Ev!
0x0000000000071850,sub_71850,272,_ZN7subsdk19sub_71850Ev!
0x0000000000071960,sub_71960,316,_ZN7subsdk123sub_71960_subsdk1_71960Ev!
0x0000000000071aa0,sub_71aa0,312,_ZN7subsdk19sub_71aa0Ev!
0x0000000000071be0,sub_71be0,580,_ZN7subsdk19sub_71be0Ev!
0x0000000000071e30,sub_71e30,412,_ZN7subsdk19sub_71e30Ev!
0x0000000000071fd0,sub_71fd0,584,_ZN7subsdk19sub_71fd0Ev!
0x0000000000072220,sub_72220,1028,_ZN7subsdk19sub_72220Ev!
0x0000000000072630,sub_72630,340,_ZN7subsdk19sub_72630Ev!
0x0000000000072790,sub_72790,360,_ZN7subsdk19sub_72790Ev!
0x0000000000072900,sub_72900,520,_ZN7subsdk19sub_72900Ev!
0x0000000000072b10,sub_72b10,500,_ZN7subsdk19sub_72b10Ev!
0x0000000000072d10,sub_72d10,1028,_ZN7subsdk19sub_72d10Ev!
0x0000000000073120,sub_73120,756,_ZN7subsdk123sub_73120_subsdk1_73120Ev!
0x0000000000073420,sub_73420,640,_ZN7subsdk19sub_73420Ev!
0x00000000000736a0,sub_736a0,868,_ZN7subsdk19sub_736a0Ev!
0x0000000000073a10,sub_73a10,612,_ZN7subsdk19sub_73a10Ev!
0x0000000000073c80,sub_73c80,576,_ZN7subsdk19sub_73c80Ev!
0x0000000000073ec0,sub_73ec0,1524,_ZN7subsdk19sub_73ec0Ev!
0x00000000000744c0,sub_744c0,1212,_ZN7subsdk123sub_744c0_subsdk1_744c0Ev!
0x0000000000074980,sub_74980,712,_ZN7subsdk123sub_74980_subsdk1_74980Ev!
0x0000000000074c50,sub_74c50,368,_ZN7subsdk123sub_74c50_subsdk1_74c50Ev!
0x0000000000074dc0,sub_74dc0,532,_ZN7subsdk19sub_74dc0Ev!
0x0000000000074fe0,sub_74fe0,132,_ZN7subsdk19sub_74fe0Ev!
0x0000000000075070,sub_75070,508,_ZN7subsdk123sub_75070_subsdk1_75070Ev!
0x0000000000075270,sub_75270,220,_ZN7subsdk19sub_75270Ev!
0x0000000000075350,sub_75350,360,_ZN7subsdk19sub_75350Ev!
0x00000000000754c0,sub_754c0,136,_ZN7subsdk19sub_754c0Ev!
0x0000000000075550,sub_75550,12,_Z15subsdk1_f_75550mPv
0x0000000000075560,Register_usage_info_for_s_max_abi_regs_d_max_custom_abi,7484,_ZN7subsdk155Register_usage_info_for_s_max_abi_regs_d_max_custom_abiEv!
0x00000000000772a0,sub_772a0,212,_ZN7subsdk19sub_772a0Ev!
0x0000000000077380,sub_77380,568,_ZN7subsdk19sub_77380Ev!
0x00000000000775c0,sub_775c0,336,_ZN7subsdk19sub_775c0Ev!
0x0000000000077710,sub_77710,116,_ZN7subsdk19sub_77710Ev!
0x0000000000077790,sub_77790,8,_Z15subsdk1_f_77790v
0x00000000000777a0,sub_777a0,4,_Z15subsdk1_f_777a0v
0x00000000000777b0,sub_777b0,4,_Z15subsdk1_f_777b0v
0x00000000000777c0,sub_777c0,4,_Z15subsdk1_f_777c0v
0x00000000000777d0,sub_777d0,4,_Z15subsdk1_f_777d0v
0x00000000000777e0,sub_777e0,8,_Z15subsdk1_f_777e0v
0x00000000000777f0,sub_777f0,8,_Z15subsdk1_f_777f0v
0x0000000000077800,sub_77800,8,_Z15subsdk1_f_77800v
0x0000000000077810,sub_77810,8,_Z15subsdk1_f_77810v
0x0000000000077820,sub_77820,8,_Z15subsdk1_f_77820v
0x0000000000077830,sub_77830,8,_Z15subsdk1_f_77830v
0x0000000000077840,sub_77840,4,_Z15subsdk1_f_77840v
0x0000000000077850,sub_77850,4,_Z15subsdk1_f_77850v
0x0000000000077860,sub_77860,8,_Z15subsdk1_f_77860v
0x0000000000077870,sub_77870,8,_Z15subsdk1_f_77870v
0x0000000000077880,sub_77880,8,_Z15subsdk1_f_77880v
0x0000000000077890,sub_77890,8,_Z15subsdk1_f_77890v
0x00000000000778a0,sub_778a0,8,_Z15subsdk1_f_778a0v
0x00000000000778b0,sub_778b0,8,_Z15subsdk1_f_778b0v
0x00000000000778c0,sub_778c0,18276,_ZN7subsdk19sub_778c0Ev!
0x000000000007c030,sub_7c030,716,_ZN7subsdk19sub_7c030Ev!
0x000000000007c300,sub_7c300,296,_ZN7subsdk19sub_7c300Ev!
0x000000000007c430,sub_7c430,52,_ZN7subsdk19sub_7c430Ev!
0x000000000007c470,sub_7c470,40,_ZN7subsdk19sub_7c470Ev!
0x000000000007c4a0,sub_7c4a0,12,_Z15subsdk1_f_7c4a0Pv
0x000000000007c4b0,sub_7c4b0,56,_ZN7subsdk123sub_7c4b0_subsdk1_7c4b0Ev!
0x000000000007c4f0,sub_7c4f0,84,_ZN7subsdk123sub_7c4f0_subsdk1_7c4f0Ev!
0x000000000007c550,sub_7c550,68,_ZN7subsdk19sub_7c550Ev!
0x000000000007c5a0,sub_7c5a0,64,_ZN7subsdk19sub_7c5a0Ev!
0x000000000007c5e0,sub_7c5e0,92,_ZN7subsdk19sub_7c5e0Ev!
0x000000000007c640,sub_7c640,172,_ZN7subsdk19sub_7c640Ev!
0x000000000007c6f0,sub_7c6f0,180,_ZN7subsdk19sub_7c6f0Ev!
0x000000000007c7b0,sub_7c7b0,52,_ZN7subsdk123sub_7c7b0_subsdk1_7c7b0Ev!
0x000000000007c7f0,sub_7c7f0,580,_ZN7subsdk123sub_7c7f0_subsdk1_7c7f0Ev!
0x000000000007ca40,sub_7ca40,196,_ZN7subsdk19sub_7ca40Ev!
0x000000000007cb10,sub_7cb10,164,_ZN7subsdk19sub_7cb10Ev!
0x000000000007cbc0,sub_7cbc0,236,_ZN7subsdk19sub_7cbc0Ev!
0x000000000007ccb0,sub_7ccb0,244,_ZN7subsdk123sub_7ccb0_subsdk1_7ccb0Ev!
0x000000000007cdb0,sub_7cdb0,256,_ZN7subsdk19sub_7cdb0Ev!
0x000000000007ceb0,sub_7ceb0,336,_ZN7subsdk19sub_7ceb0Ev!
0x000000000007d000,sub_7d000,1060,_ZN7subsdk19sub_7d000Ev!
0x000000000007d430,sub_7d430,196,_ZN7subsdk19sub_7d430Ev!
0x000000000007d500,sub_7d500,1620,_ZN7subsdk123sub_7d500_subsdk1_7d500Ev!
0x000000000007db60,sub_7db60,420,_ZN7subsdk19sub_7db60Ev!
0x000000000007dd10,sub_7dd10,2720,_ZN7subsdk19sub_7dd10Ev!
0x000000000007e7b0,sub_7e7b0,740,_ZN7subsdk123sub_7e7b0_subsdk1_7e7b0Ev!
0x000000000007eaa0,sub_7eaa0,52,_ZN7subsdk123sub_7eaa0_subsdk1_7eaa0Ev!
0x000000000007eae0,sub_7eae0,40,_ZN7subsdk123sub_7eae0_subsdk1_7eae0Ev!
0x000000000007eb10,sub_7eb10,12,_Z15subsdk1_f_7eb10Pv
0x000000000007eb20,sub_7eb20,56,_ZN7subsdk19sub_7eb20Ev!
0x000000000007eb60,sub_7eb60,84,_ZN7subsdk19sub_7eb60Ev!
0x000000000007ebc0,sub_7ebc0,68,_ZN7subsdk123sub_7ebc0_subsdk1_7ebc0Ev!
0x000000000007ec10,sub_7ec10,64,_ZN7subsdk19sub_7ec10Ev!
0x000000000007ec50,sub_7ec50,92,_ZN7subsdk19sub_7ec50Ev!
0x000000000007ecb0,sub_7ecb0,172,_ZN7subsdk19sub_7ecb0Ev!
0x000000000007ed60,sub_7ed60,180,_ZN7subsdk19sub_7ed60Ev!
0x000000000007ee20,sub_7ee20,52,_ZN7subsdk19sub_7ee20Ev!
0x000000000007ee60,sub_7ee60,244,_ZN7subsdk19sub_7ee60Ev!
0x000000000007ef60,sub_7ef60,580,_ZN7subsdk19sub_7ef60Ev!
0x000000000007f1b0,sub_7f1b0,76,_ZN7subsdk19sub_7f1b0Ev!
0x000000000007f200,sub_7f200,280,_ZN7subsdk19sub_7f200Ev!
0x000000000007f320,sub_7f320,828,_ZN7subsdk19sub_7f320Ev!
0x000000000007f660,sub_7f660,712,_ZN7subsdk19sub_7f660Ev!
0x000000000007f930,sub_7f930,928,_ZN7subsdk19sub_7f930Ev!
0x000000000007fcd0,sub_7fcd0,456,_ZN7subsdk19sub_7fcd0Ev!
0x000000000007fea0,sub_7fea0,2632,_ZN7subsdk19sub_7fea0Ev!
0x00000000000808f0,sub_808f0,788,_ZN7subsdk19sub_808f0Ev!
0x0000000000080c10,sub_80c10,228,_ZN7subsdk19sub_80c10Ev!
0x0000000000080d00,sub_80d00,268,_ZN7subsdk19sub_80d00Ev!
0x0000000000080e10,sub_80e10,68,_ZN7subsdk19sub_80e10Ev!
0x0000000000080e60,sub_80e60,48,_ZN7subsdk19sub_80e60Ev!
0x0000000000080e90,sub_80e90,76,_ZN7subsdk123sub_80e90_subsdk1_80e90Ev!
0x0000000000080ee0,sub_80ee0,72,_ZN7subsdk19sub_80ee0Ev!
0x0000000000080f30,sub_80f30,152,_ZN7subsdk123sub_80f30_subsdk1_80f30Ev!
0x0000000000080fd0,sub_80fd0,104,_ZN7subsdk19sub_80fd0Ev!
0x0000000000081040,sub_81040,172,_ZN7subsdk19sub_81040Ev!
0x00000000000810f0,sub_810f0,248,_ZN7subsdk19sub_810f0Ev!
0x00000000000811f0,sub_811f0,20,_Z15subsdk1_f_811f0Pv
0x0000000000081210,sub_81210,20,_Z15subsdk1_f_81210Pv
0x0000000000081230,MidExpansion,6636,_ZN7subsdk112MidExpansionEv!
0x0000000000082c20,sub_82c20,88,_ZN7subsdk19sub_82c20Ev!
0x0000000000082c80,sub_82c80,256,_ZN7subsdk19sub_82c80Ev!
0x0000000000082d80,sub_82d80,4,_Z15subsdk1_f_82d80v
0x0000000000082d90,sub_82d90,16,_ZN7subsdk123sub_82d90_subsdk1_82d90Ev!
0x0000000000082da0,sub_82da0,36,_ZN7subsdk19sub_82da0Ev!
0x0000000000082dd0,sub_82dd0,12,_ZN7subsdk19sub_82dd0Ev!
0x0000000000082de0,sub_82de0,16,_ZN7subsdk19sub_82de0Ev!
0x0000000000082df0,sub_82df0,8,_ZN7subsdk123sub_82df0_subsdk1_82df0Ev!
0x0000000000082e00,sub_82e00,8,_ZN7subsdk19sub_82e00Ev!
0x0000000000082e10,sub_82e10,12,_ZN7subsdk123sub_82e10_subsdk1_82e10Ev!
0x0000000000082e20,sub_82e20,16,_ZN7subsdk19sub_82e20Ev!
0x0000000000082e30,sub_82e30,8,_ZN7subsdk19sub_82e30Ev!
0x0000000000082e40,sub_82e40,8,_ZN7subsdk19sub_82e40Ev!
0x0000000000082e50,sub_82e50,8,_ZN7subsdk19sub_82e50Ev!
0x0000000000082e60,sub_82e60,8,_ZN7subsdk19sub_82e60Ev!
0x0000000000082e70,sub_82e70,8,_ZN7subsdk123sub_82e70_subsdk1_82e70Ev!
0x0000000000082e80,sub_82e80,8,_ZN7subsdk19sub_82e80Ev!
0x0000000000082e90,sub_82e90,8,_ZN7subsdk19sub_82e90Ev!
0x0000000000082ea0,sub_82ea0,12,_ZN7subsdk19sub_82ea0Ev!
0x0000000000082eb0,sub_82eb0,16,_ZN7subsdk19sub_82eb0Ev!
0x0000000000082ec0,sub_82ec0,8,_ZN7subsdk19sub_82ec0Ev!
0x0000000000082ed0,sub_82ed0,8,_ZN7subsdk123sub_82ed0_subsdk1_82ed0Ev!
0x0000000000082ee0,sub_82ee0,8,_ZN7subsdk19sub_82ee0Ev!
0x0000000000082ef0,sub_82ef0,8,_ZN7subsdk19sub_82ef0Ev!
0x0000000000082f00,sub_82f00,16,_ZN7subsdk19sub_82f00Ev!
0x0000000000082f10,sub_82f10,16,_ZN7subsdk19sub_82f10Ev!
0x0000000000082f20,sub_82f20,8,_ZN7subsdk19sub_82f20Ev!
0x0000000000082f30,sub_82f30,16,_ZN7subsdk19sub_82f30Ev!
0x0000000000082f40,sub_82f40,8,_ZN7subsdk123sub_82f40_subsdk1_82f40Ev!
0x0000000000082f50,sub_82f50,8,_ZN7subsdk19sub_82f50Ev!
0x0000000000082f60,sub_82f60,8,_ZN7subsdk19sub_82f60Ev!
0x0000000000082f70,sub_82f70,12,_ZN7subsdk19sub_82f70Ev!
0x0000000000082f80,sub_82f80,8,_ZN7subsdk19sub_82f80Ev!
0x0000000000082f90,sub_82f90,8,_ZN7subsdk19sub_82f90Ev!
0x0000000000082fa0,sub_82fa0,8,_ZN7subsdk19sub_82fa0Ev!
0x0000000000082fb0,sub_82fb0,8,_ZN7subsdk19sub_82fb0Ev!
0x0000000000082fc0,sub_82fc0,20,_ZN7subsdk19sub_82fc0Ev!
0x0000000000082fe0,sub_82fe0,20,_ZN7subsdk19sub_82fe0Ev!
0x0000000000083000,sub_83000,20,_ZN7subsdk19sub_83000Ev!
0x0000000000083020,sub_83020,16,_ZN7subsdk19sub_83020Ev!
0x0000000000083030,sub_83030,16,_ZN7subsdk19sub_83030Ev!
0x0000000000083040,sub_83040,16,_ZN7subsdk19sub_83040Ev!
0x0000000000083050,sub_83050,16,_ZN7subsdk19sub_83050Ev!
0x0000000000083060,sub_83060,16,_ZN7subsdk19sub_83060Ev!
0x0000000000083070,sub_83070,16,_ZN7subsdk19sub_83070Ev!
0x0000000000083080,sub_83080,16,_ZN7subsdk19sub_83080Ev!
0x0000000000083090,sub_83090,16,_ZN7subsdk19sub_83090Ev!
0x00000000000830a0,sub_830a0,16,_ZN7subsdk19sub_830a0Ev!
0x00000000000830b0,sub_830b0,16,_ZN7subsdk19sub_830b0Ev!
0x00000000000830c0,sub_830c0,16,_ZN7subsdk19sub_830c0Ev!
0x00000000000830d0,sub_830d0,84,_ZN7subsdk19sub_830d0Ev!
0x0000000000083130,sub_83130,16,_ZN7subsdk19sub_83130Ev!
0x0000000000083140,sub_83140,12,_ZN7subsdk19sub_83140Ev!
0x0000000000083150,sub_83150,12,_ZN7subsdk19sub_83150Ev!
0x0000000000083160,sub_83160,72,_ZN7subsdk19sub_83160Ev!
0x00000000000831b0,sub_831b0,76,_ZN7subsdk19sub_831b0Ev!
0x0000000000083200,sub_83200,8,_ZN7subsdk19sub_83200Ev!
0x0000000000083210,sub_83210,16,_ZN7subsdk19sub_83210Ev!
0x0000000000083220,sub_83220,36,_ZN7subsdk19sub_83220Ev!
0x0000000000083250,sub_83250,8,_ZN7subsdk19sub_83250Ev!
0x0000000000083260,sub_83260,60,_ZN7subsdk19sub_83260Ev!
0x00000000000832a0,sub_832a0,8,_ZN7subsdk19sub_832a0Ev!
0x00000000000832b0,sub_832b0,8,_ZN7subsdk19sub_832b0Ev!
0x00000000000832c0,sub_832c0,8,_ZN7subsdk19sub_832c0Ev!
0x00000000000832d0,sub_832d0,68,_ZN7subsdk19sub_832d0Ev!
0x0000000000083320,sub_83320,68,_ZN7subsdk19sub_83320Ev!
0x0000000000083370,sub_83370,16,_ZN7subsdk19sub_83370Ev!
0x0000000000083380,sub_83380,16,_ZN7subsdk19sub_83380Ev!
0x0000000000083390,sub_83390,72,_ZN7subsdk19sub_83390Ev!
0x00000000000833e0,sub_833e0,60,_ZN7subsdk19sub_833e0Ev!
0x0000000000083420,sub_83420,8,_ZN7subsdk19sub_83420Ev!
0x0000000000083430,sub_83430,16,_ZN7subsdk19sub_83430Ev!
0x0000000000083440,sub_83440,12,_ZN7subsdk19sub_83440Ev!
0x0000000000083450,sub_83450,32,_ZN7subsdk19sub_83450Ev!
0x0000000000083470,sub_83470,16,_ZN7subsdk19sub_83470Ev!
0x0000000000083480,sub_83480,16,_ZN7subsdk123sub_83480_subsdk1_83480Ev!
0x0000000000083490,sub_83490,60,_ZN7subsdk19sub_83490Ev!
0x00000000000834d0,sub_834d0,72,_ZN7subsdk19sub_834d0Ev!
0x0000000000083520,sub_83520,16,_ZN7subsdk19sub_83520Ev!
0x0000000000083530,sub_83530,16,_ZN7subsdk19sub_83530Ev!
0x0000000000083540,sub_83540,24,_ZN7subsdk19sub_83540Ev!
0x0000000000083560,sub_83560,16,_ZN7subsdk123sub_83560_subsdk1_83560Ev!
0x0000000000083570,sub_83570,80,_ZN7subsdk19sub_83570Ev!
0x00000000000835c0,sub_835c0,4,_Z15subsdk1_f_835c0v
0x00000000000835d0,sub_835d0,16,_Z15subsdk1_f_835d0mPv
0x00000000000835e0,sub_835e0,12,_Z15subsdk1_f_835e0mPv
0x00000000000835f0,sub_835f0,12,_Z15subsdk1_f_835f0mPv
0x0000000000083600,sub_83600,12,_Z15subsdk1_f_83600mPv
0x0000000000083610,sub_83610,12,_Z15subsdk1_f_83610mPv
0x0000000000083620,sub_83620,12,_Z15subsdk1_f_83620mPv
0x0000000000083630,sub_83630,12,_Z15subsdk1_f_83630mPv
0x0000000000083640,sub_83640,12,_Z15subsdk1_f_83640mPv
0x0000000000083650,sub_83650,12,_Z15subsdk1_f_83650mPv
0x0000000000083660,sub_83660,12,_Z15subsdk1_f_83660mPv
0x0000000000083670,sub_83670,52,_ZN7subsdk19sub_83670Ev!
0x00000000000836b0,sub_836b0,12,_Z15subsdk1_f_836b0mPv
0x00000000000836c0,sub_836c0,4,_Z15subsdk1_f_836c0v
0x00000000000836d0,sub_836d0,4,_Z15subsdk1_f_836d0v
0x00000000000836e0,sub_836e0,4,_Z15subsdk1_f_836e0v
0x00000000000836f0,sub_836f0,4,_Z15subsdk1_f_836f0v
0x0000000000083700,sub_83700,8,_ZN7subsdk123sub_83700_subsdk1_83700Ev!
0x0000000000083710,sub_83710,4,_Z15subsdk1_f_83710v
0x0000000000083720,sub_83720,4,_Z15subsdk1_f_83720v
0x0000000000083730,sub_83730,4,_Z15subsdk1_f_83730v
0x0000000000083740,sub_83740,4,_Z15subsdk1_f_83740v
0x0000000000083750,sub_83750,4,_Z15subsdk1_f_83750v
0x0000000000083760,sub_83760,4,_Z15subsdk1_f_83760v
0x0000000000083770,sub_83770,4,_Z15subsdk1_f_83770v
0x0000000000083780,sub_83780,4,_Z15subsdk1_f_83780v
0x0000000000083790,sub_83790,4,_Z15subsdk1_f_83790v
0x00000000000837a0,sub_837a0,44,_ZN7subsdk19sub_837a0Ev!
0x00000000000837d0,sub_837d0,36,_ZN7subsdk123sub_837d0_subsdk1_837d0Ev!
0x0000000000083800,EvoOriStats_SignatureHash_llx,460,_ZN7subsdk129EvoOriStats_SignatureHash_llxEv!
0x00000000000839d0,sub_839d0,520,_ZN7subsdk19sub_839d0Ev!
0x0000000000083be0,UnknownShaderType,260,_ZN7subsdk117UnknownShaderTypeEv!
0x0000000000083cf0,pipe_wait_FMA64PLUS,340,_ZN7subsdk119pipe_wait_FMA64PLUSEv!
0x0000000000083e50,sub_83e50,1160,_ZN7subsdk19sub_83e50Ev!
0x00000000000842e0,NumMainReachableFuncs,1848,_ZN7subsdk121NumMainReachableFuncsEv!
0x0000000000084a20,sub_84a20,380,_ZN7subsdk19sub_84a20Ev!
0x0000000000084ba0,sub_84ba0,236,_ZN7subsdk123sub_84ba0_subsdk1_84ba0Ev!
0x0000000000084c90,evo_analytics_v_1_1f_0,212,_ZN7subsdk122evo_analytics_v_1_1f_0Ev!
0x0000000000084d70,sub_84d70,220,_ZN7subsdk123sub_84d70_subsdk1_84d70Ev!
0x0000000000084e50,begin_time_stamp,228,_ZN7subsdk116begin_time_stampEv!
0x0000000000084f40,end_time_stamp,532,_ZN7subsdk114end_time_stampEv!
0x0000000000085160,OriPerformLiveDead,3920,_ZN7subsdk118OriPerformLiveDeadEv!
0x00000000000860b0,sub_860b0,96,_ZN7subsdk19sub_860b0Ev!
0x0000000000086110,sub_86110,232,_ZN7subsdk123sub_86110_subsdk1_86110Ev!
0x0000000000086200,sub_86200,272,_ZN7subsdk19sub_86200Ev!
0x0000000000086310,sub_86310,180,_ZN7subsdk19sub_86310Ev!
0x00000000000863d0,sub_863d0,92,_ZN7subsdk123sub_863d0_subsdk1_863d0Ev!
0x0000000000086430,sub_86430,76,_ZN7subsdk19sub_86430Ev!
0x0000000000086480,sub_86480,284,_ZN7subsdk123sub_86480_subsdk1_86480Ev!
0x00000000000865a0,sub_865a0,208,_ZN7subsdk19sub_865a0Ev!
0x0000000000086670,sub_86670,408,_ZN7subsdk19sub_86670Ev!
0x0000000000086810,sub_86810,712,_ZN7subsdk19sub_86810Ev!
0x0000000000086ae0,sub_86ae0,252,_ZN7subsdk19sub_86ae0Ev!
0x0000000000086be0,sub_86be0,484,_ZN7subsdk19sub_86be0Ev!
0x0000000000086dd0,sub_86dd0,48,_ZN7subsdk19sub_86dd0Ev!
0x0000000000086e00,sub_86e00,4272,_ZN7subsdk123sub_86e00_subsdk1_86e00Ev!
0x0000000000087eb0,sub_87eb0,280,_ZN7subsdk19sub_87eb0Ev!
0x0000000000087fd0,sub_87fd0,400,_ZN7subsdk19sub_87fd0Ev!
0x0000000000088160,sub_88160,444,_ZN7subsdk19sub_88160Ev!
0x0000000000088320,sub_88320,556,_ZN7subsdk19sub_88320Ev!
0x0000000000088550,sub_88550,1284,_ZN7subsdk123sub_88550_subsdk1_88550Ev!
0x0000000000088a60,sub_88a60,216,_ZN7subsdk19sub_88a60Ev!
0x0000000000088b40,sub_88b40,7876,_ZN7subsdk19sub_88b40Ev!
0x000000000008aa10,sub_8aa10,596,_ZN7subsdk19sub_8aa10Ev!
0x000000000008ac70,sub_8ac70,164,_ZN7subsdk19sub_8ac70Ev!
0x000000000008ad20,sub_8ad20,264,_ZN7subsdk19sub_8ad20Ev!
0x000000000008ae30,sub_8ae30,740,_ZN7subsdk19sub_8ae30Ev!
0x000000000008b120,sub_8b120,200,_ZN7subsdk19sub_8b120Ev!
0x000000000008b1f0,sub_8b1f0,404,_ZN7subsdk19sub_8b1f0Ev!
0x000000000008b390,sub_8b390,252,_ZN7subsdk19sub_8b390Ev!
0x000000000008b490,sub_8b490,488,_ZN7subsdk19sub_8b490Ev!
0x000000000008b680,n0x_4_4x_0x_4,1060,_ZN7subsdk113n0x_4_4x_0x_4Ev!
0x000000000008bab0,sub_8bab0,132,_ZN7subsdk19sub_8bab0Ev!
0x000000000008bb40,sub_8bb40,204,_ZN7subsdk19sub_8bb40Ev!
0x000000000008bc10,sub_8bc10,716,_ZN7subsdk19sub_8bc10Ev!
0x000000000008bee0,sub_8bee0,512,_ZN7subsdk19sub_8bee0Ev!
0x000000000008c0e0,sub_8c0e0,704,_ZN7subsdk19sub_8c0e0Ev!
0x000000000008c3a0,sub_8c3a0,428,_ZN7subsdk19sub_8c3a0Ev!
0x000000000008c550,sub_8c550,732,_ZN7subsdk19sub_8c550Ev!
0x000000000008c830,sub_8c830,432,_ZN7subsdk19sub_8c830Ev!
0x000000000008c9e0,sub_8c9e0,632,_ZN7subsdk19sub_8c9e0Ev!
0x000000000008cc60,sub_8cc60,272,_ZN7subsdk19sub_8cc60Ev!
0x000000000008cd70,sub_8cd70,200,_ZN7subsdk19sub_8cd70Ev!
0x000000000008ce40,sub_8ce40,804,_ZN7subsdk19sub_8ce40Ev!
0x000000000008d170,sub_8d170,576,_ZN7subsdk123sub_8d170_subsdk1_8d170Ev!
0x000000000008d3b0,sub_8d3b0,544,_ZN7subsdk19sub_8d3b0Ev!
0x000000000008d5d0,sub_8d5d0,260,_ZN7subsdk19sub_8d5d0Ev!
0x000000000008d6e0,sub_8d6e0,628,_ZN7subsdk19sub_8d6e0Ev!
0x000000000008d960,sub_8d960,16,_ZN7subsdk19sub_8d960Ev!
0x000000000008d970,sub_8d970,360,_ZN7subsdk19sub_8d970Ev!
0x000000000008dae0,sub_8dae0,452,_ZN7subsdk19sub_8dae0Ev!
0x000000000008dcb0,sub_8dcb0,284,_ZN7subsdk19sub_8dcb0Ev!
0x000000000008ddd0,sub_8ddd0,724,_ZN7subsdk19sub_8ddd0Ev!
0x000000000008e0b0,sub_8e0b0,512,_ZN7subsdk19sub_8e0b0Ev!
0x000000000008e2b0,sub_8e2b0,280,_ZN7subsdk19sub_8e2b0Ev!
0x000000000008e3d0,sub_8e3d0,80,_ZN7subsdk123sub_8e3d0_subsdk1_8e3d0Ev!
0x000000000008e420,sub_8e420,700,_ZN7subsdk19sub_8e420Ev!
0x000000000008e6e0,sub_8e6e0,184,_ZN7subsdk19sub_8e6e0Ev!
0x000000000008e7a0,LoopMakeSingleEntry,2004,_ZN7subsdk119LoopMakeSingleEntryEv!
0x000000000008ef80,sub_8ef80,112,_ZN7subsdk19sub_8ef80Ev!
0x000000000008eff0,sub_8eff0,204,_ZN7subsdk19sub_8eff0Ev!
0x000000000008f0c0,sub_8f0c0,3496,_ZN7subsdk123sub_8f0c0_subsdk1_8f0c0Ev!
0x000000000008fe70,sub_8fe70,128,_ZN7subsdk19sub_8fe70Ev!
0x000000000008fef0,sub_8fef0,508,_ZN7subsdk123sub_8fef0_subsdk1_8fef0Ev!
0x00000000000900f0,sub_900f0,268,_ZN7subsdk19sub_900f0Ev!
0x0000000000090200,sub_90200,1012,_ZN7subsdk123sub_90200_subsdk1_90200Ev!
0x0000000000090600,sub_90600,504,_ZN7subsdk19sub_90600Ev!
0x0000000000090800,sub_90800,256,_ZN7subsdk19sub_90800Ev!
0x0000000000090900,sub_90900,540,_ZN7subsdk19sub_90900Ev!
0x0000000000090b20,sub_90b20,944,_ZN7subsdk19sub_90b20Ev!
0x0000000000090ed0,sub_90ed0,240,_ZN7subsdk19sub_90ed0Ev!
0x0000000000090fc0,sub_90fc0,288,_ZN7subsdk19sub_90fc0Ev!
0x00000000000910e0,SinkCodeIntoBlock,2780,_ZN7subsdk117SinkCodeIntoBlockEv!
0x0000000000091bc0,sub_91bc0,132,_ZN7subsdk19sub_91bc0Ev!
0x0000000000091c50,sub_91c50,1632,_ZN7subsdk19sub_91c50Ev!
0x00000000000922b0,sub_922b0,736,_ZN7subsdk19sub_922b0Ev!
0x0000000000092590,sub_92590,1304,_ZN7subsdk19sub_92590Ev!
0x0000000000092ab0,sub_92ab0,92,_ZN7subsdk19sub_92ab0Ev!
0x0000000000092b10,sub_92b10,496,_ZN7subsdk19sub_92b10Ev!
0x0000000000092d00,sub_92d00,648,_ZN7subsdk123sub_92d00_subsdk1_92d00Ev!
0x0000000000092f90,sub_92f90,600,_ZN7subsdk19sub_92f90Ev!
0x00000000000931f0,sub_931f0,1668,_ZN7subsdk123sub_931f0_subsdk1_931f0Ev!
0x0000000000093880,sub_93880,104,_ZN7subsdk19sub_93880Ev!
0x00000000000938f0,sub_938f0,464,_ZN7subsdk123sub_938f0_subsdk1_938f0Ev!
0x0000000000093ac0,sub_93ac0,452,_ZN7subsdk19sub_93ac0Ev!
0x0000000000093c90,sub_93c90,292,_ZN7subsdk19sub_93c90Ev!
0x0000000000093dc0,sub_93dc0,576,_ZN7subsdk19sub_93dc0Ev!
0x0000000000094000,sub_94000,388,_ZN7subsdk123sub_94000_subsdk1_94000Ev!
0x0000000000094190,sub_94190,1376,_ZN7subsdk19sub_94190Ev!
0x00000000000946f0,sub_946f0,3596,_ZN7subsdk19sub_946f0Ev!
0x0000000000095500,sub_95500,332,_ZN7subsdk19sub_95500Ev!
0x0000000000095650,sub_95650,792,_ZN7subsdk19sub_95650Ev!
0x0000000000095970,sub_95970,504,_ZN7subsdk19sub_95970Ev!
0x0000000000095b70,sub_95b70,696,_ZN7subsdk123sub_95b70_subsdk1_95b70Ev!
0x0000000000095e30,sub_95e30,1240,_ZN7subsdk19sub_95e30Ev!
0x0000000000096310,sub_96310,244,_ZN7subsdk19sub_96310Ev!
0x0000000000096410,sub_96410,736,_ZN7subsdk19sub_96410Ev!
0x00000000000966f0,sub_966f0,336,_ZN7subsdk19sub_966f0Ev!
0x0000000000096840,sub_96840,252,_ZN7subsdk19sub_96840Ev!
0x0000000000096940,sub_96940,2216,_ZN7subsdk19sub_96940Ev!
0x00000000000971f0,sub_971f0,644,_ZN7subsdk19sub_971f0Ev!
0x0000000000097480,sub_97480,452,_ZN7subsdk19sub_97480Ev!
0x0000000000097650,sub_97650,280,_ZN7subsdk19sub_97650Ev!
0x0000000000097770,sub_97770,784,_ZN7subsdk19sub_97770Ev!
0x0000000000097a80,sub_97a80,240,_ZN7subsdk19sub_97a80Ev!
0x0000000000097b70,sub_97b70,1116,_ZN7subsdk19sub_97b70Ev!
0x0000000000097fd0,sub_97fd0,168,_ZN7subsdk19sub_97fd0Ev!
0x0000000000098080,sub_98080,1024,_ZN7subsdk19sub_98080Ev!
0x0000000000098480,sub_98480,144,_ZN7subsdk19sub_98480Ev!
0x0000000000098510,sub_98510,1104,_ZN7subsdk19sub_98510Ev!
0x0000000000098960,sub_98960,308,_ZN7subsdk19sub_98960Ev!
0x0000000000098aa0,sub_98aa0,868,_ZN7subsdk123sub_98aa0_subsdk1_98aa0Ev!
0x0000000000098e10,sub_98e10,1096,_ZN7subsdk19sub_98e10Ev!
0x0000000000099260,sub_99260,168,_ZN7subsdk19sub_99260Ev!
0x0000000000099310,sub_99310,4,_Z15subsdk1_f_99310v
0x0000000000099320,sub_99320,4,_Z15subsdk1_f_99320v
0x0000000000099330,sub_99330,276,_ZN7subsdk19sub_99330Ev!
0x0000000000099450,sub_99450,260,_ZN7subsdk19sub_99450Ev!
0x0000000000099560,sub_99560,208,_ZN7subsdk19sub_99560Ev!
0x0000000000099630,sub_99630,476,_ZN7subsdk19sub_99630Ev!
0x0000000000099810,sub_99810,92,_ZN7subsdk19sub_99810Ev!
0x0000000000099870,sub_99870,28,_ZN7subsdk123sub_99870_subsdk1_99870Ev!
0x0000000000099890,sub_99890,20,_ZN7subsdk19sub_99890Ev!
0x00000000000998b0,sub_998b0,20,_ZN7subsdk19sub_998b0Ev!
0x00000000000998d0,sub_998d0,284,_ZN7subsdk19sub_998d0Ev!
0x00000000000999f0,sub_999f0,48,_ZN7subsdk19sub_999f0Ev!
0x0000000000099a20,sub_99a20,8,_Z15subsdk1_f_99a20v
0x0000000000099a30,sub_99a30,68,_ZN7subsdk19sub_99a30Ev!
0x0000000000099a80,sub_99a80,176,_ZN7subsdk19sub_99a80Ev!
0x0000000000099b30,sub_99b30,200,_ZN7subsdk19sub_99b30Ev!
0x0000000000099c00,sub_99c00,68,_ZN7subsdk19sub_99c00Ev!
0x0000000000099c50,sub_99c50,160,_ZN7subsdk123sub_99c50_subsdk1_99c50Ev!
0x0000000000099cf0,sub_99cf0,200,_ZN7subsdk19sub_99cf0Ev!
0x0000000000099dc0,sub_99dc0,200,_ZN7subsdk19sub_99dc0Ev!
0x0000000000099e90,sub_99e90,192,_ZN7subsdk123sub_99e90_subsdk1_99e90Ev!
0x0000000000099f50,sub_99f50,196,_ZN7subsdk19sub_99f50Ev!
0x000000000009a020,OP_x_2,40,_ZN7subsdk16OP_x_2Ev!
0x000000000009a050,sub_9a050,388,_ZN7subsdk19sub_9a050Ev!
0x000000000009a1e0,sub_9a1e0,84,_ZN7subsdk19sub_9a1e0Ev!
0x000000000009a240,sub_9a240,8,_Z15subsdk1_f_9a240Pv
0x000000000009a250,sub_9a250,184,_ZN7subsdk19sub_9a250Ev!
0x000000000009a310,sub_9a310,164,_ZN7subsdk19sub_9a310Ev!
0x000000000009a3c0,sub_9a3c0,568,_ZN7subsdk19sub_9a3c0Ev!
0x000000000009a600,sub_9a600,16,_ZN7subsdk19sub_9a600Ev!
0x000000000009a610,sub_9a610,252,_ZN7subsdk19sub_9a610Ev!
0x000000000009a710,sub_9a710,28,_ZN7subsdk19sub_9a710Ev!
0x000000000009a730,sub_9a730,8,_Z15subsdk1_f_9a730Pv
0x000000000009a740,sub_9a740,260,_ZN7subsdk19sub_9a740Ev!
0x000000000009a850,sub_9a850,32,_ZN7subsdk19sub_9a850Ev!
0x000000000009a870,sub_9a870,304,_ZN7subsdk19sub_9a870Ev!
0x000000000009a9a0,sub_9a9a0,152,_ZN7subsdk19sub_9a9a0Ev!
0x000000000009aa40,sub_9aa40,112,_ZN7subsdk19sub_9aa40Ev!
0x000000000009aab0,sub_9aab0,84,_ZN7subsdk19sub_9aab0Ev!
0x000000000009ab10,sub_9ab10,92,_ZN7subsdk19sub_9ab10Ev!
0x000000000009ab70,sub_9ab70,564,_ZN7subsdk19sub_9ab70Ev!
0x000000000009adb0,sub_9adb0,144,_ZN7subsdk19sub_9adb0Ev!
0x000000000009ae40,sub_9ae40,64,_ZN7subsdk19sub_9ae40Ev!
0x000000000009ae80,sub_9ae80,52,_ZN7subsdk19sub_9ae80Ev!
0x000000000009aec0,sub_9aec0,64,_ZN7subsdk19sub_9aec0Ev!
0x000000000009af00,sub_9af00,60,_ZN7subsdk19sub_9af00Ev!
0x000000000009af40,sub_9af40,60,_ZN7subsdk19sub_9af40Ev!
0x000000000009af80,sub_9af80,156,_ZN7subsdk19sub_9af80Ev!
0x000000000009b020,sub_9b020,56,_ZN7subsdk19sub_9b020Ev!
0x000000000009b060,sub_9b060,64,_ZN7subsdk19sub_9b060Ev!
0x000000000009b0a0,sub_9b0a0,52,_ZN7subsdk19sub_9b0a0Ev!
0x000000000009b0e0,sub_9b0e0,52,_ZN7subsdk19sub_9b0e0Ev!
0x000000000009b120,sub_9b120,52,_ZN7subsdk123sub_9b120_subsdk1_9b120Ev!
0x000000000009b160,sub_9b160,56,_ZN7subsdk19sub_9b160Ev!
0x000000000009b1a0,sub_9b1a0,116,_ZN7subsdk19sub_9b1a0Ev!
0x000000000009b220,sub_9b220,428,_ZN7subsdk19sub_9b220Ev!
0x000000000009b3d0,sub_9b3d0,12,_Z15subsdk1_f_9b3d0Pvi
0x000000000009b3e0,sub_9b3e0,240,_ZN7subsdk19sub_9b3e0Ev!
0x000000000009b4d0,sub_9b4d0,36,_ZN7subsdk19sub_9b4d0Ev!
0x000000000009b500,sub_9b500,16,_ZN7subsdk19sub_9b500Ev!
0x000000000009b510,sub_9b510,248,_ZN7subsdk19sub_9b510Ev!
0x000000000009b610,sub_9b610,528,_ZN7subsdk19sub_9b610Ev!
0x000000000009b820,sub_9b820,128,_ZN7subsdk19sub_9b820Ev!
0x000000000009b8a0,sub_9b8a0,120,_ZN7subsdk19sub_9b8a0Ev!
0x000000000009b920,sub_9b920,252,_ZN7subsdk19sub_9b920Ev!
0x000000000009ba20,sub_9ba20,32,_ZN7subsdk19sub_9ba20Ev!
0x000000000009ba40,sub_9ba40,52,_ZN7subsdk19sub_9ba40Ev!
0x000000000009ba80,sub_9ba80,36,_ZN7subsdk19sub_9ba80Ev!
0x000000000009bab0,sub_9bab0,208,_ZN7subsdk19sub_9bab0Ev!
0x000000000009bb80,OP_x_3,84,_ZN7subsdk16OP_x_3Ev!
0x000000000009bbe0,sub_9bbe0,672,_ZN7subsdk19sub_9bbe0Ev!
0x000000000009be80,sub_9be80,80,_ZN7subsdk19sub_9be80Ev!
0x000000000009bed0,sub_9bed0,216,_ZN7subsdk19sub_9bed0Ev!
0x000000000009bfb0,sub_9bfb0,272,_ZN7subsdk19sub_9bfb0Ev!
0x000000000009c0c0,sub_9c0c0,60,_ZN7subsdk19sub_9c0c0Ev!
0x000000000009c100,sub_9c100,112,_ZN7subsdk19sub_9c100Ev!
0x000000000009c170,sub_9c170,80,_ZN7subsdk19sub_9c170Ev!
0x000000000009c1c0,sub_9c1c0,96,_ZN7subsdk123sub_9c1c0_subsdk1_9c1c0Ev!
0x000000000009c220,sub_9c220,80,_ZN7subsdk19sub_9c220Ev!
0x000000000009c270,sub_9c270,132,_ZN7subsdk19sub_9c270Ev!
0x000000000009c300,sub_9c300,148,_ZN7subsdk19sub_9c300Ev!
0x000000000009c3a0,sub_9c3a0,108,_ZN7subsdk19sub_9c3a0Ev!
0x000000000009c410,sub_9c410,8,_ZN7subsdk19sub_9c410Ev!
0x000000000009c420,sub_9c420,856,_ZN7subsdk19sub_9c420Ev!
0x000000000009c780,sub_9c780,460,_ZN7subsdk19sub_9c780Ev!
0x000000000009c950,sub_9c950,216,_ZN7subsdk19sub_9c950Ev!
0x000000000009ca30,sub_9ca30,132,_ZN7subsdk19sub_9ca30Ev!
0x000000000009cac0,sub_9cac0,2092,_ZN7subsdk19sub_9cac0Ev!
0x000000000009d2f0,sub_9d2f0,48,_ZN7subsdk19sub_9d2f0Ev!
0x000000000009d320,sub_9d320,56,_ZN7subsdk19sub_9d320Ev!
0x000000000009d360,sub_9d360,188,_ZN7subsdk19sub_9d360Ev!
0x000000000009d420,sub_9d420,8,_ZN7subsdk123sub_9d420_subsdk1_9d420Ev!
0x000000000009d430,sub_9d430,20,_Z15subsdk1_f_9d430jPvS_
0x000000000009d450,sub_9d450,464,_ZN7subsdk19sub_9d450Ev!
0x000000000009d620,sub_9d620,320,_ZN7subsdk19sub_9d620Ev!
0x000000000009d760,sub_9d760,160,_ZN7subsdk19sub_9d760Ev!
0x000000000009d800,sub_9d800,416,_ZN7subsdk19sub_9d800Ev!
0x000000000009d9a0,sub_9d9a0,1068,_ZN7subsdk19sub_9d9a0Ev!
0x000000000009ddd0,sub_9ddd0,1240,_ZN7subsdk19sub_9ddd0Ev!
0x000000000009e2b0,sub_9e2b0,384,_ZN7subsdk19sub_9e2b0Ev!
0x000000000009e430,sub_9e430,448,_ZN7subsdk19sub_9e430Ev!
0x000000000009e5f0,sub_9e5f0,444,_ZN7subsdk19sub_9e5f0Ev!
0x000000000009e7b0,sub_9e7b0,348,_ZN7subsdk19sub_9e7b0Ev!
0x000000000009e910,sub_9e910,1724,_ZN7subsdk19sub_9e910Ev!
0x000000000009efd0,sub_9efd0,2072,_ZN7subsdk19sub_9efd0Ev!
0x000000000009f7f0,sub_9f7f0,1552,_ZN7subsdk19sub_9f7f0Ev!
0x000000000009fe00,sub_9fe00,2128,_ZN7subsdk19sub_9fe00Ev!
0x00000000000a0650,sub_a0650,260,_ZN7subsdk19sub_a0650Ev!
0x00000000000a0760,sub_a0760,1492,_ZN7subsdk19sub_a0760Ev!
0x00000000000a0d40,sub_a0d40,1300,_ZN7subsdk19sub_a0d40Ev!
0x00000000000a1260,sub_a1260,19744,_ZN7subsdk19sub_a1260Ev!
0x00000000000a5f80,sub_a5f80,64,_ZN7subsdk19sub_a5f80Ev!
0x00000000000a5fc0,sub_a5fc0,3748,_ZN7subsdk123sub_a5fc0_subsdk1_a5fc0Ev!
0x00000000000a6e70,sub_a6e70,468,_ZN7subsdk19sub_a6e70Ev!
0x00000000000a7050,sub_a7050,56,_ZN7subsdk19sub_a7050Ev!
0x00000000000a7090,sub_a7090,56,_ZN7subsdk123sub_a7090_subsdk1_a7090Ev!
0x00000000000a70d0,sub_a70d0,60,_ZN7subsdk19sub_a70d0Ev!
0x00000000000a7110,sub_a7110,56,_ZN7subsdk19sub_a7110Ev!
0x00000000000a7150,sub_a7150,308,_ZN7subsdk19sub_a7150Ev!
0x00000000000a7290,sub_a7290,116,_ZN7subsdk19sub_a7290Ev!
0x00000000000a7310,sub_a7310,88,_ZN7subsdk19sub_a7310Ev!
0x00000000000a7370,sub_a7370,84,_ZN7subsdk123sub_a7370_subsdk1_a7370Ev!
0x00000000000a73d0,sub_a73d0,92,_ZN7subsdk19sub_a73d0Ev!
0x00000000000a7430,sub_a7430,708,_ZN7subsdk19sub_a7430Ev!
0x00000000000a7700,sub_a7700,44,_ZN7subsdk19sub_a7700Ev!
0x00000000000a7730,sub_a7730,204,_ZN7subsdk19sub_a7730Ev!
0x00000000000a7800,sub_a7800,68,_ZN7subsdk19sub_a7800Ev!
0x00000000000a7850,sub_a7850,64,_ZN7subsdk123sub_a7850_subsdk1_a7850Ev!
0x00000000000a7890,sub_a7890,60,_ZN7subsdk19sub_a7890Ev!
0x00000000000a78d0,sub_a78d0,112,_ZN7subsdk123sub_a78d0_subsdk1_a78d0Ev!
0x00000000000a7940,sub_a7940,116,_ZN7subsdk19sub_a7940Ev!
0x00000000000a79c0,sub_a79c0,112,_ZN7subsdk19sub_a79c0Ev!
0x00000000000a7a30,sub_a7a30,312,_ZN7subsdk19sub_a7a30Ev!
0x00000000000a7b70,sub_a7b70,316,_ZN7subsdk19sub_a7b70Ev!
0x00000000000a7cb0,sub_a7cb0,308,_ZN7subsdk123sub_a7cb0_subsdk1_a7cb0Ev!
0x00000000000a7df0,sub_a7df0,312,_ZN7subsdk123sub_a7df0_subsdk1_a7df0Ev!
0x00000000000a7f30,sub_a7f30,120,_ZN7subsdk19sub_a7f30Ev!
0x00000000000a7fb0,sub_a7fb0,124,_ZN7subsdk19sub_a7fb0Ev!
0x00000000000a8030,sub_a8030,76,_ZN7subsdk19sub_a8030Ev!
0x00000000000a8080,sub_a8080,72,_ZN7subsdk123sub_a8080_subsdk1_a8080Ev!
0x00000000000a80d0,sub_a80d0,64,_ZN7subsdk123sub_a80d0_subsdk1_a80d0Ev!
0x00000000000a8110,sub_a8110,84,_ZN7subsdk19sub_a8110Ev!
0x00000000000a8170,sub_a8170,80,_ZN7subsdk19sub_a8170Ev!
0x00000000000a81c0,sub_a81c0,68,_ZN7subsdk19sub_a81c0Ev!
0x00000000000a8210,sub_a8210,92,_ZN7subsdk19sub_a8210Ev!
0x00000000000a8270,sub_a8270,88,_ZN7subsdk19sub_a8270Ev!
0x00000000000a82d0,sub_a82d0,68,_ZN7subsdk19sub_a82d0Ev!
0x00000000000a8320,sub_a8320,72,_ZN7subsdk19sub_a8320Ev!
0x00000000000a8370,sub_a8370,72,_ZN7subsdk123sub_a8370_subsdk1_a8370Ev!
0x00000000000a83c0,sub_a83c0,196,_ZN7subsdk19sub_a83c0Ev!
0x00000000000a8490,sub_a8490,196,_ZN7subsdk19sub_a8490Ev!
0x00000000000a8560,sub_a8560,92,_ZN7subsdk19sub_a8560Ev!
0x00000000000a85c0,sub_a85c0,216,_ZN7subsdk123sub_a85c0_subsdk1_a85c0Ev!
0x00000000000a86a0,sub_a86a0,220,_ZN7subsdk19sub_a86a0Ev!
0x00000000000a8780,sub_a8780,232,_ZN7subsdk123sub_a8780_subsdk1_a8780Ev!
0x00000000000a8870,sub_a8870,232,_ZN7subsdk19sub_a8870Ev!
0x00000000000a8960,sub_a8960,232,_ZN7subsdk123sub_a8960_subsdk1_a8960Ev!
0x00000000000a8a50,sub_a8a50,496,_ZN7subsdk123sub_a8a50_subsdk1_a8a50Ev!
0x00000000000a8c40,sub_a8c40,264,_ZN7subsdk19sub_a8c40Ev!
0x00000000000a8d50,sub_a8d50,184,_ZN7subsdk19sub_a8d50Ev!
0x00000000000a8e10,sub_a8e10,336,_ZN7subsdk19sub_a8e10Ev!
0x00000000000a8f60,sub_a8f60,36,_ZN7subsdk19sub_a8f60Ev!
0x00000000000a8f90,sub_a8f90,196,_ZN7subsdk19sub_a8f90Ev!
0x00000000000a9060,sub_a9060,108,_ZN7subsdk123sub_a9060_subsdk1_a9060Ev!
0x00000000000a90d0,sub_a90d0,112,_ZN7subsdk123sub_a90d0_subsdk1_a90d0Ev!
0x00000000000a9140,sub_a9140,112,_ZN7subsdk19sub_a9140Ev!
0x00000000000a91b0,sub_a91b0,88,_ZN7subsdk19sub_a91b0Ev!
0x00000000000a9210,sub_a9210,96,_ZN7subsdk19sub_a9210Ev!
0x00000000000a9270,sub_a9270,96,_ZN7subsdk19sub_a9270Ev!
0x00000000000a92d0,sub_a92d0,8,_ZN7subsdk19sub_a92d0Ev!
0x00000000000a92e0,sub_a92e0,96,_ZN7subsdk19sub_a92e0Ev!
0x00000000000a9340,sub_a9340,80,_ZN7subsdk19sub_a9340Ev!
0x00000000000a9390,sub_a9390,196,_ZN7subsdk19sub_a9390Ev!
0x00000000000a9460,sub_a9460,140,_ZN7subsdk19sub_a9460Ev!
0x00000000000a94f0,sub_a94f0,112,_ZN7subsdk19sub_a94f0Ev!
0x00000000000a9560,sub_a9560,108,_ZN7subsdk123sub_a9560_subsdk1_a9560Ev!
0x00000000000a95d0,sub_a95d0,224,_ZN7subsdk19sub_a95d0Ev!
0x00000000000a96b0,sub_a96b0,336,_ZN7subsdk19sub_a96b0Ev!
0x00000000000a9800,sub_a9800,236,_ZN7subsdk19sub_a9800Ev!
0x00000000000a98f0,sub_a98f0,16,_ZN7subsdk19sub_a98f0Ev!
0x00000000000a9900,sub_a9900,296,_ZN7subsdk19sub_a9900Ev!
0x00000000000a9a30,sub_a9a30,952,_ZN7subsdk19sub_a9a30Ev!
0x00000000000a9df0,sub_a9df0,336,_ZN7subsdk19sub_a9df0Ev!
0x00000000000a9f40,sub_a9f40,420,_ZN7subsdk19sub_a9f40Ev!
0x00000000000aa0f0,sub_aa0f0,52,_ZN7subsdk19sub_aa0f0Ev!
0x00000000000aa130,sub_aa130,516,_ZN7subsdk19sub_aa130Ev!
0x00000000000aa340,sub_aa340,364,_ZN7subsdk19sub_aa340Ev!
0x00000000000aa4b0,sub_aa4b0,396,_ZN7subsdk19sub_aa4b0Ev!
0x00000000000aa640,sub_aa640,272,_ZN7subsdk19sub_aa640Ev!
0x00000000000aa750,sub_aa750,24,_ZN7subsdk19sub_aa750Ev!
0x00000000000aa770,sub_aa770,192,_ZN7subsdk19sub_aa770Ev!
0x00000000000aa830,sub_aa830,200,_ZN7subsdk19sub_aa830Ev!
0x00000000000aa900,sub_aa900,672,_ZN7subsdk19sub_aa900Ev!
0x00000000000aaba0,sub_aaba0,20,_Z15subsdk1_f_aaba0Pvj
0x00000000000aabc0,sub_aabc0,36,_ZN7subsdk19sub_aabc0Ev!
0x00000000000aabf0,sub_aabf0,32,_ZN7subsdk123sub_aabf0_subsdk1_aabf0Ev!
0x00000000000aac10,sub_aac10,600,_ZN7subsdk19sub_aac10Ev!
0x00000000000aae70,sub_aae70,116,_ZN7subsdk123sub_aae70_subsdk1_aae70Ev!
0x00000000000aaef0,sub_aaef0,2364,_ZN7subsdk123sub_aaef0_subsdk1_aaef0Ev!
0x00000000000ab830,sub_ab830,676,_ZN7subsdk123sub_ab830_subsdk1_ab830Ev!
0x00000000000abae0,sub_abae0,1016,_ZN7subsdk19sub_abae0Ev!
0x00000000000abee0,sub_abee0,200,_ZN7subsdk19sub_abee0Ev!
0x00000000000abfb0,sub_abfb0,1844,_ZN7subsdk123sub_abfb0_subsdk1_abfb0Ev!
0x00000000000ac6f0,sub_ac6f0,24,_ZN7subsdk19sub_ac6f0Ev!
0x00000000000ac710,sub_ac710,24,_ZN7subsdk19sub_ac710Ev!
0x00000000000ac730,sub_ac730,272,_ZN7subsdk19sub_ac730Ev!
0x00000000000ac840,sub_ac840,272,_ZN7subsdk19sub_ac840Ev!
0x00000000000ac950,sub_ac950,64,_ZN7subsdk19sub_ac950Ev!
0x00000000000ac990,sub_ac990,32,_ZN7subsdk19sub_ac990Ev!
0x00000000000ac9b0,sub_ac9b0,112,_ZN7subsdk19sub_ac9b0Ev!
0x00000000000aca20,sub_aca20,224,_ZN7subsdk19sub_aca20Ev!
0x00000000000acb00,sub_acb00,72,_ZN7subsdk19sub_acb00Ev!
0x00000000000acb50,sub_acb50,152,_ZN7subsdk19sub_acb50Ev!
0x00000000000acbf0,sub_acbf0,72,_ZN7subsdk19sub_acbf0Ev!
0x00000000000acc40,sub_acc40,16,_ZN7subsdk19sub_acc40Ev!
0x00000000000acc50,sub_acc50,236,_ZN7subsdk19sub_acc50Ev!
0x00000000000acd40,sub_acd40,64,_ZN7subsdk19sub_acd40Ev!
0x00000000000acd80,sub_acd80,28,_ZN7subsdk19sub_acd80Ev!
0x00000000000acda0,sub_acda0,40,_ZN7subsdk19sub_acda0Ev!
0x00000000000acdd0,sub_acdd0,436,_ZN7subsdk19sub_acdd0Ev!
0x00000000000acf90,sub_acf90,36,_ZN7subsdk19sub_acf90Ev!
0x00000000000acfc0,sub_acfc0,284,_ZN7subsdk19sub_acfc0Ev!
0x00000000000ad0e0,sub_ad0e0,64,_ZN7subsdk19sub_ad0e0Ev!
0x00000000000ad120,sub_ad120,68,_ZN7subsdk19sub_ad120Ev!
0x00000000000ad170,sub_ad170,288,_ZN7subsdk19sub_ad170Ev!
0x00000000000ad290,sub_ad290,20,_Z15subsdk1_f_ad290Pvj
0x00000000000ad2b0,sub_ad2b0,172,_ZN7subsdk19sub_ad2b0Ev!
0x00000000000ad360,sub_ad360,96,_ZN7subsdk19sub_ad360Ev!
0x00000000000ad3c0,sub_ad3c0,584,_ZN7subsdk19sub_ad3c0Ev!
0x00000000000ad610,sub_ad610,544,_ZN7subsdk123sub_ad610_subsdk1_ad610Ev!
0x00000000000ad830,sub_ad830,84,_ZN7subsdk19sub_ad830Ev!
0x00000000000ad890,sub_ad890,296,_ZN7subsdk19sub_ad890Ev!
0x00000000000ad9c0,sub_ad9c0,8,_ZN7subsdk19sub_ad9c0Ev!
0x00000000000ad9d0,sub_ad9d0,1076,_ZN7subsdk19sub_ad9d0Ev!
0x00000000000ade10,sub_ade10,236,_ZN7subsdk19sub_ade10Ev!
0x00000000000adf00,sub_adf00,108,_ZN7subsdk19sub_adf00Ev!
0x00000000000adf70,sub_adf70,1264,_ZN7subsdk19sub_adf70Ev!
0x00000000000ae460,sub_ae460,500,_ZN7subsdk19sub_ae460Ev!
0x00000000000ae660,sub_ae660,216,_ZN7subsdk19sub_ae660Ev!
0x00000000000ae740,sub_ae740,908,_ZN7subsdk123sub_ae740_subsdk1_ae740Ev!
0x00000000000aead0,sub_aead0,240,_ZN7subsdk19sub_aead0Ev!
0x00000000000aebc0,sub_aebc0,8,_ZN7subsdk123sub_aebc0_subsdk1_aebc0Ev!
0x00000000000aebd0,sub_aebd0,84,_ZN7subsdk123sub_aebd0_subsdk1_aebd0Ev!
0x00000000000aec30,sub_aec30,1224,_ZN7subsdk123sub_aec30_subsdk1_aec30Ev!
0x00000000000af100,sub_af100,5460,_ZN7subsdk19sub_af100Ev!
0x00000000000b0660,sub_b0660,912,_ZN7subsdk19sub_b0660Ev!
0x00000000000b09f0,sub_b09f0,312,_ZN7subsdk19sub_b09f0Ev!
0x00000000000b0b30,sub_b0b30,6812,_ZN7subsdk19sub_b0b30Ev!
0x00000000000b25d0,sub_b25d0,1120,_ZN7subsdk19sub_b25d0Ev!
0x00000000000b2a30,sub_b2a30,296,_ZN7subsdk123sub_b2a30_subsdk1_b2a30Ev!
0x00000000000b2b60,sub_b2b60,4996,_ZN7subsdk19sub_b2b60Ev!
0x00000000000b3ef0,sub_b3ef0,1036,_ZN7subsdk19sub_b3ef0Ev!
0x00000000000b4300,sub_b4300,580,_ZN7subsdk19sub_b4300Ev!
0x00000000000b4550,sub_b4550,1076,_ZN7subsdk19sub_b4550Ev!
0x00000000000b4990,sub_b4990,300,_ZN7subsdk19sub_b4990Ev!
0x00000000000b4ac0,sub_b4ac0,332,_ZN7subsdk123sub_b4ac0_subsdk1_b4ac0Ev!
0x00000000000b4c10,sub_b4c10,192,_ZN7subsdk19sub_b4c10Ev!
0x00000000000b4cd0,sub_b4cd0,812,_ZN7subsdk19sub_b4cd0Ev!
0x00000000000b5000,sub_b5000,648,_ZN7subsdk19sub_b5000Ev!
0x00000000000b5290,sub_b5290,460,_ZN7subsdk19sub_b5290Ev!
0x00000000000b5460,sub_b5460,124,_ZN7subsdk19sub_b5460Ev!
0x00000000000b54e0,sub_b54e0,248,_ZN7subsdk19sub_b54e0Ev!
0x00000000000b55e0,sub_b55e0,464,_ZN7subsdk19sub_b55e0Ev!
0x00000000000b57b0,sub_b57b0,1392,_ZN7subsdk19sub_b57b0Ev!
0x00000000000b5d20,sub_b5d20,3600,_ZN7subsdk19sub_b5d20Ev!
0x00000000000b6b30,sub_b6b30,3040,_ZN7subsdk19sub_b6b30Ev!
0x00000000000b7710,sub_b7710,388,_ZN7subsdk19sub_b7710Ev!
0x00000000000b78a0,sub_b78a0,540,_ZN7subsdk19sub_b78a0Ev!
0x00000000000b7ac0,sub_b7ac0,28,_ZN7subsdk123sub_b7ac0_subsdk1_b7ac0Ev!
0x00000000000b7ae0,sub_b7ae0,20,_ZN7subsdk19sub_b7ae0Ev!
0x00000000000b7b00,sub_b7b00,368,_ZN7subsdk19sub_b7b00Ev!
0x00000000000b7c70,sub_b7c70,16,_ZN7subsdk19sub_b7c70Ev!
0x00000000000b7c80,sub_b7c80,12,_Z15subsdk1_f_b7c80Pv
0x00000000000b7c90,sub_b7c90,16,_ZN7subsdk19sub_b7c90Ev!
0x00000000000b7ca0,sub_b7ca0,8,_ZN7subsdk123sub_b7ca0_subsdk1_b7ca0Ev!
0x00000000000b7cb0,sub_b7cb0,16,_Z15subsdk1_f_b7cb0mPvS_
0x00000000000b7cc0,sub_b7cc0,16,_Z15subsdk1_f_b7cc0mPvS_
0x00000000000b7cd0,sub_b7cd0,12,_ZN7subsdk19sub_b7cd0Ev!
0x00000000000b7ce0,sub_b7ce0,20,_ZN7subsdk19sub_b7ce0Ev!
0x00000000000b7d00,sub_b7d00,12,_Z15subsdk1_f_b7d00Pvm
0x00000000000b7d10,sub_b7d10,260,_ZN7subsdk123sub_b7d10_subsdk1_b7d10Ev!
0x00000000000b7e20,sub_b7e20,20,_ZN7subsdk19sub_b7e20Ev!
0x00000000000b7e40,sub_b7e40,20,_Z15subsdk1_f_b7e40Pvj
0x00000000000b7e60,sub_b7e60,428,_ZN7subsdk19sub_b7e60Ev!
0x00000000000b8010,sub_b8010,24,_ZN7subsdk19sub_b8010Ev!
0x00000000000b8030,sub_b8030,192,_ZN7subsdk19sub_b8030Ev!
0x00000000000b80f0,sub_b80f0,188,_ZN7subsdk123sub_b80f0_subsdk1_b80f0Ev!
0x00000000000b81b0,sub_b81b0,212,_ZN7subsdk123sub_b81b0_subsdk1_b81b0Ev!
0x00000000000b8290,sub_b8290,256,_ZN7subsdk19sub_b8290Ev!
0x00000000000b8390,sub_b8390,476,_ZN7subsdk19sub_b8390Ev!
0x00000000000b8570,sub_b8570,1064,_ZN7subsdk19sub_b8570Ev!
0x00000000000b89a0,sub_b89a0,20,_Z15subsdk1_f_b89a0Pvj
0x00000000000b89c0,sub_b89c0,216,_ZN7subsdk19sub_b89c0Ev!
0x00000000000b8aa0,sub_b8aa0,64,_ZN7subsdk19sub_b8aa0Ev!
0x00000000000b8ae0,sub_b8ae0,84,_ZN7subsdk19sub_b8ae0Ev!
0x00000000000b8b40,sub_b8b40,76,_ZN7subsdk19sub_b8b40Ev!
0x00000000000b8b90,sub_b8b90,20,_ZN7subsdk19sub_b8b90Ev!
0x00000000000b8bb0,sub_b8bb0,284,_ZN7subsdk19sub_b8bb0Ev!
0x00000000000b8cd0,sub_b8cd0,52,_ZN7subsdk19sub_b8cd0Ev!
0x00000000000b8d10,sub_b8d10,236,_ZN7subsdk19sub_b8d10Ev!
0x00000000000b8e00,Unknown_knob_s,2356,_ZN7subsdk114Unknown_knob_sEv!
0x00000000000b9740,sub_b9740,76,_ZN7subsdk19sub_b9740Ev!
0x00000000000b9790,VERTEX_B,1412,_ZN7subsdk18VERTEX_BEv!
0x00000000000b9d20,sub_b9d20,352,_ZN7subsdk123sub_b9d20_subsdk1_b9d20Ev!
0x00000000000b9e80,sub_b9e80,8,_Z15subsdk1_f_b9e80v
0x00000000000b9e90,sub_b9e90,68,_ZN7subsdk19sub_b9e90Ev!
0x00000000000b9ee0,immConst,1064,_ZN7subsdk18immConstEv!
0x00000000000ba310,sub_ba310,276,_ZN7subsdk19sub_ba310Ev!
0x00000000000ba430,sub_ba430,156,_ZN7subsdk123sub_ba430_subsdk1_ba430Ev!
0x00000000000ba4d0,sub_ba4d0,116,_ZN7subsdk19sub_ba4d0Ev!
0x00000000000ba550,sub_ba550,124,_ZN7subsdk123sub_ba550_subsdk1_ba550Ev!
0x00000000000ba5d0,sub_ba5d0,368,_ZN7subsdk19sub_ba5d0Ev!
0x00000000000ba740,sub_ba740,684,_ZN7subsdk19sub_ba740Ev!
0x00000000000ba9f0,sub_ba9f0,1196,_ZN7subsdk19sub_ba9f0Ev!
0x00000000000baea0,sub_baea0,448,_ZN7subsdk19sub_baea0Ev!
0x00000000000bb060,sub_bb060,316,_ZN7subsdk19sub_bb060Ev!
0x00000000000bb1a0,sub_bb1a0,180,_ZN7subsdk123sub_bb1a0_subsdk1_bb1a0Ev!
0x00000000000bb260,sub_bb260,948,_ZN7subsdk123sub_bb260_subsdk1_bb260Ev!
0x00000000000bb620,sub_bb620,660,_ZN7subsdk19sub_bb620Ev!
0x00000000000bb8c0,sub_bb8c0,960,_ZN7subsdk19sub_bb8c0Ev!
0x00000000000bbc80,sub_bbc80,400,_ZN7subsdk19sub_bbc80Ev!
0x00000000000bbe10,sub_bbe10,84,_ZN7subsdk123sub_bbe10_subsdk1_bbe10Ev!
0x00000000000bbe70,sub_bbe70,448,_ZN7subsdk19sub_bbe70Ev!
0x00000000000bc030,sub_bc030,1364,_ZN7subsdk123sub_bc030_subsdk1_bc030Ev!
0x00000000000bc590,sub_bc590,228,_ZN7subsdk19sub_bc590Ev!
0x00000000000bc680,sub_bc680,280,_ZN7subsdk19sub_bc680Ev!
0x00000000000bc7a0,sub_bc7a0,1332,_ZN7subsdk19sub_bc7a0Ev!
0x00000000000bcce0,sub_bcce0,32,_ZN7subsdk123sub_bcce0_subsdk1_bcce0Ev!
0x00000000000bcd00,sub_bcd00,2048,_ZN7subsdk19sub_bcd00Ev!
0x00000000000bd500,sub_bd500,52,_ZN7subsdk19sub_bd500Ev!
0x00000000000bd540,sub_bd540,984,_ZN7subsdk19sub_bd540Ev!
0x00000000000bd920,sub_bd920,376,_ZN7subsdk19sub_bd920Ev!
0x00000000000bdaa0,sub_bdaa0,108,_ZN7subsdk19sub_bdaa0Ev!
0x00000000000bdb10,sub_bdb10,188,_ZN7subsdk19sub_bdb10Ev!
0x00000000000bdbd0,sub_bdbd0,1204,_ZN7subsdk19sub_bdbd0Ev!
0x00000000000be090,sub_be090,160,_ZN7subsdk19sub_be090Ev!
0x00000000000be130,sub_be130,1088,_ZN7subsdk19sub_be130Ev!
0x00000000000be570,sub_be570,184,_ZN7subsdk19sub_be570Ev!
0x00000000000be630,TexNodep,88,_ZN7subsdk18TexNodepEv!
0x00000000000be690,sub_be690,984,_ZN7subsdk19sub_be690Ev!
0x00000000000bea70,sub_bea70,700,_ZN7subsdk19sub_bea70Ev!
0x00000000000bed30,sub_bed30,44,_ZN7subsdk19sub_bed30Ev!
0x00000000000bed60,sub_bed60,56,_ZN7subsdk19sub_bed60Ev!
0x00000000000beda0,sub_beda0,44,_ZN7subsdk19sub_beda0Ev!
0x00000000000bedd0,sub_bedd0,60,_ZN7subsdk19sub_bedd0Ev!
0x00000000000bee10,sub_bee10,2232,_ZN7subsdk19sub_bee10Ev!
0x00000000000bf6d0,sub_bf6d0,268,_ZN7subsdk19sub_bf6d0Ev!
0x00000000000bf7e0,sub_bf7e0,352,_ZN7subsdk19sub_bf7e0Ev!
0x00000000000bf940,sub_bf940,572,_ZN7subsdk19sub_bf940Ev!
0x00000000000bfb80,sub_bfb80,1144,_ZN7subsdk123sub_bfb80_subsdk1_bfb80Ev!
0x00000000000c0000,sub_c0000,616,_ZN7subsdk19sub_c0000Ev!
0x00000000000c0270,sub_c0270,152,_ZN7subsdk19sub_c0270Ev!
0x00000000000c0310,sub_c0310,632,_ZN7subsdk19sub_c0310Ev!
0x00000000000c0590,sub_c0590,452,_ZN7subsdk123sub_c0590_subsdk1_c0590Ev!
0x00000000000c0760,sub_c0760,624,_ZN7subsdk123sub_c0760_subsdk1_c0760Ev!
0x00000000000c09d0,sub_c09d0,108,_ZN7subsdk123sub_c09d0_subsdk1_c09d0Ev!
0x00000000000c0a40,sub_c0a40,48,_ZN7subsdk19sub_c0a40Ev!
0x00000000000c0a70,sub_c0a70,1420,_ZN7subsdk19sub_c0a70Ev!
0x00000000000c1000,sub_c1000,352,_ZN7subsdk123sub_c1000_subsdk1_c1000Ev!
0x00000000000c1160,sub_c1160,1024,_ZN7subsdk19sub_c1160Ev!
0x00000000000c1560,sub_c1560,920,_ZN7subsdk19sub_c1560Ev!
0x00000000000c1900,sub_c1900,1452,_ZN7subsdk19sub_c1900Ev!
0x00000000000c1eb0,sub_c1eb0,368,_ZN7subsdk19sub_c1eb0Ev!
0x00000000000c2020,sub_c2020,508,_ZN7subsdk19sub_c2020Ev!
0x00000000000c2220,sub_c2220,256,_ZN7subsdk19sub_c2220Ev!
0x00000000000c2320,sub_c2320,272,_ZN7subsdk19sub_c2320Ev!
0x00000000000c2430,sub_c2430,248,_ZN7subsdk19sub_c2430Ev!
0x00000000000c2530,sub_c2530,1424,_ZN7subsdk123sub_c2530_subsdk1_c2530Ev!
0x00000000000c2ac0,sub_c2ac0,2556,_ZN7subsdk19sub_c2ac0Ev!
0x00000000000c34c0,sub_c34c0,396,_ZN7subsdk19sub_c34c0Ev!
0x00000000000c3650,sub_c3650,956,_ZN7subsdk19sub_c3650Ev!
0x00000000000c3a10,sub_c3a10,836,_ZN7subsdk19sub_c3a10Ev!
0x00000000000c3d60,sub_c3d60,376,_ZN7subsdk123sub_c3d60_subsdk1_c3d60Ev!
0x00000000000c3ee0,sub_c3ee0,708,_ZN7subsdk19sub_c3ee0Ev!
0x00000000000c41b0,sub_c41b0,708,_ZN7subsdk19sub_c41b0Ev!
0x00000000000c4480,sub_c4480,864,_ZN7subsdk123sub_c4480_subsdk1_c4480Ev!
0x00000000000c47e0,sub_c47e0,1100,_ZN7subsdk123sub_c47e0_subsdk1_c47e0Ev!
0x00000000000c4c30,sub_c4c30,496,_ZN7subsdk123sub_c4c30_subsdk1_c4c30Ev!
0x00000000000c4e20,sub_c4e20,548,_ZN7subsdk19sub_c4e20Ev!
0x00000000000c5050,sub_c5050,476,_ZN7subsdk19sub_c5050Ev!
0x00000000000c5230,sub_c5230,988,_ZN7subsdk19sub_c5230Ev!
0x00000000000c5610,HoistInvariants,276,_ZN7subsdk115HoistInvariantsEv!
0x00000000000c5730,sub_c5730,1916,_ZN7subsdk19sub_c5730Ev!
0x00000000000c5eb0,sub_c5eb0,468,_ZN7subsdk19sub_c5eb0Ev!
0x00000000000c6090,sub_c6090,248,_ZN7subsdk19sub_c6090Ev!
0x00000000000c6190,sub_c6190,608,_ZN7subsdk19sub_c6190Ev!
0x00000000000c63f0,sub_c63f0,552,_ZN7subsdk19sub_c63f0Ev!
0x00000000000c6620,sub_c6620,476,_ZN7subsdk19sub_c6620Ev!
0x00000000000c6800,sub_c6800,888,_ZN7subsdk19sub_c6800Ev!
0x00000000000c6b80,sub_c6b80,948,_ZN7subsdk19sub_c6b80Ev!
0x00000000000c6f40,sub_c6f40,264,_ZN7subsdk19sub_c6f40Ev!
0x00000000000c7050,sub_c7050,392,_ZN7subsdk19sub_c7050Ev!
0x00000000000c71e0,sub_c71e0,432,_ZN7subsdk19sub_c71e0Ev!
0x00000000000c7390,sub_c7390,48,_ZN7subsdk19sub_c7390Ev!
0x00000000000c73c0,sub_c73c0,480,_ZN7subsdk19sub_c73c0Ev!
0x00000000000c75a0,sub_c75a0,96,_ZN7subsdk19sub_c75a0Ev!
0x00000000000c7600,sub_c7600,876,_ZN7subsdk19sub_c7600Ev!
0x00000000000c7970,sub_c7970,528,_ZN7subsdk19sub_c7970Ev!
0x00000000000c7b80,sub_c7b80,216,_ZN7subsdk19sub_c7b80Ev!
0x00000000000c7c60,sub_c7c60,400,_ZN7subsdk19sub_c7c60Ev!
0x00000000000c7df0,sub_c7df0,768,_ZN7subsdk19sub_c7df0Ev!
0x00000000000c80f0,sub_c80f0,44,_ZN7subsdk19sub_c80f0Ev!
0x00000000000c8120,sub_c8120,636,_ZN7subsdk19sub_c8120Ev!
0x00000000000c83a0,sub_c83a0,8,_Z15subsdk1_f_c83a0Pvm
0x00000000000c83b0,sub_c83b0,8,_Z15subsdk1_f_c83b0Pv
0x00000000000c83c0,sub_c83c0,24,_ZN7subsdk19sub_c83c0Ev!
0x00000000000c83e0,sub_c83e0,56,_ZN7subsdk19sub_c83e0Ev!
0x00000000000c8420,sub_c8420,16,_ZN7subsdk19sub_c8420Ev!
0x00000000000c8430,sub_c8430,36,_ZN7subsdk19sub_c8430Ev!
0x00000000000c8460,sub_c8460,80,_ZN7subsdk19sub_c8460Ev!
0x00000000000c84b0,sub_c84b0,156,_ZN7subsdk123sub_c84b0_subsdk1_c84b0Ev!
0x00000000000c8550,sub_c8550,156,_ZN7subsdk19sub_c8550Ev!
0x00000000000c85f0,sub_c85f0,396,_ZN7subsdk19sub_c85f0Ev!
0x00000000000c8780,sub_c8780,452,_ZN7subsdk19sub_c8780Ev!
0x00000000000c8950,sub_c8950,468,_ZN7subsdk19sub_c8950Ev!
0x00000000000c8b30,sub_c8b30,1416,_ZN7subsdk19sub_c8b30Ev!
0x00000000000c90c0,sub_c90c0,384,_ZN7subsdk19sub_c90c0Ev!
0x00000000000c9240,sub_c9240,952,_ZN7subsdk19sub_c9240Ev!
0x00000000000c9600,sub_c9600,756,_ZN7subsdk19sub_c9600Ev!
0x00000000000c9900,sub_c9900,320,_ZN7subsdk19sub_c9900Ev!
0x00000000000c9a40,sub_c9a40,716,_ZN7subsdk19sub_c9a40Ev!
0x00000000000c9d10,sub_c9d10,1592,_ZN7subsdk19sub_c9d10Ev!
0x00000000000ca350,Predication,112,_ZN7subsdk111PredicationEv!
0x00000000000ca3c0,sub_ca3c0,496,_ZN7subsdk19sub_ca3c0Ev!
0x00000000000ca5b0,sub_ca5b0,728,_ZN7subsdk19sub_ca5b0Ev!
0x00000000000ca890,sub_ca890,732,_ZN7subsdk19sub_ca890Ev!
0x00000000000cab70,sub_cab70,1896,_ZN7subsdk19sub_cab70Ev!
0x00000000000cb2e0,sub_cb2e0,384,_ZN7subsdk123sub_cb2e0_subsdk1_cb2e0Ev!
0x00000000000cb460,sub_cb460,4072,_ZN7subsdk19sub_cb460Ev!
0x00000000000cc450,sub_cc450,52,_ZN7subsdk19sub_cc450Ev!
0x00000000000cc490,sub_cc490,848,_ZN7subsdk19sub_cc490Ev!
0x00000000000cc7e0,sub_cc7e0,492,_ZN7subsdk19sub_cc7e0Ev!
0x00000000000cc9d0,sub_cc9d0,320,_ZN7subsdk19sub_cc9d0Ev!
0x00000000000ccb10,sub_ccb10,1496,_ZN7subsdk123sub_ccb10_subsdk1_ccb10Ev!
0x00000000000cd0f0,sub_cd0f0,776,_ZN7subsdk19sub_cd0f0Ev!
0x00000000000cd400,sub_cd400,196,_ZN7subsdk19sub_cd400Ev!
0x00000000000cd4d0,sub_cd4d0,4392,_ZN7subsdk19sub_cd4d0Ev!
0x00000000000ce600,sub_ce600,1440,_ZN7subsdk19sub_ce600Ev!
0x00000000000ceba0,sub_ceba0,368,_ZN7subsdk19sub_ceba0Ev!
0x00000000000ced10,sub_ced10,1412,_ZN7subsdk19sub_ced10Ev!
0x00000000000cf2a0,sub_cf2a0,1328,_ZN7subsdk123sub_cf2a0_subsdk1_cf2a0Ev!
0x00000000000cf7d0,sub_cf7d0,492,_ZN7subsdk19sub_cf7d0Ev!
0x00000000000cf9c0,sub_cf9c0,684,_ZN7subsdk19sub_cf9c0Ev!
0x00000000000cfc70,sub_cfc70,500,_ZN7subsdk19sub_cfc70Ev!
0x00000000000cfe70,sub_cfe70,424,_ZN7subsdk19sub_cfe70Ev!
0x00000000000d0020,sub_d0020,288,_ZN7subsdk19sub_d0020Ev!
0x00000000000d0140,sub_d0140,292,_ZN7subsdk123sub_d0140_subsdk1_d0140Ev!
0x00000000000d0270,sub_d0270,436,_ZN7subsdk123sub_d0270_subsdk1_d0270Ev!
0x00000000000d0430,sub_d0430,216,_ZN7subsdk19sub_d0430Ev!
0x00000000000d0510,sub_d0510,656,_ZN7subsdk19sub_d0510Ev!
0x00000000000d07a0,sub_d07a0,236,_ZN7subsdk19sub_d07a0Ev!
0x00000000000d0890,sub_d0890,344,_ZN7subsdk19sub_d0890Ev!
0x00000000000d09f0,sub_d09f0,1800,_ZN7subsdk19sub_d09f0Ev!
0x00000000000d1100,sub_d1100,2120,_ZN7subsdk19sub_d1100Ev!
0x00000000000d1950,sub_d1950,396,_ZN7subsdk123sub_d1950_subsdk1_d1950Ev!
0x00000000000d1ae0,sub_d1ae0,860,_ZN7subsdk19sub_d1ae0Ev!
0x00000000000d1e40,sub_d1e40,52,_ZN7subsdk123sub_d1e40_subsdk1_d1e40Ev!
0x00000000000d1e80,sub_d1e80,908,_ZN7subsdk19sub_d1e80Ev!
0x00000000000d2210,sub_d2210,11652,_ZN7subsdk123sub_d2210_subsdk1_d2210Ev!
0x00000000000d4fa0,sub_d4fa0,5184,_ZN7subsdk123sub_d4fa0_subsdk1_d4fa0Ev!
0x00000000000d63e0,sub_d63e0,420,_ZN7subsdk19sub_d63e0Ev!
0x00000000000d6590,sub_d6590,704,_ZN7subsdk19sub_d6590Ev!
0x00000000000d6850,sub_d6850,52,_ZN7subsdk19sub_d6850Ev!
0x00000000000d6890,sub_d6890,220,_ZN7subsdk123sub_d6890_subsdk1_d6890Ev!
0x00000000000d6970,sub_d6970,456,_ZN7subsdk19sub_d6970Ev!
0x00000000000d6b40,sub_d6b40,9428,_ZN7subsdk19sub_d6b40Ev!
0x00000000000d9020,sub_d9020,2292,_ZN7subsdk19sub_d9020Ev!
0x00000000000d9920,sub_d9920,52,_ZN7subsdk19sub_d9920Ev!
0x00000000000d9960,sub_d9960,484,_ZN7subsdk123sub_d9960_subsdk1_d9960Ev!
0x00000000000d9b50,sub_d9b50,216,_ZN7subsdk19sub_d9b50Ev!
0x00000000000d9c30,sub_d9c30,812,_ZN7subsdk19sub_d9c30Ev!
0x00000000000d9f60,sub_d9f60,744,_ZN7subsdk19sub_d9f60Ev!
0x00000000000da250,sub_da250,1128,_ZN7subsdk19sub_da250Ev!
0x00000000000da6c0,sub_da6c0,12,_Z15subsdk1_f_da6c0Pv
0x00000000000da6d0,sub_da6d0,348,_ZN7subsdk19sub_da6d0Ev!
0x00000000000da830,sub_da830,24,_ZN7subsdk19sub_da830Ev!
0x00000000000da850,sub_da850,312,_ZN7subsdk19sub_da850Ev!
0x00000000000da990,sub_da990,396,_ZN7subsdk19sub_da990Ev!
0x00000000000dab20,sub_dab20,240,_ZN7subsdk19sub_dab20Ev!
0x00000000000dac10,sub_dac10,452,_ZN7subsdk19sub_dac10Ev!
0x00000000000dade0,sub_dade0,300,_ZN7subsdk19sub_dade0Ev!
0x00000000000daf10,sub_daf10,132,_ZN7subsdk19sub_daf10Ev!
0x00000000000dafa0,sub_dafa0,280,_ZN7subsdk19sub_dafa0Ev!
0x00000000000db0c0,sub_db0c0,156,_ZN7subsdk19sub_db0c0Ev!
0x00000000000db160,sub_db160,668,_ZN7subsdk19sub_db160Ev!
0x00000000000db400,sub_db400,440,_ZN7subsdk19sub_db400Ev!
0x00000000000db5c0,sub_db5c0,288,_ZN7subsdk19sub_db5c0Ev!
0x00000000000db6e0,sub_db6e0,524,_ZN7subsdk19sub_db6e0Ev!
0x00000000000db8f0,sub_db8f0,148,_ZN7subsdk19sub_db8f0Ev!
0x00000000000db990,sub_db990,256,_ZN7subsdk19sub_db990Ev!
0x00000000000dba90,sub_dba90,132,_ZN7subsdk19sub_dba90Ev!
0x00000000000dbb20,sub_dbb20,3472,_ZN7subsdk19sub_dbb20Ev!
0x00000000000dc8b0,sub_dc8b0,356,_ZN7subsdk19sub_dc8b0Ev!
0x00000000000dca20,sub_dca20,8,_Z15subsdk1_f_dca20v
0x00000000000dca30,sub_dca30,8,_Z15subsdk1_f_dca30v
0x00000000000dca40,sub_dca40,8,_Z15subsdk1_f_dca40v
0x00000000000dca50,sub_dca50,8,_Z15subsdk1_f_dca50v
0x00000000000dca60,sub_dca60,16,_ZN7subsdk19sub_dca60Ev!
0x00000000000dca70,sub_dca70,4,_Z15subsdk1_f_dca70v
0x00000000000dca80,sub_dca80,8,_Z15subsdk1_f_dca80v
0x00000000000dca90,sub_dca90,4,_Z15subsdk1_f_dca90v
0x00000000000dcaa0,sub_dcaa0,4,_Z15subsdk1_f_dcaa0v
0x00000000000dcab0,sub_dcab0,4,_Z15subsdk1_f_dcab0v
0x00000000000dcac0,sub_dcac0,8,_Z15subsdk1_f_dcac0v
0x00000000000dcad0,sub_dcad0,4,_Z15subsdk1_f_dcad0v
0x00000000000dcae0,sub_dcae0,8,_Z15subsdk1_f_dcae0jjj
0x00000000000dcaf0,sub_dcaf0,28,_Z15subsdk1_f_dcaf0mj
0x00000000000dcb10,sub_dcb10,8,_Z15subsdk1_f_dcb10v
0x00000000000dcb20,sub_dcb20,4,_Z15subsdk1_f_dcb20v
0x00000000000dcb30,sub_dcb30,4,_Z15subsdk1_f_dcb30v
0x00000000000dcb40,sub_dcb40,8,_Z15subsdk1_f_dcb40v
0x00000000000dcb50,sub_dcb50,4,_Z15subsdk1_f_dcb50v
0x00000000000dcb60,sub_dcb60,4,_Z15subsdk1_f_dcb60v
0x00000000000dcb70,sub_dcb70,4,_Z15subsdk1_f_dcb70v
0x00000000000dcb80,sub_dcb80,8,_Z15subsdk1_f_dcb80v
0x00000000000dcb90,sub_dcb90,8,_Z15subsdk1_f_dcb90v
0x00000000000dcba0,sub_dcba0,8,_Z15subsdk1_f_dcba0v
0x00000000000dcbb0,sub_dcbb0,8,_Z15subsdk1_f_dcbb0jjj
0x00000000000dcbc0,sub_dcbc0,8,_Z15subsdk1_f_dcbc0jjj
0x00000000000dcbd0,sub_dcbd0,72,_ZN7subsdk19sub_dcbd0Ev!
0x00000000000dcc20,sub_dcc20,32,_ZN7subsdk123sub_dcc20_subsdk1_dcc20Ev!
0x00000000000dcc40,sub_dcc40,40,_ZN7subsdk19sub_dcc40Ev!
0x00000000000dcc70,sub_dcc70,56,_ZN7subsdk19sub_dcc70Ev!
0x00000000000dccb0,sub_dccb0,84,_ZN7subsdk19sub_dccb0Ev!
0x00000000000dcd10,sub_dcd10,68,_ZN7subsdk123sub_dcd10_subsdk1_dcd10Ev!
0x00000000000dcd60,sub_dcd60,64,_ZN7subsdk19sub_dcd60Ev!
0x00000000000dcda0,sub_dcda0,92,_ZN7subsdk19sub_dcda0Ev!
0x00000000000dce00,sub_dce00,172,_ZN7subsdk19sub_dce00Ev!
0x00000000000dceb0,sub_dceb0,180,_ZN7subsdk19sub_dceb0Ev!
0x00000000000dcf70,sub_dcf70,84,_ZN7subsdk19sub_dcf70Ev!
0x00000000000dcfd0,sub_dcfd0,220,_ZN7subsdk19sub_dcfd0Ev!
0x00000000000dd0b0,sub_dd0b0,168,_ZN7subsdk123sub_dd0b0_subsdk1_dd0b0Ev!
0x00000000000dd160,sub_dd160,52,_ZN7subsdk19sub_dd160Ev!
0x00000000000dd1a0,sub_dd1a0,256,_ZN7subsdk19sub_dd1a0Ev!
0x00000000000dd2a0,sub_dd2a0,280,_ZN7subsdk19sub_dd2a0Ev!
0x00000000000dd3c0,sub_dd3c0,116,_ZN7subsdk19sub_dd3c0Ev!
0x00000000000dd440,sub_dd440,496,_ZN7subsdk19sub_dd440Ev!
0x00000000000dd630,sub_dd630,208,_ZN7subsdk19sub_dd630Ev!
0x00000000000dd700,sub_dd700,452,_ZN7subsdk19sub_dd700Ev!
0x00000000000dd8d0,sub_dd8d0,364,_ZN7subsdk19sub_dd8d0Ev!
0x00000000000dda40,sub_dda40,176,_ZN7subsdk19sub_dda40Ev!
0x00000000000ddaf0,sub_ddaf0,24,_Z15subsdk1_f_ddaf0Pvjj
0x00000000000ddb10,sub_ddb10,100,_ZN7subsdk19sub_ddb10Ev!
0x00000000000ddb80,sub_ddb80,80,_ZN7subsdk19sub_ddb80Ev!
0x00000000000ddbd0,sub_ddbd0,36,_ZN7subsdk19sub_ddbd0Ev!
0x00000000000ddc00,sub_ddc00,44,_ZN7subsdk19sub_ddc00Ev!
0x00000000000ddc30,sub_ddc30,96,_ZN7subsdk19sub_ddc30Ev!
0x00000000000ddc90,sub_ddc90,40,_ZN7subsdk19sub_ddc90Ev!
0x00000000000ddcc0,sub_ddcc0,20,_ZN7subsdk19sub_ddcc0Ev!
0x00000000000ddce0,sub_ddce0,340,_ZN7subsdk19sub_ddce0Ev!
0x00000000000dde40,sub_dde40,284,_ZN7subsdk19sub_dde40Ev!
0x00000000000ddf60,sub_ddf60,568,_ZN7subsdk19sub_ddf60Ev!
0x00000000000de1a0,sub_de1a0,256,_ZN7subsdk19sub_de1a0Ev!
0x00000000000de2a0,sub_de2a0,8,_Z15subsdk1_f_de2a0Pv
0x00000000000de2b0,sub_de2b0,160,_ZN7subsdk19sub_de2b0Ev!
0x00000000000de350,sub_de350,1452,_ZN7subsdk19sub_de350Ev!
0x00000000000de900,sub_de900,560,_ZN7subsdk19sub_de900Ev!
0x00000000000deb30,sub_deb30,8,_Z15subsdk1_f_deb30v
0x00000000000deb40,sub_deb40,8,_Z15subsdk1_f_deb40v
0x00000000000deb50,sub_deb50,8,_Z15subsdk1_f_deb50v
0x00000000000deb60,sub_deb60,972,_ZN7subsdk19sub_deb60Ev!
0x00000000000def30,ScheduleInstructionsReduceReg,2052,_ZN7subsdk129ScheduleInstructionsReduceRegEv!
0x00000000000df740,sub_df740,648,_ZN7subsdk19sub_df740Ev!
0x00000000000df9d0,sub_df9d0,184,_ZN7subsdk19sub_df9d0Ev!
0x00000000000dfa90,sub_dfa90,192,_ZN7subsdk19sub_dfa90Ev!
0x00000000000dfb50,sub_dfb50,208,_ZN7subsdk123sub_dfb50_subsdk1_dfb50Ev!
0x00000000000dfc20,sub_dfc20,108,_ZN7subsdk19sub_dfc20Ev!
0x00000000000dfc90,sub_dfc90,232,_ZN7subsdk19sub_dfc90Ev!
0x00000000000dfd80,sub_dfd80,164,_ZN7subsdk19sub_dfd80Ev!
0x00000000000dfe30,sub_dfe30,416,_ZN7subsdk19sub_dfe30Ev!
0x00000000000dffd0,sub_dffd0,308,_ZN7subsdk19sub_dffd0Ev!
0x00000000000e0110,sub_e0110,208,_ZN7subsdk123sub_e0110_subsdk1_e0110Ev!
0x00000000000e01e0,sub_e01e0,4,_Z15subsdk1_f_e01e0v
0x00000000000e01f0,sub_e01f0,4,_Z15subsdk1_f_e01f0v
0x00000000000e0200,sub_e0200,12,_ZN7subsdk19sub_e0200Ev!
0x00000000000e0210,sub_e0210,8,_Z15subsdk1_f_e0210v
0x00000000000e0220,sub_e0220,8,_Z15subsdk1_f_e0220v
0x00000000000e0230,sub_e0230,4,_Z15subsdk1_f_e0230v
0x00000000000e0240,sub_e0240,4,_Z15subsdk1_f_e0240v
0x00000000000e0250,sub_e0250,4,_Z15subsdk1_f_e0250v
0x00000000000e0260,sub_e0260,4,_Z15subsdk1_f_e0260v
0x00000000000e0270,sub_e0270,4,_Z15subsdk1_f_e0270v
0x00000000000e0280,sub_e0280,4,_Z15subsdk1_f_e0280v
0x00000000000e0290,sub_e0290,4,_Z15subsdk1_f_e0290v
0x00000000000e02a0,sub_e02a0,8,_Z15subsdk1_f_e02a0v
0x00000000000e02b0,sub_e02b0,4,_Z15subsdk1_f_e02b0v
0x00000000000e02c0,sub_e02c0,4,_Z15subsdk1_f_e02c0v
0x00000000000e02d0,sub_e02d0,4,_Z15subsdk1_f_e02d0v
0x00000000000e02e0,sub_e02e0,4,_Z15subsdk1_f_e02e0v
0x00000000000e02f0,sub_e02f0,4,_Z15subsdk1_f_e02f0v
0x00000000000e0300,sub_e0300,4,_Z15subsdk1_f_e0300v
0x00000000000e0310,sub_e0310,8,_Z15subsdk1_f_e0310v
0x00000000000e0320,sub_e0320,52,_ZN7subsdk19sub_e0320Ev!
0x00000000000e0360,sub_e0360,40,_ZN7subsdk19sub_e0360Ev!
0x00000000000e0390,sub_e0390,12,_Z15subsdk1_f_e0390Pv
0x00000000000e03a0,sub_e03a0,56,_ZN7subsdk19sub_e03a0Ev!
0x00000000000e03e0,sub_e03e0,84,_ZN7subsdk19sub_e03e0Ev!
0x00000000000e0440,sub_e0440,68,_ZN7subsdk19sub_e0440Ev!
0x00000000000e0490,sub_e0490,64,_ZN7subsdk19sub_e0490Ev!
0x00000000000e04d0,sub_e04d0,92,_ZN7subsdk19sub_e04d0Ev!
0x00000000000e0530,sub_e0530,172,_ZN7subsdk19sub_e0530Ev!
0x00000000000e05e0,sub_e05e0,180,_ZN7subsdk19sub_e05e0Ev!
0x00000000000e06a0,sub_e06a0,52,_ZN7subsdk19sub_e06a0Ev!
0x00000000000e06e0,sub_e06e0,580,_ZN7subsdk123sub_e06e0_subsdk1_e06e0Ev!
0x00000000000e0930,sub_e0930,420,_ZN7subsdk19sub_e0930Ev!
0x00000000000e0ae0,sub_e0ae0,700,_ZN7subsdk19sub_e0ae0Ev!
0x00000000000e0da0,sub_e0da0,928,_ZN7subsdk19sub_e0da0Ev!
0x00000000000e1140,sub_e1140,352,_ZN7subsdk19sub_e1140Ev!
0x00000000000e12a0,sub_e12a0,652,_ZN7subsdk19sub_e12a0Ev!
0x00000000000e1530,sub_e1530,956,_ZN7subsdk19sub_e1530Ev!
0x00000000000e18f0,sub_e18f0,540,_ZN7subsdk19sub_e18f0Ev!
0x00000000000e1b10,sub_e1b10,460,_ZN7subsdk19sub_e1b10Ev!
0x00000000000e1ce0,sub_e1ce0,668,_ZN7subsdk19sub_e1ce0Ev!
0x00000000000e1f80,sub_e1f80,740,_ZN7subsdk19sub_e1f80Ev!
0x00000000000e2270,sub_e2270,792,_ZN7subsdk123sub_e2270_subsdk1_e2270Ev!
0x00000000000e2590,sub_e2590,524,_ZN7subsdk19sub_e2590Ev!
0x00000000000e27a0,sub_e27a0,324,_ZN7subsdk19sub_e27a0Ev!
0x00000000000e28f0,sub_e28f0,812,_ZN7subsdk19sub_e28f0Ev!
0x00000000000e2c20,sub_e2c20,188,_ZN7subsdk19sub_e2c20Ev!
0x00000000000e2ce0,sub_e2ce0,228,_ZN7subsdk19sub_e2ce0Ev!
0x00000000000e2dd0,sub_e2dd0,340,_ZN7subsdk19sub_e2dd0Ev!
0x00000000000e2f30,sub_e2f30,1132,_ZN7subsdk19sub_e2f30Ev!
0x00000000000e33a0,sub_e33a0,400,_ZN7subsdk19sub_e33a0Ev!
0x00000000000e3530,sub_e3530,52,_ZN7subsdk19sub_e3530Ev!
0x00000000000e3570,sub_e3570,84,_ZN7subsdk19sub_e3570Ev!
0x00000000000e35d0,sub_e35d0,12,_Z15subsdk1_f_e35d0Pv
0x00000000000e35e0,sub_e35e0,1592,_ZN7subsdk19sub_e35e0Ev!
0x00000000000e3c20,sub_e3c20,56,_ZN7subsdk123sub_e3c20_subsdk1_e3c20Ev!
0x00000000000e3c60,sub_e3c60,484,_ZN7subsdk19sub_e3c60Ev!
0x00000000000e3e50,sub_e3e50,548,_ZN7subsdk19sub_e3e50Ev!
0x00000000000e4080,sub_e4080,392,_ZN7subsdk19sub_e4080Ev!
0x00000000000e4210,sub_e4210,464,_ZN7subsdk19sub_e4210Ev!
0x00000000000e43e0,sub_e43e0,672,_ZN7subsdk19sub_e43e0Ev!
0x00000000000e4680,sub_e4680,816,_ZN7subsdk19sub_e4680Ev!
0x00000000000e49b0,sub_e49b0,8,_Z15subsdk1_f_e49b0Pvm
0x00000000000e49c0,sub_e49c0,8,_Z15subsdk1_f_e49c0Pv
0x00000000000e49d0,sub_e49d0,48,_ZN7subsdk19sub_e49d0Ev!
0x00000000000e4a00,sub_e4a00,24,_ZN7subsdk19sub_e4a00Ev!
0x00000000000e4a20,sub_e4a20,56,_ZN7subsdk19sub_e4a20Ev!
0x00000000000e4a60,sub_e4a60,16,_ZN7subsdk19sub_e4a60Ev!
0x00000000000e4a70,sub_e4a70,36,_ZN7subsdk19sub_e4a70Ev!
0x00000000000e4aa0,sub_e4aa0,80,_ZN7subsdk19sub_e4aa0Ev!
0x00000000000e4af0,sub_e4af0,156,_ZN7subsdk19sub_e4af0Ev!
0x00000000000e4b90,sub_e4b90,156,_ZN7subsdk19sub_e4b90Ev!
0x00000000000e4c30,sub_e4c30,52,_ZN7subsdk19sub_e4c30Ev!
0x00000000000e4c70,sub_e4c70,40,_ZN7subsdk19sub_e4c70Ev!
0x00000000000e4ca0,sub_e4ca0,12,_Z15subsdk1_f_e4ca0Pv
0x00000000000e4cb0,sub_e4cb0,56,_ZN7subsdk19sub_e4cb0Ev!
0x00000000000e4cf0,sub_e4cf0,84,_ZN7subsdk19sub_e4cf0Ev!
0x00000000000e4d50,sub_e4d50,68,_ZN7subsdk19sub_e4d50Ev!
0x00000000000e4da0,sub_e4da0,64,_ZN7subsdk19sub_e4da0Ev!
0x00000000000e4de0,sub_e4de0,92,_ZN7subsdk19sub_e4de0Ev!
0x00000000000e4e40,sub_e4e40,172,_ZN7subsdk19sub_e4e40Ev!
0x00000000000e4ef0,sub_e4ef0,180,_ZN7subsdk123sub_e4ef0_subsdk1_e4ef0Ev!
0x00000000000e4fb0,sub_e4fb0,52,_ZN7subsdk19sub_e4fb0Ev!
0x00000000000e4ff0,sub_e4ff0,52,_ZN7subsdk123sub_e4ff0_subsdk1_e4ff0Ev!
0x00000000000e5030,sub_e5030,40,_ZN7subsdk19sub_e5030Ev!
0x00000000000e5060,sub_e5060,12,_Z15subsdk1_f_e5060Pv
0x00000000000e5070,sub_e5070,56,_ZN7subsdk19sub_e5070Ev!
0x00000000000e50b0,sub_e50b0,84,_ZN7subsdk19sub_e50b0Ev!
0x00000000000e5110,sub_e5110,68,_ZN7subsdk19sub_e5110Ev!
0x00000000000e5160,sub_e5160,64,_ZN7subsdk19sub_e5160Ev!
0x00000000000e51a0,sub_e51a0,92,_ZN7subsdk19sub_e51a0Ev!
0x00000000000e5200,sub_e5200,172,_ZN7subsdk19sub_e5200Ev!
0x00000000000e52b0,sub_e52b0,180,_ZN7subsdk19sub_e52b0Ev!
0x00000000000e5370,sub_e5370,52,_ZN7subsdk19sub_e5370Ev!
0x00000000000e53b0,sub_e53b0,52,_ZN7subsdk19sub_e53b0Ev!
0x00000000000e53f0,sub_e53f0,40,_ZN7subsdk19sub_e53f0Ev!
0x00000000000e5420,sub_e5420,12,_Z15subsdk1_f_e5420Pv
0x00000000000e5430,sub_e5430,56,_ZN7subsdk19sub_e5430Ev!
0x00000000000e5470,sub_e5470,84,_ZN7subsdk19sub_e5470Ev!
0x00000000000e54d0,sub_e54d0,68,_ZN7subsdk19sub_e54d0Ev!
0x00000000000e5520,sub_e5520,64,_ZN7subsdk19sub_e5520Ev!
0x00000000000e5560,sub_e5560,92,_ZN7subsdk19sub_e5560Ev!
0x00000000000e55c0,sub_e55c0,172,_ZN7subsdk19sub_e55c0Ev!
0x00000000000e5670,sub_e5670,180,_ZN7subsdk19sub_e5670Ev!
0x00000000000e5730,sub_e5730,52,_ZN7subsdk123sub_e5730_subsdk1_e5730Ev!
0x00000000000e5770,sub_e5770,8,_Z15subsdk1_f_e5770Pvm
0x00000000000e5780,sub_e5780,8,_Z15subsdk1_f_e5780Pv
0x00000000000e5790,sub_e5790,48,_ZN7subsdk123sub_e5790_subsdk1_e5790Ev!
0x00000000000e57c0,sub_e57c0,24,_ZN7subsdk123sub_e57c0_subsdk1_e57c0Ev!
0x00000000000e57e0,sub_e57e0,56,_ZN7subsdk123sub_e57e0_subsdk1_e57e0Ev!
0x00000000000e5820,sub_e5820,16,_ZN7subsdk123sub_e5820_subsdk1_e5820Ev!
0x00000000000e5830,sub_e5830,36,_ZN7subsdk19sub_e5830Ev!
0x00000000000e5860,sub_e5860,80,_ZN7subsdk19sub_e5860Ev!
0x00000000000e58b0,sub_e58b0,156,_ZN7subsdk123sub_e58b0_subsdk1_e58b0Ev!
0x00000000000e5950,sub_e5950,156,_ZN7subsdk19sub_e5950Ev!
0x00000000000e59f0,sub_e59f0,8,_Z15subsdk1_f_e59f0Pvm
0x00000000000e5a00,sub_e5a00,8,_Z15subsdk1_f_e5a00Pv
0x00000000000e5a10,sub_e5a10,48,_ZN7subsdk19sub_e5a10Ev!
0x00000000000e5a40,sub_e5a40,24,_ZN7subsdk19sub_e5a40Ev!
0x00000000000e5a60,sub_e5a60,56,_ZN7subsdk19sub_e5a60Ev!
0x00000000000e5aa0,sub_e5aa0,16,_ZN7subsdk19sub_e5aa0Ev!
0x00000000000e5ab0,sub_e5ab0,36,_ZN7subsdk123sub_e5ab0_subsdk1_e5ab0Ev!
0x00000000000e5ae0,sub_e5ae0,80,_ZN7subsdk19sub_e5ae0Ev!
0x00000000000e5b30,sub_e5b30,156,_ZN7subsdk19sub_e5b30Ev!
0x00000000000e5bd0,sub_e5bd0,156,_ZN7subsdk19sub_e5bd0Ev!
0x00000000000e5c70,sub_e5c70,40,_ZN7subsdk19sub_e5c70Ev!
0x00000000000e5ca0,sub_e5ca0,52,_ZN7subsdk19sub_e5ca0Ev!
0x00000000000e5ce0,sub_e5ce0,68,_ZN7subsdk19sub_e5ce0Ev!
0x00000000000e5d30,sub_e5d30,64,_ZN7subsdk19sub_e5d30Ev!
0x00000000000e5d70,sub_e5d70,92,_ZN7subsdk19sub_e5d70Ev!
0x00000000000e5dd0,sub_e5dd0,172,_ZN7subsdk19sub_e5dd0Ev!
0x00000000000e5e80,sub_e5e80,180,_ZN7subsdk19sub_e5e80Ev!
0x00000000000e5f40,sub_e5f40,64,_ZN7subsdk19sub_e5f40Ev!
0x00000000000e5f80,sub_e5f80,580,_ZN7subsdk19sub_e5f80Ev!
0x00000000000e61d0,sub_e61d0,588,_ZN7subsdk123sub_e61d0_subsdk1_e61d0Ev!
0x00000000000e6420,sub_e6420,580,_ZN7subsdk19sub_e6420Ev!
0x00000000000e6670,sub_e6670,392,_ZN7subsdk123sub_e6670_subsdk1_e6670Ev!
0x00000000000e6800,sub_e6800,444,_ZN7subsdk19sub_e6800Ev!
0x00000000000e69c0,sub_e69c0,76,_ZN7subsdk19sub_e69c0Ev!
0x00000000000e6a10,sub_e6a10,88,_ZN7subsdk19sub_e6a10Ev!
0x00000000000e6a70,sub_e6a70,108,_ZN7subsdk19sub_e6a70Ev!
0x00000000000e6ae0,sub_e6ae0,116,_ZN7subsdk123sub_e6ae0_subsdk1_e6ae0Ev!
0x00000000000e6b60,sub_e6b60,80,_ZN7subsdk19sub_e6b60Ev!
0x00000000000e6bb0,sub_e6bb0,80,_ZN7subsdk19sub_e6bb0Ev!
0x00000000000e6c00,sub_e6c00,76,_ZN7subsdk19sub_e6c00Ev!
0x00000000000e6c50,sub_e6c50,180,_ZN7subsdk19sub_e6c50Ev!
0x00000000000e6d10,sub_e6d10,180,_ZN7subsdk19sub_e6d10Ev!
0x00000000000e6dd0,sub_e6dd0,68,_ZN7subsdk123sub_e6dd0_subsdk1_e6dd0Ev!
0x00000000000e6e20,sub_e6e20,76,_ZN7subsdk19sub_e6e20Ev!
0x00000000000e6e70,sub_e6e70,88,_ZN7subsdk19sub_e6e70Ev!
0x00000000000e6ed0,sub_e6ed0,108,_ZN7subsdk19sub_e6ed0Ev!
0x00000000000e6f40,sub_e6f40,116,_ZN7subsdk19sub_e6f40Ev!
0x00000000000e6fc0,sub_e6fc0,80,_ZN7subsdk19sub_e6fc0Ev!
0x00000000000e7010,sub_e7010,80,_ZN7subsdk19sub_e7010Ev!
0x00000000000e7060,sub_e7060,76,_ZN7subsdk19sub_e7060Ev!
0x00000000000e70b0,sub_e70b0,180,_ZN7subsdk19sub_e70b0Ev!
0x00000000000e7170,sub_e7170,180,_ZN7subsdk123sub_e7170_subsdk1_e7170Ev!
0x00000000000e7230,sub_e7230,68,_ZN7subsdk19sub_e7230Ev!
0x00000000000e7280,sub_e7280,444,_ZN7subsdk123sub_e7280_subsdk1_e7280Ev!
0x00000000000e7440,sub_e7440,280,_ZN7subsdk19sub_e7440Ev!
0x00000000000e7560,sub_e7560,204,_ZN7subsdk19sub_e7560Ev!
0x00000000000e7630,sub_e7630,496,_ZN7subsdk19sub_e7630Ev!
0x00000000000e7820,sub_e7820,56,_ZN7subsdk19sub_e7820Ev!
0x00000000000e7860,sub_e7860,328,_ZN7subsdk19sub_e7860Ev!
0x00000000000e79b0,sub_e79b0,120,_ZN7subsdk19sub_e79b0Ev!
0x00000000000e7a30,sub_e7a30,152,_ZN7subsdk19sub_e7a30Ev!
0x00000000000e7ad0,sub_e7ad0,36,_ZN7subsdk19sub_e7ad0Ev!
0x00000000000e7b00,sub_e7b00,1884,_ZN7subsdk19sub_e7b00Ev!
0x00000000000e8260,sub_e8260,872,_ZN7subsdk123sub_e8260_subsdk1_e8260Ev!
0x00000000000e85d0,sub_e85d0,916,_ZN7subsdk19sub_e85d0Ev!
0x00000000000e8970,sub_e8970,696,_ZN7subsdk19sub_e8970Ev!
0x00000000000e8c30,sub_e8c30,892,_ZN7subsdk19sub_e8c30Ev!
0x00000000000e8fb0,sub_e8fb0,748,_ZN7subsdk123sub_e8fb0_subsdk1_e8fb0Ev!
0x00000000000e92a0,sub_e92a0,3324,_ZN7subsdk19sub_e92a0Ev!
0x00000000000e9fa0,sub_e9fa0,524,_ZN7subsdk19sub_e9fa0Ev!
0x00000000000ea1b0,sub_ea1b0,396,_ZN7subsdk19sub_ea1b0Ev!
0x00000000000ea340,sub_ea340,692,_ZN7subsdk123sub_ea340_subsdk1_ea340Ev!
0x00000000000ea600,sub_ea600,52,_ZN7subsdk19sub_ea600Ev!
0x00000000000ea640,sub_ea640,484,_ZN7subsdk19sub_ea640Ev!
0x00000000000ea830,sub_ea830,1008,_ZN7subsdk19sub_ea830Ev!
0x00000000000eac20,sub_eac20,1276,_ZN7subsdk123sub_eac20_subsdk1_eac20Ev!
0x00000000000eb120,sub_eb120,176,_ZN7subsdk19sub_eb120Ev!
0x00000000000eb1d0,sub_eb1d0,244,_ZN7subsdk123sub_eb1d0_subsdk1_eb1d0Ev!
0x00000000000eb2d0,sub_eb2d0,240,_ZN7subsdk19sub_eb2d0Ev!
0x00000000000eb3c0,sub_eb3c0,60,_ZN7subsdk19sub_eb3c0Ev!
0x00000000000eb400,sub_eb400,1112,_ZN7subsdk19sub_eb400Ev!
0x00000000000eb860,sub_eb860,616,_ZN7subsdk19sub_eb860Ev!
0x00000000000ebad0,sub_ebad0,92,_ZN7subsdk19sub_ebad0Ev!
0x00000000000ebb30,sub_ebb30,356,_ZN7subsdk19sub_ebb30Ev!
0x00000000000ebca0,sub_ebca0,1752,_ZN7subsdk19sub_ebca0Ev!
0x00000000000ec380,sub_ec380,200,_ZN7subsdk19sub_ec380Ev!
0x00000000000ec450,sub_ec450,496,_ZN7subsdk19sub_ec450Ev!
0x00000000000ec640,sub_ec640,788,_ZN7subsdk19sub_ec640Ev!
0x00000000000ec960,sub_ec960,784,_ZN7subsdk19sub_ec960Ev!
0x00000000000ecc70,sub_ecc70,680,_ZN7subsdk19sub_ecc70Ev!
0x00000000000ecf20,sub_ecf20,840,_ZN7subsdk19sub_ecf20Ev!
0x00000000000ed270,sub_ed270,428,_ZN7subsdk19sub_ed270Ev!
0x00000000000ed420,sub_ed420,464,_ZN7subsdk19sub_ed420Ev!
0x00000000000ed5f0,sub_ed5f0,300,_ZN7subsdk19sub_ed5f0Ev!
0x00000000000ed720,sub_ed720,40,_ZN7subsdk19sub_ed720Ev!
0x00000000000ed750,sub_ed750,668,_ZN7subsdk19sub_ed750Ev!
0x00000000000ed9f0,sub_ed9f0,736,_ZN7subsdk19sub_ed9f0Ev!
0x00000000000edcd0,sub_edcd0,356,_ZN7subsdk123sub_edcd0_subsdk1_edcd0Ev!
0x00000000000ede40,sub_ede40,580,_ZN7subsdk19sub_ede40Ev!
0x00000000000ee090,sub_ee090,1480,_ZN7subsdk19sub_ee090Ev!
0x00000000000ee660,sub_ee660,660,_ZN7subsdk19sub_ee660Ev!
0x00000000000ee900,sub_ee900,376,_ZN7subsdk123sub_ee900_subsdk1_ee900Ev!
0x00000000000eea80,sub_eea80,260,_ZN7subsdk19sub_eea80Ev!
0x00000000000eeb90,sub_eeb90,692,_ZN7subsdk19sub_eeb90Ev!
0x00000000000eee50,sub_eee50,876,_ZN7subsdk19sub_eee50Ev!
0x00000000000ef1c0,sub_ef1c0,432,_ZN7subsdk19sub_ef1c0Ev!
0x00000000000ef370,sub_ef370,312,_ZN7subsdk19sub_ef370Ev!
0x00000000000ef4b0,sub_ef4b0,764,_ZN7subsdk19sub_ef4b0Ev!
0x00000000000ef7b0,sub_ef7b0,1048,_ZN7subsdk19sub_ef7b0Ev!
0x00000000000efbd0,sub_efbd0,572,_ZN7subsdk19sub_efbd0Ev!
0x00000000000efe10,sub_efe10,1036,_ZN7subsdk19sub_efe10Ev!
0x00000000000f0220,sub_f0220,1008,_ZN7subsdk19sub_f0220Ev!
0x00000000000f0610,sub_f0610,1600,_ZN7subsdk19sub_f0610Ev!
0x00000000000f0c50,sub_f0c50,652,_ZN7subsdk19sub_f0c50Ev!
0x00000000000f0ee0,sub_f0ee0,1180,_ZN7subsdk19sub_f0ee0Ev!
0x00000000000f1380,sub_f1380,184,_ZN7subsdk19sub_f1380Ev!
0x00000000000f1440,sub_f1440,572,_ZN7subsdk19sub_f1440Ev!
0x00000000000f1680,sub_f1680,704,_ZN7subsdk19sub_f1680Ev!
0x00000000000f1940,sub_f1940,388,_ZN7subsdk19sub_f1940Ev!
0x00000000000f1ad0,sub_f1ad0,200,_ZN7subsdk19sub_f1ad0Ev!
0x00000000000f1ba0,sub_f1ba0,148,_ZN7subsdk19sub_f1ba0Ev!
0x00000000000f1c40,sub_f1c40,3300,_ZN7subsdk19sub_f1c40Ev!
0x00000000000f2930,sub_f2930,1192,_ZN7subsdk19sub_f2930Ev!
0x00000000000f2de0,sub_f2de0,32,_ZN7subsdk19sub_f2de0Ev!
0x00000000000f2e00,sub_f2e00,2304,_ZN7subsdk19sub_f2e00Ev!
0x00000000000f3700,sub_f3700,568,_ZN7subsdk19sub_f3700Ev!
0x00000000000f3940,sub_f3940,588,_ZN7subsdk19sub_f3940Ev!
0x00000000000f3b90,sub_f3b90,708,_ZN7subsdk123sub_f3b90_subsdk1_f3b90Ev!
0x00000000000f3e60,sub_f3e60,4244,_ZN7subsdk19sub_f3e60Ev!
0x00000000000f4f00,sub_f4f00,304,_ZN7subsdk19sub_f4f00Ev!
0x00000000000f5030,sub_f5030,464,_ZN7subsdk19sub_f5030Ev!
0x00000000000f5200,sub_f5200,628,_ZN7subsdk19sub_f5200Ev!
0x00000000000f5480,sub_f5480,312,_ZN7subsdk19sub_f5480Ev!
0x00000000000f55c0,sub_f55c0,476,_ZN7subsdk19sub_f55c0Ev!
0x00000000000f57a0,sub_f57a0,696,_ZN7subsdk19sub_f57a0Ev!
0x00000000000f5a60,sub_f5a60,380,_ZN7subsdk19sub_f5a60Ev!
0x00000000000f5be0,sub_f5be0,516,_ZN7subsdk19sub_f5be0Ev!
0x00000000000f5df0,sub_f5df0,356,_ZN7subsdk19sub_f5df0Ev!
0x00000000000f5f60,sub_f5f60,612,_ZN7subsdk19sub_f5f60Ev!
0x00000000000f61d0,sub_f61d0,484,_ZN7subsdk19sub_f61d0Ev!
0x00000000000f63c0,sub_f63c0,8048,_ZN7subsdk19sub_f63c0Ev!
0x00000000000f8330,sub_f8330,600,_ZN7subsdk19sub_f8330Ev!
0x00000000000f8590,sub_f8590,2480,_ZN7subsdk19sub_f8590Ev!
0x00000000000f8f40,LoopUnrolling,176,_ZN7subsdk113LoopUnrollingEv!
0x00000000000f8ff0,sub_f8ff0,676,_ZN7subsdk19sub_f8ff0Ev!
0x00000000000f92a0,Pipelining,144,_ZN7subsdk110PipeliningEv!
0x00000000000f9330,sub_f9330,248,_ZN7subsdk19sub_f9330Ev!
0x00000000000f9430,sub_f9430,52,_ZN7subsdk19sub_f9430Ev!
0x00000000000f9470,sub_f9470,40,_ZN7subsdk19sub_f9470Ev!
0x00000000000f94a0,sub_f94a0,12,_Z15subsdk1_f_f94a0Pv
0x00000000000f94b0,sub_f94b0,56,_ZN7subsdk19sub_f94b0Ev!
0x00000000000f94f0,sub_f94f0,84,_ZN7subsdk19sub_f94f0Ev!
0x00000000000f9550,sub_f9550,68,_ZN7subsdk19sub_f9550Ev!
0x00000000000f95a0,sub_f95a0,64,_ZN7subsdk19sub_f95a0Ev!
0x00000000000f95e0,sub_f95e0,92,_ZN7subsdk19sub_f95e0Ev!
0x00000000000f9640,sub_f9640,172,_ZN7subsdk19sub_f9640Ev!
0x00000000000f96f0,sub_f96f0,180,_ZN7subsdk19sub_f96f0Ev!
0x00000000000f97b0,sub_f97b0,52,_ZN7subsdk19sub_f97b0Ev!
0x00000000000f97f0,sub_f97f0,580,_ZN7subsdk19sub_f97f0Ev!
0x00000000000f9a40,sub_f9a40,364,_ZN7subsdk19sub_f9a40Ev!
0x00000000000f9bb0,sub_f9bb0,616,_ZN7subsdk19sub_f9bb0Ev!
0x00000000000f9e20,sub_f9e20,496,_ZN7subsdk19sub_f9e20Ev!
0x00000000000fa010,sub_fa010,204,_ZN7subsdk19sub_fa010Ev!
0x00000000000fa0e0,sub_fa0e0,364,_ZN7subsdk123sub_fa0e0_subsdk1_fa0e0Ev!
0x00000000000fa250,sub_fa250,412,_ZN7subsdk19sub_fa250Ev!
0x00000000000fa3f0,sub_fa3f0,680,_ZN7subsdk19sub_fa3f0Ev!
0x00000000000fa6a0,sub_fa6a0,708,_ZN7subsdk19sub_fa6a0Ev!
0x00000000000fa970,sub_fa970,512,_ZN7subsdk19sub_fa970Ev!
0x00000000000fab70,sub_fab70,408,_ZN7subsdk19sub_fab70Ev!
0x00000000000fad10,sub_fad10,64,_ZN7subsdk19sub_fad10Ev!
0x00000000000fad50,sub_fad50,512,_ZN7subsdk19sub_fad50Ev!
0x00000000000faf50,sub_faf50,1272,_ZN7subsdk19sub_faf50Ev!
0x00000000000fb450,sub_fb450,508,_ZN7subsdk19sub_fb450Ev!
0x00000000000fb650,sub_fb650,4,_Z15subsdk1_f_fb650v
0x00000000000fb660,sub_fb660,6516,_ZN7subsdk19sub_fb660Ev!
0x00000000000fcfe0,sub_fcfe0,220,_ZN7subsdk19sub_fcfe0Ev!
0x00000000000fd0c0,sub_fd0c0,828,_ZN7subsdk19sub_fd0c0Ev!
0x00000000000fd400,sub_fd400,488,_ZN7subsdk19sub_fd400Ev!
0x00000000000fd5f0,sub_fd5f0,324,_ZN7subsdk19sub_fd5f0Ev!
0x00000000000fd740,sub_fd740,4,_Z15subsdk1_f_fd740v
0x00000000000fd750,sub_fd750,732,_ZN7subsdk19sub_fd750Ev!
0x00000000000fda30,sub_fda30,180,_ZN7subsdk19sub_fda30Ev!
0x00000000000fdaf0,sub_fdaf0,28,_Z15subsdk1_f_fdaf0mPv
0x00000000000fdb10,sub_fdb10,100,_ZN7subsdk19sub_fdb10Ev!
0x00000000000fdb80,sub_fdb80,572,_ZN7subsdk19sub_fdb80Ev!
0x00000000000fddc0,sub_fddc0,156,_ZN7subsdk19sub_fddc0Ev!
0x00000000000fde60,sub_fde60,288,_ZN7subsdk19sub_fde60Ev!
0x00000000000fdf80,sub_fdf80,296,_ZN7subsdk19sub_fdf80Ev!
0x00000000000fe0b0,sub_fe0b0,416,_ZN7subsdk19sub_fe0b0Ev!
0x00000000000fe250,sub_fe250,80,_ZN7subsdk19sub_fe250Ev!
0x00000000000fe2a0,sub_fe2a0,1364,_ZN7subsdk19sub_fe2a0Ev!
0x00000000000fe800,sub_fe800,152,_ZN7subsdk19sub_fe800Ev!
0x00000000000fe8a0,sub_fe8a0,28,_ZN7subsdk19sub_fe8a0Ev!
0x00000000000fe8c0,sub_fe8c0,360,_ZN7subsdk19sub_fe8c0Ev!
0x00000000000fea30,sub_fea30,1420,_ZN7subsdk19sub_fea30Ev!
0x00000000000fefc0,sub_fefc0,228,_ZN7subsdk19sub_fefc0Ev!
0x00000000000ff0b0,sub_ff0b0,364,_ZN7subsdk19sub_ff0b0Ev!
0x00000000000ff220,sub_ff220,924,_ZN7subsdk19sub_ff220Ev!
0x00000000000ff5c0,sub_ff5c0,1148,_ZN7subsdk19sub_ff5c0Ev!
0x00000000000ffa40,sub_ffa40,3452,_ZN7subsdk19sub_ffa40Ev!
0x00000000001007c0,sub_1007c0,1076,_ZN7subsdk110sub_1007c0Ev!
0x0000000000100c00,sub_100c00,492,_ZN7subsdk125sub_100c00_subsdk1_100c00Ev!
0x0000000000100df0,sub_100df0,1408,_ZN7subsdk110sub_100df0Ev!
0x0000000000101370,sub_101370,448,_ZN7subsdk110sub_101370Ev!
0x0000000000101530,sub_101530,1536,_ZN7subsdk110sub_101530Ev!
0x0000000000101b30,sub_101b30,324,_ZN7subsdk110sub_101b30Ev!
0x0000000000101c80,sub_101c80,48,_ZN7subsdk110sub_101c80Ev!
0x0000000000101cb0,sub_101cb0,4,_Z16subsdk1_f_101cb0v
0x0000000000101cc0,sub_101cc0,8,_Z16subsdk1_f_101cc0v
0x0000000000101cd0,sub_101cd0,8,_Z16subsdk1_f_101cd0v
0x0000000000101ce0,sub_101ce0,8,_Z16subsdk1_f_101ce0v
0x0000000000101cf0,sub_101cf0,4,_Z16subsdk1_f_101cf0v
0x0000000000101d00,sub_101d00,8,_Z16subsdk1_f_101d00v
0x0000000000101d10,sub_101d10,4,_Z16subsdk1_f_101d10v
0x0000000000101d20,sub_101d20,8,_Z16subsdk1_f_101d20v
0x0000000000101d30,sub_101d30,8,_Z16subsdk1_f_101d30v
0x0000000000101d40,sub_101d40,8,_Z16subsdk1_f_101d40v
0x0000000000101d50,sub_101d50,8,_Z16subsdk1_f_101d50v
0x0000000000101d60,sub_101d60,8,_Z16subsdk1_f_101d60v
0x0000000000101d70,sub_101d70,8,_Z16subsdk1_f_101d70v
0x0000000000101d80,sub_101d80,8,_Z16subsdk1_f_101d80mj
0x0000000000101d90,sub_101d90,4,_Z16subsdk1_f_101d90v
0x0000000000101da0,sub_101da0,20,_Z16subsdk1_f_101da0mPv
0x0000000000101dc0,sub_101dc0,20,_Z16subsdk1_f_101dc0mPv
0x0000000000101de0,sub_101de0,40,_ZN7subsdk110sub_101de0Ev!
0x0000000000101e10,sub_101e10,8,_Z16subsdk1_f_101e10v
0x0000000000101e20,sub_101e20,8,_Z16subsdk1_f_101e20v
0x0000000000101e30,sub_101e30,272,_ZN7subsdk110sub_101e30Ev!
0x0000000000101f40,sub_101f40,568,_ZN7subsdk110sub_101f40Ev!
0x0000000000102180,sub_102180,176,_ZN7subsdk110sub_102180Ev!
0x0000000000102230,texture_d,100,_ZN7subsdk19texture_dEv!
0x00000000001022a0,REG_d,652,_ZN7subsdk15REG_dEv!
0x0000000000102530,OBJECT,400,_ZN7subsdk16OBJECTEv!
0x00000000001026c0,STATE,2048,_ZN7subsdk15STATEEv!
0x0000000000102ec0,sub_102ec0,324,_ZN7subsdk110sub_102ec0Ev!
0x0000000000103010,sub_103010,44,_ZN7subsdk125sub_103010_subsdk1_103010Ev!
0x0000000000103040,STATE_2,372,_ZN7subsdk17STATE_2Ev!
0x00000000001031c0,sub_1031c0,4,_Z16subsdk1_f_1031c0v
0x00000000001031d0,sub_1031d0,304,_ZN7subsdk110sub_1031d0Ev!
0x0000000000103300,s_ROW_d,564,_ZN7subsdk17s_ROW_dEv!
0x0000000000103540,sub_103540,344,_ZN7subsdk110sub_103540Ev!
0x00000000001036a0,sub_1036a0,232,_ZN7subsdk110sub_1036a0Ev!
0x0000000000103790,sub_103790,84,_ZN7subsdk110sub_103790Ev!
0x00000000001037f0,sub_1037f0,228,_ZN7subsdk110sub_1037f0Ev!
0x00000000001038e0,OPTION_ATI_draw_buffers,164,_ZN7subsdk123OPTION_ATI_draw_buffersEv!
0x0000000000103990,sub_103990,136,_ZN7subsdk110sub_103990Ev!
0x0000000000103a20,sub_103a20,328,_ZN7subsdk110sub_103a20Ev!
0x0000000000103b70,sub_103b70,112,_ZN7subsdk110sub_103b70Ev!
0x0000000000103be0,sub_103be0,392,_ZN7subsdk110sub_103be0Ev!
0x0000000000103d70,sub_103d70,132,_Z16subsdk1_f_103d70Pv
0x0000000000103e00,result,3756,_ZN7subsdk16resultEv!
0x0000000000104cb0,secondaryposition,744,_ZN7subsdk117secondarypositionEv!
0x0000000000104fa0,ssemantic_2,384,_ZN7subsdk111ssemantic_2Ev!
0x0000000000105120,sbindlessoff_0x_x_0x_x_0x_x,316,_ZN7subsdk127sbindlessoff_0x_x_0x_x_0x_xEv!
0x0000000000105260,unnamed_5,2472,_ZN7subsdk124unnamed_5_subsdk1_105260Ev!
0x0000000000105c10,unnamed_6,276,_ZN7subsdk124unnamed_6_subsdk1_105c10Ev!
0x0000000000105d30,unnamed_7,500,_ZN7subsdk124unnamed_7_subsdk1_105d30Ev!
0x0000000000105f30,sub_105f30,116,_ZN7subsdk110sub_105f30Ev!
0x0000000000105fb0,sub_105fb0,108,_ZN7subsdk110sub_105fb0Ev!
0x0000000000106020,sdefault_s_2,812,_ZN7subsdk112sdefault_s_2Ev!
0x0000000000106350,program_subroutine__d,264,_ZN7subsdk121program_subroutine__dEv!
0x0000000000106460,unnamed_8,760,_ZN7subsdk124unnamed_8_subsdk1_106460Ev!
0x0000000000106760,sub_106760,4,_Z16subsdk1_f_106760v
0x0000000000106770,sub_106770,4,_Z16subsdk1_f_106770v
0x0000000000106780,sub_106780,4,_Z16subsdk1_f_106780v
0x0000000000106790,buf_d,3444,_ZN7subsdk15buf_dEv!
0x0000000000107510,sub_107510,288,_ZN7subsdk110sub_107510Ev!
0x0000000000107630,pointsize,3416,_ZN7subsdk19pointsizeEv!
0x0000000000108390,sub_108390,140,_ZN7subsdk110sub_108390Ev!
0x0000000000108420,sub_108420,136,_ZN7subsdk110sub_108420Ev!
0x00000000001084b0,sub_1084b0,16,_ZN7subsdk110sub_1084b0Ev!
0x00000000001084c0,TGBALLOT,1560,_ZN7subsdk18TGBALLOTEv!
0x0000000000108ae0,TGBALLOT_2,1028,_ZN7subsdk110TGBALLOT_2Ev!
0x0000000000108ef0,sub_108ef0,20,_Z16subsdk1_f_108ef0mPv
0x0000000000108f10,sub_108f10,84,_ZN7subsdk110sub_108f10Ev!
0x0000000000108f70,sub_108f70,536,_ZN7subsdk110sub_108f70Ev!
0x0000000000109190,sub_109190,360,_ZN7subsdk110sub_109190Ev!
0x0000000000109300,LODCLAMP,3288,_ZN7subsdk18LODCLAMPEv!
0x0000000000109fe0,sub_109fe0,260,_ZN7subsdk110sub_109fe0Ev!
0x000000000010a0f0,buf0_s_s,272,_ZN7subsdk18buf0_s_sEv!
0x000000000010a200,EXTERNAL,11992,_ZN7subsdk18EXTERNALEv!
0x000000000010d0e0,sub_10d0e0,568,_ZN7subsdk110sub_10d0e0Ev!
0x000000000010d320,unnamed_9,220,_ZN7subsdk124unnamed_9_subsdk1_10d320Ev!
0x000000000010d400,sub_10d400,356,_ZN7subsdk110sub_10d400Ev!
0x000000000010d570,sub_10d570,368,_ZN7subsdk125sub_10d570_subsdk1_10d570Ev!
0x000000000010d6e0,CBUFFER,452,_ZN7subsdk17CBUFFEREv!
0x000000000010d8b0,COUNTER_atomic_counter_d_program_counter_d,392,_ZN7subsdk142COUNTER_atomic_counter_d_program_counter_dEv!
0x000000000010da40,sub_10da40,64,_ZN7subsdk110sub_10da40Ev!
0x000000000010da80,NOPERSPECTIVE_2,3264,_ZN7subsdk115NOPERSPECTIVE_2Ev!
0x000000000010e740,d_D_regs,300,_ZN7subsdk18d_D_regsEv!
0x000000000010e870,OPTION_NV_internal,96,_ZN7subsdk118OPTION_NV_internalEv!
0x000000000010e8d0,sub_10e8d0,108,_ZN7subsdk110sub_10e8d0Ev!
0x000000000010e940,sub_10e940,96,_ZN7subsdk110sub_10e940Ev!
0x000000000010e9a0,sub_10e9a0,108,_ZN7subsdk125sub_10e9a0_subsdk1_10e9a0Ev!
0x000000000010ea10,sub_10ea10,84,_ZN7subsdk110sub_10ea10Ev!
0x000000000010ea70,sub_10ea70,108,_ZN7subsdk110sub_10ea70Ev!
0x000000000010eae0,sub_10eae0,80,_ZN7subsdk110sub_10eae0Ev!
0x000000000010eb30,sub_10eb30,108,_ZN7subsdk110sub_10eb30Ev!
0x000000000010eba0,sub_10eba0,84,_ZN7subsdk110sub_10eba0Ev!
0x000000000010ec00,LONGTEMPARRAY,2124,_ZN7subsdk113LONGTEMPARRAYEv!
0x000000000010f450,sub_10f450,268,_ZN7subsdk110sub_10f450Ev!
0x000000000010f560,sub_10f560,8,_Z16subsdk1_f_10f560mmmmmm
0x000000000010f570,sub_10f570,4,_Z16subsdk1_f_10f570v
0x000000000010f580,sub_10f580,4,_Z16subsdk1_f_10f580v
0x000000000010f590,sub_10f590,4,_Z16subsdk1_f_10f590v
0x000000000010f5a0,sub_10f5a0,308,_ZN7subsdk125sub_10f5a0_subsdk1_10f5a0Ev!
0x000000000010f6e0,sub_10f6e0,140,_ZN7subsdk110sub_10f6e0Ev!
0x000000000010f770,sub_10f770,308,_ZN7subsdk110sub_10f770Ev!
0x000000000010f8b0,sub_10f8b0,304,_ZN7subsdk125sub_10f8b0_subsdk1_10f8b0Ev!
0x000000000010f9e0,sub_10f9e0,48,_ZN7subsdk125sub_10f9e0_subsdk1_10f9e0Ev!
0x000000000010fa10,sub_10fa10,28,_ZN7subsdk110sub_10fa10Ev!
0x000000000010fa30,sub_10fa30,32,_ZN7subsdk110sub_10fa30Ev!
0x000000000010fa50,sub_10fa50,112,_ZN7subsdk110sub_10fa50Ev!
0x000000000010fac0,sub_10fac0,256,_ZN7subsdk110sub_10fac0Ev!
0x000000000010fbc0,sub_10fbc0,84,_ZN7subsdk110sub_10fbc0Ev!
0x000000000010fc20,FORMATTED,720,_ZN7subsdk19FORMATTEDEv!
0x000000000010fef0,sub_10fef0,1264,_ZN7subsdk110sub_10fef0Ev!
0x00000000001103e0,sub_1103e0,60,_ZN7subsdk125sub_1103e0_subsdk1_1103e0Ev!
0x0000000000110420,sub_110420,56,_ZN7subsdk110sub_110420Ev!
0x0000000000110460,sub_110460,16,_Z16subsdk1_f_110460mPv
0x0000000000110470,sub_110470,12,_Z16subsdk1_f_110470mPv
0x0000000000110480,sub_110480,20,_ZN7subsdk110sub_110480Ev!
0x00000000001104a0,sub_1104a0,140,_ZN7subsdk125sub_1104a0_subsdk1_1104a0Ev!
0x0000000000110530,combined_use_of_gl_ClipDistance_and_gl_CullDistance_grea,852,_ZN7subsdk156combined_use_of_gl_ClipDistance_and_gl_CullDistance_greaEv!
0x0000000000110890,sub_110890,384,_ZN7subsdk110sub_110890Ev!
0x0000000000110a10,sub_110a10,436,_ZN7subsdk110sub_110a10Ev!
0x0000000000110bd0,sub_110bd0,344,_ZN7subsdk125sub_110bd0_subsdk1_110bd0Ev!
0x0000000000110d30,sub_110d30,4,_Z16subsdk1_f_110d30v
0x0000000000110d40,inconsitent_use_of_semantic_modifiers_s_and_s,444,_ZN7subsdk145inconsitent_use_of_semantic_modifiers_s_and_sEv!
0x0000000000110f00,sub_110f00,256,_ZN7subsdk110sub_110f00Ev!
0x0000000000111000,sub_111000,456,_ZN7subsdk110sub_111000Ev!
0x00000000001111d0,sub_1111d0,856,_ZN7subsdk110sub_1111d0Ev!
0x0000000000111530,sub_111530,112,_ZN7subsdk110sub_111530Ev!
0x00000000001115a0,sub_1115a0,612,_ZN7subsdk110sub_1115a0Ev!
0x0000000000111810,sub_111810,676,_ZN7subsdk110sub_111810Ev!
0x0000000000111ac0,sub_111ac0,280,_ZN7subsdk110sub_111ac0Ev!
0x0000000000111be0,profileoption_NV_shader_buffer_load_required,256,_ZN7subsdk144profileoption_NV_shader_buffer_load_requiredEv!
0x0000000000111ce0,sub_111ce0,100,_ZN7subsdk110sub_111ce0Ev!
0x0000000000111d50,sub_111d50,156,_ZN7subsdk110sub_111d50Ev!
0x0000000000111df0,sub_111df0,8,_Z16subsdk1_f_111df0jj
0x0000000000111e00,sub_111e00,32,_ZN7subsdk110sub_111e00Ev!
0x0000000000111e20,sub_111e20,28,_ZN7subsdk110sub_111e20Ev!
0x0000000000111e40,sub_111e40,64,_ZN7subsdk110sub_111e40Ev!
0x0000000000111e80,sub_111e80,96,_ZN7subsdk110sub_111e80Ev!
0x0000000000111ee0,sub_111ee0,84,_ZN7subsdk110sub_111ee0Ev!
0x0000000000111f40,sub_111f40,84,_ZN7subsdk110sub_111f40Ev!
0x0000000000111fa0,sub_111fa0,8,_Z16subsdk1_f_111fa0v
0x0000000000111fb0,sub_111fb0,188,_ZN7subsdk110sub_111fb0Ev!
0x0000000000112070,sub_112070,104,_ZN7subsdk110sub_112070Ev!
0x00000000001120e0,sub_1120e0,36,_ZN7subsdk110sub_1120e0Ev!
0x0000000000112110,sub_112110,8,_Z16subsdk1_f_112110v
0x0000000000112120,sub_112120,136,_ZN7subsdk110sub_112120Ev!
0x00000000001121b0,sub_1121b0,80,_ZN7subsdk110sub_1121b0Ev!
0x0000000000112200,sub_112200,24,_ZN7subsdk110sub_112200Ev!
0x0000000000112220,sub_112220,12,_ZN7subsdk110sub_112220Ev!
0x0000000000112230,too_many_subroutines_limit_d,100,_ZN7subsdk128too_many_subroutines_limit_dEv!
0x00000000001122a0,too_many_subroutines_limit_d_2,160,_ZN7subsdk130too_many_subroutines_limit_d_2Ev!
0x0000000000112340,sub_112340,48,_ZN7subsdk110sub_112340Ev!
0x0000000000112370,sub_112370,16,_ZN7subsdk110sub_112370Ev!
0x0000000000112380,sub_112380,16,_Z16subsdk1_f_112380mmPv
0x0000000000112390,sub_112390,16,_ZN7subsdk110sub_112390Ev!
0x00000000001123a0,sub_1123a0,80,_ZN7subsdk110sub_1123a0Ev!
0x00000000001123f0,sub_1123f0,28,_ZN7subsdk110sub_1123f0Ev!
0x0000000000112410,sub_112410,304,_ZN7subsdk110sub_112410Ev!
0x0000000000112540,sub_112540,80,_ZN7subsdk110sub_112540Ev!
0x0000000000112590,sub_112590,100,_ZN7subsdk110sub_112590Ev!
0x0000000000112600,sub_112600,196,_ZN7subsdk110sub_112600Ev!
0x00000000001126d0,sub_1126d0,248,_ZN7subsdk110sub_1126d0Ev!
0x00000000001127d0,sub_1127d0,4,_Z16subsdk1_f_1127d0v
0x00000000001127e0,sub_1127e0,52,_ZN7subsdk110sub_1127e0Ev!
0x0000000000112820,sub_112820,164,_ZN7subsdk110sub_112820Ev!
0x00000000001128d0,sub_1128d0,112,_ZN7subsdk110sub_1128d0Ev!
0x0000000000112940,sub_112940,764,_ZN7subsdk110sub_112940Ev!
0x0000000000112c40,sub_112c40,128,_ZN7subsdk125sub_112c40_subsdk1_112c40Ev!
0x0000000000112cc0,sub_112cc0,604,_ZN7subsdk110sub_112cc0Ev!
0x0000000000112f20,sub_112f20,1476,_ZN7subsdk110sub_112f20Ev!
0x00000000001134f0,sub_1134f0,40,_ZN7subsdk125sub_1134f0_subsdk1_1134f0Ev!
0x0000000000113520,sub_113520,300,_ZN7subsdk125sub_113520_subsdk1_113520Ev!
0x0000000000113650,sub_113650,352,_ZN7subsdk125sub_113650_subsdk1_113650Ev!
0x00000000001137b0,sub_1137b0,1324,_ZN7subsdk125sub_1137b0_subsdk1_1137b0Ev!
0x0000000000113ce0,sub_113ce0,264,_ZN7subsdk125sub_113ce0_subsdk1_113ce0Ev!
0x0000000000113df0,sub_113df0,136,_ZN7subsdk125sub_113df0_subsdk1_113df0Ev!
0x0000000000113e80,sub_113e80,92,_ZN7subsdk110sub_113e80Ev!
0x0000000000113ee0,sub_113ee0,500,_ZN7subsdk110sub_113ee0Ev!
0x00000000001140e0,sub_1140e0,284,_ZN7subsdk125sub_1140e0_subsdk1_1140e0Ev!
0x0000000000114200,sub_114200,160,_ZN7subsdk110sub_114200Ev!
0x00000000001142a0,sub_1142a0,1508,_ZN7subsdk110sub_1142a0Ev!
0x0000000000114890,sub_114890,84,_ZN7subsdk125sub_114890_subsdk1_114890Ev!
0x00000000001148f0,sub_1148f0,64,_ZN7subsdk110sub_1148f0Ev!
0x0000000000114930,sub_114930,24,_ZN7subsdk110sub_114930Ev!
0x0000000000114950,sub_114950,196,_ZN7subsdk110sub_114950Ev!
0x0000000000114a20,sub_114a20,200,_ZN7subsdk125sub_114a20_subsdk1_114a20Ev!
0x0000000000114af0,sub_114af0,168,_ZN7subsdk110sub_114af0Ev!
0x0000000000114ba0,sub_114ba0,812,_ZN7subsdk110sub_114ba0Ev!
0x0000000000114ed0,sub_114ed0,460,_ZN7subsdk110sub_114ed0Ev!
0x00000000001150a0,sub_1150a0,3720,_ZN7subsdk125sub_1150a0_subsdk1_1150a0Ev!
0x0000000000115f30,sub_115f30,1364,_ZN7subsdk125sub_115f30_subsdk1_115f30Ev!
0x0000000000116490,sub_116490,512,_ZN7subsdk110sub_116490Ev!
0x0000000000116690,sub_116690,412,_ZN7subsdk110sub_116690Ev!
0x0000000000116830,sub_116830,280,_ZN7subsdk110sub_116830Ev!
0x0000000000116950,sub_116950,484,_ZN7subsdk110sub_116950Ev!
0x0000000000116b40,sub_116b40,556,_ZN7subsdk125sub_116b40_subsdk1_116b40Ev!
0x0000000000116d70,sub_116d70,1464,_ZN7subsdk110sub_116d70Ev!
0x0000000000117330,sub_117330,108,_ZN7subsdk110sub_117330Ev!
0x00000000001173a0,sub_1173a0,96,_ZN7subsdk110sub_1173a0Ev!
0x0000000000117400,sub_117400,108,_ZN7subsdk125sub_117400_subsdk1_117400Ev!
0x0000000000117470,sub_117470,376,_ZN7subsdk125sub_117470_subsdk1_117470Ev!
0x00000000001175f0,sub_1175f0,244,_ZN7subsdk110sub_1175f0Ev!
0x00000000001176f0,sub_1176f0,232,_ZN7subsdk110sub_1176f0Ev!
0x00000000001177e0,sub_1177e0,232,_ZN7subsdk110sub_1177e0Ev!
0x00000000001178d0,sub_1178d0,88,_ZN7subsdk125sub_1178d0_subsdk1_1178d0Ev!
0x0000000000117930,sub_117930,220,_ZN7subsdk125sub_117930_subsdk1_117930Ev!
0x0000000000117a10,sub_117a10,508,_ZN7subsdk110sub_117a10Ev!
0x0000000000117c10,sub_117c10,232,_ZN7subsdk125sub_117c10_subsdk1_117c10Ev!
0x0000000000117d00,sub_117d00,372,_ZN7subsdk125sub_117d00_subsdk1_117d00Ev!
0x0000000000117e80,sub_117e80,364,_ZN7subsdk110sub_117e80Ev!
0x0000000000117ff0,sub_117ff0,664,_ZN7subsdk125sub_117ff0_subsdk1_117ff0Ev!
0x0000000000118290,sub_118290,44,_ZN7subsdk125sub_118290_subsdk1_118290Ev!
0x00000000001182c0,sub_1182c0,320,_ZN7subsdk110sub_1182c0Ev!
0x0000000000118400,sub_118400,44,_Z16subsdk1_f_118400PvS_
0x0000000000118430,sub_118430,224,_ZN7subsdk110sub_118430Ev!
0x0000000000118510,sub_118510,392,_ZN7subsdk110sub_118510Ev!
0x00000000001186a0,sub_1186a0,444,_ZN7subsdk110sub_1186a0Ev!
0x0000000000118860,sub_118860,364,_ZN7subsdk110sub_118860Ev!
0x00000000001189d0,sub_1189d0,668,_ZN7subsdk110sub_1189d0Ev!
0x0000000000118c70,sub_118c70,260,_ZN7subsdk110sub_118c70Ev!
0x0000000000118d80,sub_118d80,188,_ZN7subsdk110sub_118d80Ev!
0x0000000000118e40,sub_118e40,52,_ZN7subsdk110sub_118e40Ev!
0x0000000000118e80,sub_118e80,616,_ZN7subsdk110sub_118e80Ev!
0x00000000001190f0,sub_1190f0,340,_ZN7subsdk110sub_1190f0Ev!
0x0000000000119250,sub_119250,416,_ZN7subsdk110sub_119250Ev!
0x00000000001193f0,sub_1193f0,552,_ZN7subsdk110sub_1193f0Ev!
0x0000000000119620,sub_119620,456,_ZN7subsdk110sub_119620Ev!
0x00000000001197f0,sub_1197f0,152,_ZN7subsdk110sub_1197f0Ev!
0x0000000000119890,sub_119890,448,_ZN7subsdk110sub_119890Ev!
0x0000000000119a50,sub_119a50,380,_ZN7subsdk110sub_119a50Ev!
0x0000000000119bd0,sub_119bd0,1088,_ZN7subsdk110sub_119bd0Ev!
0x000000000011a010,sub_11a010,204,_ZN7subsdk110sub_11a010Ev!
0x000000000011a0e0,sub_11a0e0,496,_ZN7subsdk110sub_11a0e0Ev!
0x000000000011a2d0,sub_11a2d0,452,_ZN7subsdk110sub_11a2d0Ev!
0x000000000011a4a0,sub_11a4a0,764,_ZN7subsdk110sub_11a4a0Ev!
0x000000000011a7a0,sub_11a7a0,632,_ZN7subsdk110sub_11a7a0Ev!
0x000000000011aa20,sub_11aa20,2756,_ZN7subsdk110sub_11aa20Ev!
0x000000000011b4f0,sub_11b4f0,5660,_ZN7subsdk125sub_11b4f0_subsdk1_11b4f0Ev!
0x000000000011cb10,sub_11cb10,36,_ZN7subsdk110sub_11cb10Ev!
0x000000000011cb40,sub_11cb40,64,_ZN7subsdk125sub_11cb40_subsdk1_11cb40Ev!
0x000000000011cb80,sub_11cb80,16,_ZN7subsdk125sub_11cb80_subsdk1_11cb80Ev!
0x000000000011cb90,sub_11cb90,36,_ZN7subsdk125sub_11cb90_subsdk1_11cb90Ev!
0x000000000011cbc0,sub_11cbc0,72,_ZN7subsdk110sub_11cbc0Ev!
0x000000000011cc10,sub_11cc10,68,_ZN7subsdk110sub_11cc10Ev!
0x000000000011cc60,sub_11cc60,76,_ZN7subsdk110sub_11cc60Ev!
0x000000000011ccb0,sub_11ccb0,684,_ZN7subsdk110sub_11ccb0Ev!
0x000000000011cf60,sub_11cf60,348,_ZN7subsdk110sub_11cf60Ev!
0x000000000011d0c0,sub_11d0c0,532,_ZN7subsdk110sub_11d0c0Ev!
0x000000000011d2e0,sub_11d2e0,92,_ZN7subsdk125sub_11d2e0_subsdk1_11d2e0Ev!
0x000000000011d340,sub_11d340,56,_ZN7subsdk110sub_11d340Ev!
0x000000000011d380,sub_11d380,20,_ZN7subsdk125sub_11d380_subsdk1_11d380Ev!
0x000000000011d3a0,sub_11d3a0,48,_ZN7subsdk125sub_11d3a0_subsdk1_11d3a0Ev!
0x000000000011d3d0,sub_11d3d0,348,_ZN7subsdk125sub_11d3d0_subsdk1_11d3d0Ev!
0x000000000011d530,sub_11d530,124,_ZN7subsdk125sub_11d530_subsdk1_11d530Ev!
0x000000000011d5b0,sub_11d5b0,272,_ZN7subsdk110sub_11d5b0Ev!
0x000000000011d6c0,sub_11d6c0,324,_ZN7subsdk110sub_11d6c0Ev!
0x000000000011d810,sub_11d810,20,_ZN7subsdk110sub_11d810Ev!
0x000000000011d830,sub_11d830,84,_ZN7subsdk110sub_11d830Ev!
0x000000000011d890,sub_11d890,216,_ZN7subsdk110sub_11d890Ev!
0x000000000011d970,sub_11d970,948,_ZN7subsdk110sub_11d970Ev!
0x000000000011dd30,sub_11dd30,332,_ZN7subsdk125sub_11dd30_subsdk1_11dd30Ev!
0x000000000011de80,sub_11de80,188,_ZN7subsdk125sub_11de80_subsdk1_11de80Ev!
0x000000000011df40,sub_11df40,248,_ZN7subsdk110sub_11df40Ev!
0x000000000011e040,sub_11e040,204,_ZN7subsdk125sub_11e040_subsdk1_11e040Ev!
0x000000000011e110,sub_11e110,104,_ZN7subsdk125sub_11e110_subsdk1_11e110Ev!
0x000000000011e180,sub_11e180,124,_ZN7subsdk125sub_11e180_subsdk1_11e180Ev!
0x000000000011e200,sub_11e200,124,_ZN7subsdk125sub_11e200_subsdk1_11e200Ev!
0x000000000011e280,sub_11e280,264,_ZN7subsdk125sub_11e280_subsdk1_11e280Ev!
0x000000000011e390,sub_11e390,348,_ZN7subsdk110sub_11e390Ev!
0x000000000011e4f0,sub_11e4f0,424,_ZN7subsdk125sub_11e4f0_subsdk1_11e4f0Ev!
0x000000000011e6a0,sub_11e6a0,428,_ZN7subsdk125sub_11e6a0_subsdk1_11e6a0Ev!
0x000000000011e850,sub_11e850,272,_ZN7subsdk110sub_11e850Ev!
0x000000000011e960,sub_11e960,84,_ZN7subsdk125sub_11e960_subsdk1_11e960Ev!
0x000000000011e9c0,sub_11e9c0,324,_ZN7subsdk110sub_11e9c0Ev!
0x000000000011eb10,sub_11eb10,256,_ZN7subsdk110sub_11eb10Ev!
0x000000000011ec10,sub_11ec10,880,_ZN7subsdk125sub_11ec10_subsdk1_11ec10Ev!
0x000000000011ef80,sub_11ef80,316,_ZN7subsdk110sub_11ef80Ev!
0x000000000011f0c0,sub_11f0c0,296,_ZN7subsdk125sub_11f0c0_subsdk1_11f0c0Ev!
0x000000000011f1f0,sub_11f1f0,28,_ZN7subsdk110sub_11f1f0Ev!
0x000000000011f210,sub_11f210,256,_ZN7subsdk125sub_11f210_subsdk1_11f210Ev!
0x000000000011f310,sub_11f310,124,_ZN7subsdk125sub_11f310_subsdk1_11f310Ev!
0x000000000011f390,sub_11f390,2756,_ZN7subsdk125sub_11f390_subsdk1_11f390Ev!
0x000000000011fe60,sub_11fe60,384,_ZN7subsdk110sub_11fe60Ev!
0x000000000011ffe0,sub_11ffe0,56,_ZN7subsdk110sub_11ffe0Ev!
0x0000000000120020,sub_120020,92,_ZN7subsdk110sub_120020Ev!
0x0000000000120080,sub_120080,1072,_ZN7subsdk110sub_120080Ev!
0x00000000001204b0,sub_1204b0,172,_ZN7subsdk110sub_1204b0Ev!
0x0000000000120560,sub_120560,88,_ZN7subsdk110sub_120560Ev!
0x00000000001205c0,sub_1205c0,112,_ZN7subsdk125sub_1205c0_subsdk1_1205c0Ev!
0x0000000000120630,sub_120630,564,_ZN7subsdk125sub_120630_subsdk1_120630Ev!
0x0000000000120870,sub_120870,744,_ZN7subsdk125sub_120870_subsdk1_120870Ev!
0x0000000000120b60,sub_120b60,972,_ZN7subsdk110sub_120b60Ev!
0x0000000000120f30,sub_120f30,1360,_ZN7subsdk110sub_120f30Ev!
0x0000000000121480,sub_121480,1300,_ZN7subsdk110sub_121480Ev!
0x00000000001219a0,sub_1219a0,428,_ZN7subsdk110sub_1219a0Ev!
0x0000000000121b50,sub_121b50,232,_ZN7subsdk110sub_121b50Ev!
0x0000000000121c40,sub_121c40,264,_ZN7subsdk110sub_121c40Ev!
0x0000000000121d50,sub_121d50,296,_ZN7subsdk125sub_121d50_subsdk1_121d50Ev!
0x0000000000121e80,sub_121e80,240,_ZN7subsdk110sub_121e80Ev!
0x0000000000121f70,sub_121f70,396,_ZN7subsdk110sub_121f70Ev!
0x0000000000122100,sub_122100,816,_ZN7subsdk110sub_122100Ev!
0x0000000000122430,sub_122430,12,_Z16subsdk1_f_122430mmj
0x0000000000122440,sub_122440,2372,_ZN7subsdk110sub_122440Ev!
0x0000000000122d90,sub_122d90,400,_ZN7subsdk110sub_122d90Ev!
0x0000000000122f20,sub_122f20,340,_ZN7subsdk110sub_122f20Ev!
0x0000000000123080,sub_123080,604,_ZN7subsdk125sub_123080_subsdk1_123080Ev!
0x00000000001232e0,sub_1232e0,24,_ZN7subsdk125sub_1232e0_subsdk1_1232e0Ev!
0x0000000000123300,sub_123300,236,_ZN7subsdk110sub_123300Ev!
0x00000000001233f0,sub_1233f0,300,_ZN7subsdk110sub_1233f0Ev!
0x0000000000123520,sub_123520,360,_ZN7subsdk110sub_123520Ev!
0x0000000000123690,sub_123690,56,_ZN7subsdk110sub_123690Ev!
0x00000000001236d0,sub_1236d0,60,_ZN7subsdk110sub_1236d0Ev!
0x0000000000123710,sub_123710,512,_ZN7subsdk110sub_123710Ev!
0x0000000000123910,sub_123910,232,_ZN7subsdk110sub_123910Ev!
0x0000000000123a00,sub_123a00,516,_ZN7subsdk110sub_123a00Ev!
0x0000000000123c10,sub_123c10,48,_ZN7subsdk125sub_123c10_subsdk1_123c10Ev!
0x0000000000123c40,sub_123c40,24,_ZN7subsdk110sub_123c40Ev!
0x0000000000123c60,sub_123c60,8,_Z16subsdk1_f_123c60Pv
0x0000000000123c70,sub_123c70,240,_ZN7subsdk110sub_123c70Ev!
0x0000000000123d60,sub_123d60,240,_ZN7subsdk110sub_123d60Ev!
0x0000000000123e50,rel_dyn_end,7396,_ZN7subsdk111rel_dyn_endEv!
0x0000000000125b40,sub_125b40,1280,_ZN7subsdk110sub_125b40Ev!
0x0000000000126040,sub_126040,1016,_ZN7subsdk110sub_126040Ev!
0x0000000000126440,sub_126440,504,_ZN7subsdk110sub_126440Ev!
0x0000000000126640,sub_126640,836,_ZN7subsdk110sub_126640Ev!
0x0000000000126990,sub_126990,516,_ZN7subsdk110sub_126990Ev!
0x0000000000126ba0,sub_126ba0,592,_ZN7subsdk110sub_126ba0Ev!
0x0000000000126df0,sub_126df0,52,_ZN7subsdk110sub_126df0Ev!
0x0000000000126e30,sub_126e30,124,_ZN7subsdk110sub_126e30Ev!
0x0000000000126eb0,sub_126eb0,68,_ZN7subsdk110sub_126eb0Ev!
0x0000000000126f00,sub_126f00,756,_ZN7subsdk110sub_126f00Ev!
0x0000000000127200,sub_127200,616,_ZN7subsdk110sub_127200Ev!
0x0000000000127470,sub_127470,384,_ZN7subsdk110sub_127470Ev!
0x00000000001275f0,sub_1275f0,588,_ZN7subsdk110sub_1275f0Ev!
0x0000000000127840,sub_127840,156,_ZN7subsdk110sub_127840Ev!
0x00000000001278e0,sub_1278e0,336,_ZN7subsdk110sub_1278e0Ev!
0x0000000000127a30,sub_127a30,368,_ZN7subsdk110sub_127a30Ev!
0x0000000000127ba0,sub_127ba0,184,_ZN7subsdk110sub_127ba0Ev!
0x0000000000127c60,sub_127c60,292,_ZN7subsdk110sub_127c60Ev!
0x0000000000127d90,sub_127d90,1216,_ZN7subsdk125sub_127d90_subsdk1_127d90Ev!
0x0000000000128250,sub_128250,620,_ZN7subsdk110sub_128250Ev!
0x00000000001284c0,sub_1284c0,124,_ZN7subsdk125sub_1284c0_subsdk1_1284c0Ev!
0x0000000000128540,sub_128540,112,_ZN7subsdk125sub_128540_subsdk1_128540Ev!
0x00000000001285b0,sub_1285b0,360,_ZN7subsdk110sub_1285b0Ev!
0x0000000000128720,sub_128720,596,_ZN7subsdk110sub_128720Ev!
0x0000000000128980,sub_128980,1908,_ZN7subsdk110sub_128980Ev!
0x0000000000129100,sub_129100,328,_ZN7subsdk110sub_129100Ev!
0x0000000000129250,sub_129250,436,_ZN7subsdk110sub_129250Ev!
0x0000000000129410,sub_129410,236,_ZN7subsdk110sub_129410Ev!
0x0000000000129500,sub_129500,328,_ZN7subsdk110sub_129500Ev!
0x0000000000129650,sub_129650,380,_ZN7subsdk110sub_129650Ev!
0x00000000001297d0,sub_1297d0,3040,_ZN7subsdk125sub_1297d0_subsdk1_1297d0Ev!
0x000000000012a3b0,sub_12a3b0,88,_ZN7subsdk125sub_12a3b0_subsdk1_12a3b0Ev!
0x000000000012a410,sub_12a410,92,_ZN7subsdk110sub_12a410Ev!
0x000000000012a470,sub_12a470,420,_ZN7subsdk125sub_12a470_subsdk1_12a470Ev!
0x000000000012a620,sub_12a620,364,_ZN7subsdk110sub_12a620Ev!
0x000000000012a790,sub_12a790,556,_ZN7subsdk110sub_12a790Ev!
0x000000000012a9c0,sub_12a9c0,328,_ZN7subsdk110sub_12a9c0Ev!
0x000000000012ab10,sub_12ab10,256,_ZN7subsdk110sub_12ab10Ev!
0x000000000012ac10,sub_12ac10,532,_ZN7subsdk110sub_12ac10Ev!
0x000000000012ae30,sub_12ae30,376,_ZN7subsdk110sub_12ae30Ev!
0x000000000012afb0,sub_12afb0,1204,_ZN7subsdk110sub_12afb0Ev!
0x000000000012b470,sub_12b470,604,_ZN7subsdk110sub_12b470Ev!
0x000000000012b6d0,sub_12b6d0,2288,_ZN7subsdk110sub_12b6d0Ev!
0x000000000012bfc0,sub_12bfc0,796,_ZN7subsdk110sub_12bfc0Ev!
0x000000000012c2e0,sub_12c2e0,776,_ZN7subsdk110sub_12c2e0Ev!
0x000000000012c5f0,sub_12c5f0,320,_ZN7subsdk110sub_12c5f0Ev!
0x000000000012c730,sub_12c730,852,_ZN7subsdk110sub_12c730Ev!
0x000000000012ca90,sub_12ca90,292,_ZN7subsdk110sub_12ca90Ev!
0x000000000012cbc0,sub_12cbc0,612,_ZN7subsdk110sub_12cbc0Ev!
0x000000000012ce30,sub_12ce30,1196,_ZN7subsdk110sub_12ce30Ev!
0x000000000012d2e0,sub_12d2e0,272,_ZN7subsdk110sub_12d2e0Ev!
0x000000000012d3f0,sub_12d3f0,2832,_ZN7subsdk110sub_12d3f0Ev!
0x000000000012df00,sub_12df00,156,_ZN7subsdk110sub_12df00Ev!
0x000000000012dfa0,sub_12dfa0,60,_ZN7subsdk110sub_12dfa0Ev!
0x000000000012dfe0,sub_12dfe0,300,_ZN7subsdk110sub_12dfe0Ev!
0x000000000012e110,sub_12e110,156,_ZN7subsdk110sub_12e110Ev!
0x000000000012e1b0,sub_12e1b0,156,_ZN7subsdk110sub_12e1b0Ev!
0x000000000012e250,sub_12e250,420,_ZN7subsdk110sub_12e250Ev!
0x000000000012e400,sub_12e400,488,_ZN7subsdk110sub_12e400Ev!
0x000000000012e5f0,sub_12e5f0,860,_ZN7subsdk110sub_12e5f0Ev!
0x000000000012e950,sub_12e950,136,_ZN7subsdk110sub_12e950Ev!
0x000000000012e9e0,sub_12e9e0,532,_ZN7subsdk110sub_12e9e0Ev!
0x000000000012ec00,sub_12ec00,100,_ZN7subsdk110sub_12ec00Ev!
0x000000000012ec70,sub_12ec70,688,_ZN7subsdk110sub_12ec70Ev!
0x000000000012ef20,sub_12ef20,264,_ZN7subsdk110sub_12ef20Ev!
0x000000000012f030,sub_12f030,1108,_ZN7subsdk110sub_12f030Ev!
0x000000000012f490,sub_12f490,248,_ZN7subsdk110sub_12f490Ev!
0x000000000012f590,sub_12f590,1104,_ZN7subsdk110sub_12f590Ev!
0x000000000012f9e0,sub_12f9e0,244,_ZN7subsdk110sub_12f9e0Ev!
0x000000000012fae0,sub_12fae0,17228,_ZN7subsdk110sub_12fae0Ev!
0x0000000000133e30,sub_133e30,448,_ZN7subsdk110sub_133e30Ev!
0x0000000000133ff0,sub_133ff0,636,_ZN7subsdk110sub_133ff0Ev!
0x0000000000134270,sub_134270,796,_ZN7subsdk110sub_134270Ev!
0x0000000000134590,sub_134590,360,_ZN7subsdk110sub_134590Ev!
0x0000000000134700,sub_134700,292,_ZN7subsdk110sub_134700Ev!
0x0000000000134830,sub_134830,1680,_ZN7subsdk110sub_134830Ev!
0x0000000000134ec0,sub_134ec0,264,_ZN7subsdk110sub_134ec0Ev!
0x0000000000134fd0,sub_134fd0,1120,_ZN7subsdk110sub_134fd0Ev!
0x0000000000135430,sub_135430,364,_ZN7subsdk125sub_135430_subsdk1_135430Ev!
0x00000000001355a0,sub_1355a0,416,_ZN7subsdk125sub_1355a0_subsdk1_1355a0Ev!
0x0000000000135740,sub_135740,332,_ZN7subsdk110sub_135740Ev!
0x0000000000135890,sub_135890,68,_ZN7subsdk110sub_135890Ev!
0x00000000001358e0,sub_1358e0,92,_ZN7subsdk110sub_1358e0Ev!
0x0000000000135940,sub_135940,36,_ZN7subsdk110sub_135940Ev!
0x0000000000135970,sub_135970,164,_ZN7subsdk110sub_135970Ev!
0x0000000000135a20,sub_135a20,704,_ZN7subsdk110sub_135a20Ev!
0x0000000000135ce0,sub_135ce0,188,_ZN7subsdk110sub_135ce0Ev!
0x0000000000135da0,sub_135da0,544,_ZN7subsdk110sub_135da0Ev!
0x0000000000135fc0,sub_135fc0,732,_ZN7subsdk125sub_135fc0_subsdk1_135fc0Ev!
0x00000000001362a0,sub_1362a0,1136,_ZN7subsdk125sub_1362a0_subsdk1_1362a0Ev!
0x0000000000136710,sub_136710,14576,_ZN7subsdk110sub_136710Ev!
0x000000000013a000,sub_13a000,664,_ZN7subsdk110sub_13a000Ev!
0x000000000013a2a0,sub_13a2a0,1392,_ZN7subsdk110sub_13a2a0Ev!
0x000000000013a810,sub_13a810,292,_ZN7subsdk110sub_13a810Ev!
0x000000000013a940,sub_13a940,1732,_ZN7subsdk110sub_13a940Ev!
0x000000000013b010,sub_13b010,1000,_ZN7subsdk110sub_13b010Ev!
0x000000000013b400,sub_13b400,916,_ZN7subsdk110sub_13b400Ev!
0x000000000013b7a0,sub_13b7a0,696,_ZN7subsdk125sub_13b7a0_subsdk1_13b7a0Ev!
0x000000000013ba60,sub_13ba60,300,_ZN7subsdk110sub_13ba60Ev!
0x000000000013bb90,sub_13bb90,1040,_ZN7subsdk110sub_13bb90Ev!
0x000000000013bfa0,sub_13bfa0,332,_ZN7subsdk110sub_13bfa0Ev!
0x000000000013c0f0,sub_13c0f0,492,_ZN7subsdk110sub_13c0f0Ev!
0x000000000013c2e0,sub_13c2e0,344,_ZN7subsdk110sub_13c2e0Ev!
0x000000000013c440,sub_13c440,2884,_ZN7subsdk110sub_13c440Ev!
0x000000000013cf90,sub_13cf90,112,_ZN7subsdk110sub_13cf90Ev!
0x000000000013d000,sub_13d000,72,_ZN7subsdk110sub_13d000Ev!
0x000000000013d050,sub_13d050,236,_ZN7subsdk110sub_13d050Ev!
0x000000000013d140,sub_13d140,504,_ZN7subsdk110sub_13d140Ev!
0x000000000013d340,s_const_d_d_d,356,_ZN7subsdk113s_const_d_d_dEv!
0x000000000013d4b0,sub_13d4b0,124,_ZN7subsdk110sub_13d4b0Ev!
0x000000000013d530,sub_13d530,368,_ZN7subsdk110sub_13d530Ev!
0x000000000013d6a0,sub_13d6a0,52,_ZN7subsdk110sub_13d6a0Ev!
0x000000000013d6e0,sub_13d6e0,52,_ZN7subsdk110sub_13d6e0Ev!
0x000000000013d720,sub_13d720,24,_Z16subsdk1_f_13d720Pv
0x000000000013d740,sub_13d740,164,_ZN7subsdk110sub_13d740Ev!
0x000000000013d7f0,sub_13d7f0,372,_ZN7subsdk110sub_13d7f0Ev!
0x000000000013d970,sub_13d970,892,_ZN7subsdk110sub_13d970Ev!
0x000000000013dcf0,sub_13dcf0,96,_ZN7subsdk110sub_13dcf0Ev!
0x000000000013dd50,sub_13dd50,792,_ZN7subsdk125sub_13dd50_subsdk1_13dd50Ev!
0x000000000013e070,sub_13e070,744,_ZN7subsdk110sub_13e070Ev!
0x000000000013e360,sub_13e360,152,_ZN7subsdk110sub_13e360Ev!
0x000000000013e400,SurfaceVectorizer,220,_ZN7subsdk117SurfaceVectorizerEv!
0x000000000013e4e0,LateVectorization,252,_ZN7subsdk117LateVectorizationEv!
0x000000000013e5e0,sub_13e5e0,296,_ZN7subsdk110sub_13e5e0Ev!
0x000000000013e710,sub_13e710,904,_ZN7subsdk110sub_13e710Ev!
0x000000000013eaa0,sub_13eaa0,5104,_ZN7subsdk110sub_13eaa0Ev!
0x000000000013fe90,sub_13fe90,140,_ZN7subsdk110sub_13fe90Ev!
0x000000000013ff20,sub_13ff20,164,_ZN7subsdk110sub_13ff20Ev!
0x000000000013ffd0,sub_13ffd0,200,_ZN7subsdk110sub_13ffd0Ev!
0x00000000001400a0,sub_1400a0,1244,_ZN7subsdk110sub_1400a0Ev!
0x0000000000140580,sub_140580,1416,_ZN7subsdk110sub_140580Ev!
0x0000000000140b10,sub_140b10,1812,_ZN7subsdk110sub_140b10Ev!
0x0000000000141230,sub_141230,472,_ZN7subsdk110sub_141230Ev!
0x0000000000141410,sub_141410,444,_ZN7subsdk110sub_141410Ev!
0x00000000001415d0,sub_1415d0,188,_ZN7subsdk110sub_1415d0Ev!
0x0000000000141690,sub_141690,516,_ZN7subsdk110sub_141690Ev!
0x00000000001418a0,sub_1418a0,264,_ZN7subsdk110sub_1418a0Ev!
0x00000000001419b0,sub_1419b0,1040,_ZN7subsdk110sub_1419b0Ev!
0x0000000000141dc0,sub_141dc0,356,_ZN7subsdk110sub_141dc0Ev!
0x0000000000141f30,sub_141f30,432,_ZN7subsdk110sub_141f30Ev!
0x00000000001420e0,sub_1420e0,860,_ZN7subsdk110sub_1420e0Ev!
0x0000000000142440,sub_142440,348,_ZN7subsdk110sub_142440Ev!
0x00000000001425a0,sub_1425a0,1704,_ZN7subsdk110sub_1425a0Ev!
0x0000000000142c50,sub_142c50,828,_ZN7subsdk110sub_142c50Ev!
0x0000000000142f90,sub_142f90,520,_ZN7subsdk125sub_142f90_subsdk1_142f90Ev!
0x00000000001431a0,sub_1431a0,572,_ZN7subsdk110sub_1431a0Ev!
0x00000000001433e0,sub_1433e0,516,_ZN7subsdk110sub_1433e0Ev!
0x00000000001435f0,sub_1435f0,228,_ZN7subsdk110sub_1435f0Ev!
0x00000000001436e0,sub_1436e0,1052,_ZN7subsdk110sub_1436e0Ev!
0x0000000000143b00,sub_143b00,340,_ZN7subsdk110sub_143b00Ev!
0x0000000000143c60,sub_143c60,1092,_ZN7subsdk110sub_143c60Ev!
0x00000000001440b0,sub_1440b0,1420,_ZN7subsdk110sub_1440b0Ev!
0x0000000000144640,sub_144640,904,_ZN7subsdk125sub_144640_subsdk1_144640Ev!
0x00000000001449d0,sub_1449d0,328,_ZN7subsdk110sub_1449d0Ev!
0x0000000000144b20,sub_144b20,500,_ZN7subsdk110sub_144b20Ev!
0x0000000000144d20,sub_144d20,500,_ZN7subsdk110sub_144d20Ev!
0x0000000000144f20,sub_144f20,304,_ZN7subsdk110sub_144f20Ev!
0x0000000000145050,sub_145050,180,_ZN7subsdk110sub_145050Ev!
0x0000000000145110,sub_145110,392,_ZN7subsdk110sub_145110Ev!
0x00000000001452a0,sub_1452a0,716,_ZN7subsdk110sub_1452a0Ev!
0x0000000000145570,sub_145570,476,_ZN7subsdk110sub_145570Ev!
0x0000000000145750,sub_145750,8376,_ZN7subsdk110sub_145750Ev!
0x0000000000147810,sub_147810,700,_ZN7subsdk110sub_147810Ev!
0x0000000000147ad0,sub_147ad0,316,_ZN7subsdk110sub_147ad0Ev!
0x0000000000147c10,sub_147c10,828,_ZN7subsdk110sub_147c10Ev!
0x0000000000147f50,sub_147f50,368,_ZN7subsdk110sub_147f50Ev!
0x00000000001480c0,sub_1480c0,524,_ZN7subsdk110sub_1480c0Ev!
0x00000000001482d0,sub_1482d0,560,_ZN7subsdk110sub_1482d0Ev!
0x0000000000148500,sub_148500,864,_ZN7subsdk110sub_148500Ev!
0x0000000000148860,sub_148860,1696,_ZN7subsdk110sub_148860Ev!
0x0000000000148f00,sub_148f00,300,_ZN7subsdk110sub_148f00Ev!
0x0000000000149030,sub_149030,424,_ZN7subsdk110sub_149030Ev!
0x00000000001491e0,sub_1491e0,300,_ZN7subsdk110sub_1491e0Ev!
0x0000000000149310,sub_149310,792,_ZN7subsdk110sub_149310Ev!
0x0000000000149630,sub_149630,344,_ZN7subsdk110sub_149630Ev!
0x0000000000149790,sub_149790,1188,_ZN7subsdk110sub_149790Ev!
0x0000000000149c40,sub_149c40,588,_ZN7subsdk110sub_149c40Ev!
0x0000000000149e90,sub_149e90,768,_ZN7subsdk110sub_149e90Ev!
0x000000000014a190,sub_14a190,904,_ZN7subsdk110sub_14a190Ev!
0x000000000014a520,sub_14a520,4032,_ZN7subsdk110sub_14a520Ev!
0x000000000014b4e0,sub_14b4e0,160,_ZN7subsdk110sub_14b4e0Ev!
0x000000000014b580,sub_14b580,444,_ZN7subsdk110sub_14b580Ev!
0x000000000014b740,sub_14b740,544,_ZN7subsdk125sub_14b740_subsdk1_14b740Ev!
0x000000000014b960,sub_14b960,168,_ZN7subsdk110sub_14b960Ev!
0x000000000014ba10,sub_14ba10,504,_ZN7subsdk110sub_14ba10Ev!
0x000000000014bc10,sub_14bc10,1528,_ZN7subsdk110sub_14bc10Ev!
0x000000000014c210,sub_14c210,564,_ZN7subsdk110sub_14c210Ev!
0x000000000014c450,sub_14c450,92,_ZN7subsdk125sub_14c450_subsdk1_14c450Ev!
0x000000000014c4b0,sub_14c4b0,1260,_ZN7subsdk110sub_14c4b0Ev!
0x000000000014c9a0,sub_14c9a0,128,_ZN7subsdk110sub_14c9a0Ev!
0x000000000014ca20,sub_14ca20,88,_ZN7subsdk110sub_14ca20Ev!
0x000000000014ca80,sub_14ca80,88,_ZN7subsdk110sub_14ca80Ev!
0x000000000014cae0,sub_14cae0,276,_ZN7subsdk110sub_14cae0Ev!
0x000000000014cc00,sub_14cc00,372,_ZN7subsdk125sub_14cc00_subsdk1_14cc00Ev!
0x000000000014cd80,sub_14cd80,748,_ZN7subsdk110sub_14cd80Ev!
0x000000000014d070,sub_14d070,884,_ZN7subsdk125sub_14d070_subsdk1_14d070Ev!
0x000000000014d3f0,sub_14d3f0,504,_ZN7subsdk110sub_14d3f0Ev!
0x000000000014d5f0,sub_14d5f0,36,_ZN7subsdk110sub_14d5f0Ev!
0x000000000014d620,sub_14d620,52,_ZN7subsdk125sub_14d620_subsdk1_14d620Ev!
0x000000000014d660,sub_14d660,8,_Z16subsdk1_f_14d660Pv
0x000000000014d670,sub_14d670,120,_ZN7subsdk125sub_14d670_subsdk1_14d670Ev!
0x000000000014d6f0,sub_14d6f0,640,_ZN7subsdk125sub_14d6f0_subsdk1_14d6f0Ev!
0x000000000014d970,sub_14d970,1436,_ZN7subsdk110sub_14d970Ev!
0x000000000014df10,sub_14df10,368,_ZN7subsdk110sub_14df10Ev!
0x000000000014e080,sub_14e080,360,_ZN7subsdk110sub_14e080Ev!
0x000000000014e1f0,sub_14e1f0,1920,_ZN7subsdk110sub_14e1f0Ev!
0x000000000014e970,sub_14e970,580,_ZN7subsdk110sub_14e970Ev!
0x000000000014ebc0,sub_14ebc0,524,_ZN7subsdk110sub_14ebc0Ev!
0x000000000014edd0,sub_14edd0,1092,_ZN7subsdk110sub_14edd0Ev!
0x000000000014f220,sub_14f220,304,_ZN7subsdk110sub_14f220Ev!
0x000000000014f350,sub_14f350,240,_ZN7subsdk125sub_14f350_subsdk1_14f350Ev!
0x000000000014f440,sub_14f440,1168,_ZN7subsdk110sub_14f440Ev!
0x000000000014f8d0,sub_14f8d0,2364,_ZN7subsdk110sub_14f8d0Ev!
0x0000000000150210,sub_150210,272,_ZN7subsdk110sub_150210Ev!
0x0000000000150320,sub_150320,928,_ZN7subsdk125sub_150320_subsdk1_150320Ev!
0x00000000001506c0,sub_1506c0,2408,_ZN7subsdk110sub_1506c0Ev!
0x0000000000151030,sub_151030,172,_ZN7subsdk110sub_151030Ev!
0x00000000001510e0,sub_1510e0,288,_ZN7subsdk110sub_1510e0Ev!
0x0000000000151200,sub_151200,180,_ZN7subsdk110sub_151200Ev!
0x00000000001512c0,sub_1512c0,88,_ZN7subsdk110sub_1512c0Ev!
0x0000000000151320,sub_151320,628,_ZN7subsdk110sub_151320Ev!
0x00000000001515a0,sub_1515a0,1168,_ZN7subsdk110sub_1515a0Ev!
0x0000000000151a30,sub_151a30,124,_ZN7subsdk110sub_151a30Ev!
0x0000000000151ab0,sub_151ab0,96,_ZN7subsdk125sub_151ab0_subsdk1_151ab0Ev!
0x0000000000151b10,sub_151b10,64,_ZN7subsdk110sub_151b10Ev!
0x0000000000151b50,sub_151b50,8,_Z16subsdk1_f_151b50v
0x0000000000151b60,sub_151b60,364,_ZN7subsdk110sub_151b60Ev!
0x0000000000151cd0,sub_151cd0,104,_ZN7subsdk110sub_151cd0Ev!
0x0000000000151d40,sub_151d40,148,_ZN7subsdk110sub_151d40Ev!
0x0000000000151de0,sub_151de0,128,_ZN7subsdk110sub_151de0Ev!
0x0000000000151e60,sub_151e60,132,_ZN7subsdk110sub_151e60Ev!
0x0000000000151ef0,sub_151ef0,128,_ZN7subsdk110sub_151ef0Ev!
0x0000000000151f70,sub_151f70,296,_ZN7subsdk110sub_151f70Ev!
0x00000000001520a0,sub_1520a0,8,_Z16subsdk1_f_1520a0Pv
0x00000000001520b0,sub_1520b0,12,_Z16subsdk1_f_1520b0Pv
0x00000000001520c0,sub_1520c0,8,_Z16subsdk1_f_1520c0Pv
0x00000000001520d0,sub_1520d0,16,_ZN7subsdk110sub_1520d0Ev!
0x00000000001520e0,sub_1520e0,8,_Z16subsdk1_f_1520e0v
0x00000000001520f0,sub_1520f0,36,_ZN7subsdk110sub_1520f0Ev!
0x0000000000152120,sub_152120,8,_ZN7subsdk110sub_152120Ev!
0x0000000000152130,sub_152130,204,_ZN7subsdk110sub_152130Ev!
0x0000000000152200,sub_152200,8,_Z16subsdk1_f_152200Pv
0x0000000000152210,sub_152210,56,_ZN7subsdk110sub_152210Ev!
0x0000000000152250,sub_152250,8,_Z16subsdk1_f_152250Pv
0x0000000000152260,sub_152260,8,_Z16subsdk1_f_152260Pv
0x0000000000152270,sub_152270,16,_ZN7subsdk110sub_152270Ev!
0x0000000000152280,sub_152280,4,_Z16subsdk1_f_152280v
0x0000000000152290,sub_152290,4,_Z16subsdk1_f_152290v
0x00000000001522a0,sub_1522a0,8,_Z16subsdk1_f_1522a0v
0x00000000001522b0,sub_1522b0,8,_Z16subsdk1_f_1522b0v
0x00000000001522c0,sub_1522c0,8,_Z16subsdk1_f_1522c0v
0x00000000001522d0,sub_1522d0,8,_Z16subsdk1_f_1522d0v
0x00000000001522e0,sub_1522e0,8,_Z16subsdk1_f_1522e0v
0x00000000001522f0,sub_1522f0,4,_Z16subsdk1_f_1522f0v
0x0000000000152300,sub_152300,4,_Z16subsdk1_f_152300v
0x0000000000152310,sub_152310,8,_Z16subsdk1_f_152310v
0x0000000000152320,sub_152320,8,_Z16subsdk1_f_152320v
0x0000000000152330,sub_152330,4,_Z16subsdk1_f_152330v
0x0000000000152340,sub_152340,8,_Z16subsdk1_f_152340v
0x0000000000152350,sub_152350,8,_Z16subsdk1_f_152350v
0x0000000000152360,sub_152360,8,_Z16subsdk1_f_152360v
0x0000000000152370,sub_152370,8,_Z16subsdk1_f_152370v
0x0000000000152380,sub_152380,8,_Z16subsdk1_f_152380v
0x0000000000152390,sub_152390,8,_Z16subsdk1_f_152390v
0x00000000001523a0,sub_1523a0,16,_Z16subsdk1_f_1523a0mmmPvS_S_
0x00000000001523b0,sub_1523b0,8,_Z16subsdk1_f_1523b0v
0x00000000001523c0,sub_1523c0,16,_ZN7subsdk110sub_1523c0Ev!
0x00000000001523d0,sub_1523d0,52,_ZN7subsdk110sub_1523d0Ev!
0x0000000000152410,sub_152410,36,_ZN7subsdk110sub_152410Ev!
0x0000000000152440,sub_152440,4,_Z16subsdk1_f_152440v
0x0000000000152450,sub_152450,16,_ZN7subsdk110sub_152450Ev!
0x0000000000152460,sub_152460,80,_ZN7subsdk110sub_152460Ev!
0x00000000001524b0,sub_1524b0,80,_ZN7subsdk125sub_1524b0_subsdk1_1524b0Ev!
0x0000000000152500,sub_152500,124,_ZN7subsdk110sub_152500Ev!
0x0000000000152580,sub_152580,124,_ZN7subsdk110sub_152580Ev!
0x0000000000152600,sub_152600,8,_Z16subsdk1_f_152600Pvm
0x0000000000152610,sub_152610,56,_ZN7subsdk125sub_152610_subsdk1_152610Ev!
0x0000000000152650,sub_152650,16,_ZN7subsdk110sub_152650Ev!
0x0000000000152660,sub_152660,36,_ZN7subsdk110sub_152660Ev!
0x0000000000152690,sub_152690,80,_ZN7subsdk110sub_152690Ev!
0x00000000001526e0,sub_1526e0,156,_ZN7subsdk110sub_1526e0Ev!
0x0000000000152780,sub_152780,156,_ZN7subsdk110sub_152780Ev!
0x0000000000152820,sub_152820,360,_ZN7subsdk110sub_152820Ev!
0x0000000000152990,sub_152990,308,_ZN7subsdk110sub_152990Ev!
0x0000000000152ad0,sub_152ad0,376,_ZN7subsdk110sub_152ad0Ev!
0x0000000000152c50,sub_152c50,204,_ZN7subsdk110sub_152c50Ev!
0x0000000000152d20,sub_152d20,52,_ZN7subsdk110sub_152d20Ev!
0x0000000000152d60,sub_152d60,40,_ZN7subsdk110sub_152d60Ev!
0x0000000000152d90,sub_152d90,12,_Z16subsdk1_f_152d90Pv
0x0000000000152da0,sub_152da0,56,_ZN7subsdk110sub_152da0Ev!
0x0000000000152de0,sub_152de0,84,_ZN7subsdk110sub_152de0Ev!
0x0000000000152e40,sub_152e40,68,_ZN7subsdk110sub_152e40Ev!
0x0000000000152e90,sub_152e90,64,_ZN7subsdk110sub_152e90Ev!
0x0000000000152ed0,sub_152ed0,92,_ZN7subsdk110sub_152ed0Ev!
0x0000000000152f30,sub_152f30,172,_ZN7subsdk110sub_152f30Ev!
0x0000000000152fe0,sub_152fe0,180,_ZN7subsdk110sub_152fe0Ev!
0x00000000001530a0,sub_1530a0,52,_ZN7subsdk110sub_1530a0Ev!
0x00000000001530e0,sub_1530e0,232,_ZN7subsdk110sub_1530e0Ev!
0x00000000001531d0,sub_1531d0,620,_ZN7subsdk110sub_1531d0Ev!
0x0000000000153440,sub_153440,56,_ZN7subsdk110sub_153440Ev!
0x0000000000153480,sub_153480,36,_ZN7subsdk110sub_153480Ev!
0x00000000001534b0,sub_1534b0,640,_ZN7subsdk110sub_1534b0Ev!
0x0000000000153730,sub_153730,292,_ZN7subsdk110sub_153730Ev!
0x0000000000153860,sub_153860,284,_ZN7subsdk110sub_153860Ev!
0x0000000000153980,sub_153980,372,_ZN7subsdk110sub_153980Ev!
0x0000000000153b00,sub_153b00,372,_ZN7subsdk110sub_153b00Ev!
0x0000000000153c80,sub_153c80,604,_ZN7subsdk110sub_153c80Ev!
0x0000000000153ee0,sub_153ee0,420,_ZN7subsdk110sub_153ee0Ev!
0x0000000000154090,Constant_register_limit_exceeded_more_than_d_constant_re,472,_ZN7subsdk156Constant_register_limit_exceeded_more_than_d_constant_reEv!
0x0000000000154270,sub_154270,200,_ZN7subsdk110sub_154270Ev!
0x0000000000154340,sub_154340,264,_ZN7subsdk110sub_154340Ev!
0x0000000000154450,sub_154450,288,_ZN7subsdk110sub_154450Ev!
0x0000000000154570,sub_154570,408,_ZN7subsdk110sub_154570Ev!
0x0000000000154710,sub_154710,372,_ZN7subsdk110sub_154710Ev!
0x0000000000154890,sub_154890,72,_ZN7subsdk110sub_154890Ev!
0x00000000001548e0,sub_1548e0,12,_Z16subsdk1_f_1548e0mPv
0x00000000001548f0,sub_1548f0,12,_Z16subsdk1_f_1548f0mPv
0x0000000000154900,sub_154900,68,_ZN7subsdk110sub_154900Ev!
0x0000000000154950,sub_154950,3424,_ZN7subsdk110sub_154950Ev!
0x00000000001556b0,sub_1556b0,124,_ZN7subsdk110sub_1556b0Ev!
0x0000000000155730,sub_155730,68,_ZN7subsdk110sub_155730Ev!
0x0000000000155780,sub_155780,112,_ZN7subsdk110sub_155780Ev!
0x00000000001557f0,sub_1557f0,112,_ZN7subsdk110sub_1557f0Ev!
0x0000000000155860,sub_155860,36,_ZN7subsdk110sub_155860Ev!
0x0000000000155890,sub_155890,12,_Z16subsdk1_f_155890mPv
0x00000000001558a0,sub_1558a0,16,_ZN7subsdk110sub_1558a0Ev!
0x00000000001558b0,sub_1558b0,80,_ZN7subsdk110sub_1558b0Ev!
0x0000000000155900,sub_155900,44,_ZN7subsdk110sub_155900Ev!
0x0000000000155930,sub_155930,12,_Z16subsdk1_f_155930mPv
0x0000000000155940,sub_155940,56,_ZN7subsdk110sub_155940Ev!
0x0000000000155980,sub_155980,48,_ZN7subsdk110sub_155980Ev!
0x00000000001559b0,sub_1559b0,624,_ZN7subsdk110sub_1559b0Ev!
0x0000000000155c20,sub_155c20,260,_ZN7subsdk110sub_155c20Ev!
0x0000000000155d30,sub_155d30,992,_ZN7subsdk110sub_155d30Ev!
0x0000000000156110,sub_156110,248,_ZN7subsdk110sub_156110Ev!
0x0000000000156210,sub_156210,12052,_ZN7subsdk110sub_156210Ev!
0x0000000000159130,sub_159130,60,_ZN7subsdk110sub_159130Ev!
0x0000000000159170,sub_159170,128,_ZN7subsdk110sub_159170Ev!
0x00000000001591f0,sub_1591f0,144,_ZN7subsdk110sub_1591f0Ev!
0x0000000000159280,sub_159280,144,_ZN7subsdk125sub_159280_subsdk1_159280Ev!
0x0000000000159310,sub_159310,96,_ZN7subsdk110sub_159310Ev!
0x0000000000159370,sub_159370,12,_Z16subsdk1_f_159370mj
0x0000000000159380,sub_159380,2060,_ZN7subsdk110sub_159380Ev!
0x0000000000159b90,sub_159b90,16,_ZN7subsdk110sub_159b90Ev!
0x0000000000159ba0,sub_159ba0,16,_ZN7subsdk110sub_159ba0Ev!
0x0000000000159bb0,sub_159bb0,4,_Z16subsdk1_f_159bb0v
0x0000000000159bc0,sub_159bc0,16,_ZN7subsdk125sub_159bc0_subsdk1_159bc0Ev!
0x0000000000159bd0,sub_159bd0,8,_Z16subsdk1_f_159bd0v
0x0000000000159be0,sub_159be0,8,_ZN7subsdk110sub_159be0Ev!
0x0000000000159bf0,sub_159bf0,56,_ZN7subsdk110sub_159bf0Ev!
0x0000000000159c30,sub_159c30,16,_ZN7subsdk110sub_159c30Ev!
0x0000000000159c40,sub_159c40,8,_Z16subsdk1_f_159c40v
0x0000000000159c50,sub_159c50,192,_ZN7subsdk110sub_159c50Ev!
0x0000000000159d10,sub_159d10,552,_ZN7subsdk110sub_159d10Ev!
0x0000000000159f40,sub_159f40,296,_ZN7subsdk110sub_159f40Ev!
0x000000000015a070,sub_15a070,456,_ZN7subsdk110sub_15a070Ev!
0x000000000015a240,sub_15a240,788,_ZN7subsdk110sub_15a240Ev!
0x000000000015a560,sub_15a560,896,_ZN7subsdk110sub_15a560Ev!
0x000000000015a8e0,sub_15a8e0,472,_ZN7subsdk110sub_15a8e0Ev!
0x000000000015aac0,sub_15aac0,208,_ZN7subsdk125sub_15aac0_subsdk1_15aac0Ev!
0x000000000015ab90,sub_15ab90,296,_ZN7subsdk110sub_15ab90Ev!
0x000000000015acc0,sub_15acc0,1200,_ZN7subsdk110sub_15acc0Ev!
0x000000000015b170,sub_15b170,228,_ZN7subsdk110sub_15b170Ev!
0x000000000015b260,sub_15b260,384,_ZN7subsdk125sub_15b260_subsdk1_15b260Ev!
0x000000000015b3e0,sub_15b3e0,184,_ZN7subsdk110sub_15b3e0Ev!
0x000000000015b4a0,sub_15b4a0,6828,_ZN7subsdk110sub_15b4a0Ev!
0x000000000015cf50,sub_15cf50,1228,_ZN7subsdk110sub_15cf50Ev!
0x000000000015d420,sub_15d420,1228,_ZN7subsdk110sub_15d420Ev!
0x000000000015d8f0,sub_15d8f0,2936,_ZN7subsdk125sub_15d8f0_subsdk1_15d8f0Ev!
0x000000000015e470,sub_15e470,280,_ZN7subsdk125sub_15e470_subsdk1_15e470Ev!
0x000000000015e590,sub_15e590,596,_ZN7subsdk110sub_15e590Ev!
0x000000000015e7f0,sub_15e7f0,1000,_ZN7subsdk110sub_15e7f0Ev!
0x000000000015ebe0,sub_15ebe0,1436,_ZN7subsdk110sub_15ebe0Ev!
0x000000000015f180,sub_15f180,2888,_ZN7subsdk110sub_15f180Ev!
0x000000000015fcd0,sub_15fcd0,264,_ZN7subsdk110sub_15fcd0Ev!
0x000000000015fde0,sub_15fde0,408,_ZN7subsdk110sub_15fde0Ev!
0x000000000015ff80,sub_15ff80,3900,_ZN7subsdk125sub_15ff80_subsdk1_15ff80Ev!
0x0000000000160ec0,sub_160ec0,164,_ZN7subsdk110sub_160ec0Ev!
0x0000000000160f70,sub_160f70,228,_ZN7subsdk110sub_160f70Ev!
0x0000000000161060,sub_161060,608,_ZN7subsdk110sub_161060Ev!
0x00000000001612c0,sub_1612c0,296,_ZN7subsdk110sub_1612c0Ev!
0x00000000001613f0,sub_1613f0,924,_ZN7subsdk110sub_1613f0Ev!
0x0000000000161790,sub_161790,752,_ZN7subsdk110sub_161790Ev!
0x0000000000161a80,sub_161a80,816,_ZN7subsdk110sub_161a80Ev!
0x0000000000161db0,sub_161db0,800,_ZN7subsdk110sub_161db0Ev!
0x00000000001620d0,sub_1620d0,2340,_ZN7subsdk110sub_1620d0Ev!
0x0000000000162a00,sub_162a00,8,_Z16subsdk1_f_162a00mmmPv
0x0000000000162a10,sub_162a10,40,_ZN7subsdk110sub_162a10Ev!
0x0000000000162a40,sub_162a40,16,_ZN7subsdk110sub_162a40Ev!
0x0000000000162a50,sub_162a50,36,_ZN7subsdk110sub_162a50Ev!
0x0000000000162a80,sub_162a80,68,_ZN7subsdk110sub_162a80Ev!
0x0000000000162ad0,sub_162ad0,48,_ZN7subsdk110sub_162ad0Ev!
0x0000000000162b00,sub_162b00,3172,_ZN7subsdk110sub_162b00Ev!
0x0000000000163770,sub_163770,440,_ZN7subsdk110sub_163770Ev!
0x0000000000163930,sub_163930,592,_ZN7subsdk110sub_163930Ev!
0x0000000000163b80,sub_163b80,888,_ZN7subsdk110sub_163b80Ev!
0x0000000000163f00,sub_163f00,640,_ZN7subsdk110sub_163f00Ev!
0x0000000000164180,sub_164180,584,_ZN7subsdk110sub_164180Ev!
0x00000000001643d0,sub_1643d0,472,_ZN7subsdk110sub_1643d0Ev!
0x00000000001645b0,sub_1645b0,568,_ZN7subsdk110sub_1645b0Ev!
0x00000000001647f0,sub_1647f0,552,_ZN7subsdk110sub_1647f0Ev!
0x0000000000164a20,sub_164a20,732,_ZN7subsdk110sub_164a20Ev!
0x0000000000164d00,sub_164d00,760,_ZN7subsdk110sub_164d00Ev!
0x0000000000165000,sub_165000,584,_ZN7subsdk110sub_165000Ev!
0x0000000000165250,sub_165250,916,_ZN7subsdk110sub_165250Ev!
0x00000000001655f0,sub_1655f0,1016,_ZN7subsdk110sub_1655f0Ev!
0x00000000001659f0,sub_1659f0,316,_ZN7subsdk110sub_1659f0Ev!
0x0000000000165b30,sub_165b30,24,_ZN7subsdk110sub_165b30Ev!
0x0000000000165b50,sub_165b50,100,_ZN7subsdk110sub_165b50Ev!
0x0000000000165bc0,sub_165bc0,2204,_ZN7subsdk110sub_165bc0Ev!
0x0000000000166460,sub_166460,212,_ZN7subsdk110sub_166460Ev!
0x0000000000166540,sub_166540,48,_ZN7subsdk110sub_166540Ev!
0x0000000000166570,sub_166570,48,_ZN7subsdk110sub_166570Ev!
0x00000000001665a0,sub_1665a0,248,_ZN7subsdk110sub_1665a0Ev!
0x00000000001666a0,sub_1666a0,76,_ZN7subsdk110sub_1666a0Ev!
0x00000000001666f0,sub_1666f0,260,_ZN7subsdk110sub_1666f0Ev!
0x0000000000166800,sub_166800,956,_ZN7subsdk110sub_166800Ev!
0x0000000000166bc0,sub_166bc0,400,_ZN7subsdk110sub_166bc0Ev!
0x0000000000166d50,sub_166d50,344,_ZN7subsdk110sub_166d50Ev!
0x0000000000166eb0,sub_166eb0,272,_ZN7subsdk110sub_166eb0Ev!
0x0000000000166fc0,sub_166fc0,8,_Z16subsdk1_f_166fc0v
0x0000000000166fd0,sub_166fd0,92,_ZN7subsdk110sub_166fd0Ev!
0x0000000000167030,sub_167030,236,_ZN7subsdk125sub_167030_subsdk1_167030Ev!
0x0000000000167120,sub_167120,276,_ZN7subsdk110sub_167120Ev!
0x0000000000167240,sub_167240,696,_ZN7subsdk110sub_167240Ev!
0x0000000000167500,sub_167500,96,_ZN7subsdk110sub_167500Ev!
0x0000000000167560,sub_167560,16,_ZN7subsdk110sub_167560Ev!
0x0000000000167570,sub_167570,96,_ZN7subsdk110sub_167570Ev!
0x00000000001675d0,sub_1675d0,676,_ZN7subsdk110sub_1675d0Ev!
0x0000000000167880,sub_167880,52,_ZN7subsdk110sub_167880Ev!
0x00000000001678c0,sub_1678c0,28,_ZN7subsdk110sub_1678c0Ev!
0x00000000001678e0,sub_1678e0,16,_ZN7subsdk110sub_1678e0Ev!
0x00000000001678f0,sub_1678f0,1712,_ZN7subsdk110sub_1678f0Ev!
0x0000000000167fa0,sub_167fa0,108,_ZN7subsdk110sub_167fa0Ev!
0x0000000000168010,sub_168010,8,_Z16subsdk1_f_168010v
0x0000000000168020,sub_168020,72,_ZN7subsdk110sub_168020Ev!
0x0000000000168070,sub_168070,8,_Z16subsdk1_f_168070v
0x0000000000168080,sub_168080,8,_ZN7subsdk110sub_168080Ev!
0x0000000000168090,sub_168090,4,_Z16subsdk1_f_168090v
0x00000000001680a0,sub_1680a0,4,_Z16subsdk1_f_1680a0v
0x00000000001680b0,sub_1680b0,116,_ZN7subsdk110sub_1680b0Ev!
0x0000000000168130,sub_168130,4,_Z16subsdk1_f_168130v
0x0000000000168140,sub_168140,16,_ZN7subsdk110sub_168140Ev!
0x0000000000168150,sub_168150,160,_ZN7subsdk125sub_168150_subsdk1_168150Ev!
0x00000000001681f0,sub_1681f0,72,_ZN7subsdk110sub_1681f0Ev!
0x0000000000168240,sub_168240,1668,_ZN7subsdk110sub_168240Ev!
0x00000000001688d0,sub_1688d0,804,_ZN7subsdk110sub_1688d0Ev!
0x0000000000168c00,sub_168c00,204,_ZN7subsdk110sub_168c00Ev!
0x0000000000168cd0,sub_168cd0,1516,_ZN7subsdk110sub_168cd0Ev!
0x00000000001692c0,sub_1692c0,240,_ZN7subsdk110sub_1692c0Ev!
0x00000000001693b0,sub_1693b0,420,_ZN7subsdk110sub_1693b0Ev!
0x0000000000169560,sub_169560,368,_ZN7subsdk110sub_169560Ev!
0x00000000001696d0,sub_1696d0,528,_ZN7subsdk110sub_1696d0Ev!
0x00000000001698e0,sub_1698e0,2912,_ZN7subsdk110sub_1698e0Ev!
0x000000000016a440,sub_16a440,176,_ZN7subsdk110sub_16a440Ev!
0x000000000016a4f0,sub_16a4f0,172,_ZN7subsdk110sub_16a4f0Ev!
0x000000000016a5a0,sub_16a5a0,20,_ZN7subsdk110sub_16a5a0Ev!
0x000000000016a5c0,sub_16a5c0,192,_ZN7subsdk110sub_16a5c0Ev!
0x000000000016a680,sub_16a680,12,_ZN7subsdk110sub_16a680Ev!
0x000000000016a690,sub_16a690,24,_Z16subsdk1_f_16a690mj
0x000000000016a6b0,sub_16a6b0,80,_ZN7subsdk110sub_16a6b0Ev!
0x000000000016a700,sub_16a700,28,_ZN7subsdk110sub_16a700Ev!
0x000000000016a720,sub_16a720,36,_ZN7subsdk110sub_16a720Ev!
0x000000000016a750,sub_16a750,12,_Z16subsdk1_f_16a750mm
0x000000000016a760,sub_16a760,120,_ZN7subsdk125sub_16a760_subsdk1_16a760Ev!
0x000000000016a7e0,sub_16a7e0,1260,_ZN7subsdk110sub_16a7e0Ev!
0x000000000016acd0,sub_16acd0,536,_ZN7subsdk110sub_16acd0Ev!
0x000000000016aef0,sub_16aef0,808,_ZN7subsdk110sub_16aef0Ev!
0x000000000016b220,sub_16b220,1204,_ZN7subsdk110sub_16b220Ev!
0x000000000016b6e0,sub_16b6e0,292,_ZN7subsdk110sub_16b6e0Ev!
0x000000000016b810,sub_16b810,936,_ZN7subsdk110sub_16b810Ev!
0x000000000016bbc0,sub_16bbc0,520,_ZN7subsdk110sub_16bbc0Ev!
0x000000000016bdd0,sub_16bdd0,16,_Z16subsdk1_f_16bdd0mj
0x000000000016bde0,sub_16bde0,108,_ZN7subsdk110sub_16bde0Ev!
0x000000000016be50,sub_16be50,28,_ZN7subsdk110sub_16be50Ev!
0x000000000016be70,sub_16be70,700,_ZN7subsdk110sub_16be70Ev!
0x000000000016c130,sub_16c130,1020,_ZN7subsdk110sub_16c130Ev!
0x000000000016c530,sub_16c530,92,_ZN7subsdk110sub_16c530Ev!
0x000000000016c590,sub_16c590,52,_ZN7subsdk110sub_16c590Ev!
0x000000000016c5d0,sub_16c5d0,1196,_ZN7subsdk125sub_16c5d0_subsdk1_16c5d0Ev!
0x000000000016ca80,sub_16ca80,128,_ZN7subsdk110sub_16ca80Ev!
0x000000000016cb00,sub_16cb00,820,_ZN7subsdk110sub_16cb00Ev!
0x000000000016ce40,sub_16ce40,564,_ZN7subsdk110sub_16ce40Ev!
0x000000000016d080,ffffff,1604,_ZN7subsdk121ffffff_subsdk1_16d080Ev!
0x000000000016d6d0,sub_16d6d0,316,_ZN7subsdk110sub_16d6d0Ev!
0x000000000016d810,sub_16d810,28,_ZN7subsdk110sub_16d810Ev!
0x000000000016d830,sub_16d830,16,_Z16subsdk1_f_16d830Pv
0x000000000016d840,sub_16d840,932,_ZN7subsdk110sub_16d840Ev!
0x000000000016dbf0,sub_16dbf0,224,_ZN7subsdk125sub_16dbf0_subsdk1_16dbf0Ev!
0x000000000016dcd0,sub_16dcd0,224,_ZN7subsdk110sub_16dcd0Ev!
0x000000000016ddb0,sub_16ddb0,400,_ZN7subsdk110sub_16ddb0Ev!
0x000000000016df40,sub_16df40,276,_ZN7subsdk110sub_16df40Ev!
0x000000000016e060,sub_16e060,1340,_ZN7subsdk110sub_16e060Ev!
0x000000000016e5a0,sub_16e5a0,204,_ZN7subsdk110sub_16e5a0Ev!
0x000000000016e670,sub_16e670,244,_ZN7subsdk110sub_16e670Ev!
0x000000000016e770,sub_16e770,144,_ZN7subsdk110sub_16e770Ev!
0x000000000016e800,sub_16e800,8,_Z16subsdk1_f_16e800v
0x000000000016e810,sub_16e810,8,_Z16subsdk1_f_16e810v
0x000000000016e820,sub_16e820,8,_Z16subsdk1_f_16e820v
0x000000000016e830,sub_16e830,44,_ZN7subsdk110sub_16e830Ev!
0x000000000016e860,sub_16e860,400,_ZN7subsdk110sub_16e860Ev!
0x000000000016e9f0,sub_16e9f0,352,_ZN7subsdk110sub_16e9f0Ev!
0x000000000016eb50,sub_16eb50,380,_ZN7subsdk110sub_16eb50Ev!
0x000000000016ecd0,sub_16ecd0,844,_ZN7subsdk110sub_16ecd0Ev!
0x000000000016f020,sub_16f020,132,_ZN7subsdk110sub_16f020Ev!
0x000000000016f0b0,sub_16f0b0,512,_ZN7subsdk110sub_16f0b0Ev!
0x000000000016f2b0,sub_16f2b0,236,_ZN7subsdk110sub_16f2b0Ev!
0x000000000016f3a0,sub_16f3a0,220,_ZN7subsdk110sub_16f3a0Ev!
0x000000000016f480,sub_16f480,140,_ZN7subsdk110sub_16f480Ev!
0x000000000016f510,sub_16f510,2040,_ZN7subsdk110sub_16f510Ev!
0x000000000016fd10,sub_16fd10,136,_ZN7subsdk110sub_16fd10Ev!
0x000000000016fda0,sub_16fda0,492,_ZN7subsdk110sub_16fda0Ev!
0x000000000016ff90,sub_16ff90,336,_ZN7subsdk110sub_16ff90Ev!
0x00000000001700e0,sub_1700e0,164,_ZN7subsdk110sub_1700e0Ev!
0x0000000000170190,sub_170190,280,_ZN7subsdk110sub_170190Ev!
0x00000000001702b0,sub_1702b0,268,_ZN7subsdk110sub_1702b0Ev!
0x00000000001703c0,sub_1703c0,304,_ZN7subsdk110sub_1703c0Ev!
0x00000000001704f0,sub_1704f0,224,_ZN7subsdk110sub_1704f0Ev!
0x00000000001705d0,sub_1705d0,1024,_ZN7subsdk110sub_1705d0Ev!
0x00000000001709d0,sub_1709d0,12,_ZN7subsdk110sub_1709d0Ev!
0x00000000001709e0,sub_1709e0,660,_ZN7subsdk110sub_1709e0Ev!
0x0000000000170c80,sub_170c80,1288,_ZN7subsdk110sub_170c80Ev!
0x0000000000171190,sub_171190,864,_ZN7subsdk125sub_171190_subsdk1_171190Ev!
0x00000000001714f0,sub_1714f0,176,_ZN7subsdk125sub_1714f0_subsdk1_1714f0Ev!
0x00000000001715a0,sub_1715a0,760,_ZN7subsdk110sub_1715a0Ev!
0x00000000001718a0,sub_1718a0,404,_ZN7subsdk110sub_1718a0Ev!
0x0000000000171a40,sub_171a40,912,_ZN7subsdk110sub_171a40Ev!
0x0000000000171dd0,sub_171dd0,528,_ZN7subsdk125sub_171dd0_subsdk1_171dd0Ev!
0x0000000000171fe0,sub_171fe0,936,_ZN7subsdk110sub_171fe0Ev!
0x0000000000172390,sub_172390,8,_Z16subsdk1_f_172390v
0x00000000001723a0,sub_1723a0,2216,_ZN7subsdk110sub_1723a0Ev!
0x0000000000172c50,sub_172c50,248,_ZN7subsdk110sub_172c50Ev!
0x0000000000172d50,sub_172d50,18196,_ZN7subsdk110sub_172d50Ev!
0x0000000000177470,sub_177470,380,_ZN7subsdk110sub_177470Ev!
0x00000000001775f0,sub_1775f0,564,_ZN7subsdk110sub_1775f0Ev!
0x0000000000177830,sub_177830,3208,_ZN7subsdk110sub_177830Ev!
0x00000000001784c0,sub_1784c0,196,_ZN7subsdk110sub_1784c0Ev!
0x0000000000178590,sub_178590,212,_ZN7subsdk110sub_178590Ev!
0x0000000000178670,sub_178670,72,_ZN7subsdk110sub_178670Ev!
0x00000000001786c0,sub_1786c0,508,_ZN7subsdk110sub_1786c0Ev!
0x00000000001788c0,sub_1788c0,272,_ZN7subsdk110sub_1788c0Ev!
0x00000000001789d0,sub_1789d0,56,_ZN7subsdk110sub_1789d0Ev!
0x0000000000178a10,sub_178a10,76,_ZN7subsdk110sub_178a10Ev!
0x0000000000178a60,sub_178a60,204,_ZN7subsdk125sub_178a60_subsdk1_178a60Ev!
0x0000000000178b30,sub_178b30,52,_ZN7subsdk110sub_178b30Ev!
0x0000000000178b70,sub_178b70,320,_ZN7subsdk110sub_178b70Ev!
0x0000000000178cb0,sub_178cb0,296,_ZN7subsdk110sub_178cb0Ev!
0x0000000000178de0,sub_178de0,276,_ZN7subsdk110sub_178de0Ev!
0x0000000000178f00,sub_178f00,528,_ZN7subsdk110sub_178f00Ev!
0x0000000000179110,sub_179110,272,_ZN7subsdk110sub_179110Ev!
0x0000000000179220,sub_179220,472,_ZN7subsdk110sub_179220Ev!
0x0000000000179400,sub_179400,244,_ZN7subsdk110sub_179400Ev!
0x0000000000179500,sub_179500,108,_ZN7subsdk110sub_179500Ev!
0x0000000000179570,sub_179570,56,_ZN7subsdk110sub_179570Ev!
0x00000000001795b0,sub_1795b0,120,_ZN7subsdk110sub_1795b0Ev!
0x0000000000179630,sub_179630,112,_ZN7subsdk110sub_179630Ev!
0x00000000001796a0,sub_1796a0,148,_ZN7subsdk110sub_1796a0Ev!
0x0000000000179740,sub_179740,332,_ZN7subsdk110sub_179740Ev!
0x0000000000179890,sub_179890,644,_ZN7subsdk110sub_179890Ev!
0x0000000000179b20,sub_179b20,252,_ZN7subsdk110sub_179b20Ev!
0x0000000000179c20,sub_179c20,2604,_ZN7subsdk125sub_179c20_subsdk1_179c20Ev!
0x000000000017a650,sub_17a650,616,_ZN7subsdk110sub_17a650Ev!
0x000000000017a8c0,sub_17a8c0,1092,_ZN7subsdk110sub_17a8c0Ev!
0x000000000017ad10,sub_17ad10,328,_ZN7subsdk110sub_17ad10Ev!
0x000000000017ae60,sub_17ae60,1180,_ZN7subsdk110sub_17ae60Ev!
0x000000000017b300,sub_17b300,604,_ZN7subsdk110sub_17b300Ev!
0x000000000017b560,sub_17b560,72,_ZN7subsdk110sub_17b560Ev!
0x000000000017b5b0,sub_17b5b0,880,_ZN7subsdk110sub_17b5b0Ev!
0x000000000017b920,sub_17b920,284,_ZN7subsdk110sub_17b920Ev!
0x000000000017ba40,sub_17ba40,908,_ZN7subsdk110sub_17ba40Ev!
0x000000000017bdd0,sub_17bdd0,2236,_ZN7subsdk110sub_17bdd0Ev!
0x000000000017c690,sub_17c690,480,_ZN7subsdk110sub_17c690Ev!
0x000000000017c870,sub_17c870,64,_ZN7subsdk110sub_17c870Ev!
0x000000000017c8b0,sub_17c8b0,5384,_ZN7subsdk110sub_17c8b0Ev!
0x000000000017ddc0,sub_17ddc0,468,_ZN7subsdk110sub_17ddc0Ev!
0x000000000017dfa0,sub_17dfa0,612,_ZN7subsdk110sub_17dfa0Ev!
0x000000000017e210,sub_17e210,788,_ZN7subsdk110sub_17e210Ev!
0x000000000017e530,sub_17e530,272,_ZN7subsdk125sub_17e530_subsdk1_17e530Ev!
0x000000000017e640,sub_17e640,332,_ZN7subsdk110sub_17e640Ev!
0x000000000017e790,sub_17e790,1180,_ZN7subsdk110sub_17e790Ev!
0x000000000017ec30,sub_17ec30,1220,_ZN7subsdk125sub_17ec30_subsdk1_17ec30Ev!
0x000000000017f100,sub_17f100,568,_ZN7subsdk125sub_17f100_subsdk1_17f100Ev!
0x000000000017f340,sub_17f340,152,_ZN7subsdk110sub_17f340Ev!
0x000000000017f3e0,sub_17f3e0,216,_ZN7subsdk110sub_17f3e0Ev!
0x000000000017f4c0,sub_17f4c0,488,_ZN7subsdk110sub_17f4c0Ev!
0x000000000017f6b0,ScheduleInstructionsReduceReg_2,2068,_ZN7subsdk131ScheduleInstructionsReduceReg_2Ev!
0x000000000017fed0,sub_17fed0,3364,_ZN7subsdk125sub_17fed0_subsdk1_17fed0Ev!
0x0000000000180c00,sub_180c00,3408,_ZN7subsdk125sub_180c00_subsdk1_180c00Ev!
0x0000000000181950,sub_181950,448,_ZN7subsdk110sub_181950Ev!
0x0000000000181b10,sub_181b10,1340,_ZN7subsdk110sub_181b10Ev!
0x0000000000182050,sub_182050,48,_ZN7subsdk110sub_182050Ev!
0x0000000000182080,sub_182080,224,_ZN7subsdk110sub_182080Ev!
0x0000000000182160,sub_182160,144,_ZN7subsdk110sub_182160Ev!
0x00000000001821f0,sub_1821f0,200,_ZN7subsdk110sub_1821f0Ev!
0x00000000001822c0,sub_1822c0,484,_ZN7subsdk125sub_1822c0_subsdk1_1822c0Ev!
0x00000000001824b0,sub_1824b0,364,_ZN7subsdk110sub_1824b0Ev!
0x0000000000182620,sub_182620,648,_ZN7subsdk110sub_182620Ev!
0x00000000001828b0,sub_1828b0,1612,_ZN7subsdk110sub_1828b0Ev!
0x0000000000182f00,sub_182f00,56,_ZN7subsdk110sub_182f00Ev!
0x0000000000182f40,sub_182f40,1284,_ZN7subsdk110sub_182f40Ev!
0x0000000000183450,sub_183450,312,_ZN7subsdk110sub_183450Ev!
0x0000000000183590,sub_183590,2456,_ZN7subsdk110sub_183590Ev!
0x0000000000183f30,sub_183f30,72,_ZN7subsdk110sub_183f30Ev!
0x0000000000183f80,sub_183f80,252,_ZN7subsdk110sub_183f80Ev!
0x0000000000184080,sub_184080,76,_ZN7subsdk110sub_184080Ev!
0x00000000001840d0,sub_1840d0,176,_ZN7subsdk110sub_1840d0Ev!
0x0000000000184180,sub_184180,308,_ZN7subsdk110sub_184180Ev!
0x00000000001842c0,sub_1842c0,164,_ZN7subsdk110sub_1842c0Ev!
0x0000000000184370,sub_184370,8,_Z16subsdk1_f_184370v
0x0000000000184380,sub_184380,8,_Z16subsdk1_f_184380v
0x0000000000184390,sub_184390,8,_Z16subsdk1_f_184390jj
0x00000000001843a0,sub_1843a0,8,_Z16subsdk1_f_1843a0v
0x00000000001843b0,sub_1843b0,8,_Z16subsdk1_f_1843b0v
0x00000000001843c0,sub_1843c0,4,_Z16subsdk1_f_1843c0v
0x00000000001843d0,sub_1843d0,20,_ZN7subsdk110sub_1843d0Ev!
0x00000000001843f0,sub_1843f0,8,_Z16subsdk1_f_1843f0v
0x0000000000184400,sub_184400,4,_Z16subsdk1_f_184400v
0x0000000000184410,sub_184410,84,_ZN7subsdk110sub_184410Ev!
0x0000000000184470,sub_184470,8,_Z16subsdk1_f_184470v
0x0000000000184480,sub_184480,8,_Z16subsdk1_f_184480v
0x0000000000184490,sub_184490,8,_Z16subsdk1_f_184490v
0x00000000001844a0,sub_1844a0,8,_Z16subsdk1_f_1844a0v
0x00000000001844b0,sub_1844b0,4,_Z16subsdk1_f_1844b0v
0x00000000001844c0,sub_1844c0,8,_Z16subsdk1_f_1844c0v
0x00000000001844d0,sub_1844d0,4,_Z16subsdk1_f_1844d0v
0x00000000001844e0,sub_1844e0,4,_Z16subsdk1_f_1844e0v
0x00000000001844f0,sub_1844f0,4,_Z16subsdk1_f_1844f0v
0x0000000000184500,sub_184500,8,_Z16subsdk1_f_184500v
0x0000000000184510,sub_184510,4,_Z16subsdk1_f_184510v
0x0000000000184520,sub_184520,4,_Z16subsdk1_f_184520v
0x0000000000184530,sub_184530,4,_Z16subsdk1_f_184530v
0x0000000000184540,sub_184540,8,_Z16subsdk1_f_184540v
0x0000000000184550,sub_184550,8,_Z16subsdk1_f_184550v
0x0000000000184560,sub_184560,8,_Z16subsdk1_f_184560v
0x0000000000184570,sub_184570,8,_Z16subsdk1_f_184570v
0x0000000000184580,sub_184580,8,_Z16subsdk1_f_184580v
0x0000000000184590,sub_184590,8,_Z16subsdk1_f_184590v
0x00000000001845a0,sub_1845a0,8,_Z16subsdk1_f_1845a0v
0x00000000001845b0,sub_1845b0,12,_Z16subsdk1_f_1845b0mm
0x00000000001845c0,sub_1845c0,4,_Z16subsdk1_f_1845c0v
0x00000000001845d0,sub_1845d0,4,_Z16subsdk1_f_1845d0v
0x00000000001845e0,sub_1845e0,4,_Z16subsdk1_f_1845e0v
0x00000000001845f0,sub_1845f0,4,_Z16subsdk1_f_1845f0v
0x0000000000184600,sub_184600,44,_ZN7subsdk110sub_184600Ev!
0x0000000000184630,sub_184630,12,_Z16subsdk1_f_184630Pv
0x0000000000184640,sub_184640,64,_ZN7subsdk110sub_184640Ev!
0x0000000000184680,sub_184680,60,_ZN7subsdk110sub_184680Ev!
0x00000000001846c0,sub_1846c0,100,_ZN7subsdk110sub_1846c0Ev!
0x0000000000184730,sub_184730,84,_ZN7subsdk110sub_184730Ev!
0x0000000000184790,sub_184790,80,_ZN7subsdk110sub_184790Ev!
0x00000000001847e0,sub_1847e0,104,_ZN7subsdk110sub_1847e0Ev!
0x0000000000184850,sub_184850,200,_ZN7subsdk110sub_184850Ev!
0x0000000000184920,sub_184920,220,_ZN7subsdk110sub_184920Ev!
0x0000000000184a00,sub_184a00,68,_ZN7subsdk110sub_184a00Ev!
0x0000000000184a50,sub_184a50,32,_ZN7subsdk110sub_184a50Ev!
0x0000000000184a70,sub_184a70,32,_ZN7subsdk125sub_184a70_subsdk1_184a70Ev!
0x0000000000184a90,sub_184a90,264,_ZN7subsdk110sub_184a90Ev!
0x0000000000184ba0,sub_184ba0,412,_ZN7subsdk125sub_184ba0_subsdk1_184ba0Ev!
0x0000000000184d40,sub_184d40,12,_ZN7subsdk110sub_184d40Ev!
0x0000000000184d50,sub_184d50,128,_ZN7subsdk110sub_184d50Ev!
0x0000000000184dd0,sub_184dd0,112,_ZN7subsdk110sub_184dd0Ev!
0x0000000000184e40,sub_184e40,428,_ZN7subsdk125sub_184e40_subsdk1_184e40Ev!
0x0000000000184ff0,sub_184ff0,48,_ZN7subsdk110sub_184ff0Ev!
0x0000000000185020,sub_185020,124,_ZN7subsdk110sub_185020Ev!
0x00000000001850a0,sub_1850a0,1132,_ZN7subsdk110sub_1850a0Ev!
0x0000000000185510,sub_185510,80,_ZN7subsdk110sub_185510Ev!
0x0000000000185560,sub_185560,180,_ZN7subsdk110sub_185560Ev!
0x0000000000185620,sub_185620,100,_ZN7subsdk110sub_185620Ev!
0x0000000000185690,sub_185690,116,_ZN7subsdk110sub_185690Ev!
0x0000000000185710,sub_185710,4,_Z16subsdk1_f_185710v
0x0000000000185720,sub_185720,4,_Z16subsdk1_f_185720v
0x0000000000185730,sub_185730,20,_Z16subsdk1_f_185730mPv
0x0000000000185750,sub_185750,16,_Z16subsdk1_f_185750mPv
0x0000000000185760,sub_185760,160,_ZN7subsdk110sub_185760Ev!
0x0000000000185800,sub_185800,836,_ZN7subsdk110sub_185800Ev!
0x0000000000185b50,sub_185b50,196,_ZN7subsdk110sub_185b50Ev!
0x0000000000185c20,sub_185c20,568,_ZN7subsdk110sub_185c20Ev!
0x0000000000185e60,sub_185e60,2128,_ZN7subsdk125sub_185e60_subsdk1_185e60Ev!
0x00000000001866b0,sub_1866b0,228,_ZN7subsdk110sub_1866b0Ev!
0x00000000001867a0,sub_1867a0,180,_ZN7subsdk110sub_1867a0Ev!
0x0000000000186860,sub_186860,628,_ZN7subsdk110sub_186860Ev!
0x0000000000186ae0,sub_186ae0,560,_ZN7subsdk110sub_186ae0Ev!
0x0000000000186d10,sub_186d10,248,_ZN7subsdk110sub_186d10Ev!
0x0000000000186e10,sub_186e10,1112,_ZN7subsdk110sub_186e10Ev!
0x0000000000187270,sub_187270,256,_ZN7subsdk110sub_187270Ev!
0x0000000000187370,sub_187370,172,_ZN7subsdk110sub_187370Ev!
0x0000000000187420,sub_187420,604,_ZN7subsdk110sub_187420Ev!
0x0000000000187680,sub_187680,416,_ZN7subsdk110sub_187680Ev!
0x0000000000187820,sub_187820,632,_ZN7subsdk110sub_187820Ev!
0x0000000000187aa0,sub_187aa0,72,_ZN7subsdk110sub_187aa0Ev!
0x0000000000187af0,sub_187af0,576,_ZN7subsdk110sub_187af0Ev!
0x0000000000187d30,sub_187d30,2880,_ZN7subsdk110sub_187d30Ev!
0x0000000000188870,sub_188870,72,_ZN7subsdk110sub_188870Ev!
0x00000000001888c0,sub_1888c0,120,_ZN7subsdk125sub_1888c0_subsdk1_1888c0Ev!
0x0000000000188940,sub_188940,176,_ZN7subsdk110sub_188940Ev!
0x00000000001889f0,sub_1889f0,140,_ZN7subsdk110sub_1889f0Ev!
0x0000000000188a80,sub_188a80,8,_Z16subsdk1_f_188a80v
0x0000000000188a90,sub_188a90,92,_ZN7subsdk110sub_188a90Ev!
0x0000000000188af0,sub_188af0,4,_Z16subsdk1_f_188af0v
0x0000000000188b00,sub_188b00,8,_Z16subsdk1_f_188b00v
0x0000000000188b10,sub_188b10,8,_Z16subsdk1_f_188b10v
0x0000000000188b20,sub_188b20,4,_Z16subsdk1_f_188b20v
0x0000000000188b30,sub_188b30,4,_Z16subsdk1_f_188b30v
0x0000000000188b40,sub_188b40,144,_ZN7subsdk110sub_188b40Ev!
0x0000000000188bd0,sub_188bd0,264,_ZN7subsdk110sub_188bd0Ev!
0x0000000000188ce0,sub_188ce0,220,_ZN7subsdk110sub_188ce0Ev!
0x0000000000188dc0,sub_188dc0,24,_Z16subsdk1_f_188dc0mPv
0x0000000000188de0,sub_188de0,16,_Z16subsdk1_f_188de0mPv
0x0000000000188df0,sub_188df0,196,_ZN7subsdk110sub_188df0Ev!
0x0000000000188ec0,sub_188ec0,864,_ZN7subsdk110sub_188ec0Ev!
0x0000000000189220,sub_189220,276,_ZN7subsdk125sub_189220_subsdk1_189220Ev!
0x0000000000189340,sub_189340,796,_ZN7subsdk125sub_189340_subsdk1_189340Ev!
0x0000000000189660,sub_189660,80,_ZN7subsdk110sub_189660Ev!
0x00000000001896b0,sub_1896b0,52,_ZN7subsdk110sub_1896b0Ev!
0x00000000001896f0,sub_1896f0,568,_ZN7subsdk125sub_1896f0_subsdk1_1896f0Ev!
0x0000000000189930,sub_189930,856,_ZN7subsdk125sub_189930_subsdk1_189930Ev!
0x0000000000189c90,sub_189c90,52,_ZN7subsdk125sub_189c90_subsdk1_189c90Ev!
0x0000000000189cd0,sub_189cd0,444,_ZN7subsdk125sub_189cd0_subsdk1_189cd0Ev!
0x0000000000189e90,sub_189e90,308,_ZN7subsdk110sub_189e90Ev!
0x0000000000189fd0,sub_189fd0,440,_ZN7subsdk110sub_189fd0Ev!
0x000000000018a190,sub_18a190,480,_ZN7subsdk125sub_18a190_subsdk1_18a190Ev!
0x000000000018a370,sub_18a370,308,_ZN7subsdk110sub_18a370Ev!
0x000000000018a4b0,sub_18a4b0,1148,_ZN7subsdk110sub_18a4b0Ev!
0x000000000018a930,sub_18a930,540,_ZN7subsdk110sub_18a930Ev!
0x000000000018ab50,sub_18ab50,560,_ZN7subsdk110sub_18ab50Ev!
0x000000000018ad80,sub_18ad80,40,_ZN7subsdk110sub_18ad80Ev!
0x000000000018adb0,sub_18adb0,3100,_ZN7subsdk110sub_18adb0Ev!
0x000000000018b9d0,sub_18b9d0,584,_ZN7subsdk125sub_18b9d0_subsdk1_18b9d0Ev!
0x000000000018bc20,sub_18bc20,1500,_ZN7subsdk110sub_18bc20Ev!
0x000000000018c200,sub_18c200,328,_ZN7subsdk110sub_18c200Ev!
0x000000000018c350,sub_18c350,104,_ZN7subsdk110sub_18c350Ev!
0x000000000018c3c0,sub_18c3c0,1424,_ZN7subsdk110sub_18c3c0Ev!
0x000000000018c950,sub_18c950,236,_ZN7subsdk110sub_18c950Ev!
0x000000000018ca40,sub_18ca40,436,_ZN7subsdk110sub_18ca40Ev!
0x000000000018cc00,sub_18cc00,124,_ZN7subsdk110sub_18cc00Ev!
0x000000000018cc80,sub_18cc80,64,_ZN7subsdk110sub_18cc80Ev!
0x000000000018ccc0,sub_18ccc0,108,_ZN7subsdk110sub_18ccc0Ev!
0x000000000018cd30,sub_18cd30,80,_ZN7subsdk110sub_18cd30Ev!
0x000000000018cd80,sub_18cd80,292,_ZN7subsdk110sub_18cd80Ev!
0x000000000018ceb0,sub_18ceb0,672,_ZN7subsdk110sub_18ceb0Ev!
0x000000000018d150,sub_18d150,12,_Z16subsdk1_f_18d150mj
0x000000000018d160,sub_18d160,2584,_ZN7subsdk110sub_18d160Ev!
0x000000000018db80,sub_18db80,168,_ZN7subsdk110sub_18db80Ev!
0x000000000018dc30,sub_18dc30,420,_ZN7subsdk110sub_18dc30Ev!
0x000000000018dde0,sub_18dde0,40,_ZN7subsdk110sub_18dde0Ev!
0x000000000018de10,sub_18de10,128,_ZN7subsdk110sub_18de10Ev!
0x000000000018de90,sub_18de90,332,_ZN7subsdk110sub_18de90Ev!
0x000000000018dfe0,sub_18dfe0,24,_Z16subsdk1_f_18dfe0mPv
0x000000000018e000,sub_18e000,480,_ZN7subsdk110sub_18e000Ev!
0x000000000018e1e0,sub_18e1e0,304,_ZN7subsdk110sub_18e1e0Ev!
0x000000000018e310,sub_18e310,100,_ZN7subsdk110sub_18e310Ev!
0x000000000018e380,sub_18e380,120,_ZN7subsdk110sub_18e380Ev!
0x000000000018e400,sub_18e400,164,_ZN7subsdk110sub_18e400Ev!
0x000000000018e4b0,sub_18e4b0,72,_ZN7subsdk110sub_18e4b0Ev!
0x000000000018e500,sub_18e500,212,_ZN7subsdk110sub_18e500Ev!
0x000000000018e5e0,sub_18e5e0,644,_ZN7subsdk110sub_18e5e0Ev!
0x000000000018e870,sub_18e870,860,_ZN7subsdk110sub_18e870Ev!
0x000000000018ebd0,sub_18ebd0,420,_ZN7subsdk110sub_18ebd0Ev!
0x000000000018ed80,sub_18ed80,432,_ZN7subsdk110sub_18ed80Ev!
0x000000000018ef30,sub_18ef30,544,_ZN7subsdk110sub_18ef30Ev!
0x000000000018f150,sub_18f150,584,_ZN7subsdk110sub_18f150Ev!
0x000000000018f3a0,sub_18f3a0,388,_ZN7subsdk110sub_18f3a0Ev!
0x000000000018f530,sub_18f530,256,_ZN7subsdk110sub_18f530Ev!
0x000000000018f630,sub_18f630,60,_ZN7subsdk110sub_18f630Ev!
0x000000000018f670,sub_18f670,496,_ZN7subsdk110sub_18f670Ev!
0x000000000018f860,sub_18f860,824,_ZN7subsdk110sub_18f860Ev!
0x000000000018fba0,sub_18fba0,752,_ZN7subsdk110sub_18fba0Ev!
0x000000000018fe90,sub_18fe90,488,_ZN7subsdk110sub_18fe90Ev!
0x0000000000190080,sub_190080,952,_ZN7subsdk125sub_190080_subsdk1_190080Ev!
0x0000000000190440,sub_190440,304,_ZN7subsdk125sub_190440_subsdk1_190440Ev!
0x0000000000190570,sub_190570,320,_ZN7subsdk110sub_190570Ev!
0x00000000001906b0,sub_1906b0,36,_ZN7subsdk125sub_1906b0_subsdk1_1906b0Ev!
0x00000000001906e0,sub_1906e0,56,_ZN7subsdk110sub_1906e0Ev!
0x0000000000190720,sub_190720,252,_ZN7subsdk110sub_190720Ev!
0x0000000000190820,sub_190820,284,_ZN7subsdk125sub_190820_subsdk1_190820Ev!
0x0000000000190940,sub_190940,96,_ZN7subsdk110sub_190940Ev!
0x00000000001909a0,sub_1909a0,20,_ZN7subsdk110sub_1909a0Ev!
0x00000000001909c0,sub_1909c0,136,_ZN7subsdk110sub_1909c0Ev!
0x0000000000190a50,sub_190a50,76,_ZN7subsdk110sub_190a50Ev!
0x0000000000190aa0,sub_190aa0,8,_Z16subsdk1_f_190aa0v
0x0000000000190ab0,sub_190ab0,8,_ZN7subsdk110sub_190ab0Ev!
0x0000000000190ac0,sub_190ac0,28,_ZN7subsdk125sub_190ac0_subsdk1_190ac0Ev!
0x0000000000190ae0,sub_190ae0,8,_ZN7subsdk110sub_190ae0Ev!
0x0000000000190af0,sub_190af0,8,_Z16subsdk1_f_190af0v
0x0000000000190b00,sub_190b00,8,_Z16subsdk1_f_190b00v
0x0000000000190b10,sub_190b10,8,_Z16subsdk1_f_190b10v
0x0000000000190b20,sub_190b20,312,_ZN7subsdk110sub_190b20Ev!
0x0000000000190c60,sub_190c60,4,_Z16subsdk1_f_190c60v
0x0000000000190c70,sub_190c70,36,_ZN7subsdk110sub_190c70Ev!
0x0000000000190ca0,sub_190ca0,16,_Z16subsdk1_f_190ca0Pv
0x0000000000190cb0,sub_190cb0,12,_Z16subsdk1_f_190cb0mm
0x0000000000190cc0,sub_190cc0,248,_ZN7subsdk110sub_190cc0Ev!
0x0000000000190dc0,sub_190dc0,580,_ZN7subsdk110sub_190dc0Ev!
0x0000000000191010,sub_191010,52,_ZN7subsdk110sub_191010Ev!
0x0000000000191050,sub_191050,40,_ZN7subsdk110sub_191050Ev!
0x0000000000191080,sub_191080,12,_Z16subsdk1_f_191080Pv
0x0000000000191090,sub_191090,56,_ZN7subsdk110sub_191090Ev!
0x00000000001910d0,sub_1910d0,84,_ZN7subsdk110sub_1910d0Ev!
0x0000000000191130,sub_191130,68,_ZN7subsdk110sub_191130Ev!
0x0000000000191180,sub_191180,64,_ZN7subsdk110sub_191180Ev!
0x00000000001911c0,sub_1911c0,92,_ZN7subsdk110sub_1911c0Ev!
0x0000000000191220,sub_191220,172,_ZN7subsdk110sub_191220Ev!
0x00000000001912d0,sub_1912d0,180,_ZN7subsdk110sub_1912d0Ev!
0x0000000000191390,sub_191390,52,_ZN7subsdk110sub_191390Ev!
0x00000000001913d0,sub_1913d0,268,_ZN7subsdk110sub_1913d0Ev!
0x00000000001914e0,sub_1914e0,4244,_ZN7subsdk125sub_1914e0_subsdk1_1914e0Ev!
0x0000000000192580,sub_192580,1904,_ZN7subsdk110sub_192580Ev!
0x0000000000192cf0,sub_192cf0,1244,_ZN7subsdk110sub_192cf0Ev!
0x00000000001931d0,sub_1931d0,500,_ZN7subsdk110sub_1931d0Ev!
0x00000000001933d0,sub_1933d0,45844,_ZN7subsdk110sub_1933d0Ev!
0x000000000019e6f0,sub_19e6f0,400,_ZN7subsdk125sub_19e6f0_subsdk1_19e6f0Ev!
0x000000000019e880,sub_19e880,44772,_ZN7subsdk110sub_19e880Ev!
0x00000000001a9770,sub_1a9770,36728,_ZN7subsdk110sub_1a9770Ev!
0x00000000001b26f0,sub_1b26f0,26708,_ZN7subsdk110sub_1b26f0Ev!
0x00000000001b8f50,sub_1b8f50,484,_ZN7subsdk110sub_1b8f50Ev!
0x00000000001b9140,sub_1b9140,8964,_ZN7subsdk110sub_1b9140Ev!
0x00000000001bb450,sub_1bb450,392,_ZN7subsdk110sub_1bb450Ev!
0x00000000001bb5e0,sub_1bb5e0,180,_ZN7subsdk110sub_1bb5e0Ev!
0x00000000001bb6a0,sub_1bb6a0,36,_ZN7subsdk110sub_1bb6a0Ev!
0x00000000001bb6d0,sub_1bb6d0,16,_ZN7subsdk110sub_1bb6d0Ev!
0x00000000001bb6e0,sub_1bb6e0,112,_ZN7subsdk110sub_1bb6e0Ev!
0x00000000001bb750,sub_1bb750,36,_ZN7subsdk110sub_1bb750Ev!
0x00000000001bb780,sub_1bb780,36,_ZN7subsdk110sub_1bb780Ev!
0x00000000001bb7b0,sub_1bb7b0,120,_ZN7subsdk110sub_1bb7b0Ev!
0x00000000001bb830,sub_1bb830,152,_ZN7subsdk110sub_1bb830Ev!
0x00000000001bb8d0,sub_1bb8d0,52,_ZN7subsdk110sub_1bb8d0Ev!
0x00000000001bb910,sub_1bb910,52,_ZN7subsdk110sub_1bb910Ev!
0x00000000001bb950,sub_1bb950,96,_ZN7subsdk110sub_1bb950Ev!
0x00000000001bb9b0,sub_1bb9b0,268,_ZN7subsdk110sub_1bb9b0Ev!
0x00000000001bbac0,sub_1bbac0,228,_ZN7subsdk110sub_1bbac0Ev!
0x00000000001bbbb0,sub_1bbbb0,416,_ZN7subsdk110sub_1bbbb0Ev!
0x00000000001bbd50,sub_1bbd50,300,_ZN7subsdk110sub_1bbd50Ev!
0x00000000001bbe80,sub_1bbe80,436,_ZN7subsdk110sub_1bbe80Ev!
0x00000000001bc040,sub_1bc040,304,_ZN7subsdk110sub_1bc040Ev!
0x00000000001bc170,sub_1bc170,308,_ZN7subsdk110sub_1bc170Ev!
0x00000000001bc2b0,sub_1bc2b0,620,_ZN7subsdk110sub_1bc2b0Ev!
0x00000000001bc520,sub_1bc520,352,_ZN7subsdk110sub_1bc520Ev!
0x00000000001bc680,sub_1bc680,840,_ZN7subsdk110sub_1bc680Ev!
0x00000000001bc9d0,sub_1bc9d0,104,_ZN7subsdk110sub_1bc9d0Ev!
0x00000000001bca40,sub_1bca40,12,_ZN7subsdk110sub_1bca40Ev!
0x00000000001bca50,sub_1bca50,12,_ZN7subsdk110sub_1bca50Ev!
0x00000000001bca60,sub_1bca60,116,_ZN7subsdk110sub_1bca60Ev!
0x00000000001bcae0,sub_1bcae0,308,_ZN7subsdk110sub_1bcae0Ev!
0x00000000001bcc20,sub_1bcc20,260,_ZN7subsdk110sub_1bcc20Ev!
0x00000000001bcd30,sub_1bcd30,112,_ZN7subsdk110sub_1bcd30Ev!
0x00000000001bcda0,sub_1bcda0,40,_ZN7subsdk110sub_1bcda0Ev!
0x00000000001bcdd0,sub_1bcdd0,328,_ZN7subsdk110sub_1bcdd0Ev!
0x00000000001bcf20,sub_1bcf20,380,_ZN7subsdk110sub_1bcf20Ev!
0x00000000001bd0a0,sub_1bd0a0,116,_ZN7subsdk110sub_1bd0a0Ev!
0x00000000001bd120,sub_1bd120,320,_ZN7subsdk110sub_1bd120Ev!
0x00000000001bd260,sub_1bd260,60,_ZN7subsdk110sub_1bd260Ev!
0x00000000001bd2a0,sub_1bd2a0,48,_ZN7subsdk110sub_1bd2a0Ev!
0x00000000001bd2d0,sub_1bd2d0,64,_ZN7subsdk110sub_1bd2d0Ev!
0x00000000001bd310,sub_1bd310,132,_ZN7subsdk110sub_1bd310Ev!
0x00000000001bd3a0,sub_1bd3a0,116,_ZN7subsdk110sub_1bd3a0Ev!
0x00000000001bd420,sub_1bd420,148,_ZN7subsdk110sub_1bd420Ev!
0x00000000001bd4c0,sub_1bd4c0,804,_ZN7subsdk110sub_1bd4c0Ev!
0x00000000001bd7f0,sub_1bd7f0,268,_ZN7subsdk110sub_1bd7f0Ev!
0x00000000001bd900,sub_1bd900,232,_ZN7subsdk110sub_1bd900Ev!
0x00000000001bd9f0,sub_1bd9f0,764,_ZN7subsdk110sub_1bd9f0Ev!
0x00000000001bdcf0,sub_1bdcf0,828,_ZN7subsdk110sub_1bdcf0Ev!
0x00000000001be030,sub_1be030,248,_ZN7subsdk110sub_1be030Ev!
0x00000000001be130,sub_1be130,244,_ZN7subsdk110sub_1be130Ev!
0x00000000001be230,sub_1be230,440,_ZN7subsdk110sub_1be230Ev!
0x00000000001be3f0,sub_1be3f0,784,_ZN7subsdk110sub_1be3f0Ev!
0x00000000001be700,sub_1be700,164,_ZN7subsdk110sub_1be700Ev!
0x00000000001be7b0,sub_1be7b0,60,_ZN7subsdk125sub_1be7b0_subsdk1_1be7b0Ev!
0x00000000001be7f0,sub_1be7f0,128,_ZN7subsdk110sub_1be7f0Ev!
0x00000000001be870,sub_1be870,228,_ZN7subsdk110sub_1be870Ev!
0x00000000001be960,sub_1be960,12,_ZN7subsdk110sub_1be960Ev!
0x00000000001be970,sub_1be970,160,_ZN7subsdk125sub_1be970_subsdk1_1be970Ev!
0x00000000001bea10,sub_1bea10,12,_ZN7subsdk110sub_1bea10Ev!
0x00000000001bea20,sub_1bea20,36,_ZN7subsdk110sub_1bea20Ev!
0x00000000001bea50,sub_1bea50,48,_ZN7subsdk110sub_1bea50Ev!
0x00000000001bea80,sub_1bea80,12,_ZN7subsdk110sub_1bea80Ev!
0x00000000001bea90,sub_1bea90,164,_ZN7subsdk110sub_1bea90Ev!
0x00000000001beb40,sub_1beb40,128,_ZN7subsdk110sub_1beb40Ev!
0x00000000001bebc0,sub_1bebc0,228,_ZN7subsdk110sub_1bebc0Ev!
0x00000000001becb0,sub_1becb0,12,_ZN7subsdk110sub_1becb0Ev!
0x00000000001becc0,sub_1becc0,752,_ZN7subsdk110sub_1becc0Ev!
0x00000000001befb0,sub_1befb0,780,_ZN7subsdk110sub_1befb0Ev!
0x00000000001bf2c0,sub_1bf2c0,780,_ZN7subsdk110sub_1bf2c0Ev!
0x00000000001bf5d0,sub_1bf5d0,796,_ZN7subsdk110sub_1bf5d0Ev!
0x00000000001bf8f0,sub_1bf8f0,1592,_ZN7subsdk110sub_1bf8f0Ev!
0x00000000001bff30,sub_1bff30,980,_ZN7subsdk110sub_1bff30Ev!
0x00000000001c0310,sub_1c0310,140,_ZN7subsdk110sub_1c0310Ev!
0x00000000001c03a0,sub_1c03a0,280,_ZN7subsdk110sub_1c03a0Ev!
0x00000000001c04c0,sub_1c04c0,32,_ZN7subsdk110sub_1c04c0Ev!
0x00000000001c04e0,sub_1c04e0,188,_ZN7subsdk110sub_1c04e0Ev!
0x00000000001c05a0,sub_1c05a0,12,_ZN7subsdk110sub_1c05a0Ev!
0x00000000001c05b0,sub_1c05b0,12,_ZN7subsdk110sub_1c05b0Ev!
0x00000000001c05c0,sub_1c05c0,68,_ZN7subsdk110sub_1c05c0Ev!
0x00000000001c0610,sub_1c0610,12,_ZN7subsdk110sub_1c0610Ev!
0x00000000001c0620,sub_1c0620,1216,_ZN7subsdk110sub_1c0620Ev!
0x00000000001c0ae0,sub_1c0ae0,148,_ZN7subsdk125sub_1c0ae0_subsdk1_1c0ae0Ev!
0x00000000001c0b80,sub_1c0b80,48,_ZN7subsdk110sub_1c0b80Ev!
0x00000000001c0bb0,sub_1c0bb0,148,_ZN7subsdk110sub_1c0bb0Ev!
0x00000000001c0c50,sub_1c0c50,48,_ZN7subsdk110sub_1c0c50Ev!
0x00000000001c0c80,sub_1c0c80,76,_ZN7subsdk110sub_1c0c80Ev!
0x00000000001c0cd0,sub_1c0cd0,192,_ZN7subsdk110sub_1c0cd0Ev!
0x00000000001c0d90,sub_1c0d90,12,_ZN7subsdk110sub_1c0d90Ev!
0x00000000001c0da0,sub_1c0da0,832,_ZN7subsdk110sub_1c0da0Ev!
0x00000000001c10e0,sub_1c10e0,1232,_ZN7subsdk110sub_1c10e0Ev!
0x00000000001c15b0,sub_1c15b0,1272,_ZN7subsdk110sub_1c15b0Ev!
0x00000000001c1ab0,sub_1c1ab0,80,_ZN7subsdk110sub_1c1ab0Ev!
0x00000000001c1b00,sub_1c1b00,116,_ZN7subsdk110sub_1c1b00Ev!
0x00000000001c1b80,sub_1c1b80,80,_ZN7subsdk110sub_1c1b80Ev!
0x00000000001c1bd0,sub_1c1bd0,12,_ZN7subsdk110sub_1c1bd0Ev!
0x00000000001c1be0,sub_1c1be0,12,_ZN7subsdk110sub_1c1be0Ev!
0x00000000001c1bf0,sub_1c1bf0,1360,_ZN7subsdk110sub_1c1bf0Ev!
0x00000000001c2140,sub_1c2140,1112,_ZN7subsdk110sub_1c2140Ev!
0x00000000001c25a0,sub_1c25a0,276,_ZN7subsdk110sub_1c25a0Ev!
0x00000000001c26c0,sub_1c26c0,20,_ZN7subsdk110sub_1c26c0Ev!
0x00000000001c26e0,sub_1c26e0,136,_ZN7subsdk110sub_1c26e0Ev!
0x00000000001c2770,sub_1c2770,132,_ZN7subsdk110sub_1c2770Ev!
0x00000000001c2800,sub_1c2800,116,_ZN7subsdk110sub_1c2800Ev!
0x00000000001c2880,sub_1c2880,264,_ZN7subsdk110sub_1c2880Ev!
0x00000000001c2990,sub_1c2990,812,_ZN7subsdk110sub_1c2990Ev!
0x00000000001c2cc0,sub_1c2cc0,852,_ZN7subsdk110sub_1c2cc0Ev!
0x00000000001c3020,sub_1c3020,864,_ZN7subsdk110sub_1c3020Ev!
0x00000000001c3380,sub_1c3380,248,_ZN7subsdk110sub_1c3380Ev!
0x00000000001c3480,sub_1c3480,284,_ZN7subsdk125sub_1c3480_subsdk1_1c3480Ev!
0x00000000001c35a0,sub_1c35a0,116,_ZN7subsdk110sub_1c35a0Ev!
0x00000000001c3620,sub_1c3620,668,_ZN7subsdk110sub_1c3620Ev!
0x00000000001c38c0,sub_1c38c0,800,_ZN7subsdk110sub_1c38c0Ev!
0x00000000001c3be0,sub_1c3be0,668,_ZN7subsdk110sub_1c3be0Ev!
0x00000000001c3e80,sub_1c3e80,384,_ZN7subsdk125sub_1c3e80_subsdk1_1c3e80Ev!
0x00000000001c4000,sub_1c4000,2356,_ZN7subsdk125sub_1c4000_subsdk1_1c4000Ev!
0x00000000001c4940,sub_1c4940,3892,_ZN7subsdk110sub_1c4940Ev!
0x00000000001c5880,cuda_sm70_warpsync,372,_ZN7subsdk118cuda_sm70_warpsyncEv!
0x00000000001c5a00,sub_1c5a00,200,_ZN7subsdk110sub_1c5a00Ev!
0x00000000001c5ad0,sub_1c5ad0,208,_ZN7subsdk110sub_1c5ad0Ev!
0x00000000001c5ba0,sub_1c5ba0,56,_ZN7subsdk110sub_1c5ba0Ev!
0x00000000001c5be0,sub_1c5be0,684,_ZN7subsdk110sub_1c5be0Ev!
0x00000000001c5e90,sub_1c5e90,316,_ZN7subsdk125sub_1c5e90_subsdk1_1c5e90Ev!
0x00000000001c5fd0,sub_1c5fd0,524,_ZN7subsdk110sub_1c5fd0Ev!
0x00000000001c61e0,sub_1c61e0,2468,_ZN7subsdk125sub_1c61e0_subsdk1_1c61e0Ev!
0x00000000001c6b90,sub_1c6b90,5464,_ZN7subsdk110sub_1c6b90Ev!
0x00000000001c80f0,sub_1c80f0,1204,_ZN7subsdk110sub_1c80f0Ev!
0x00000000001c85b0,sub_1c85b0,4,_Z16subsdk1_f_1c85b0v
0x00000000001c85c0,sub_1c85c0,332,_ZN7subsdk110sub_1c85c0Ev!
0x00000000001c8710,sub_1c8710,112,_ZN7subsdk110sub_1c8710Ev!
0x00000000001c8780,sub_1c8780,248,_ZN7subsdk110sub_1c8780Ev!
0x00000000001c8880,sub_1c8880,824,_ZN7subsdk110sub_1c8880Ev!
0x00000000001c8bc0,sub_1c8bc0,752,_ZN7subsdk110sub_1c8bc0Ev!
0x00000000001c8eb0,sub_1c8eb0,332,_ZN7subsdk110sub_1c8eb0Ev!
0x00000000001c9000,sub_1c9000,52,_ZN7subsdk110sub_1c9000Ev!
0x00000000001c9040,sub_1c9040,364,_ZN7subsdk110sub_1c9040Ev!
0x00000000001c91b0,sub_1c91b0,76,_ZN7subsdk110sub_1c91b0Ev!
0x00000000001c9200,sub_1c9200,312,_ZN7subsdk110sub_1c9200Ev!
0x00000000001c9340,sub_1c9340,400,_ZN7subsdk110sub_1c9340Ev!
0x00000000001c94d0,sub_1c94d0,244,_ZN7subsdk110sub_1c94d0Ev!
0x00000000001c95d0,sub_1c95d0,288,_ZN7subsdk110sub_1c95d0Ev!
0x00000000001c96f0,sub_1c96f0,332,_ZN7subsdk110sub_1c96f0Ev!
0x00000000001c9840,sub_1c9840,312,_ZN7subsdk110sub_1c9840Ev!
0x00000000001c9980,sub_1c9980,380,_ZN7subsdk110sub_1c9980Ev!
0x00000000001c9b00,sub_1c9b00,116,_ZN7subsdk110sub_1c9b00Ev!
0x00000000001c9b80,sub_1c9b80,468,_ZN7subsdk125sub_1c9b80_subsdk1_1c9b80Ev!
0x00000000001c9d60,sub_1c9d60,312,_ZN7subsdk110sub_1c9d60Ev!
0x00000000001c9ea0,sub_1c9ea0,436,_ZN7subsdk110sub_1c9ea0Ev!
0x00000000001ca060,sub_1ca060,4,_Z16subsdk1_f_1ca060v
0x00000000001ca070,sub_1ca070,4,_Z16subsdk1_f_1ca070v
0x00000000001ca080,sub_1ca080,312,_ZN7subsdk110sub_1ca080Ev!
0x00000000001ca1c0,sub_1ca1c0,328,_ZN7subsdk110sub_1ca1c0Ev!
0x00000000001ca310,sub_1ca310,4,_Z16subsdk1_f_1ca310v
0x00000000001ca320,sub_1ca320,4,_Z16subsdk1_f_1ca320v
0x00000000001ca330,sub_1ca330,4,_Z16subsdk1_f_1ca330v
0x00000000001ca340,sub_1ca340,4,_Z16subsdk1_f_1ca340v
0x00000000001ca350,sub_1ca350,4,_Z16subsdk1_f_1ca350v
0x00000000001ca360,sub_1ca360,4,_Z16subsdk1_f_1ca360v
0x00000000001ca370,sub_1ca370,4,_Z16subsdk1_f_1ca370v
0x00000000001ca380,sub_1ca380,4,_Z16subsdk1_f_1ca380v
0x00000000001ca390,sub_1ca390,4,_Z16subsdk1_f_1ca390v
0x00000000001ca3a0,sub_1ca3a0,4,_Z16subsdk1_f_1ca3a0v
0x00000000001ca3b0,sub_1ca3b0,4,_Z16subsdk1_f_1ca3b0v
0x00000000001ca3c0,sub_1ca3c0,4,_Z16subsdk1_f_1ca3c0v
0x00000000001ca3d0,sub_1ca3d0,4,_Z16subsdk1_f_1ca3d0v
0x00000000001ca3e0,sub_1ca3e0,4,_Z16subsdk1_f_1ca3e0v
0x00000000001ca3f0,sub_1ca3f0,4,_Z16subsdk1_f_1ca3f0v
0x00000000001ca400,sub_1ca400,4,_Z16subsdk1_f_1ca400v
0x00000000001ca410,sub_1ca410,4,_Z16subsdk1_f_1ca410v
0x00000000001ca420,sub_1ca420,4,_Z16subsdk1_f_1ca420v
0x00000000001ca430,sub_1ca430,4,_Z16subsdk1_f_1ca430v
0x00000000001ca440,sub_1ca440,4,_Z16subsdk1_f_1ca440v
0x00000000001ca450,sub_1ca450,4,_Z16subsdk1_f_1ca450v
0x00000000001ca460,sub_1ca460,4,_Z16subsdk1_f_1ca460v
0x00000000001ca470,sub_1ca470,4,_Z16subsdk1_f_1ca470v
0x00000000001ca480,sub_1ca480,4,_Z16subsdk1_f_1ca480v
0x00000000001ca490,sub_1ca490,4,_Z16subsdk1_f_1ca490v
0x00000000001ca4a0,sub_1ca4a0,4,_Z16subsdk1_f_1ca4a0v
0x00000000001ca4b0,sub_1ca4b0,4,_Z16subsdk1_f_1ca4b0v
0x00000000001ca4c0,sub_1ca4c0,4,_Z16subsdk1_f_1ca4c0v
0x00000000001ca4d0,sub_1ca4d0,4,_Z16subsdk1_f_1ca4d0v
0x00000000001ca4e0,sub_1ca4e0,4,_Z16subsdk1_f_1ca4e0v
0x00000000001ca4f0,sub_1ca4f0,4,_Z16subsdk1_f_1ca4f0v
0x00000000001ca500,sub_1ca500,4,_Z16subsdk1_f_1ca500v
0x00000000001ca510,sub_1ca510,4,_Z16subsdk1_f_1ca510v
0x00000000001ca520,sub_1ca520,4,_Z16subsdk1_f_1ca520v
0x00000000001ca530,sub_1ca530,4,_Z16subsdk1_f_1ca530v
0x00000000001ca540,sub_1ca540,4,_Z16subsdk1_f_1ca540v
0x00000000001ca550,sub_1ca550,4,_Z16subsdk1_f_1ca550v
0x00000000001ca560,sub_1ca560,4,_Z16subsdk1_f_1ca560v
0x00000000001ca570,sub_1ca570,4,_Z16subsdk1_f_1ca570v
0x00000000001ca580,sub_1ca580,4,_Z16subsdk1_f_1ca580v
0x00000000001ca590,sub_1ca590,4,_Z16subsdk1_f_1ca590v
0x00000000001ca5a0,sub_1ca5a0,4,_Z16subsdk1_f_1ca5a0v
0x00000000001ca5b0,sub_1ca5b0,4,_Z16subsdk1_f_1ca5b0v
0x00000000001ca5c0,sub_1ca5c0,4,_Z16subsdk1_f_1ca5c0v
0x00000000001ca5d0,sub_1ca5d0,4,_Z16subsdk1_f_1ca5d0v
0x00000000001ca5e0,sub_1ca5e0,4,_Z16subsdk1_f_1ca5e0v
0x00000000001ca5f0,sub_1ca5f0,4,_Z16subsdk1_f_1ca5f0v
0x00000000001ca600,sub_1ca600,4,_Z16subsdk1_f_1ca600v
0x00000000001ca610,sub_1ca610,4,_Z16subsdk1_f_1ca610v
0x00000000001ca620,sub_1ca620,4,_Z16subsdk1_f_1ca620v
0x00000000001ca630,sub_1ca630,4,_Z16subsdk1_f_1ca630v
0x00000000001ca640,sub_1ca640,4,_Z16subsdk1_f_1ca640v
0x00000000001ca650,sub_1ca650,4,_Z16subsdk1_f_1ca650v
0x00000000001ca660,sub_1ca660,4,_Z16subsdk1_f_1ca660v
0x00000000001ca670,sub_1ca670,4,_Z16subsdk1_f_1ca670v
0x00000000001ca680,sub_1ca680,4,_Z16subsdk1_f_1ca680v
0x00000000001ca690,sub_1ca690,4,_Z16subsdk1_f_1ca690v
0x00000000001ca6a0,sub_1ca6a0,4,_Z16subsdk1_f_1ca6a0v
0x00000000001ca6b0,sub_1ca6b0,4,_Z16subsdk1_f_1ca6b0v
0x00000000001ca6c0,sub_1ca6c0,4,_Z16subsdk1_f_1ca6c0v
0x00000000001ca6d0,sub_1ca6d0,4,_Z16subsdk1_f_1ca6d0v
0x00000000001ca6e0,sub_1ca6e0,4,_Z16subsdk1_f_1ca6e0v
0x00000000001ca6f0,sub_1ca6f0,4,_Z16subsdk1_f_1ca6f0v
0x00000000001ca700,sub_1ca700,4,_Z16subsdk1_f_1ca700v
0x00000000001ca710,sub_1ca710,4,_Z16subsdk1_f_1ca710v
0x00000000001ca720,sub_1ca720,4,_Z16subsdk1_f_1ca720v
0x00000000001ca730,sub_1ca730,4,_Z16subsdk1_f_1ca730v
0x00000000001ca740,sub_1ca740,4,_Z16subsdk1_f_1ca740v
0x00000000001ca750,sub_1ca750,4,_Z16subsdk1_f_1ca750v
0x00000000001ca760,sub_1ca760,4,_Z16subsdk1_f_1ca760v
0x00000000001ca770,sub_1ca770,4,_Z16subsdk1_f_1ca770v
0x00000000001ca780,sub_1ca780,4,_Z16subsdk1_f_1ca780v
0x00000000001ca790,sub_1ca790,4,_Z16subsdk1_f_1ca790v
0x00000000001ca7a0,sub_1ca7a0,4,_Z16subsdk1_f_1ca7a0v
0x00000000001ca7b0,sub_1ca7b0,4,_Z16subsdk1_f_1ca7b0v
0x00000000001ca7c0,sub_1ca7c0,4,_Z16subsdk1_f_1ca7c0v
0x00000000001ca7d0,sub_1ca7d0,4,_Z16subsdk1_f_1ca7d0v
0x00000000001ca7e0,sub_1ca7e0,4,_Z16subsdk1_f_1ca7e0v
0x00000000001ca7f0,sub_1ca7f0,4,_Z16subsdk1_f_1ca7f0v
0x00000000001ca800,sub_1ca800,4,_Z16subsdk1_f_1ca800v
0x00000000001ca810,sub_1ca810,4,_Z16subsdk1_f_1ca810v
0x00000000001ca820,sub_1ca820,4,_Z16subsdk1_f_1ca820v
0x00000000001ca830,sub_1ca830,4,_Z16subsdk1_f_1ca830v
0x00000000001ca840,sub_1ca840,4,_Z16subsdk1_f_1ca840v
0x00000000001ca850,sub_1ca850,4,_Z16subsdk1_f_1ca850v
0x00000000001ca860,sub_1ca860,4,_Z16subsdk1_f_1ca860v
0x00000000001ca870,sub_1ca870,4,_Z16subsdk1_f_1ca870v
0x00000000001ca880,sub_1ca880,4,_Z16subsdk1_f_1ca880v
0x00000000001ca890,sub_1ca890,4,_Z16subsdk1_f_1ca890v
0x00000000001ca8a0,sub_1ca8a0,4,_Z16subsdk1_f_1ca8a0v
0x00000000001ca8b0,sub_1ca8b0,4,_Z16subsdk1_f_1ca8b0v
0x00000000001ca8c0,sub_1ca8c0,4,_Z16subsdk1_f_1ca8c0v
0x00000000001ca8d0,sub_1ca8d0,4,_Z16subsdk1_f_1ca8d0v
0x00000000001ca8e0,sub_1ca8e0,4,_Z16subsdk1_f_1ca8e0v
0x00000000001ca8f0,sub_1ca8f0,4,_Z16subsdk1_f_1ca8f0v
0x00000000001ca900,sub_1ca900,4,_Z16subsdk1_f_1ca900v
0x00000000001ca910,sub_1ca910,4,_Z16subsdk1_f_1ca910v
0x00000000001ca920,sub_1ca920,4,_Z16subsdk1_f_1ca920v
0x00000000001ca930,sub_1ca930,4,_Z16subsdk1_f_1ca930v
0x00000000001ca940,sub_1ca940,4,_Z16subsdk1_f_1ca940v
0x00000000001ca950,sub_1ca950,4,_Z16subsdk1_f_1ca950v
0x00000000001ca960,sub_1ca960,4,_Z16subsdk1_f_1ca960v
0x00000000001ca970,sub_1ca970,4,_Z16subsdk1_f_1ca970v
0x00000000001ca980,sub_1ca980,4,_Z16subsdk1_f_1ca980v
0x00000000001ca990,sub_1ca990,4,_Z16subsdk1_f_1ca990v
0x00000000001ca9a0,sub_1ca9a0,4,_Z16subsdk1_f_1ca9a0v
0x00000000001ca9b0,sub_1ca9b0,4,_Z16subsdk1_f_1ca9b0v
0x00000000001ca9c0,sub_1ca9c0,4,_Z16subsdk1_f_1ca9c0v
0x00000000001ca9d0,sub_1ca9d0,4,_Z16subsdk1_f_1ca9d0v
0x00000000001ca9e0,sub_1ca9e0,4,_Z16subsdk1_f_1ca9e0v
0x00000000001ca9f0,sub_1ca9f0,4,_Z16subsdk1_f_1ca9f0v
0x00000000001caa00,sub_1caa00,4,_Z16subsdk1_f_1caa00v
0x00000000001caa10,sub_1caa10,4,_Z16subsdk1_f_1caa10v
0x00000000001caa20,sub_1caa20,4,_Z16subsdk1_f_1caa20v
0x00000000001caa30,sub_1caa30,4,_Z16subsdk1_f_1caa30v
0x00000000001caa40,sub_1caa40,4,_Z16subsdk1_f_1caa40v
0x00000000001caa50,sub_1caa50,4,_Z16subsdk1_f_1caa50v
0x00000000001caa60,sub_1caa60,4,_Z16subsdk1_f_1caa60v
0x00000000001caa70,sub_1caa70,4,_Z16subsdk1_f_1caa70v
0x00000000001caa80,sub_1caa80,4,_Z16subsdk1_f_1caa80v
0x00000000001caa90,sub_1caa90,4,_Z16subsdk1_f_1caa90v
0x00000000001caaa0,sub_1caaa0,4,_Z16subsdk1_f_1caaa0v
0x00000000001caab0,sub_1caab0,4,_Z16subsdk1_f_1caab0v
0x00000000001caac0,sub_1caac0,4,_Z16subsdk1_f_1caac0v
0x00000000001caad0,sub_1caad0,4,_Z16subsdk1_f_1caad0v
0x00000000001caae0,sub_1caae0,4,_Z16subsdk1_f_1caae0v
0x00000000001caaf0,sub_1caaf0,4,_Z16subsdk1_f_1caaf0v
0x00000000001cab00,sub_1cab00,4,_Z16subsdk1_f_1cab00v
0x00000000001cab10,sub_1cab10,4,_Z16subsdk1_f_1cab10v
0x00000000001cab20,sub_1cab20,4,_Z16subsdk1_f_1cab20v
0x00000000001cab30,sub_1cab30,4,_Z16subsdk1_f_1cab30v
0x00000000001cab40,sub_1cab40,4,_Z16subsdk1_f_1cab40v
0x00000000001cab50,sub_1cab50,4,_Z16subsdk1_f_1cab50v
0x00000000001cab60,sub_1cab60,4,_Z16subsdk1_f_1cab60v
0x00000000001cab70,sub_1cab70,4,_Z16subsdk1_f_1cab70v
0x00000000001cab80,sub_1cab80,4,_Z16subsdk1_f_1cab80v
0x00000000001cab90,sub_1cab90,4,_Z16subsdk1_f_1cab90v
0x00000000001caba0,sub_1caba0,4,_Z16subsdk1_f_1caba0v
0x00000000001cabb0,sub_1cabb0,4,_Z16subsdk1_f_1cabb0v
0x00000000001cabc0,sub_1cabc0,4,_Z16subsdk1_f_1cabc0v
0x00000000001cabd0,sub_1cabd0,4,_Z16subsdk1_f_1cabd0v
0x00000000001cabe0,sub_1cabe0,4,_Z16subsdk1_f_1cabe0v
0x00000000001cabf0,sub_1cabf0,4,_Z16subsdk1_f_1cabf0v
0x00000000001cac00,sub_1cac00,4,_Z16subsdk1_f_1cac00v
0x00000000001cac10,sub_1cac10,4,_Z16subsdk1_f_1cac10v
0x00000000001cac20,sub_1cac20,4,_Z16subsdk1_f_1cac20v
0x00000000001cac30,sub_1cac30,4,_Z16subsdk1_f_1cac30v
0x00000000001cac40,sub_1cac40,4,_Z16subsdk1_f_1cac40v
0x00000000001cac50,sub_1cac50,4,_Z16subsdk1_f_1cac50v
0x00000000001cac60,sub_1cac60,4,_Z16subsdk1_f_1cac60v
0x00000000001cac70,sub_1cac70,4,_Z16subsdk1_f_1cac70v
0x00000000001cac80,sub_1cac80,4,_Z16subsdk1_f_1cac80v
0x00000000001cac90,sub_1cac90,4,_Z16subsdk1_f_1cac90v
0x00000000001caca0,sub_1caca0,4,_Z16subsdk1_f_1caca0v
0x00000000001cacb0,sub_1cacb0,4,_Z16subsdk1_f_1cacb0v
0x00000000001cacc0,sub_1cacc0,4,_Z16subsdk1_f_1cacc0v
0x00000000001cacd0,sub_1cacd0,4,_Z16subsdk1_f_1cacd0v
0x00000000001cace0,sub_1cace0,4,_Z16subsdk1_f_1cace0v
0x00000000001cacf0,sub_1cacf0,4,_Z16subsdk1_f_1cacf0v
0x00000000001cad00,sub_1cad00,4,_Z16subsdk1_f_1cad00v
0x00000000001cad10,sub_1cad10,4,_Z16subsdk1_f_1cad10v
0x00000000001cad20,sub_1cad20,4,_Z16subsdk1_f_1cad20v
0x00000000001cad30,sub_1cad30,4,_Z16subsdk1_f_1cad30v
0x00000000001cad40,sub_1cad40,4,_Z16subsdk1_f_1cad40v
0x00000000001cad50,sub_1cad50,4,_Z16subsdk1_f_1cad50v
0x00000000001cad60,sub_1cad60,4,_Z16subsdk1_f_1cad60v
0x00000000001cad70,sub_1cad70,4,_Z16subsdk1_f_1cad70v
0x00000000001cad80,sub_1cad80,4,_Z16subsdk1_f_1cad80v
0x00000000001cad90,sub_1cad90,4,_Z16subsdk1_f_1cad90v
0x00000000001cada0,sub_1cada0,4,_Z16subsdk1_f_1cada0v
0x00000000001cadb0,sub_1cadb0,4,_Z16subsdk1_f_1cadb0v
0x00000000001cadc0,sub_1cadc0,4,_Z16subsdk1_f_1cadc0v
0x00000000001cadd0,sub_1cadd0,4,_Z16subsdk1_f_1cadd0v
0x00000000001cade0,sub_1cade0,4,_Z16subsdk1_f_1cade0v
0x00000000001cadf0,sub_1cadf0,8,_Z16subsdk1_f_1cadf0v
0x00000000001cae00,sub_1cae00,8,_Z16subsdk1_f_1cae00v
0x00000000001cae10,sub_1cae10,8,_Z16subsdk1_f_1cae10v
0x00000000001cae20,sub_1cae20,8,_Z16subsdk1_f_1cae20v
0x00000000001cae30,sub_1cae30,36,_ZN7subsdk110sub_1cae30Ev!
0x00000000001cae60,sub_1cae60,488,_ZN7subsdk110sub_1cae60Ev!
0x00000000001cb050,sub_1cb050,976,_ZN7subsdk110sub_1cb050Ev!
0x00000000001cb420,sub_1cb420,212,_ZN7subsdk110sub_1cb420Ev!
0x00000000001cb500,sub_1cb500,640,_ZN7subsdk110sub_1cb500Ev!
0x00000000001cb780,sub_1cb780,280,_ZN7subsdk110sub_1cb780Ev!
0x00000000001cb8a0,sub_1cb8a0,16,_Z16subsdk1_f_1cb8a0mPv
0x00000000001cb8b0,sub_1cb8b0,36,_ZN7subsdk110sub_1cb8b0Ev!
0x00000000001cb8e0,sub_1cb8e0,36,_ZN7subsdk110sub_1cb8e0Ev!
0x00000000001cb910,sub_1cb910,156,_ZN7subsdk110sub_1cb910Ev!
0x00000000001cb9b0,sub_1cb9b0,88,_ZN7subsdk110sub_1cb9b0Ev!
0x00000000001cba10,sub_1cba10,176,_ZN7subsdk110sub_1cba10Ev!
0x00000000001cbac0,sub_1cbac0,180,_ZN7subsdk110sub_1cbac0Ev!
0x00000000001cbb80,sub_1cbb80,280,_ZN7subsdk125sub_1cbb80_subsdk1_1cbb80Ev!
0x00000000001cbca0,sub_1cbca0,108,_ZN7subsdk110sub_1cbca0Ev!
0x00000000001cbd10,sub_1cbd10,268,_ZN7subsdk110sub_1cbd10Ev!
0x00000000001cbe20,sub_1cbe20,108,_ZN7subsdk110sub_1cbe20Ev!
0x00000000001cbe90,sub_1cbe90,128,_ZN7subsdk110sub_1cbe90Ev!
0x00000000001cbf10,sub_1cbf10,136,_ZN7subsdk110sub_1cbf10Ev!
0x00000000001cbfa0,sub_1cbfa0,180,_ZN7subsdk110sub_1cbfa0Ev!
0x00000000001cc060,sub_1cc060,160,_ZN7subsdk110sub_1cc060Ev!
0x00000000001cc100,sub_1cc100,120,_ZN7subsdk110sub_1cc100Ev!
0x00000000001cc180,sub_1cc180,144,_ZN7subsdk110sub_1cc180Ev!
0x00000000001cc210,sub_1cc210,160,_ZN7subsdk110sub_1cc210Ev!
0x00000000001cc2b0,sub_1cc2b0,208,_ZN7subsdk110sub_1cc2b0Ev!
0x00000000001cc380,sub_1cc380,152,_ZN7subsdk110sub_1cc380Ev!
0x00000000001cc420,sub_1cc420,172,_ZN7subsdk110sub_1cc420Ev!
0x00000000001cc4d0,sub_1cc4d0,240,_ZN7subsdk110sub_1cc4d0Ev!
0x00000000001cc5c0,sub_1cc5c0,216,_ZN7subsdk110sub_1cc5c0Ev!
0x00000000001cc6a0,sub_1cc6a0,380,_ZN7subsdk110sub_1cc6a0Ev!
0x00000000001cc820,sub_1cc820,224,_ZN7subsdk110sub_1cc820Ev!
0x00000000001cc900,sub_1cc900,84,_ZN7subsdk110sub_1cc900Ev!
0x00000000001cc960,sub_1cc960,64,_ZN7subsdk110sub_1cc960Ev!
0x00000000001cc9a0,sub_1cc9a0,240,_ZN7subsdk110sub_1cc9a0Ev!
0x00000000001cca90,sub_1cca90,364,_ZN7subsdk110sub_1cca90Ev!
0x00000000001ccc00,sub_1ccc00,64,_ZN7subsdk110sub_1ccc00Ev!
0x00000000001ccc40,sub_1ccc40,252,_ZN7subsdk110sub_1ccc40Ev!
0x00000000001ccd40,sub_1ccd40,116,_ZN7subsdk110sub_1ccd40Ev!
0x00000000001ccdc0,sub_1ccdc0,184,_ZN7subsdk110sub_1ccdc0Ev!
0x00000000001cce80,sub_1cce80,168,_ZN7subsdk125sub_1cce80_subsdk1_1cce80Ev!
0x00000000001ccf30,sub_1ccf30,132,_ZN7subsdk110sub_1ccf30Ev!
0x00000000001ccfc0,sub_1ccfc0,108,_ZN7subsdk110sub_1ccfc0Ev!
0x00000000001cd030,sub_1cd030,208,_ZN7subsdk110sub_1cd030Ev!
0x00000000001cd100,sub_1cd100,192,_ZN7subsdk125sub_1cd100_subsdk1_1cd100Ev!
0x00000000001cd1c0,sub_1cd1c0,280,_ZN7subsdk110sub_1cd1c0Ev!
0x00000000001cd2e0,sub_1cd2e0,80,_ZN7subsdk110sub_1cd2e0Ev!
0x00000000001cd330,sub_1cd330,432,_ZN7subsdk110sub_1cd330Ev!
0x00000000001cd4e0,sub_1cd4e0,468,_ZN7subsdk110sub_1cd4e0Ev!
0x00000000001cd6c0,sub_1cd6c0,116,_ZN7subsdk110sub_1cd6c0Ev!
0x00000000001cd740,sub_1cd740,1872,_ZN7subsdk110sub_1cd740Ev!
0x00000000001cde90,sub_1cde90,240,_ZN7subsdk110sub_1cde90Ev!
0x00000000001cdf80,sub_1cdf80,216,_ZN7subsdk110sub_1cdf80Ev!
0x00000000001ce060,sub_1ce060,308,_ZN7subsdk110sub_1ce060Ev!
0x00000000001ce1a0,sub_1ce1a0,284,_ZN7subsdk110sub_1ce1a0Ev!
0x00000000001ce2c0,sub_1ce2c0,240,_ZN7subsdk110sub_1ce2c0Ev!
0x00000000001ce3b0,sub_1ce3b0,192,_ZN7subsdk110sub_1ce3b0Ev!
0x00000000001ce470,sub_1ce470,384,_ZN7subsdk110sub_1ce470Ev!
0x00000000001ce5f0,sub_1ce5f0,240,_ZN7subsdk110sub_1ce5f0Ev!
0x00000000001ce6e0,sub_1ce6e0,236,_ZN7subsdk110sub_1ce6e0Ev!
0x00000000001ce7d0,sub_1ce7d0,300,_ZN7subsdk110sub_1ce7d0Ev!
0x00000000001ce900,sub_1ce900,216,_ZN7subsdk110sub_1ce900Ev!
0x00000000001ce9e0,sub_1ce9e0,240,_ZN7subsdk110sub_1ce9e0Ev!
0x00000000001cead0,sub_1cead0,240,_ZN7subsdk110sub_1cead0Ev!
0x00000000001cebc0,sub_1cebc0,192,_ZN7subsdk110sub_1cebc0Ev!
0x00000000001cec80,sub_1cec80,444,_ZN7subsdk110sub_1cec80Ev!
0x00000000001cee40,sub_1cee40,240,_ZN7subsdk125sub_1cee40_subsdk1_1cee40Ev!
0x00000000001cef30,sub_1cef30,240,_ZN7subsdk110sub_1cef30Ev!
0x00000000001cf020,sub_1cf020,336,_ZN7subsdk110sub_1cf020Ev!
0x00000000001cf170,sub_1cf170,168,_ZN7subsdk110sub_1cf170Ev!
0x00000000001cf220,sub_1cf220,188,_ZN7subsdk110sub_1cf220Ev!
0x00000000001cf2e0,sub_1cf2e0,192,_ZN7subsdk110sub_1cf2e0Ev!
0x00000000001cf3a0,sub_1cf3a0,144,_ZN7subsdk110sub_1cf3a0Ev!
0x00000000001cf430,sub_1cf430,432,_ZN7subsdk110sub_1cf430Ev!
0x00000000001cf5e0,sub_1cf5e0,192,_ZN7subsdk110sub_1cf5e0Ev!
0x00000000001cf6a0,sub_1cf6a0,192,_ZN7subsdk110sub_1cf6a0Ev!
0x00000000001cf760,sub_1cf760,11620,_ZN7subsdk110sub_1cf760Ev!
0x00000000001d24d0,sub_1d24d0,360,_ZN7subsdk125sub_1d24d0_subsdk1_1d24d0Ev!
0x00000000001d2640,sub_1d2640,672,_ZN7subsdk110sub_1d2640Ev!
0x00000000001d28e0,sub_1d28e0,152,_ZN7subsdk110sub_1d28e0Ev!
0x00000000001d2980,sub_1d2980,256,_ZN7subsdk110sub_1d2980Ev!
0x00000000001d2a80,sub_1d2a80,36,_ZN7subsdk110sub_1d2a80Ev!
0x00000000001d2ab0,sub_1d2ab0,36,_ZN7subsdk110sub_1d2ab0Ev!
0x00000000001d2ae0,sub_1d2ae0,356,_ZN7subsdk110sub_1d2ae0Ev!
0x00000000001d2c50,sub_1d2c50,380,_ZN7subsdk110sub_1d2c50Ev!
0x00000000001d2dd0,sub_1d2dd0,264,_ZN7subsdk110sub_1d2dd0Ev!
0x00000000001d2ee0,sub_1d2ee0,300,_ZN7subsdk110sub_1d2ee0Ev!
0x00000000001d3010,sub_1d3010,400,_ZN7subsdk110sub_1d3010Ev!
0x00000000001d31a0,sub_1d31a0,228,_ZN7subsdk110sub_1d31a0Ev!
0x00000000001d3290,sub_1d3290,380,_ZN7subsdk110sub_1d3290Ev!
0x00000000001d3410,sub_1d3410,356,_ZN7subsdk110sub_1d3410Ev!
0x00000000001d3580,sub_1d3580,264,_ZN7subsdk110sub_1d3580Ev!
0x00000000001d3690,sub_1d3690,112,_ZN7subsdk110sub_1d3690Ev!
0x00000000001d3700,sub_1d3700,232,_ZN7subsdk125sub_1d3700_subsdk1_1d3700Ev!
0x00000000001d37f0,sub_1d37f0,132,_ZN7subsdk110sub_1d37f0Ev!
0x00000000001d3880,sub_1d3880,196,_ZN7subsdk110sub_1d3880Ev!
0x00000000001d3950,sub_1d3950,204,_ZN7subsdk110sub_1d3950Ev!
0x00000000001d3a20,sub_1d3a20,412,_ZN7subsdk110sub_1d3a20Ev!
0x00000000001d3bc0,sub_1d3bc0,276,_ZN7subsdk110sub_1d3bc0Ev!
0x00000000001d3ce0,sub_1d3ce0,252,_ZN7subsdk110sub_1d3ce0Ev!
0x00000000001d3de0,sub_1d3de0,284,_ZN7subsdk110sub_1d3de0Ev!
0x00000000001d3f00,sub_1d3f00,268,_ZN7subsdk125sub_1d3f00_subsdk1_1d3f00Ev!
0x00000000001d4010,sub_1d4010,308,_ZN7subsdk110sub_1d4010Ev!
0x00000000001d4150,sub_1d4150,292,_ZN7subsdk110sub_1d4150Ev!
0x00000000001d4280,sub_1d4280,332,_ZN7subsdk125sub_1d4280_subsdk1_1d4280Ev!
0x00000000001d43d0,sub_1d43d0,308,_ZN7subsdk110sub_1d43d0Ev!
0x00000000001d4510,sub_1d4510,404,_ZN7subsdk110sub_1d4510Ev!
0x00000000001d46b0,sub_1d46b0,396,_ZN7subsdk110sub_1d46b0Ev!
0x00000000001d4840,sub_1d4840,252,_ZN7subsdk110sub_1d4840Ev!
0x00000000001d4940,sub_1d4940,188,_ZN7subsdk110sub_1d4940Ev!
0x00000000001d4a00,sub_1d4a00,188,_ZN7subsdk110sub_1d4a00Ev!
0x00000000001d4ac0,sub_1d4ac0,360,_ZN7subsdk110sub_1d4ac0Ev!
0x00000000001d4c30,sub_1d4c30,372,_ZN7subsdk110sub_1d4c30Ev!
0x00000000001d4db0,sub_1d4db0,284,_ZN7subsdk110sub_1d4db0Ev!
0x00000000001d4ed0,sub_1d4ed0,308,_ZN7subsdk110sub_1d4ed0Ev!
0x00000000001d5010,sub_1d5010,312,_ZN7subsdk110sub_1d5010Ev!
0x00000000001d5150,sub_1d5150,348,_ZN7subsdk110sub_1d5150Ev!
0x00000000001d52b0,sub_1d52b0,352,_ZN7subsdk110sub_1d52b0Ev!
0x00000000001d5410,sub_1d5410,356,_ZN7subsdk110sub_1d5410Ev!
0x00000000001d5580,sub_1d5580,384,_ZN7subsdk110sub_1d5580Ev!
0x00000000001d5700,sub_1d5700,368,_ZN7subsdk110sub_1d5700Ev!
0x00000000001d5870,sub_1d5870,428,_ZN7subsdk110sub_1d5870Ev!
0x00000000001d5a20,sub_1d5a20,420,_ZN7subsdk110sub_1d5a20Ev!
0x00000000001d5bd0,sub_1d5bd0,412,_ZN7subsdk110sub_1d5bd0Ev!
0x00000000001d5d70,sub_1d5d70,84,_ZN7subsdk110sub_1d5d70Ev!
0x00000000001d5dd0,sub_1d5dd0,164,_ZN7subsdk110sub_1d5dd0Ev!
0x00000000001d5e80,sub_1d5e80,188,_ZN7subsdk110sub_1d5e80Ev!
0x00000000001d5f40,sub_1d5f40,348,_ZN7subsdk110sub_1d5f40Ev!
0x00000000001d60a0,sub_1d60a0,400,_ZN7subsdk125sub_1d60a0_subsdk1_1d60a0Ev!
0x00000000001d6230,sub_1d6230,312,_ZN7subsdk110sub_1d6230Ev!
0x00000000001d6370,sub_1d6370,128,_ZN7subsdk110sub_1d6370Ev!
0x00000000001d63f0,sub_1d63f0,408,_ZN7subsdk110sub_1d63f0Ev!
0x00000000001d6590,sub_1d6590,412,_ZN7subsdk110sub_1d6590Ev!
0x00000000001d6730,sub_1d6730,420,_ZN7subsdk110sub_1d6730Ev!
0x00000000001d68e0,sub_1d68e0,348,_ZN7subsdk110sub_1d68e0Ev!
0x00000000001d6a40,sub_1d6a40,388,_ZN7subsdk110sub_1d6a40Ev!
0x00000000001d6bd0,sub_1d6bd0,388,_ZN7subsdk110sub_1d6bd0Ev!
0x00000000001d6d60,sub_1d6d60,408,_ZN7subsdk110sub_1d6d60Ev!
0x00000000001d6f00,sub_1d6f00,296,_ZN7subsdk125sub_1d6f00_subsdk1_1d6f00Ev!
0x00000000001d7030,sub_1d7030,316,_ZN7subsdk110sub_1d7030Ev!
0x00000000001d7170,sub_1d7170,380,_ZN7subsdk110sub_1d7170Ev!
0x00000000001d72f0,sub_1d72f0,444,_ZN7subsdk125sub_1d72f0_subsdk1_1d72f0Ev!
0x00000000001d74b0,sub_1d74b0,496,_ZN7subsdk110sub_1d74b0Ev!
0x00000000001d76a0,sub_1d76a0,268,_ZN7subsdk110sub_1d76a0Ev!
0x00000000001d77b0,sub_1d77b0,156,_ZN7subsdk110sub_1d77b0Ev!
0x00000000001d7850,sub_1d7850,132,_ZN7subsdk110sub_1d7850Ev!
0x00000000001d78e0,sub_1d78e0,348,_ZN7subsdk110sub_1d78e0Ev!
0x00000000001d7a40,sub_1d7a40,420,_ZN7subsdk110sub_1d7a40Ev!
0x00000000001d7bf0,sub_1d7bf0,588,_ZN7subsdk110sub_1d7bf0Ev!
0x00000000001d7e40,sub_1d7e40,332,_ZN7subsdk110sub_1d7e40Ev!
0x00000000001d7f90,sub_1d7f90,412,_ZN7subsdk110sub_1d7f90Ev!
0x00000000001d8130,sub_1d8130,424,_ZN7subsdk110sub_1d8130Ev!
0x00000000001d82e0,sub_1d82e0,508,_ZN7subsdk110sub_1d82e0Ev!
0x00000000001d84e0,sub_1d84e0,160,_ZN7subsdk125sub_1d84e0_subsdk1_1d84e0Ev!
0x00000000001d8580,sub_1d8580,336,_ZN7subsdk110sub_1d8580Ev!
0x00000000001d86d0,sub_1d86d0,432,_ZN7subsdk110sub_1d86d0Ev!
0x00000000001d8880,sub_1d8880,276,_ZN7subsdk125sub_1d8880_subsdk1_1d8880Ev!
0x00000000001d89a0,sub_1d89a0,212,_ZN7subsdk110sub_1d89a0Ev!
0x00000000001d8a80,sub_1d8a80,340,_ZN7subsdk125sub_1d8a80_subsdk1_1d8a80Ev!
0x00000000001d8be0,sub_1d8be0,136,_ZN7subsdk110sub_1d8be0Ev!
0x00000000001d8c70,sub_1d8c70,336,_ZN7subsdk110sub_1d8c70Ev!
0x00000000001d8dc0,sub_1d8dc0,276,_ZN7subsdk110sub_1d8dc0Ev!
0x00000000001d8ee0,sub_1d8ee0,156,_ZN7subsdk110sub_1d8ee0Ev!
0x00000000001d8f80,sub_1d8f80,288,_ZN7subsdk110sub_1d8f80Ev!
0x00000000001d90a0,sub_1d90a0,364,_ZN7subsdk125sub_1d90a0_subsdk1_1d90a0Ev!
0x00000000001d9210,sub_1d9210,348,_ZN7subsdk110sub_1d9210Ev!
0x00000000001d9370,sub_1d9370,220,_ZN7subsdk110sub_1d9370Ev!
0x00000000001d9450,sub_1d9450,256,_ZN7subsdk125sub_1d9450_subsdk1_1d9450Ev!
0x00000000001d9550,sub_1d9550,108,_ZN7subsdk110sub_1d9550Ev!
0x00000000001d95c0,sub_1d95c0,12,_ZN7subsdk110sub_1d95c0Ev!
0x00000000001d95d0,sub_1d95d0,176,_ZN7subsdk125sub_1d95d0_subsdk1_1d95d0Ev!
0x00000000001d9680,sub_1d9680,292,_ZN7subsdk125sub_1d9680_subsdk1_1d9680Ev!
0x00000000001d97b0,sub_1d97b0,236,_ZN7subsdk125sub_1d97b0_subsdk1_1d97b0Ev!
0x00000000001d98a0,sub_1d98a0,108,_ZN7subsdk110sub_1d98a0Ev!
0x00000000001d9910,sub_1d9910,324,_ZN7subsdk110sub_1d9910Ev!
0x00000000001d9a60,sub_1d9a60,92,_ZN7subsdk110sub_1d9a60Ev!
0x00000000001d9ac0,sub_1d9ac0,408,_ZN7subsdk110sub_1d9ac0Ev!
0x00000000001d9c60,sub_1d9c60,436,_ZN7subsdk125sub_1d9c60_subsdk1_1d9c60Ev!
0x00000000001d9e20,sub_1d9e20,124,_ZN7subsdk125sub_1d9e20_subsdk1_1d9e20Ev!
0x00000000001d9ea0,sub_1d9ea0,300,_ZN7subsdk125sub_1d9ea0_subsdk1_1d9ea0Ev!
0x00000000001d9fd0,sub_1d9fd0,324,_ZN7subsdk110sub_1d9fd0Ev!
0x00000000001da120,sub_1da120,136,_ZN7subsdk125sub_1da120_subsdk1_1da120Ev!
0x00000000001da1b0,sub_1da1b0,292,_ZN7subsdk110sub_1da1b0Ev!
0x00000000001da2e0,sub_1da2e0,276,_ZN7subsdk110sub_1da2e0Ev!
0x00000000001da400,sub_1da400,336,_ZN7subsdk125sub_1da400_subsdk1_1da400Ev!
0x00000000001da550,sub_1da550,276,_ZN7subsdk110sub_1da550Ev!
0x00000000001da670,sub_1da670,364,_ZN7subsdk110sub_1da670Ev!
0x00000000001da7e0,sub_1da7e0,264,_ZN7subsdk110sub_1da7e0Ev!
0x00000000001da8f0,sub_1da8f0,728,_ZN7subsdk110sub_1da8f0Ev!
0x00000000001dabd0,sub_1dabd0,732,_ZN7subsdk125sub_1dabd0_subsdk1_1dabd0Ev!
0x00000000001daeb0,sub_1daeb0,300,_ZN7subsdk110sub_1daeb0Ev!
0x00000000001dafe0,sub_1dafe0,176,_ZN7subsdk110sub_1dafe0Ev!
0x00000000001db090,sub_1db090,196,_ZN7subsdk110sub_1db090Ev!
0x00000000001db160,sub_1db160,576,_ZN7subsdk110sub_1db160Ev!
0x00000000001db3a0,sub_1db3a0,592,_ZN7subsdk110sub_1db3a0Ev!
0x00000000001db5f0,sub_1db5f0,516,_ZN7subsdk110sub_1db5f0Ev!
0x00000000001db800,sub_1db800,404,_ZN7subsdk125sub_1db800_subsdk1_1db800Ev!
0x00000000001db9a0,sub_1db9a0,272,_ZN7subsdk110sub_1db9a0Ev!
0x00000000001dbab0,sub_1dbab0,440,_ZN7subsdk125sub_1dbab0_subsdk1_1dbab0Ev!
0x00000000001dbc70,sub_1dbc70,456,_ZN7subsdk125sub_1dbc70_subsdk1_1dbc70Ev!
0x00000000001dbe40,sub_1dbe40,224,_ZN7subsdk125sub_1dbe40_subsdk1_1dbe40Ev!
0x00000000001dbf20,sub_1dbf20,388,_ZN7subsdk110sub_1dbf20Ev!
0x00000000001dc0b0,sub_1dc0b0,416,_ZN7subsdk110sub_1dc0b0Ev!
0x00000000001dc250,sub_1dc250,460,_ZN7subsdk125sub_1dc250_subsdk1_1dc250Ev!
0x00000000001dc420,sub_1dc420,396,_ZN7subsdk110sub_1dc420Ev!
0x00000000001dc5b0,sub_1dc5b0,316,_ZN7subsdk110sub_1dc5b0Ev!
0x00000000001dc6f0,sub_1dc6f0,572,_ZN7subsdk110sub_1dc6f0Ev!
0x00000000001dc930,sub_1dc930,412,_ZN7subsdk125sub_1dc930_subsdk1_1dc930Ev!
0x00000000001dcad0,sub_1dcad0,412,_ZN7subsdk110sub_1dcad0Ev!
0x00000000001dcc70,sub_1dcc70,264,_ZN7subsdk110sub_1dcc70Ev!
0x00000000001dcd80,sub_1dcd80,392,_ZN7subsdk110sub_1dcd80Ev!
0x00000000001dcf10,sub_1dcf10,388,_ZN7subsdk110sub_1dcf10Ev!
0x00000000001dd0a0,sub_1dd0a0,400,_ZN7subsdk110sub_1dd0a0Ev!
0x00000000001dd230,sub_1dd230,348,_ZN7subsdk110sub_1dd230Ev!
0x00000000001dd390,sub_1dd390,540,_ZN7subsdk110sub_1dd390Ev!
0x00000000001dd5b0,sub_1dd5b0,192,_ZN7subsdk110sub_1dd5b0Ev!
0x00000000001dd670,sub_1dd670,488,_ZN7subsdk110sub_1dd670Ev!
0x00000000001dd860,sub_1dd860,496,_ZN7subsdk125sub_1dd860_subsdk1_1dd860Ev!
0x00000000001dda50,sub_1dda50,516,_ZN7subsdk110sub_1dda50Ev!
0x00000000001ddc60,sub_1ddc60,468,_ZN7subsdk110sub_1ddc60Ev!
0x00000000001dde40,sub_1dde40,524,_ZN7subsdk110sub_1dde40Ev!
0x00000000001de050,sub_1de050,252,_ZN7subsdk110sub_1de050Ev!
0x00000000001de150,sub_1de150,200,_ZN7subsdk110sub_1de150Ev!
0x00000000001de220,sub_1de220,16,_Z16subsdk1_f_1de220mPv
0x00000000001de230,sub_1de230,1504,_ZN7subsdk110sub_1de230Ev!
0x00000000001de810,sub_1de810,12,_ZN7subsdk110sub_1de810Ev!
0x00000000001de820,sub_1de820,196,_ZN7subsdk110sub_1de820Ev!
0x00000000001de8f0,sub_1de8f0,152,_ZN7subsdk110sub_1de8f0Ev!
0x00000000001de990,sub_1de990,356,_ZN7subsdk110sub_1de990Ev!
0x00000000001deb00,sub_1deb00,332,_ZN7subsdk110sub_1deb00Ev!
0x00000000001dec50,sub_1dec50,872,_ZN7subsdk110sub_1dec50Ev!
0x00000000001defc0,sub_1defc0,212,_ZN7subsdk110sub_1defc0Ev!
0x00000000001df0a0,sub_1df0a0,232,_ZN7subsdk110sub_1df0a0Ev!
0x00000000001df190,sub_1df190,208,_ZN7subsdk110sub_1df190Ev!
0x00000000001df260,sub_1df260,612,_ZN7subsdk110sub_1df260Ev!
0x00000000001df4d0,sub_1df4d0,756,_ZN7subsdk110sub_1df4d0Ev!
0x00000000001df7d0,sub_1df7d0,824,_ZN7subsdk125sub_1df7d0_subsdk1_1df7d0Ev!
0x00000000001dfb10,sub_1dfb10,164,_ZN7subsdk110sub_1dfb10Ev!
0x00000000001dfbc0,sub_1dfbc0,248,_ZN7subsdk110sub_1dfbc0Ev!
0x00000000001dfcc0,sub_1dfcc0,732,_ZN7subsdk110sub_1dfcc0Ev!
0x00000000001dffa0,sub_1dffa0,964,_ZN7subsdk110sub_1dffa0Ev!
0x00000000001e0370,sub_1e0370,116,_ZN7subsdk110sub_1e0370Ev!
0x00000000001e03f0,sub_1e03f0,176,_ZN7subsdk110sub_1e03f0Ev!
0x00000000001e04a0,sub_1e04a0,96,_ZN7subsdk110sub_1e04a0Ev!
0x00000000001e0500,sub_1e0500,164,_ZN7subsdk110sub_1e0500Ev!
0x00000000001e05b0,sub_1e05b0,188,_ZN7subsdk110sub_1e05b0Ev!
0x00000000001e0670,sub_1e0670,212,_ZN7subsdk110sub_1e0670Ev!
0x00000000001e0750,sub_1e0750,196,_ZN7subsdk125sub_1e0750_subsdk1_1e0750Ev!
0x00000000001e0820,sub_1e0820,352,_ZN7subsdk110sub_1e0820Ev!
0x00000000001e0980,sub_1e0980,176,_ZN7subsdk110sub_1e0980Ev!
0x00000000001e0a30,sub_1e0a30,116,_ZN7subsdk110sub_1e0a30Ev!
0x00000000001e0ab0,sub_1e0ab0,760,_ZN7subsdk110sub_1e0ab0Ev!
0x00000000001e0db0,sub_1e0db0,196,_ZN7subsdk110sub_1e0db0Ev!
0x00000000001e0e80,sub_1e0e80,1060,_ZN7subsdk110sub_1e0e80Ev!
0x00000000001e12b0,sub_1e12b0,788,_ZN7subsdk110sub_1e12b0Ev!
0x00000000001e15d0,sub_1e15d0,688,_ZN7subsdk110sub_1e15d0Ev!
0x00000000001e1880,sub_1e1880,860,_ZN7subsdk110sub_1e1880Ev!
0x00000000001e1be0,sub_1e1be0,792,_ZN7subsdk110sub_1e1be0Ev!
0x00000000001e1f00,sub_1e1f00,740,_ZN7subsdk110sub_1e1f00Ev!
0x00000000001e21f0,sub_1e21f0,732,_ZN7subsdk110sub_1e21f0Ev!
0x00000000001e24d0,sub_1e24d0,812,_ZN7subsdk110sub_1e24d0Ev!
0x00000000001e2800,sub_1e2800,412,_ZN7subsdk110sub_1e2800Ev!
0x00000000001e29a0,sub_1e29a0,748,_ZN7subsdk110sub_1e29a0Ev!
0x00000000001e2c90,sub_1e2c90,988,_ZN7subsdk110sub_1e2c90Ev!
0x00000000001e3070,sub_1e3070,1112,_ZN7subsdk110sub_1e3070Ev!
0x00000000001e34d0,sub_1e34d0,612,_ZN7subsdk110sub_1e34d0Ev!
0x00000000001e3740,sub_1e3740,812,_ZN7subsdk110sub_1e3740Ev!
0x00000000001e3a70,sub_1e3a70,772,_ZN7subsdk110sub_1e3a70Ev!
0x00000000001e3d80,sub_1e3d80,272,_ZN7subsdk110sub_1e3d80Ev!
0x00000000001e3e90,sub_1e3e90,884,_ZN7subsdk110sub_1e3e90Ev!
0x00000000001e4210,sub_1e4210,920,_ZN7subsdk125sub_1e4210_subsdk1_1e4210Ev!
0x00000000001e45b0,sub_1e45b0,248,_ZN7subsdk110sub_1e45b0Ev!
0x00000000001e46b0,sub_1e46b0,44,_ZN7subsdk110sub_1e46b0Ev!
0x00000000001e46e0,sub_1e46e0,1116,_ZN7subsdk110sub_1e46e0Ev!
0x00000000001e4b40,sub_1e4b40,348,_ZN7subsdk110sub_1e4b40Ev!
0x00000000001e4ca0,sub_1e4ca0,1524,_ZN7subsdk110sub_1e4ca0Ev!
0x00000000001e52a0,sub_1e52a0,1048,_ZN7subsdk110sub_1e52a0Ev!
0x00000000001e56c0,sub_1e56c0,308,_ZN7subsdk110sub_1e56c0Ev!
0x00000000001e5800,sub_1e5800,1172,_ZN7subsdk110sub_1e5800Ev!
0x00000000001e5ca0,sub_1e5ca0,1324,_ZN7subsdk110sub_1e5ca0Ev!
0x00000000001e61d0,sub_1e61d0,716,_ZN7subsdk110sub_1e61d0Ev!
0x00000000001e64a0,sub_1e64a0,744,_ZN7subsdk125sub_1e64a0_subsdk1_1e64a0Ev!
0x00000000001e6790,sub_1e6790,812,_ZN7subsdk110sub_1e6790Ev!
0x00000000001e6ac0,sub_1e6ac0,368,_ZN7subsdk110sub_1e6ac0Ev!
0x00000000001e6c30,sub_1e6c30,1172,_ZN7subsdk110sub_1e6c30Ev!
0x00000000001e70d0,sub_1e70d0,988,_ZN7subsdk110sub_1e70d0Ev!
0x00000000001e74b0,sub_1e74b0,92,_ZN7subsdk110sub_1e74b0Ev!
0x00000000001e7510,sub_1e7510,672,_ZN7subsdk110sub_1e7510Ev!
0x00000000001e77b0,sub_1e77b0,1356,_ZN7subsdk125sub_1e77b0_subsdk1_1e77b0Ev!
0x00000000001e7d00,sub_1e7d00,384,_ZN7subsdk110sub_1e7d00Ev!
0x00000000001e7e80,sub_1e7e80,784,_ZN7subsdk110sub_1e7e80Ev!
0x00000000001e8190,sub_1e8190,696,_ZN7subsdk110sub_1e8190Ev!
0x00000000001e8450,sub_1e8450,292,_ZN7subsdk125sub_1e8450_subsdk1_1e8450Ev!
0x00000000001e8580,sub_1e8580,348,_ZN7subsdk110sub_1e8580Ev!
0x00000000001e86e0,sub_1e86e0,208,_ZN7subsdk110sub_1e86e0Ev!
0x00000000001e87b0,sub_1e87b0,892,_ZN7subsdk110sub_1e87b0Ev!
0x00000000001e8b30,sub_1e8b30,256,_ZN7subsdk110sub_1e8b30Ev!
0x00000000001e8c30,sub_1e8c30,792,_ZN7subsdk110sub_1e8c30Ev!
0x00000000001e8f50,sub_1e8f50,748,_ZN7subsdk110sub_1e8f50Ev!
0x00000000001e9240,sub_1e9240,312,_ZN7subsdk110sub_1e9240Ev!
0x00000000001e9380,sub_1e9380,120,_ZN7subsdk110sub_1e9380Ev!
0x00000000001e9400,sub_1e9400,96,_ZN7subsdk110sub_1e9400Ev!
0x00000000001e9460,sub_1e9460,248,_ZN7subsdk110sub_1e9460Ev!
0x00000000001e9560,sub_1e9560,292,_ZN7subsdk110sub_1e9560Ev!
0x00000000001e9690,sub_1e9690,432,_ZN7subsdk110sub_1e9690Ev!
0x00000000001e9840,sub_1e9840,208,_ZN7subsdk110sub_1e9840Ev!
0x00000000001e9910,sub_1e9910,204,_ZN7subsdk110sub_1e9910Ev!
0x00000000001e99e0,sub_1e99e0,1356,_ZN7subsdk110sub_1e99e0Ev!
0x00000000001e9f30,sub_1e9f30,1468,_ZN7subsdk110sub_1e9f30Ev!
0x00000000001ea4f0,sub_1ea4f0,872,_ZN7subsdk110sub_1ea4f0Ev!
0x00000000001ea860,sub_1ea860,652,_ZN7subsdk125sub_1ea860_subsdk1_1ea860Ev!
0x00000000001eaaf0,sub_1eaaf0,120,_ZN7subsdk125sub_1eaaf0_subsdk1_1eaaf0Ev!
0x00000000001eab70,sub_1eab70,436,_ZN7subsdk110sub_1eab70Ev!
0x00000000001ead30,sub_1ead30,236,_ZN7subsdk110sub_1ead30Ev!
0x00000000001eae20,sub_1eae20,252,_ZN7subsdk110sub_1eae20Ev!
0x00000000001eaf20,sub_1eaf20,152,_ZN7subsdk110sub_1eaf20Ev!
0x00000000001eafc0,sub_1eafc0,28,_ZN7subsdk110sub_1eafc0Ev!
0x00000000001eafe0,sub_1eafe0,624,_ZN7subsdk110sub_1eafe0Ev!
0x00000000001eb250,sub_1eb250,232,_ZN7subsdk110sub_1eb250Ev!
0x00000000001eb340,sub_1eb340,124,_ZN7subsdk110sub_1eb340Ev!
0x00000000001eb3c0,sub_1eb3c0,324,_ZN7subsdk110sub_1eb3c0Ev!
0x00000000001eb510,sub_1eb510,536,_ZN7subsdk110sub_1eb510Ev!
0x00000000001eb730,sub_1eb730,112,_ZN7subsdk110sub_1eb730Ev!
0x00000000001eb7a0,sub_1eb7a0,964,_ZN7subsdk110sub_1eb7a0Ev!
0x00000000001ebb70,sub_1ebb70,248,_ZN7subsdk110sub_1ebb70Ev!
0x00000000001ebc70,sub_1ebc70,244,_ZN7subsdk110sub_1ebc70Ev!
0x00000000001ebd70,sub_1ebd70,168,_ZN7subsdk110sub_1ebd70Ev!
0x00000000001ebe20,sub_1ebe20,212,_ZN7subsdk110sub_1ebe20Ev!
0x00000000001ebf00,sub_1ebf00,24,_ZN7subsdk110sub_1ebf00Ev!
0x00000000001ebf20,sub_1ebf20,228,_ZN7subsdk110sub_1ebf20Ev!
0x00000000001ec010,sub_1ec010,588,_ZN7subsdk110sub_1ec010Ev!
0x00000000001ec260,sub_1ec260,116,_ZN7subsdk110sub_1ec260Ev!
0x00000000001ec2e0,sub_1ec2e0,24,_ZN7subsdk110sub_1ec2e0Ev!
0x00000000001ec300,sub_1ec300,648,_ZN7subsdk110sub_1ec300Ev!
0x00000000001ec590,sub_1ec590,76,_ZN7subsdk110sub_1ec590Ev!
0x00000000001ec5e0,sub_1ec5e0,700,_ZN7subsdk110sub_1ec5e0Ev!
0x00000000001ec8a0,sub_1ec8a0,1032,_ZN7subsdk110sub_1ec8a0Ev!
0x00000000001eccb0,sub_1eccb0,648,_ZN7subsdk110sub_1eccb0Ev!
0x00000000001ecf40,sub_1ecf40,672,_ZN7subsdk110sub_1ecf40Ev!
0x00000000001ed1e0,sub_1ed1e0,124,_ZN7subsdk110sub_1ed1e0Ev!
0x00000000001ed260,sub_1ed260,248,_ZN7subsdk110sub_1ed260Ev!
0x00000000001ed360,sub_1ed360,228,_ZN7subsdk110sub_1ed360Ev!
0x00000000001ed450,sub_1ed450,208,_ZN7subsdk110sub_1ed450Ev!
0x00000000001ed520,sub_1ed520,184,_ZN7subsdk110sub_1ed520Ev!
0x00000000001ed5e0,sub_1ed5e0,780,_ZN7subsdk110sub_1ed5e0Ev!
0x00000000001ed8f0,sub_1ed8f0,580,_ZN7subsdk110sub_1ed8f0Ev!
0x00000000001edb40,sub_1edb40,1004,_ZN7subsdk110sub_1edb40Ev!
0x00000000001edf30,sub_1edf30,488,_ZN7subsdk110sub_1edf30Ev!
0x00000000001ee120,sub_1ee120,892,_ZN7subsdk110sub_1ee120Ev!
0x00000000001ee4a0,sub_1ee4a0,88,_ZN7subsdk110sub_1ee4a0Ev!
0x00000000001ee500,sub_1ee500,900,_ZN7subsdk110sub_1ee500Ev!
0x00000000001ee890,sub_1ee890,400,_ZN7subsdk110sub_1ee890Ev!
0x00000000001eea20,sub_1eea20,680,_ZN7subsdk125sub_1eea20_subsdk1_1eea20Ev!
0x00000000001eecd0,sub_1eecd0,400,_ZN7subsdk110sub_1eecd0Ev!
0x00000000001eee60,sub_1eee60,800,_ZN7subsdk110sub_1eee60Ev!
0x00000000001ef180,sub_1ef180,516,_ZN7subsdk110sub_1ef180Ev!
0x00000000001ef390,sub_1ef390,508,_ZN7subsdk110sub_1ef390Ev!
0x00000000001ef590,sub_1ef590,304,_ZN7subsdk110sub_1ef590Ev!
0x00000000001ef6c0,sub_1ef6c0,664,_ZN7subsdk110sub_1ef6c0Ev!
0x00000000001ef960,sub_1ef960,552,_ZN7subsdk110sub_1ef960Ev!
0x00000000001efb90,sub_1efb90,912,_ZN7subsdk110sub_1efb90Ev!
0x00000000001eff20,sub_1eff20,860,_ZN7subsdk110sub_1eff20Ev!
0x00000000001f0280,sub_1f0280,1096,_ZN7subsdk125sub_1f0280_subsdk1_1f0280Ev!
0x00000000001f06d0,sub_1f06d0,1048,_ZN7subsdk110sub_1f06d0Ev!
0x00000000001f0af0,sub_1f0af0,960,_ZN7subsdk110sub_1f0af0Ev!
0x00000000001f0eb0,sub_1f0eb0,188,_ZN7subsdk110sub_1f0eb0Ev!
0x00000000001f0f70,sub_1f0f70,140,_ZN7subsdk125sub_1f0f70_subsdk1_1f0f70Ev!
0x00000000001f1000,sub_1f1000,856,_ZN7subsdk110sub_1f1000Ev!
0x00000000001f1360,sub_1f1360,932,_ZN7subsdk110sub_1f1360Ev!
0x00000000001f1710,sub_1f1710,912,_ZN7subsdk125sub_1f1710_subsdk1_1f1710Ev!
0x00000000001f1aa0,sub_1f1aa0,912,_ZN7subsdk110sub_1f1aa0Ev!
0x00000000001f1e30,sub_1f1e30,1792,_ZN7subsdk110sub_1f1e30Ev!
0x00000000001f2530,sub_1f2530,148,_ZN7subsdk110sub_1f2530Ev!
0x00000000001f25d0,sub_1f25d0,36,_ZN7subsdk110sub_1f25d0Ev!
0x00000000001f2600,sub_1f2600,116,_ZN7subsdk110sub_1f2600Ev!
0x00000000001f2680,sub_1f2680,12,_Z16subsdk1_f_1f2680mm
0x00000000001f2690,sub_1f2690,72,_ZN7subsdk110sub_1f2690Ev!
0x00000000001f26e0,sub_1f26e0,1692,_ZN7subsdk110sub_1f26e0Ev!
0x00000000001f2d80,sub_1f2d80,4,_Z16subsdk1_f_1f2d80v
0x00000000001f2d90,sub_1f2d90,52,_ZN7subsdk110sub_1f2d90Ev!
0x00000000001f2dd0,sub_1f2dd0,504,_ZN7subsdk110sub_1f2dd0Ev!
0x00000000001f2fd0,sub_1f2fd0,276,_ZN7subsdk110sub_1f2fd0Ev!
0x00000000001f30f0,sub_1f30f0,212,_ZN7subsdk110sub_1f30f0Ev!
0x00000000001f31d0,sub_1f31d0,220,_ZN7subsdk110sub_1f31d0Ev!
0x00000000001f32b0,sub_1f32b0,476,_ZN7subsdk110sub_1f32b0Ev!
0x00000000001f3490,sub_1f3490,280,_ZN7subsdk110sub_1f3490Ev!
0x00000000001f35b0,sub_1f35b0,2388,_ZN7subsdk110sub_1f35b0Ev!
0x00000000001f3f10,sub_1f3f10,352,_ZN7subsdk110sub_1f3f10Ev!
0x00000000001f4070,sub_1f4070,292,_ZN7subsdk110sub_1f4070Ev!
0x00000000001f41a0,sub_1f41a0,404,_ZN7subsdk110sub_1f41a0Ev!
0x00000000001f4340,sub_1f4340,384,_ZN7subsdk110sub_1f4340Ev!
0x00000000001f44c0,sub_1f44c0,1636,_ZN7subsdk110sub_1f44c0Ev!
0x00000000001f4b30,sub_1f4b30,652,_ZN7subsdk110sub_1f4b30Ev!
0x00000000001f4dc0,sub_1f4dc0,312,_ZN7subsdk110sub_1f4dc0Ev!
0x00000000001f4f00,sub_1f4f00,8,_Z16subsdk1_f_1f4f00Pvm
0x00000000001f4f10,sub_1f4f10,8,_Z16subsdk1_f_1f4f10Pv
0x00000000001f4f20,sub_1f4f20,48,_ZN7subsdk110sub_1f4f20Ev!
0x00000000001f4f50,sub_1f4f50,24,_ZN7subsdk110sub_1f4f50Ev!
0x00000000001f4f70,sub_1f4f70,56,_ZN7subsdk110sub_1f4f70Ev!
0x00000000001f4fb0,sub_1f4fb0,16,_ZN7subsdk110sub_1f4fb0Ev!
0x00000000001f4fc0,sub_1f4fc0,36,_ZN7subsdk110sub_1f4fc0Ev!
0x00000000001f4ff0,sub_1f4ff0,80,_ZN7subsdk110sub_1f4ff0Ev!
0x00000000001f5040,sub_1f5040,156,_ZN7subsdk110sub_1f5040Ev!
0x00000000001f50e0,sub_1f50e0,156,_ZN7subsdk110sub_1f50e0Ev!
0x00000000001f5180,sub_1f5180,52,_ZN7subsdk110sub_1f5180Ev!
0x00000000001f51c0,sub_1f51c0,40,_ZN7subsdk110sub_1f51c0Ev!
0x00000000001f51f0,sub_1f51f0,12,_Z16subsdk1_f_1f51f0Pv
0x00000000001f5200,sub_1f5200,56,_ZN7subsdk110sub_1f5200Ev!
0x00000000001f5240,sub_1f5240,84,_ZN7subsdk110sub_1f5240Ev!
0x00000000001f52a0,sub_1f52a0,68,_ZN7subsdk110sub_1f52a0Ev!
0x00000000001f52f0,sub_1f52f0,64,_ZN7subsdk110sub_1f52f0Ev!
0x00000000001f5330,sub_1f5330,92,_ZN7subsdk110sub_1f5330Ev!
0x00000000001f5390,sub_1f5390,172,_ZN7subsdk110sub_1f5390Ev!
0x00000000001f5440,sub_1f5440,180,_ZN7subsdk110sub_1f5440Ev!
0x00000000001f5500,sub_1f5500,52,_ZN7subsdk110sub_1f5500Ev!
0x00000000001f5540,sub_1f5540,568,_ZN7subsdk110sub_1f5540Ev!
0x00000000001f5780,sub_1f5780,620,_ZN7subsdk110sub_1f5780Ev!
0x00000000001f59f0,sub_1f59f0,32,_ZN7subsdk110sub_1f59f0Ev!
0x00000000001f5a10,sub_1f5a10,2092,_ZN7subsdk125sub_1f5a10_subsdk1_1f5a10Ev!
0x00000000001f6240,sub_1f6240,260,_ZN7subsdk110sub_1f6240Ev!
0x00000000001f6350,sub_1f6350,1204,_ZN7subsdk125sub_1f6350_subsdk1_1f6350Ev!
0x00000000001f6810,sub_1f6810,1208,_ZN7subsdk110sub_1f6810Ev!
0x00000000001f6cd0,sub_1f6cd0,292,_ZN7subsdk110sub_1f6cd0Ev!
0x00000000001f6e00,sub_1f6e00,368,_ZN7subsdk110sub_1f6e00Ev!
0x00000000001f6f70,sub_1f6f70,416,_ZN7subsdk125sub_1f6f70_subsdk1_1f6f70Ev!
0x00000000001f7110,sub_1f7110,1576,_ZN7subsdk110sub_1f7110Ev!
0x00000000001f7740,sub_1f7740,232,_ZN7subsdk110sub_1f7740Ev!
0x00000000001f7830,sub_1f7830,276,_ZN7subsdk110sub_1f7830Ev!
0x00000000001f7950,sub_1f7950,764,_ZN7subsdk110sub_1f7950Ev!
0x00000000001f7c50,sub_1f7c50,664,_ZN7subsdk110sub_1f7c50Ev!
0x00000000001f7ef0,sub_1f7ef0,512,_ZN7subsdk110sub_1f7ef0Ev!
0x00000000001f80f0,sub_1f80f0,1160,_ZN7subsdk110sub_1f80f0Ev!
0x00000000001f8580,sub_1f8580,844,_ZN7subsdk110sub_1f8580Ev!
0x00000000001f88d0,sub_1f88d0,48,_ZN7subsdk110sub_1f88d0Ev!
0x00000000001f8900,sub_1f8900,272,_ZN7subsdk110sub_1f8900Ev!
0x00000000001f8a10,sub_1f8a10,2320,_ZN7subsdk110sub_1f8a10Ev!
0x00000000001f9320,sub_1f9320,328,_ZN7subsdk110sub_1f9320Ev!
0x00000000001f9470,sub_1f9470,236,_ZN7subsdk110sub_1f9470Ev!
0x00000000001f9560,sub_1f9560,844,_ZN7subsdk110sub_1f9560Ev!
0x00000000001f98b0,sub_1f98b0,1384,_ZN7subsdk110sub_1f98b0Ev!
0x00000000001f9e20,sub_1f9e20,2556,_ZN7subsdk110sub_1f9e20Ev!
0x00000000001fa820,sub_1fa820,128,_ZN7subsdk125sub_1fa820_subsdk1_1fa820Ev!
0x00000000001fa8a0,sub_1fa8a0,2380,_ZN7subsdk110sub_1fa8a0Ev!
0x00000000001fb1f0,sub_1fb1f0,48,_ZN7subsdk125sub_1fb1f0_subsdk1_1fb1f0Ev!
0x00000000001fb220,sub_1fb220,100,_ZN7subsdk125sub_1fb220_subsdk1_1fb220Ev!
0x00000000001fb290,sub_1fb290,400,_ZN7subsdk110sub_1fb290Ev!
0x00000000001fb420,sub_1fb420,24,_ZN7subsdk110sub_1fb420Ev!
0x00000000001fb440,sub_1fb440,972,_ZN7subsdk110sub_1fb440Ev!
0x00000000001fb810,sub_1fb810,964,_ZN7subsdk125sub_1fb810_subsdk1_1fb810Ev!
0x00000000001fbbe0,sub_1fbbe0,16,_ZN7subsdk110sub_1fbbe0Ev!
0x00000000001fbbf0,sub_1fbbf0,1424,_ZN7subsdk110sub_1fbbf0Ev!
0x00000000001fc180,sub_1fc180,1180,_ZN7subsdk125sub_1fc180_subsdk1_1fc180Ev!
0x00000000001fc620,sub_1fc620,376,_ZN7subsdk110sub_1fc620Ev!
0x00000000001fc7a0,sub_1fc7a0,2132,_ZN7subsdk110sub_1fc7a0Ev!
0x00000000001fd000,Guard_view_computation_around_d_and_d,1340,_ZN7subsdk137Guard_view_computation_around_d_and_dEv!
0x00000000001fd540,sub_1fd540,232,_ZN7subsdk125sub_1fd540_subsdk1_1fd540Ev!
0x00000000001fd630,sub_1fd630,388,_ZN7subsdk110sub_1fd630Ev!
0x00000000001fd7c0,sub_1fd7c0,324,_ZN7subsdk110sub_1fd7c0Ev!
0x00000000001fd910,sub_1fd910,872,_ZN7subsdk110sub_1fd910Ev!
0x00000000001fdc80,sub_1fdc80,1084,_ZN7subsdk110sub_1fdc80Ev!
0x00000000001fe0c0,sub_1fe0c0,160,_ZN7subsdk110sub_1fe0c0Ev!
0x00000000001fe160,sub_1fe160,264,_ZN7subsdk125sub_1fe160_subsdk1_1fe160Ev!
0x00000000001fe270,sub_1fe270,564,_ZN7subsdk110sub_1fe270Ev!
0x00000000001fe4b0,sub_1fe4b0,340,_ZN7subsdk125sub_1fe4b0_subsdk1_1fe4b0Ev!
0x00000000001fe610,sub_1fe610,400,_ZN7subsdk110sub_1fe610Ev!
0x00000000001fe7a0,sub_1fe7a0,92,_ZN7subsdk110sub_1fe7a0Ev!
0x00000000001fe800,sub_1fe800,44,_ZN7subsdk110sub_1fe800Ev!
0x00000000001fe830,sub_1fe830,272,_ZN7subsdk110sub_1fe830Ev!
0x00000000001fe940,sub_1fe940,56,_ZN7subsdk110sub_1fe940Ev!
0x00000000001fe980,sub_1fe980,568,_ZN7subsdk110sub_1fe980Ev!
0x00000000001febc0,sub_1febc0,580,_ZN7subsdk110sub_1febc0Ev!
0x00000000001fee10,sub_1fee10,52,_ZN7subsdk110sub_1fee10Ev!
0x00000000001fee50,sub_1fee50,40,_ZN7subsdk110sub_1fee50Ev!
0x00000000001fee80,sub_1fee80,12,_Z16subsdk1_f_1fee80Pv
0x00000000001fee90,sub_1fee90,84,_ZN7subsdk110sub_1fee90Ev!
0x00000000001feef0,sub_1feef0,68,_ZN7subsdk110sub_1feef0Ev!
0x00000000001fef40,sub_1fef40,64,_ZN7subsdk110sub_1fef40Ev!
0x00000000001fef80,sub_1fef80,92,_ZN7subsdk110sub_1fef80Ev!
0x00000000001fefe0,sub_1fefe0,172,_ZN7subsdk110sub_1fefe0Ev!
0x00000000001ff090,sub_1ff090,180,_ZN7subsdk125sub_1ff090_subsdk1_1ff090Ev!
0x00000000001ff150,sub_1ff150,52,_ZN7subsdk125sub_1ff150_subsdk1_1ff150Ev!
0x00000000001ff190,sub_1ff190,76,_ZN7subsdk125sub_1ff190_subsdk1_1ff190Ev!
0x00000000001ff1e0,sub_1ff1e0,88,_ZN7subsdk125sub_1ff1e0_subsdk1_1ff1e0Ev!
0x00000000001ff240,sub_1ff240,108,_ZN7subsdk110sub_1ff240Ev!
0x00000000001ff2b0,sub_1ff2b0,116,_ZN7subsdk110sub_1ff2b0Ev!
0x00000000001ff330,sub_1ff330,80,_ZN7subsdk110sub_1ff330Ev!
0x00000000001ff380,sub_1ff380,80,_ZN7subsdk125sub_1ff380_subsdk1_1ff380Ev!
0x00000000001ff3d0,sub_1ff3d0,76,_ZN7subsdk125sub_1ff3d0_subsdk1_1ff3d0Ev!
0x00000000001ff420,sub_1ff420,180,_ZN7subsdk110sub_1ff420Ev!
0x00000000001ff4e0,sub_1ff4e0,180,_ZN7subsdk110sub_1ff4e0Ev!
0x00000000001ff5a0,sub_1ff5a0,68,_ZN7subsdk110sub_1ff5a0Ev!
0x00000000001ff5f0,sub_1ff5f0,52,_ZN7subsdk110sub_1ff5f0Ev!
0x00000000001ff630,sub_1ff630,40,_ZN7subsdk110sub_1ff630Ev!
0x00000000001ff660,sub_1ff660,12,_Z16subsdk1_f_1ff660Pv
0x00000000001ff670,sub_1ff670,56,_ZN7subsdk110sub_1ff670Ev!
0x00000000001ff6b0,sub_1ff6b0,84,_ZN7subsdk110sub_1ff6b0Ev!
0x00000000001ff710,sub_1ff710,68,_ZN7subsdk110sub_1ff710Ev!
0x00000000001ff760,sub_1ff760,64,_ZN7subsdk110sub_1ff760Ev!
0x00000000001ff7a0,sub_1ff7a0,92,_ZN7subsdk110sub_1ff7a0Ev!
0x00000000001ff800,sub_1ff800,172,_ZN7subsdk110sub_1ff800Ev!
0x00000000001ff8b0,sub_1ff8b0,180,_ZN7subsdk110sub_1ff8b0Ev!
0x00000000001ff970,sub_1ff970,52,_ZN7subsdk110sub_1ff970Ev!
0x00000000001ff9b0,sub_1ff9b0,76,_ZN7subsdk110sub_1ff9b0Ev!
0x00000000001ffa00,sub_1ffa00,88,_ZN7subsdk110sub_1ffa00Ev!
0x00000000001ffa60,sub_1ffa60,108,_ZN7subsdk110sub_1ffa60Ev!
0x00000000001ffad0,sub_1ffad0,116,_ZN7subsdk110sub_1ffad0Ev!
0x00000000001ffb50,sub_1ffb50,80,_ZN7subsdk110sub_1ffb50Ev!
0x00000000001ffba0,sub_1ffba0,80,_ZN7subsdk110sub_1ffba0Ev!
0x00000000001ffbf0,sub_1ffbf0,76,_ZN7subsdk110sub_1ffbf0Ev!
0x00000000001ffc40,sub_1ffc40,180,_ZN7subsdk110sub_1ffc40Ev!
0x00000000001ffd00,sub_1ffd00,180,_ZN7subsdk110sub_1ffd00Ev!
0x00000000001ffdc0,sub_1ffdc0,68,_ZN7subsdk110sub_1ffdc0Ev!
0x00000000001ffe10,sub_1ffe10,8,_Z16subsdk1_f_1ffe10Pvm
0x00000000001ffe20,sub_1ffe20,8,_Z16subsdk1_f_1ffe20Pv
0x00000000001ffe30,sub_1ffe30,56,_ZN7subsdk110sub_1ffe30Ev!
0x00000000001ffe70,sub_1ffe70,36,_ZN7subsdk110sub_1ffe70Ev!
0x00000000001ffea0,sub_1ffea0,80,_ZN7subsdk110sub_1ffea0Ev!
0x00000000001ffef0,sub_1ffef0,156,_ZN7subsdk110sub_1ffef0Ev!
0x00000000001fff90,sub_1fff90,156,_ZN7subsdk110sub_1fff90Ev!
0x0000000000200030,sub_200030,36,_ZN7subsdk110sub_200030Ev!
0x0000000000200060,sub_200060,568,_ZN7subsdk110sub_200060Ev!
0x00000000002002a0,sub_2002a0,580,_ZN7subsdk110sub_2002a0Ev!
0x00000000002004f0,sub_2004f0,328,_ZN7subsdk110sub_2004f0Ev!
0x0000000000200640,sub_200640,360,_ZN7subsdk110sub_200640Ev!
0x00000000002007b0,sub_2007b0,232,_ZN7subsdk125sub_2007b0_subsdk1_2007b0Ev!
0x00000000002008a0,sub_2008a0,212,_ZN7subsdk110sub_2008a0Ev!
0x0000000000200980,sub_200980,1088,_ZN7subsdk110sub_200980Ev!
0x0000000000200dc0,sub_200dc0,3092,_ZN7subsdk110sub_200dc0Ev!
0x00000000002019e0,sub_2019e0,640,_ZN7subsdk110sub_2019e0Ev!
0x0000000000201c60,sub_201c60,608,_ZN7subsdk125sub_201c60_subsdk1_201c60Ev!
0x0000000000201ec0,sub_201ec0,168,_ZN7subsdk110sub_201ec0Ev!
0x0000000000201f70,sub_201f70,1884,_ZN7subsdk110sub_201f70Ev!
0x00000000002026d0,sub_2026d0,20,_ZN7subsdk110sub_2026d0Ev!
0x00000000002026f0,sub_2026f0,324,_ZN7subsdk110sub_2026f0Ev!
0x0000000000202840,sub_202840,732,_ZN7subsdk110sub_202840Ev!
0x0000000000202b20,sub_202b20,708,_ZN7subsdk110sub_202b20Ev!
0x0000000000202df0,sub_202df0,872,_ZN7subsdk110sub_202df0Ev!
0x0000000000203160,sub_203160,5276,_ZN7subsdk110sub_203160Ev!
0x0000000000204600,sub_204600,1700,_ZN7subsdk110sub_204600Ev!
0x0000000000204cb0,sub_204cb0,444,_ZN7subsdk110sub_204cb0Ev!
0x0000000000204e70,sub_204e70,64,_ZN7subsdk110sub_204e70Ev!
0x0000000000204eb0,sub_204eb0,1028,_ZN7subsdk110sub_204eb0Ev!
0x00000000002052c0,sub_2052c0,408,_ZN7subsdk110sub_2052c0Ev!
0x0000000000205460,sub_205460,364,_ZN7subsdk125sub_205460_subsdk1_205460Ev!
0x00000000002055d0,sub_2055d0,24,_ZN7subsdk110sub_2055d0Ev!
0x00000000002055f0,sub_2055f0,24,_ZN7subsdk125sub_2055f0_subsdk1_2055f0Ev!
0x0000000000205610,sub_205610,24,_ZN7subsdk110sub_205610Ev!
0x0000000000205630,sub_205630,20,_Z16subsdk1_f_205630Pvi
0x0000000000205650,sub_205650,16,_Z16subsdk1_f_205650Pvi
0x0000000000205660,sub_205660,8,_Z16subsdk1_f_205660v
0x0000000000205670,sub_205670,200,_ZN7subsdk110sub_205670Ev!
0x0000000000205740,sub_205740,200,_ZN7subsdk110sub_205740Ev!
0x0000000000205810,sub_205810,432,_ZN7subsdk110sub_205810Ev!
0x00000000002059c0,sub_2059c0,20,_ZN7subsdk110sub_2059c0Ev!
0x00000000002059e0,sub_2059e0,236,_ZN7subsdk110sub_2059e0Ev!
0x0000000000205ad0,sub_205ad0,308,_ZN7subsdk110sub_205ad0Ev!
0x0000000000205c10,sub_205c10,516,_ZN7subsdk110sub_205c10Ev!
0x0000000000205e20,sub_205e20,472,_ZN7subsdk110sub_205e20Ev!
0x0000000000206000,sub_206000,348,_ZN7subsdk110sub_206000Ev!
0x0000000000206160,sub_206160,452,_ZN7subsdk110sub_206160Ev!
0x0000000000206330,sub_206330,352,_ZN7subsdk110sub_206330Ev!
0x0000000000206490,sub_206490,468,_ZN7subsdk110sub_206490Ev!
0x0000000000206670,sub_206670,452,_ZN7subsdk110sub_206670Ev!
0x0000000000206840,sub_206840,348,_ZN7subsdk110sub_206840Ev!
0x00000000002069a0,sub_2069a0,252,_ZN7subsdk125sub_2069a0_subsdk1_2069a0Ev!
0x0000000000206aa0,sub_206aa0,680,_ZN7subsdk110sub_206aa0Ev!
0x0000000000206d50,sub_206d50,2768,_ZN7subsdk110sub_206d50Ev!
0x0000000000207820,sub_207820,324,_ZN7subsdk125sub_207820_subsdk1_207820Ev!
0x0000000000207970,sub_207970,248,_ZN7subsdk125sub_207970_subsdk1_207970Ev!
0x0000000000207a70,sub_207a70,1048,_ZN7subsdk110sub_207a70Ev!
0x0000000000207e90,sub_207e90,540,_ZN7subsdk110sub_207e90Ev!
0x00000000002080b0,sub_2080b0,244,_ZN7subsdk125sub_2080b0_subsdk1_2080b0Ev!
0x00000000002081b0,sub_2081b0,16,_ZN7subsdk110sub_2081b0Ev!
0x00000000002081c0,sub_2081c0,180,_ZN7subsdk110sub_2081c0Ev!
0x0000000000208280,sub_208280,260,_ZN7subsdk110sub_208280Ev!
0x0000000000208390,sub_208390,1140,_ZN7subsdk110sub_208390Ev!
0x0000000000208810,sub_208810,312,_ZN7subsdk110sub_208810Ev!
0x0000000000208950,sub_208950,480,_ZN7subsdk125sub_208950_subsdk1_208950Ev!
0x0000000000208b30,sub_208b30,336,_ZN7subsdk110sub_208b30Ev!
0x0000000000208c80,sub_208c80,892,_ZN7subsdk110sub_208c80Ev!
0x0000000000209000,sub_209000,316,_ZN7subsdk110sub_209000Ev!
0x0000000000209140,sub_209140,1220,_ZN7subsdk110sub_209140Ev!
0x0000000000209610,sub_209610,1208,_ZN7subsdk110sub_209610Ev!
0x0000000000209ad0,sub_209ad0,348,_ZN7subsdk110sub_209ad0Ev!
0x0000000000209c30,sub_209c30,540,_ZN7subsdk110sub_209c30Ev!
0x0000000000209e50,sub_209e50,252,_ZN7subsdk110sub_209e50Ev!
0x0000000000209f50,sub_209f50,280,_ZN7subsdk110sub_209f50Ev!
0x000000000020a070,sub_20a070,1092,_ZN7subsdk110sub_20a070Ev!
0x000000000020a4c0,sub_20a4c0,16,_ZN7subsdk110sub_20a4c0Ev!
0x000000000020a4d0,sub_20a4d0,392,_ZN7subsdk110sub_20a4d0Ev!
0x000000000020a660,sub_20a660,120,_ZN7subsdk110sub_20a660Ev!
0x000000000020a6e0,sub_20a6e0,340,_ZN7subsdk125sub_20a6e0_subsdk1_20a6e0Ev!
0x000000000020a840,sub_20a840,444,_ZN7subsdk110sub_20a840Ev!
0x000000000020aa00,sub_20aa00,64,_ZN7subsdk110sub_20aa00Ev!
0x000000000020aa40,sub_20aa40,488,_ZN7subsdk125sub_20aa40_subsdk1_20aa40Ev!
0x000000000020ac30,sub_20ac30,152,_ZN7subsdk110sub_20ac30Ev!
0x000000000020acd0,sub_20acd0,216,_ZN7subsdk125sub_20acd0_subsdk1_20acd0Ev!
0x000000000020adb0,sub_20adb0,408,_ZN7subsdk110sub_20adb0Ev!
0x000000000020af50,sub_20af50,184,_ZN7subsdk125sub_20af50_subsdk1_20af50Ev!
0x000000000020b010,OPTION_ARB_draw_buffers,272,_ZN7subsdk123OPTION_ARB_draw_buffersEv!
0x000000000020b120,VERTICES_OUT_d,260,_ZN7subsdk114VERTICES_OUT_dEv!
0x000000000020b230,OPTION_NV_texture_multisample,148,_ZN7subsdk129OPTION_NV_texture_multisampleEv!
0x000000000020b2d0,sub_20b2d0,28,_ZN7subsdk125sub_20b2d0_subsdk1_20b2d0Ev!
0x000000000020b2f0,sub_20b2f0,60,_ZN7subsdk110sub_20b2f0Ev!
0x000000000020b330,sub_20b330,264,_ZN7subsdk110sub_20b330Ev!
0x000000000020b440,sub_20b440,112,_ZN7subsdk110sub_20b440Ev!
0x000000000020b4b0,sub_20b4b0,68,_ZN7subsdk110sub_20b4b0Ev!
0x000000000020b500,sub_20b500,628,_ZN7subsdk110sub_20b500Ev!
0x000000000020b780,sub_20b780,24,_ZN7subsdk110sub_20b780Ev!
0x000000000020b7a0,sub_20b7a0,52,_ZN7subsdk110sub_20b7a0Ev!
0x000000000020b7e0,sub_20b7e0,668,_ZN7subsdk110sub_20b7e0Ev!
0x000000000020ba80,NVfp4,312,_ZN7subsdk15NVfp4Ev!
0x000000000020bbc0,NVfp4_2,312,_ZN7subsdk17NVfp4_2Ev!
0x000000000020bd00,UNKNOWN,376,_ZN7subsdk122UNKNOWN_subsdk1_20bd00Ev!
0x000000000020be80,UNKNOWN_2,376,_ZN7subsdk19UNKNOWN_2Ev!
0x000000000020c000,NVvp4,316,_ZN7subsdk15NVvp4Ev!
0x000000000020c140,NVvp4_2,316,_ZN7subsdk17NVvp4_2Ev!
0x000000000020c280,sub_20c280,8,_Z16subsdk1_f_20c280v
0x000000000020c290,sub_20c290,8,_Z16subsdk1_f_20c290v
0x000000000020c2a0,sub_20c2a0,8,_Z16subsdk1_f_20c2a0v
0x000000000020c2b0,sub_20c2b0,8,_Z16subsdk1_f_20c2b0mPv
0x000000000020c2c0,sub_20c2c0,188,_ZN7subsdk110sub_20c2c0Ev!
0x000000000020c380,s_s_s_3,776,_ZN7subsdk122s_s_s_3_subsdk1_20c380Ev!
0x000000000020c690,handle,672,_ZN7subsdk16handleEv!
0x000000000020c930,TEXTURE_texture_d_texture_d,228,_ZN7subsdk127TEXTURE_texture_d_texture_dEv!
0x000000000020ca20,unnamed_10,924,_ZN7subsdk125unnamed_10_subsdk1_20ca20Ev!
0x000000000020cdc0,SBOBUFFER_d_IDX_s_d_s,244,_ZN7subsdk121SBOBUFFER_d_IDX_s_d_sEv!
0x000000000020cec0,ATOMB_OR,540,_ZN7subsdk18ATOMB_OREv!
0x000000000020d0e0,SPARSE_TEX_STATUS,340,_ZN7subsdk117SPARSE_TEX_STATUSEv!
0x000000000020d240,OPTION_ARB_cull_distance,540,_ZN7subsdk124OPTION_ARB_cull_distanceEv!
0x000000000020d460,THREAD_MEMORY_d,176,_ZN7subsdk115THREAD_MEMORY_dEv!
0x000000000020d510,STORAGE_sbo_buf_d_program_storage_d,392,_ZN7subsdk135STORAGE_sbo_buf_d_program_storage_dEv!
0x000000000020d6a0,sub_20d6a0,352,_ZN7subsdk110sub_20d6a0Ev!
0x000000000020d800,sbo_buf_d,164,_ZN7subsdk19sbo_buf_dEv!
0x000000000020d8b0,sbo_storage_len_d,116,_ZN7subsdk117sbo_storage_len_dEv!
0x000000000020d930,viewport_relative_rtaidx_1,56,_ZN7subsdk126viewport_relative_rtaidx_1Ev!
0x000000000020d970,TESS_MODE_s,324,_ZN7subsdk111TESS_MODE_sEv!
0x000000000020dac0,viewport_relative_rtaidx_1_2,56,_ZN7subsdk128viewport_relative_rtaidx_1_2Ev!
0x000000000020db00,TESS_MODE_s_2,324,_ZN7subsdk113TESS_MODE_s_2Ev!
0x000000000020dc50,OPTION_ARB_draw_buffers_2,416,_ZN7subsdk125OPTION_ARB_draw_buffers_2Ev!
0x000000000020ddf0,viewport_relative_rtaidx_1_3,56,_ZN7subsdk128viewport_relative_rtaidx_1_3Ev!
0x000000000020de30,secondaryposition_2,916,_ZN7subsdk119secondaryposition_2Ev!
0x000000000020e1d0,viewport_relative_rtaidx_1_4,56,_ZN7subsdk128viewport_relative_rtaidx_1_4Ev!
0x000000000020e210,NUM_VIEWS_d,204,_ZN7subsdk111NUM_VIEWS_dEv!
0x000000000020e2e0,ATOMS_OR,244,_ZN7subsdk18ATOMS_OREv!
0x000000000020e3e0,sub_20e3e0,68,_ZN7subsdk110sub_20e3e0Ev!
0x000000000020e430,shared_mem_d,96,_ZN7subsdk112shared_mem_dEv!
0x000000000020e490,GROUP_SIZE,296,_ZN7subsdk110GROUP_SIZEEv!
0x000000000020e5c0,SHARED_MEMORY_d,104,_ZN7subsdk115SHARED_MEMORY_dEv!
0x000000000020e630,GROUP_SIZE_2,268,_ZN7subsdk112GROUP_SIZE_2Ev!
0x000000000020e740,sub_20e740,92,_ZN7subsdk110sub_20e740Ev!
0x000000000020e7a0,sub_20e7a0,128,_ZN7subsdk110sub_20e7a0Ev!
0x000000000020e820,sub_20e820,1148,_ZN7subsdk110sub_20e820Ev!
0x000000000020eca0,sub_20eca0,68,_ZN7subsdk110sub_20eca0Ev!
0x000000000020ecf0,sub_20ecf0,140,_ZN7subsdk110sub_20ecf0Ev!
0x000000000020ed80,sub_20ed80,888,_ZN7subsdk110sub_20ed80Ev!
0x000000000020f100,sub_20f100,32,_Z16subsdk1_f_20f100mmPvS_
0x000000000020f120,sub_20f120,32,_ZN7subsdk110sub_20f120Ev!
0x000000000020f140,sub_20f140,64,_ZN7subsdk110sub_20f140Ev!
0x000000000020f180,sub_20f180,104,_ZN7subsdk110sub_20f180Ev!
0x000000000020f1f0,sub_20f1f0,16,_Z16subsdk1_f_20f1f0mPv
0x000000000020f200,sub_20f200,140,_ZN7subsdk110sub_20f200Ev!
0x000000000020f290,sub_20f290,84,_ZN7subsdk110sub_20f290Ev!
0x000000000020f2f0,sub_20f2f0,676,_ZN7subsdk110sub_20f2f0Ev!
0x000000000020f5a0,sub_20f5a0,72,_ZN7subsdk110sub_20f5a0Ev!
0x000000000020f5f0,sub_20f5f0,124,_ZN7subsdk110sub_20f5f0Ev!
0x000000000020f670,sub_20f670,100,_ZN7subsdk110sub_20f670Ev!
0x000000000020f6e0,sub_20f6e0,668,_ZN7subsdk110sub_20f6e0Ev!
0x000000000020f980,sub_20f980,68,_ZN7subsdk110sub_20f980Ev!
0x000000000020f9d0,sub_20f9d0,68,_ZN7subsdk125sub_20f9d0_subsdk1_20f9d0Ev!
0x000000000020fa20,sub_20fa20,120,_ZN7subsdk125sub_20fa20_subsdk1_20fa20Ev!
0x000000000020faa0,sub_20faa0,240,_ZN7subsdk125sub_20faa0_subsdk1_20faa0Ev!
0x000000000020fb90,sub_20fb90,264,_ZN7subsdk125sub_20fb90_subsdk1_20fb90Ev!
0x000000000020fca0,sub_20fca0,76,_ZN7subsdk110sub_20fca0Ev!
0x000000000020fcf0,NVfp5,448,_ZN7subsdk15NVfp5Ev!
0x000000000020feb0,UNKNOWN_3,540,_ZN7subsdk19UNKNOWN_3Ev!
0x00000000002100d0,UNKNOWN_4,576,_ZN7subsdk19UNKNOWN_4Ev!
0x0000000000210310,UNKNOWN_5,560,_ZN7subsdk19UNKNOWN_5Ev!
0x0000000000210540,NVvp5,460,_ZN7subsdk15NVvp5Ev!
0x0000000000210710,NVcp5,456,_ZN7subsdk15NVcp5Ev!
0x00000000002108e0,sub_2108e0,56,_ZN7subsdk110sub_2108e0Ev!
0x0000000000210920,sub_210920,8,_Z16subsdk1_f_210920mPv
0x0000000000210930,sub_210930,84,_ZN7subsdk110sub_210930Ev!
0x0000000000210990,sub_210990,180,_ZN7subsdk110sub_210990Ev!
0x0000000000210a50,sub_210a50,464,_ZN7subsdk110sub_210a50Ev!
0x0000000000210c20,sub_210c20,132,_ZN7subsdk110sub_210c20Ev!
0x0000000000210cb0,sub_210cb0,408,_ZN7subsdk110sub_210cb0Ev!
0x0000000000210e50,sub_210e50,308,_ZN7subsdk110sub_210e50Ev!
0x0000000000210f90,sub_210f90,1104,_ZN7subsdk125sub_210f90_subsdk1_210f90Ev!
0x00000000002113e0,sub_2113e0,144,_ZN7subsdk110sub_2113e0Ev!
0x0000000000211470,sub_211470,756,_ZN7subsdk110sub_211470Ev!
0x0000000000211770,sub_211770,136,_ZN7subsdk110sub_211770Ev!
0x0000000000211800,sub_211800,552,_ZN7subsdk110sub_211800Ev!
0x0000000000211a30,sub_211a30,252,_ZN7subsdk110sub_211a30Ev!
0x0000000000211b30,sub_211b30,304,_ZN7subsdk110sub_211b30Ev!
0x0000000000211c60,sub_211c60,1320,_ZN7subsdk110sub_211c60Ev!
0x0000000000212190,sub_212190,1200,_ZN7subsdk110sub_212190Ev!
0x0000000000212640,sub_212640,360,_ZN7subsdk110sub_212640Ev!
0x00000000002127b0,sub_2127b0,972,_ZN7subsdk110sub_2127b0Ev!
0x0000000000212b80,sub_212b80,116,_ZN7subsdk110sub_212b80Ev!
0x0000000000212c00,sub_212c00,152,_ZN7subsdk110sub_212c00Ev!
0x0000000000212ca0,sub_212ca0,272,_ZN7subsdk110sub_212ca0Ev!
0x0000000000212db0,sub_212db0,972,_ZN7subsdk110sub_212db0Ev!
0x0000000000213180,sub_213180,324,_ZN7subsdk110sub_213180Ev!
0x00000000002132d0,sub_2132d0,316,_ZN7subsdk110sub_2132d0Ev!
0x0000000000213410,sub_213410,576,_ZN7subsdk110sub_213410Ev!
0x0000000000213650,sub_213650,260,_ZN7subsdk110sub_213650Ev!
0x0000000000213760,sub_213760,260,_ZN7subsdk110sub_213760Ev!
0x0000000000213870,sub_213870,5044,_ZN7subsdk110sub_213870Ev!
0x0000000000214c30,sub_214c30,152,_ZN7subsdk110sub_214c30Ev!
0x0000000000214cd0,sub_214cd0,976,_ZN7subsdk110sub_214cd0Ev!
0x00000000002150a0,sub_2150a0,128,_ZN7subsdk110sub_2150a0Ev!
0x0000000000215120,sub_215120,172,_ZN7subsdk110sub_215120Ev!
0x00000000002151d0,sub_2151d0,8,_Z16subsdk1_f_2151d0v
0x00000000002151e0,sub_2151e0,4,_Z16subsdk1_f_2151e0v
0x00000000002151f0,sub_2151f0,8,_Z16subsdk1_f_2151f0Pv
0x0000000000215200,sub_215200,8,_Z16subsdk1_f_215200v
0x0000000000215210,sub_215210,8,_Z16subsdk1_f_215210Pv
0x0000000000215220,sub_215220,8,_Z16subsdk1_f_215220Pv
0x0000000000215230,sub_215230,8,_Z16subsdk1_f_215230Pv
0x0000000000215240,sub_215240,8,_Z16subsdk1_f_215240mPv
0x0000000000215250,sub_215250,312,_ZN7subsdk110sub_215250Ev!
0x0000000000215390,sub_215390,312,_ZN7subsdk110sub_215390Ev!
0x00000000002154d0,sub_2154d0,160,_ZN7subsdk110sub_2154d0Ev!
0x0000000000215570,sub_215570,1112,_ZN7subsdk110sub_215570Ev!
0x00000000002159d0,sub_2159d0,376,_ZN7subsdk110sub_2159d0Ev!
0x0000000000215b50,sub_215b50,1028,_ZN7subsdk110sub_215b50Ev!
0x0000000000215f60,sub_215f60,572,_ZN7subsdk110sub_215f60Ev!
0x00000000002161a0,sub_2161a0,284,_ZN7subsdk110sub_2161a0Ev!
0x00000000002162c0,sub_2162c0,732,_ZN7subsdk125sub_2162c0_subsdk1_2162c0Ev!
0x00000000002165a0,sub_2165a0,1268,_ZN7subsdk110sub_2165a0Ev!
0x0000000000216aa0,sub_216aa0,272,_ZN7subsdk110sub_216aa0Ev!
0x0000000000216bb0,sub_216bb0,608,_ZN7subsdk110sub_216bb0Ev!
0x0000000000216e10,sub_216e10,308,_ZN7subsdk110sub_216e10Ev!
0x0000000000216f50,sub_216f50,868,_ZN7subsdk110sub_216f50Ev!
0x00000000002172c0,sub_2172c0,1252,_ZN7subsdk110sub_2172c0Ev!
0x00000000002177b0,sub_2177b0,440,_ZN7subsdk110sub_2177b0Ev!
0x0000000000217970,sub_217970,300,_ZN7subsdk110sub_217970Ev!
0x0000000000217aa0,sub_217aa0,2680,_ZN7subsdk110sub_217aa0Ev!
0x0000000000218520,sub_218520,248,_ZN7subsdk110sub_218520Ev!
0x0000000000218620,sub_218620,396,_ZN7subsdk110sub_218620Ev!
0x00000000002187b0,sub_2187b0,392,_ZN7subsdk110sub_2187b0Ev!
0x0000000000218940,sub_218940,536,_ZN7subsdk110sub_218940Ev!
0x0000000000218b60,sub_218b60,412,_ZN7subsdk110sub_218b60Ev!
0x0000000000218d00,sub_218d00,168,_ZN7subsdk110sub_218d00Ev!
0x0000000000218db0,sub_218db0,872,_ZN7subsdk110sub_218db0Ev!
0x0000000000219120,sub_219120,1256,_ZN7subsdk110sub_219120Ev!
0x0000000000219610,sub_219610,504,_ZN7subsdk110sub_219610Ev!
0x0000000000219810,sub_219810,700,_ZN7subsdk110sub_219810Ev!
0x0000000000219ad0,sub_219ad0,732,_ZN7subsdk110sub_219ad0Ev!
0x0000000000219db0,sub_219db0,592,_ZN7subsdk110sub_219db0Ev!
0x000000000021a000,sub_21a000,900,_ZN7subsdk110sub_21a000Ev!
0x000000000021a390,sub_21a390,284,_ZN7subsdk110sub_21a390Ev!
0x000000000021a4b0,sub_21a4b0,204,_ZN7subsdk110sub_21a4b0Ev!
0x000000000021a580,sub_21a580,1056,_ZN7subsdk110sub_21a580Ev!
0x000000000021a9a0,sub_21a9a0,728,_ZN7subsdk110sub_21a9a0Ev!
0x000000000021ac80,sub_21ac80,864,_ZN7subsdk110sub_21ac80Ev!
0x000000000021afe0,sub_21afe0,4,_Z16subsdk1_f_21afe0v
0x000000000021aff0,sub_21aff0,1072,_ZN7subsdk110sub_21aff0Ev!
0x000000000021b420,sub_21b420,1796,_ZN7subsdk110sub_21b420Ev!
0x000000000021bb30,sub_21bb30,924,_ZN7subsdk110sub_21bb30Ev!
0x000000000021bed0,sub_21bed0,1268,_ZN7subsdk110sub_21bed0Ev!
0x000000000021c3d0,sub_21c3d0,20,_ZN7subsdk110sub_21c3d0Ev!
0x000000000021c3f0,sub_21c3f0,96,_ZN7subsdk125sub_21c3f0_subsdk1_21c3f0Ev!
0x000000000021c450,sub_21c450,200,_ZN7subsdk110sub_21c450Ev!
0x000000000021c520,sub_21c520,340,_ZN7subsdk110sub_21c520Ev!
0x000000000021c680,sub_21c680,124,_ZN7subsdk110sub_21c680Ev!
0x000000000021c700,sub_21c700,172,_ZN7subsdk110sub_21c700Ev!
0x000000000021c7b0,sub_21c7b0,488,_ZN7subsdk110sub_21c7b0Ev!
0x000000000021c9a0,sub_21c9a0,264,_ZN7subsdk110sub_21c9a0Ev!
0x000000000021cab0,sub_21cab0,64,_ZN7subsdk110sub_21cab0Ev!
0x000000000021caf0,sub_21caf0,64,_ZN7subsdk110sub_21caf0Ev!
0x000000000021cb30,sub_21cb30,64,_ZN7subsdk110sub_21cb30Ev!
0x000000000021cb70,sub_21cb70,376,_ZN7subsdk110sub_21cb70Ev!
0x000000000021ccf0,sub_21ccf0,300,_ZN7subsdk110sub_21ccf0Ev!
0x000000000021ce20,sub_21ce20,1048,_ZN7subsdk110sub_21ce20Ev!
0x000000000021d240,sub_21d240,1884,_ZN7subsdk110sub_21d240Ev!
0x000000000021d9a0,sub_21d9a0,668,_ZN7subsdk110sub_21d9a0Ev!
0x000000000021dc40,sub_21dc40,396,_ZN7subsdk110sub_21dc40Ev!
0x000000000021ddd0,sub_21ddd0,8,_Z16subsdk1_f_21ddd0v
0x000000000021dde0,sub_21dde0,12,_Z16subsdk1_f_21dde0mm
0x000000000021ddf0,sub_21ddf0,352,_ZN7subsdk110sub_21ddf0Ev!
0x000000000021df50,sub_21df50,932,_ZN7subsdk110sub_21df50Ev!
0x000000000021e300,sub_21e300,36,_ZN7subsdk110sub_21e300Ev!
0x000000000021e330,sub_21e330,324,_ZN7subsdk110sub_21e330Ev!
0x000000000021e480,sub_21e480,2948,_ZN7subsdk110sub_21e480Ev!
0x000000000021f010,sub_21f010,388,_ZN7subsdk125sub_21f010_subsdk1_21f010Ev!
0x000000000021f1a0,sub_21f1a0,1000,_ZN7subsdk110sub_21f1a0Ev!
0x000000000021f590,sub_21f590,304,_ZN7subsdk110sub_21f590Ev!
0x000000000021f6c0,sub_21f6c0,228,_ZN7subsdk110sub_21f6c0Ev!
0x000000000021f7b0,sub_21f7b0,96,_ZN7subsdk110sub_21f7b0Ev!
0x000000000021f810,sub_21f810,128,_ZN7subsdk110sub_21f810Ev!
0x000000000021f890,sub_21f890,72,_ZN7subsdk110sub_21f890Ev!
0x000000000021f8e0,sub_21f8e0,64,_ZN7subsdk125sub_21f8e0_subsdk1_21f8e0Ev!
0x000000000021f920,sub_21f920,400,_ZN7subsdk110sub_21f920Ev!
0x000000000021fab0,sub_21fab0,108,_ZN7subsdk110sub_21fab0Ev!
0x000000000021fb20,sub_21fb20,464,_ZN7subsdk110sub_21fb20Ev!
0x000000000021fcf0,sub_21fcf0,456,_ZN7subsdk110sub_21fcf0Ev!
0x000000000021fec0,sub_21fec0,552,_ZN7subsdk110sub_21fec0Ev!
0x00000000002200f0,sub_2200f0,148,_ZN7subsdk110sub_2200f0Ev!
0x0000000000220190,sub_220190,3064,_ZN7subsdk110sub_220190Ev!
0x0000000000220d90,sub_220d90,172,_ZN7subsdk110sub_220d90Ev!
0x0000000000220e40,sub_220e40,112,_ZN7subsdk110sub_220e40Ev!
0x0000000000220eb0,sub_220eb0,364,_ZN7subsdk110sub_220eb0Ev!
0x0000000000221020,sub_221020,460,_ZN7subsdk110sub_221020Ev!
0x00000000002211f0,sub_2211f0,792,_ZN7subsdk110sub_2211f0Ev!
0x0000000000221510,sub_221510,56,_ZN7subsdk110sub_221510Ev!
0x0000000000221550,sub_221550,420,_ZN7subsdk110sub_221550Ev!
0x0000000000221700,NoPredBypass,2660,_ZN7subsdk112NoPredBypassEv!
0x0000000000222170,sub_222170,12,_ZN7subsdk110sub_222170Ev!
0x0000000000222180,sub_222180,348,_ZN7subsdk110sub_222180Ev!
0x00000000002222e0,sub_2222e0,64,_ZN7subsdk110sub_2222e0Ev!
0x0000000000222320,sub_222320,96,_ZN7subsdk110sub_222320Ev!
0x0000000000222380,sub_222380,336,_ZN7subsdk110sub_222380Ev!
0x00000000002224d0,sub_2224d0,96,_ZN7subsdk125sub_2224d0_subsdk1_2224d0Ev!
0x0000000000222530,sub_222530,268,_ZN7subsdk110sub_222530Ev!
0x0000000000222640,sub_222640,396,_ZN7subsdk110sub_222640Ev!
0x00000000002227d0,sub_2227d0,360,_ZN7subsdk125sub_2227d0_subsdk1_2227d0Ev!
0x0000000000222940,sub_222940,696,_ZN7subsdk110sub_222940Ev!
0x0000000000222c00,sub_222c00,324,_ZN7subsdk110sub_222c00Ev!
0x0000000000222d50,sub_222d50,404,_ZN7subsdk110sub_222d50Ev!
0x0000000000222ef0,sub_222ef0,232,_ZN7subsdk110sub_222ef0Ev!
0x0000000000222fe0,sub_222fe0,232,_ZN7subsdk110sub_222fe0Ev!
0x00000000002230d0,sub_2230d0,1324,_ZN7subsdk110sub_2230d0Ev!
0x0000000000223600,sub_223600,28,_Z16subsdk1_f_223600Pvj
0x0000000000223620,sub_223620,8,_Z16subsdk1_f_223620v
0x0000000000223630,sub_223630,12,_Z16subsdk1_f_223630mm
0x0000000000223640,sub_223640,4,_Z16subsdk1_f_223640v
0x0000000000223650,sub_223650,104,_ZN7subsdk110sub_223650Ev!
0x00000000002236c0,sub_2236c0,16,_Z16subsdk1_f_2236c0mPv
0x00000000002236d0,sub_2236d0,16,_Z16subsdk1_f_2236d0mPv
0x00000000002236e0,sub_2236e0,16,_Z16subsdk1_f_2236e0mPv
0x00000000002236f0,sub_2236f0,16,_Z16subsdk1_f_2236f0mPv
0x0000000000223700,sub_223700,16,_Z16subsdk1_f_223700mPv
0x0000000000223710,sub_223710,20,_ZN7subsdk110sub_223710Ev!
0x0000000000223730,sub_223730,68,_ZN7subsdk110sub_223730Ev!
0x0000000000223780,sub_223780,16,_Z16subsdk1_f_223780mPv
0x0000000000223790,sub_223790,8,_Z16subsdk1_f_223790v
0x00000000002237a0,sub_2237a0,428,_ZN7subsdk110sub_2237a0Ev!
0x0000000000223950,sub_223950,564,_ZN7subsdk110sub_223950Ev!
0x0000000000223b90,sub_223b90,32,_ZN7subsdk110sub_223b90Ev!
0x0000000000223bb0,sub_223bb0,160,_ZN7subsdk110sub_223bb0Ev!
0x0000000000223c50,sub_223c50,320,_ZN7subsdk110sub_223c50Ev!
0x0000000000223d90,sub_223d90,40,_ZN7subsdk110sub_223d90Ev!
0x0000000000223dc0,sub_223dc0,40,_ZN7subsdk125sub_223dc0_subsdk1_223dc0Ev!
0x0000000000223df0,sub_223df0,8,_Z16subsdk1_f_223df0v
0x0000000000223e00,sub_223e00,16,_Z16subsdk1_f_223e00mPv
0x0000000000223e10,sub_223e10,124,_ZN7subsdk110sub_223e10Ev!
0x0000000000223e90,sub_223e90,108,_ZN7subsdk110sub_223e90Ev!
0x0000000000223f00,sub_223f00,8,_Z16subsdk1_f_223f00Pv
0x0000000000223f10,sub_223f10,52,_ZN7subsdk125sub_223f10_subsdk1_223f10Ev!
0x0000000000223f50,sub_223f50,48,_ZN7subsdk110sub_223f50Ev!
0x0000000000223f80,sub_223f80,200,_ZN7subsdk110sub_223f80Ev!
0x0000000000224050,sub_224050,52,_ZN7subsdk110sub_224050Ev!
0x0000000000224090,sub_224090,52,_ZN7subsdk110sub_224090Ev!
0x00000000002240d0,sub_2240d0,8,_Z16subsdk1_f_2240d0v
0x00000000002240e0,sub_2240e0,44,_ZN7subsdk110sub_2240e0Ev!
0x0000000000224110,sub_224110,88,_ZN7subsdk110sub_224110Ev!
0x0000000000224170,sub_224170,172,_ZN7subsdk125sub_224170_subsdk1_224170Ev!
0x0000000000224220,sub_224220,36,_ZN7subsdk110sub_224220Ev!
0x0000000000224250,sub_224250,56,_ZN7subsdk110sub_224250Ev!
0x0000000000224290,sub_224290,16,_Z16subsdk1_f_224290Pv
0x00000000002242a0,sub_2242a0,72,_ZN7subsdk110sub_2242a0Ev!
0x00000000002242f0,sub_2242f0,24,_Z16subsdk1_f_2242f0Pv
0x0000000000224310,sub_224310,116,_ZN7subsdk110sub_224310Ev!
0x0000000000224390,sub_224390,116,_ZN7subsdk110sub_224390Ev!
0x0000000000224410,sub_224410,8,_Z16subsdk1_f_224410v
0x0000000000224420,sub_224420,12,_Z16subsdk1_f_224420mmm
0x0000000000224430,sub_224430,60,_ZN7subsdk125sub_224430_subsdk1_224430Ev!
0x0000000000224470,sub_224470,32,_ZN7subsdk110sub_224470Ev!
0x0000000000224490,sub_224490,256,_ZN7subsdk110sub_224490Ev!
0x0000000000224590,sub_224590,12,_ZN7subsdk110sub_224590Ev!
0x00000000002245a0,sub_2245a0,12,_ZN7subsdk110sub_2245a0Ev!
0x00000000002245b0,sub_2245b0,68,_ZN7subsdk110sub_2245b0Ev!
0x0000000000224600,sub_224600,12,_ZN7subsdk125sub_224600_subsdk1_224600Ev!
0x0000000000224610,sub_224610,140,_ZN7subsdk110sub_224610Ev!
0x00000000002246a0,sub_2246a0,12,_ZN7subsdk110sub_2246a0Ev!
0x00000000002246b0,sub_2246b0,12,_ZN7subsdk110sub_2246b0Ev!
0x00000000002246c0,sub_2246c0,124,_ZN7subsdk110sub_2246c0Ev!
0x0000000000224740,sub_224740,12,_ZN7subsdk110sub_224740Ev!
0x0000000000224750,sub_224750,348,_ZN7subsdk125sub_224750_subsdk1_224750Ev!
0x00000000002248b0,sub_2248b0,12,_ZN7subsdk110sub_2248b0Ev!
0x00000000002248c0,sub_2248c0,12,_ZN7subsdk125sub_2248c0_subsdk1_2248c0Ev!
0x00000000002248d0,sub_2248d0,12,_ZN7subsdk110sub_2248d0Ev!
0x00000000002248e0,sub_2248e0,12,_ZN7subsdk110sub_2248e0Ev!
0x00000000002248f0,sub_2248f0,68,_ZN7subsdk110sub_2248f0Ev!
0x0000000000224940,sub_224940,24,_ZN7subsdk125sub_224940_subsdk1_224940Ev!
0x0000000000224960,sub_224960,52,_ZN7subsdk110sub_224960Ev!
0x00000000002249a0,sub_2249a0,52,_ZN7subsdk110sub_2249a0Ev!
0x00000000002249e0,sub_2249e0,232,_ZN7subsdk110sub_2249e0Ev!
0x0000000000224ad0,sub_224ad0,124,_ZN7subsdk110sub_224ad0Ev!
0x0000000000224b50,sub_224b50,12,_ZN7subsdk110sub_224b50Ev!
0x0000000000224b60,sub_224b60,12,_ZN7subsdk110sub_224b60Ev!
0x0000000000224b70,sub_224b70,12,_ZN7subsdk110sub_224b70Ev!
0x0000000000224b80,sub_224b80,12,_ZN7subsdk110sub_224b80Ev!
0x0000000000224b90,sub_224b90,12,_ZN7subsdk110sub_224b90Ev!
0x0000000000224ba0,sub_224ba0,12,_ZN7subsdk110sub_224ba0Ev!
0x0000000000224bb0,sub_224bb0,272,_ZN7subsdk110sub_224bb0Ev!
0x0000000000224cc0,sub_224cc0,52,_ZN7subsdk110sub_224cc0Ev!
0x0000000000224d00,sub_224d00,32,_ZN7subsdk110sub_224d00Ev!
0x0000000000224d20,sub_224d20,32,_ZN7subsdk110sub_224d20Ev!
0x0000000000224d40,sub_224d40,16,_Z16subsdk1_f_224d40mj
0x0000000000224d50,sub_224d50,28,_ZN7subsdk110sub_224d50Ev!
0x0000000000224d70,sub_224d70,36,_ZN7subsdk125sub_224d70_subsdk1_224d70Ev!
0x0000000000224da0,sub_224da0,24,_Z16subsdk1_f_224da0mj
0x0000000000224dc0,sub_224dc0,436,_ZN7subsdk110sub_224dc0Ev!
0x0000000000224f80,sub_224f80,196,_ZN7subsdk110sub_224f80Ev!
0x0000000000225050,sub_225050,32,_ZN7subsdk110sub_225050Ev!
0x0000000000225070,sub_225070,16,_ZN7subsdk125sub_225070_subsdk1_225070Ev!
0x0000000000225080,sub_225080,36,_ZN7subsdk125sub_225080_subsdk1_225080Ev!
0x00000000002250b0,sub_2250b0,32,_ZN7subsdk110sub_2250b0Ev!
0x00000000002250d0,sub_2250d0,12,_Z16subsdk1_f_2250d0mm
0x00000000002250e0,sub_2250e0,16,_ZN7subsdk125sub_2250e0_subsdk1_2250e0Ev!
0x00000000002250f0,sub_2250f0,28,_Z16subsdk1_f_2250f0mj
0x0000000000225110,sub_225110,36,_ZN7subsdk110sub_225110Ev!
0x0000000000225140,sub_225140,176,_ZN7subsdk110sub_225140Ev!
0x00000000002251f0,sub_2251f0,8,_Z16subsdk1_f_2251f0v
0x0000000000225200,sub_225200,4,_Z16subsdk1_f_225200v
0x0000000000225210,sub_225210,4,_Z16subsdk1_f_225210v
0x0000000000225220,sub_225220,4,_Z16subsdk1_f_225220v
0x0000000000225230,sub_225230,4,_Z16subsdk1_f_225230v
0x0000000000225240,sub_225240,4,_Z16subsdk1_f_225240v
0x0000000000225250,sub_225250,4,_Z16subsdk1_f_225250v
0x0000000000225260,sub_225260,4,_Z16subsdk1_f_225260v
0x0000000000225270,sub_225270,4,_Z16subsdk1_f_225270v
0x0000000000225280,sub_225280,4,_Z16subsdk1_f_225280v
0x0000000000225290,sub_225290,4,_Z16subsdk1_f_225290v
0x00000000002252a0,sub_2252a0,4,_Z16subsdk1_f_2252a0v
0x00000000002252b0,sub_2252b0,4,_Z16subsdk1_f_2252b0v
0x00000000002252c0,sub_2252c0,4,_Z16subsdk1_f_2252c0v
0x00000000002252d0,sub_2252d0,4,_Z16subsdk1_f_2252d0v
0x00000000002252e0,sub_2252e0,4,_Z16subsdk1_f_2252e0v
0x00000000002252f0,sub_2252f0,4,_Z16subsdk1_f_2252f0v
0x0000000000225300,sub_225300,4,_Z16subsdk1_f_225300v
0x0000000000225310,sub_225310,4,_Z16subsdk1_f_225310v
0x0000000000225320,sub_225320,4,_Z16subsdk1_f_225320v
0x0000000000225330,sub_225330,4,_Z16subsdk1_f_225330v
0x0000000000225340,sub_225340,4,_Z16subsdk1_f_225340v
0x0000000000225350,sub_225350,4,_Z16subsdk1_f_225350v
0x0000000000225360,sub_225360,4,_Z16subsdk1_f_225360v
0x0000000000225370,sub_225370,4,_Z16subsdk1_f_225370v
0x0000000000225380,sub_225380,4,_Z16subsdk1_f_225380v
0x0000000000225390,sub_225390,4,_Z16subsdk1_f_225390v
0x00000000002253a0,sub_2253a0,312,_ZN7subsdk110sub_2253a0Ev!
0x00000000002254e0,sub_2254e0,128,_ZN7subsdk110sub_2254e0Ev!
0x0000000000225560,sub_225560,244,_ZN7subsdk110sub_225560Ev!
0x0000000000225660,sub_225660,724,_ZN7subsdk110sub_225660Ev!
0x0000000000225940,sub_225940,248,_ZN7subsdk110sub_225940Ev!
0x0000000000225a40,sub_225a40,260,_ZN7subsdk110sub_225a40Ev!
0x0000000000225b50,sub_225b50,296,_ZN7subsdk110sub_225b50Ev!
0x0000000000225c80,sub_225c80,116,_ZN7subsdk110sub_225c80Ev!
0x0000000000225d00,sub_225d00,844,_ZN7subsdk110sub_225d00Ev!
0x0000000000226050,sub_226050,1272,_ZN7subsdk110sub_226050Ev!
0x0000000000226550,sub_226550,280,_ZN7subsdk125sub_226550_subsdk1_226550Ev!
0x0000000000226670,sub_226670,60,_ZN7subsdk110sub_226670Ev!
0x00000000002266b0,sub_2266b0,188,_ZN7subsdk110sub_2266b0Ev!
0x0000000000226770,sub_226770,76,_ZN7subsdk110sub_226770Ev!
0x00000000002267c0,sub_2267c0,236,_ZN7subsdk110sub_2267c0Ev!
0x00000000002268b0,sub_2268b0,100,_ZN7subsdk110sub_2268b0Ev!
0x0000000000226920,sub_226920,100,_ZN7subsdk110sub_226920Ev!
0x0000000000226990,sub_226990,76,_ZN7subsdk110sub_226990Ev!
0x00000000002269e0,sub_2269e0,628,_ZN7subsdk110sub_2269e0Ev!
0x0000000000226c60,sub_226c60,120,_ZN7subsdk110sub_226c60Ev!
0x0000000000226ce0,sub_226ce0,96,_ZN7subsdk125sub_226ce0_subsdk1_226ce0Ev!
0x0000000000226d40,sub_226d40,8,_ZN7subsdk125sub_226d40_subsdk1_226d40Ev!
0x0000000000226d50,sub_226d50,68,_ZN7subsdk110sub_226d50Ev!
0x0000000000226da0,sub_226da0,412,_ZN7subsdk125sub_226da0_subsdk1_226da0Ev!
0x0000000000226f40,sub_226f40,96,_ZN7subsdk110sub_226f40Ev!
0x0000000000226fa0,sub_226fa0,936,_ZN7subsdk110sub_226fa0Ev!
0x0000000000227350,sub_227350,412,_ZN7subsdk110sub_227350Ev!
0x00000000002274f0,sub_2274f0,536,_ZN7subsdk110sub_2274f0Ev!
0x0000000000227710,sub_227710,8,_ZN7subsdk125sub_227710_subsdk1_227710Ev!
0x0000000000227720,sub_227720,92,_ZN7subsdk110sub_227720Ev!
0x0000000000227780,sub_227780,1396,_ZN7subsdk110sub_227780Ev!
0x0000000000227d00,sub_227d00,752,_ZN7subsdk125sub_227d00_subsdk1_227d00Ev!
0x0000000000227ff0,sub_227ff0,1516,_ZN7subsdk110sub_227ff0Ev!
0x00000000002285e0,sub_2285e0,412,_ZN7subsdk110sub_2285e0Ev!
0x0000000000228780,sub_228780,356,_ZN7subsdk125sub_228780_subsdk1_228780Ev!
0x00000000002288f0,sub_2288f0,944,_ZN7subsdk110sub_2288f0Ev!
0x0000000000228ca0,sub_228ca0,320,_ZN7subsdk110sub_228ca0Ev!
0x0000000000228de0,sub_228de0,412,_ZN7subsdk110sub_228de0Ev!
0x0000000000228f80,sub_228f80,316,_ZN7subsdk110sub_228f80Ev!
0x00000000002290c0,sub_2290c0,440,_ZN7subsdk110sub_2290c0Ev!
0x0000000000229280,sub_229280,400,_ZN7subsdk110sub_229280Ev!
0x0000000000229410,sub_229410,428,_ZN7subsdk110sub_229410Ev!
0x00000000002295c0,sub_2295c0,440,_ZN7subsdk125sub_2295c0_subsdk1_2295c0Ev!
0x0000000000229780,sub_229780,180,_ZN7subsdk125sub_229780_subsdk1_229780Ev!
0x0000000000229840,sub_229840,80,_ZN7subsdk125sub_229840_subsdk1_229840Ev!
0x0000000000229890,sub_229890,476,_ZN7subsdk125sub_229890_subsdk1_229890Ev!
0x0000000000229a70,sub_229a70,1084,_ZN7subsdk110sub_229a70Ev!
0x0000000000229eb0,sub_229eb0,488,_ZN7subsdk110sub_229eb0Ev!
0x000000000022a0a0,sub_22a0a0,512,_ZN7subsdk110sub_22a0a0Ev!
0x000000000022a2a0,sub_22a2a0,524,_ZN7subsdk110sub_22a2a0Ev!
0x000000000022a4b0,sub_22a4b0,1512,_ZN7subsdk110sub_22a4b0Ev!
0x000000000022aaa0,sub_22aaa0,240,_ZN7subsdk110sub_22aaa0Ev!
0x000000000022ab90,sub_22ab90,224,_ZN7subsdk110sub_22ab90Ev!
0x000000000022ac70,sub_22ac70,972,_ZN7subsdk125sub_22ac70_subsdk1_22ac70Ev!
0x000000000022b040,sub_22b040,1280,_ZN7subsdk110sub_22b040Ev!
0x000000000022b540,sub_22b540,32,_ZN7subsdk110sub_22b540Ev!
0x000000000022b560,sub_22b560,584,_ZN7subsdk110sub_22b560Ev!
0x000000000022b7b0,sub_22b7b0,4524,_ZN7subsdk110sub_22b7b0Ev!
0x000000000022c960,sub_22c960,24,_ZN7subsdk110sub_22c960Ev!
0x000000000022c980,sub_22c980,168,_ZN7subsdk110sub_22c980Ev!
0x000000000022ca30,sub_22ca30,140,_ZN7subsdk110sub_22ca30Ev!
0x000000000022cac0,sub_22cac0,468,_ZN7subsdk110sub_22cac0Ev!
0x000000000022cca0,sub_22cca0,92,_ZN7subsdk110sub_22cca0Ev!
0x000000000022cd00,sub_22cd00,48,_ZN7subsdk110sub_22cd00Ev!
0x000000000022cd30,sub_22cd30,216,_ZN7subsdk110sub_22cd30Ev!
0x000000000022ce10,sub_22ce10,160,_ZN7subsdk110sub_22ce10Ev!
0x000000000022ceb0,sub_22ceb0,228,_ZN7subsdk110sub_22ceb0Ev!
0x000000000022cfa0,sub_22cfa0,140,_ZN7subsdk110sub_22cfa0Ev!
0x000000000022d030,sub_22d030,120,_ZN7subsdk110sub_22d030Ev!
0x000000000022d0b0,sub_22d0b0,2660,_ZN7subsdk110sub_22d0b0Ev!
0x000000000022db20,sub_22db20,20,_ZN7subsdk125sub_22db20_subsdk1_22db20Ev!
0x000000000022db40,sub_22db40,372,_ZN7subsdk125sub_22db40_subsdk1_22db40Ev!
0x000000000022dcc0,sub_22dcc0,516,_ZN7subsdk110sub_22dcc0Ev!
0x000000000022ded0,sub_22ded0,108,_ZN7subsdk110sub_22ded0Ev!
0x000000000022df40,sub_22df40,236,_ZN7subsdk110sub_22df40Ev!
0x000000000022e030,sub_22e030,68,_ZN7subsdk110sub_22e030Ev!
0x000000000022e080,sub_22e080,324,_ZN7subsdk110sub_22e080Ev!
0x000000000022e1d0,sub_22e1d0,152,_ZN7subsdk110sub_22e1d0Ev!
0x000000000022e270,sub_22e270,244,_ZN7subsdk110sub_22e270Ev!
0x000000000022e370,sub_22e370,256,_ZN7subsdk110sub_22e370Ev!
0x000000000022e470,sub_22e470,8,_ZN7subsdk110sub_22e470Ev!
0x000000000022e480,sub_22e480,480,_ZN7subsdk110sub_22e480Ev!
0x000000000022e660,sub_22e660,96,_ZN7subsdk110sub_22e660Ev!
0x000000000022e6c0,sub_22e6c0,168,_ZN7subsdk110sub_22e6c0Ev!
0x000000000022e770,sub_22e770,272,_ZN7subsdk110sub_22e770Ev!
0x000000000022e880,sub_22e880,192,_ZN7subsdk110sub_22e880Ev!
0x000000000022e940,sub_22e940,1156,_ZN7subsdk110sub_22e940Ev!
0x000000000022edd0,sub_22edd0,76,_ZN7subsdk110sub_22edd0Ev!
0x000000000022ee20,sub_22ee20,604,_ZN7subsdk125sub_22ee20_subsdk1_22ee20Ev!
0x000000000022f080,sub_22f080,216,_ZN7subsdk110sub_22f080Ev!
0x000000000022f160,sub_22f160,92,_ZN7subsdk110sub_22f160Ev!
0x000000000022f1c0,sub_22f1c0,84,_ZN7subsdk110sub_22f1c0Ev!
0x000000000022f220,sub_22f220,204,_ZN7subsdk110sub_22f220Ev!
0x000000000022f2f0,sub_22f2f0,256,_ZN7subsdk110sub_22f2f0Ev!
0x000000000022f3f0,sub_22f3f0,92,_ZN7subsdk110sub_22f3f0Ev!
0x000000000022f450,sub_22f450,336,_ZN7subsdk110sub_22f450Ev!
0x000000000022f5a0,sub_22f5a0,116,_ZN7subsdk110sub_22f5a0Ev!
0x000000000022f620,sub_22f620,68,_ZN7subsdk110sub_22f620Ev!
0x000000000022f670,sub_22f670,300,_ZN7subsdk110sub_22f670Ev!
0x000000000022f7a0,sub_22f7a0,708,_ZN7subsdk110sub_22f7a0Ev!
0x000000000022fa70,sub_22fa70,444,_ZN7subsdk110sub_22fa70Ev!
0x000000000022fc30,sub_22fc30,368,_ZN7subsdk110sub_22fc30Ev!
0x000000000022fda0,sub_22fda0,432,_ZN7subsdk110sub_22fda0Ev!
0x000000000022ff50,sub_22ff50,196,_ZN7subsdk110sub_22ff50Ev!
0x0000000000230020,sub_230020,196,_ZN7subsdk110sub_230020Ev!
0x00000000002300f0,sub_2300f0,120,_ZN7subsdk110sub_2300f0Ev!
0x0000000000230170,sub_230170,92,_ZN7subsdk110sub_230170Ev!
0x00000000002301d0,sub_2301d0,472,_ZN7subsdk110sub_2301d0Ev!
0x00000000002303b0,sub_2303b0,436,_ZN7subsdk110sub_2303b0Ev!
0x0000000000230570,sub_230570,668,_ZN7subsdk110sub_230570Ev!
0x0000000000230810,sub_230810,404,_ZN7subsdk110sub_230810Ev!
0x00000000002309b0,sub_2309b0,636,_ZN7subsdk110sub_2309b0Ev!
0x0000000000230c30,sub_230c30,1084,_ZN7subsdk110sub_230c30Ev!
0x0000000000231070,sub_231070,1092,_ZN7subsdk110sub_231070Ev!
0x00000000002314c0,sub_2314c0,1064,_ZN7subsdk110sub_2314c0Ev!
0x00000000002318f0,sub_2318f0,580,_ZN7subsdk125sub_2318f0_subsdk1_2318f0Ev!
0x0000000000231b40,sub_231b40,676,_ZN7subsdk125sub_231b40_subsdk1_231b40Ev!
0x0000000000231df0,sub_231df0,508,_ZN7subsdk110sub_231df0Ev!
0x0000000000231ff0,sub_231ff0,644,_ZN7subsdk125sub_231ff0_subsdk1_231ff0Ev!
0x0000000000232280,sub_232280,68,_ZN7subsdk110sub_232280Ev!
0x00000000002322d0,sub_2322d0,124,_ZN7subsdk110sub_2322d0Ev!
0x0000000000232350,sub_232350,208,_ZN7subsdk110sub_232350Ev!
0x0000000000232420,sub_232420,48,_ZN7subsdk110sub_232420Ev!
0x0000000000232450,sub_232450,520,_ZN7subsdk110sub_232450Ev!
0x0000000000232660,sub_232660,396,_ZN7subsdk110sub_232660Ev!
0x00000000002327f0,sub_2327f0,528,_ZN7subsdk110sub_2327f0Ev!
0x0000000000232a00,sub_232a00,1896,_ZN7subsdk110sub_232a00Ev!
0x0000000000233170,sub_233170,12,_ZN7subsdk110sub_233170Ev!
0x0000000000233180,sub_233180,4,_Z16subsdk1_f_233180v
0x0000000000233190,sub_233190,4,_Z16subsdk1_f_233190v
0x00000000002331a0,sub_2331a0,12,_ZN7subsdk110sub_2331a0Ev!
0x00000000002331b0,sub_2331b0,12,_ZN7subsdk125sub_2331b0_subsdk1_2331b0Ev!
0x00000000002331c0,sub_2331c0,12,_ZN7subsdk110sub_2331c0Ev!
0x00000000002331d0,sub_2331d0,12,_ZN7subsdk110sub_2331d0Ev!
0x00000000002331e0,sub_2331e0,12,_ZN7subsdk110sub_2331e0Ev!
0x00000000002331f0,sub_2331f0,3652,_ZN7subsdk110sub_2331f0Ev!
0x0000000000234040,sub_234040,3124,_ZN7subsdk110sub_234040Ev!
0x0000000000234c80,sub_234c80,3876,_ZN7subsdk110sub_234c80Ev!
0x0000000000235bb0,sub_235bb0,5384,_ZN7subsdk110sub_235bb0Ev!
0x00000000002370c0,sub_2370c0,3876,_ZN7subsdk110sub_2370c0Ev!
0x0000000000237ff0,sub_237ff0,3124,_ZN7subsdk110sub_237ff0Ev!
0x0000000000238c30,sub_238c30,3876,_ZN7subsdk110sub_238c30Ev!
0x0000000000239b60,sub_239b60,3124,_ZN7subsdk110sub_239b60Ev!
0x000000000023a7a0,sub_23a7a0,340,_ZN7subsdk110sub_23a7a0Ev!
0x000000000023a900,sub_23a900,384,_ZN7subsdk125sub_23a900_subsdk1_23a900Ev!
0x000000000023aa80,sub_23aa80,360,_ZN7subsdk110sub_23aa80Ev!
0x000000000023abf0,sub_23abf0,348,_ZN7subsdk110sub_23abf0Ev!
0x000000000023ad50,sub_23ad50,324,_ZN7subsdk110sub_23ad50Ev!
0x000000000023aea0,sub_23aea0,516,_ZN7subsdk110sub_23aea0Ev!
0x000000000023b0b0,sub_23b0b0,516,_ZN7subsdk110sub_23b0b0Ev!
0x000000000023b2c0,sub_23b2c0,496,_ZN7subsdk110sub_23b2c0Ev!
0x000000000023b4b0,sub_23b4b0,372,_ZN7subsdk125sub_23b4b0_subsdk1_23b4b0Ev!
0x000000000023b630,sub_23b630,400,_ZN7subsdk125sub_23b630_subsdk1_23b630Ev!
0x000000000023b7c0,sub_23b7c0,544,_ZN7subsdk110sub_23b7c0Ev!
0x000000000023b9e0,sub_23b9e0,320,_ZN7subsdk110sub_23b9e0Ev!
0x000000000023bb20,sub_23bb20,280,_ZN7subsdk110sub_23bb20Ev!
0x000000000023bc40,sub_23bc40,276,_ZN7subsdk110sub_23bc40Ev!
0x000000000023bd60,sub_23bd60,276,_ZN7subsdk110sub_23bd60Ev!
0x000000000023be80,sub_23be80,252,_ZN7subsdk110sub_23be80Ev!
0x000000000023bf80,sub_23bf80,376,_ZN7subsdk110sub_23bf80Ev!
0x000000000023c100,sub_23c100,372,_ZN7subsdk110sub_23c100Ev!
0x000000000023c280,sub_23c280,372,_ZN7subsdk110sub_23c280Ev!
0x000000000023c400,sub_23c400,348,_ZN7subsdk110sub_23c400Ev!
0x000000000023c560,sub_23c560,328,_ZN7subsdk110sub_23c560Ev!
0x000000000023c6b0,sub_23c6b0,324,_ZN7subsdk110sub_23c6b0Ev!
0x000000000023c800,sub_23c800,324,_ZN7subsdk110sub_23c800Ev!
0x000000000023c950,sub_23c950,300,_ZN7subsdk110sub_23c950Ev!
0x000000000023ca80,sub_23ca80,256,_ZN7subsdk110sub_23ca80Ev!
0x000000000023cb80,sub_23cb80,288,_ZN7subsdk110sub_23cb80Ev!
0x000000000023cca0,sub_23cca0,284,_ZN7subsdk125sub_23cca0_subsdk1_23cca0Ev!
0x000000000023cdc0,sub_23cdc0,284,_ZN7subsdk125sub_23cdc0_subsdk1_23cdc0Ev!
0x000000000023cee0,sub_23cee0,260,_ZN7subsdk110sub_23cee0Ev!
0x000000000023cff0,sub_23cff0,272,_ZN7subsdk110sub_23cff0Ev!
0x000000000023d100,sub_23d100,256,_ZN7subsdk110sub_23d100Ev!
0x000000000023d200,sub_23d200,288,_ZN7subsdk110sub_23d200Ev!
0x000000000023d320,sub_23d320,256,_ZN7subsdk125sub_23d320_subsdk1_23d320Ev!
0x000000000023d420,sub_23d420,248,_ZN7subsdk110sub_23d420Ev!
0x000000000023d520,sub_23d520,236,_ZN7subsdk110sub_23d520Ev!
0x000000000023d610,sub_23d610,280,_ZN7subsdk110sub_23d610Ev!
0x000000000023d730,sub_23d730,304,_ZN7subsdk110sub_23d730Ev!
0x000000000023d860,sub_23d860,276,_ZN7subsdk125sub_23d860_subsdk1_23d860Ev!
0x000000000023d980,sub_23d980,284,_ZN7subsdk110sub_23d980Ev!
0x000000000023daa0,sub_23daa0,328,_ZN7subsdk110sub_23daa0Ev!
0x000000000023dbf0,sub_23dbf0,300,_ZN7subsdk110sub_23dbf0Ev!
0x000000000023dd20,sub_23dd20,304,_ZN7subsdk110sub_23dd20Ev!
0x000000000023de50,sub_23de50,256,_ZN7subsdk110sub_23de50Ev!
0x000000000023df50,sub_23df50,344,_ZN7subsdk125sub_23df50_subsdk1_23df50Ev!
0x000000000023e0b0,sub_23e0b0,280,_ZN7subsdk125sub_23e0b0_subsdk1_23e0b0Ev!
0x000000000023e1d0,sub_23e1d0,296,_ZN7subsdk110sub_23e1d0Ev!
0x000000000023e300,sub_23e300,268,_ZN7subsdk110sub_23e300Ev!
0x000000000023e410,sub_23e410,268,_ZN7subsdk110sub_23e410Ev!
0x000000000023e520,sub_23e520,340,_ZN7subsdk110sub_23e520Ev!
0x000000000023e680,sub_23e680,300,_ZN7subsdk125sub_23e680_subsdk1_23e680Ev!
0x000000000023e7b0,sub_23e7b0,280,_ZN7subsdk110sub_23e7b0Ev!
0x000000000023e8d0,sub_23e8d0,328,_ZN7subsdk110sub_23e8d0Ev!
0x000000000023ea20,sub_23ea20,320,_ZN7subsdk110sub_23ea20Ev!
0x000000000023eb60,sub_23eb60,340,_ZN7subsdk110sub_23eb60Ev!
0x000000000023ecc0,sub_23ecc0,320,_ZN7subsdk110sub_23ecc0Ev!
0x000000000023ee00,sub_23ee00,340,_ZN7subsdk110sub_23ee00Ev!
0x000000000023ef60,sub_23ef60,328,_ZN7subsdk110sub_23ef60Ev!
0x000000000023f0b0,sub_23f0b0,280,_ZN7subsdk110sub_23f0b0Ev!
0x000000000023f1d0,sub_23f1d0,240,_ZN7subsdk110sub_23f1d0Ev!
0x000000000023f2c0,sub_23f2c0,280,_ZN7subsdk110sub_23f2c0Ev!
0x000000000023f3e0,sub_23f3e0,396,_ZN7subsdk125sub_23f3e0_subsdk1_23f3e0Ev!
0x000000000023f570,sub_23f570,436,_ZN7subsdk110sub_23f570Ev!
0x000000000023f730,sub_23f730,364,_ZN7subsdk110sub_23f730Ev!
0x000000000023f8a0,sub_23f8a0,416,_ZN7subsdk110sub_23f8a0Ev!
0x000000000023fa40,sub_23fa40,304,_ZN7subsdk110sub_23fa40Ev!
0x000000000023fb70,sub_23fb70,508,_ZN7subsdk110sub_23fb70Ev!
0x000000000023fd70,sub_23fd70,436,_ZN7subsdk110sub_23fd70Ev!
0x000000000023ff30,sub_23ff30,508,_ZN7subsdk110sub_23ff30Ev!
0x0000000000240130,sub_240130,436,_ZN7subsdk125sub_240130_subsdk1_240130Ev!
0x00000000002402f0,sub_2402f0,480,_ZN7subsdk110sub_2402f0Ev!
0x00000000002404d0,sub_2404d0,436,_ZN7subsdk110sub_2404d0Ev!
0x0000000000240690,sub_240690,364,_ZN7subsdk110sub_240690Ev!
0x0000000000240800,sub_240800,412,_ZN7subsdk110sub_240800Ev!
0x00000000002409a0,sub_2409a0,532,_ZN7subsdk125sub_2409a0_subsdk1_2409a0Ev!
0x0000000000240bc0,sub_240bc0,460,_ZN7subsdk110sub_240bc0Ev!
0x0000000000240d90,sub_240d90,508,_ZN7subsdk110sub_240d90Ev!
0x0000000000240f90,sub_240f90,208,_ZN7subsdk110sub_240f90Ev!
0x0000000000241060,sub_241060,304,_ZN7subsdk110sub_241060Ev!
0x0000000000241190,sub_241190,444,_ZN7subsdk110sub_241190Ev!
0x0000000000241350,sub_241350,348,_ZN7subsdk110sub_241350Ev!
0x00000000002414b0,sub_2414b0,416,_ZN7subsdk110sub_2414b0Ev!
0x0000000000241650,sub_241650,420,_ZN7subsdk110sub_241650Ev!
0x0000000000241800,sub_241800,348,_ZN7subsdk110sub_241800Ev!
0x0000000000241960,sub_241960,392,_ZN7subsdk110sub_241960Ev!
0x0000000000241af0,sub_241af0,444,_ZN7subsdk110sub_241af0Ev!
0x0000000000241cb0,sub_241cb0,348,_ZN7subsdk125sub_241cb0_subsdk1_241cb0Ev!
0x0000000000241e10,sub_241e10,416,_ZN7subsdk110sub_241e10Ev!
0x0000000000241fb0,sub_241fb0,420,_ZN7subsdk110sub_241fb0Ev!
0x0000000000242160,sub_242160,348,_ZN7subsdk125sub_242160_subsdk1_242160Ev!
0x00000000002422c0,sub_2422c0,392,_ZN7subsdk110sub_2422c0Ev!
0x0000000000242450,sub_242450,436,_ZN7subsdk110sub_242450Ev!
0x0000000000242610,sub_242610,364,_ZN7subsdk110sub_242610Ev!
0x0000000000242780,sub_242780,408,_ZN7subsdk110sub_242780Ev!
0x0000000000242920,sub_242920,500,_ZN7subsdk110sub_242920Ev!
0x0000000000242b20,sub_242b20,404,_ZN7subsdk110sub_242b20Ev!
0x0000000000242cc0,sub_242cc0,472,_ZN7subsdk110sub_242cc0Ev!
0x0000000000242ea0,sub_242ea0,476,_ZN7subsdk110sub_242ea0Ev!
0x0000000000243080,sub_243080,404,_ZN7subsdk125sub_243080_subsdk1_243080Ev!
0x0000000000243220,sub_243220,448,_ZN7subsdk110sub_243220Ev!
0x00000000002433e0,sub_2433e0,476,_ZN7subsdk125sub_2433e0_subsdk1_2433e0Ev!
0x00000000002435c0,sub_2435c0,404,_ZN7subsdk110sub_2435c0Ev!
0x0000000000243760,sub_243760,448,_ZN7subsdk110sub_243760Ev!
0x0000000000243920,sub_243920,500,_ZN7subsdk125sub_243920_subsdk1_243920Ev!
0x0000000000243b20,sub_243b20,404,_ZN7subsdk110sub_243b20Ev!
0x0000000000243cc0,sub_243cc0,472,_ZN7subsdk125sub_243cc0_subsdk1_243cc0Ev!
0x0000000000243ea0,sub_243ea0,476,_ZN7subsdk110sub_243ea0Ev!
0x0000000000244080,sub_244080,404,_ZN7subsdk110sub_244080Ev!
0x0000000000244220,sub_244220,448,_ZN7subsdk110sub_244220Ev!
0x00000000002443e0,sub_2443e0,476,_ZN7subsdk110sub_2443e0Ev!
0x00000000002445c0,sub_2445c0,404,_ZN7subsdk110sub_2445c0Ev!
0x0000000000244760,sub_244760,448,_ZN7subsdk125sub_244760_subsdk1_244760Ev!
0x0000000000244920,sub_244920,468,_ZN7subsdk110sub_244920Ev!
0x0000000000244b00,sub_244b00,396,_ZN7subsdk110sub_244b00Ev!
0x0000000000244c90,sub_244c90,444,_ZN7subsdk110sub_244c90Ev!
0x0000000000244e50,sub_244e50,408,_ZN7subsdk110sub_244e50Ev!
0x0000000000244ff0,sub_244ff0,336,_ZN7subsdk110sub_244ff0Ev!
0x0000000000245140,sub_245140,380,_ZN7subsdk110sub_245140Ev!
0x00000000002452c0,sub_2452c0,564,_ZN7subsdk110sub_2452c0Ev!
0x0000000000245500,sub_245500,492,_ZN7subsdk110sub_245500Ev!
0x00000000002456f0,sub_2456f0,564,_ZN7subsdk110sub_2456f0Ev!
0x0000000000245930,sub_245930,492,_ZN7subsdk110sub_245930Ev!
0x0000000000245b20,sub_245b20,536,_ZN7subsdk110sub_245b20Ev!
0x0000000000245d40,sub_245d40,388,_ZN7subsdk110sub_245d40Ev!
0x0000000000245ed0,sub_245ed0,340,_ZN7subsdk110sub_245ed0Ev!
0x0000000000246030,sub_246030,356,_ZN7subsdk125sub_246030_subsdk1_246030Ev!
0x00000000002461a0,sub_2461a0,468,_ZN7subsdk125sub_2461a0_subsdk1_2461a0Ev!
0x0000000000246380,sub_246380,396,_ZN7subsdk110sub_246380Ev!
0x0000000000246510,sub_246510,444,_ZN7subsdk110sub_246510Ev!
0x00000000002466d0,sub_2466d0,516,_ZN7subsdk110sub_2466d0Ev!
0x00000000002468e0,sub_2468e0,444,_ZN7subsdk110sub_2468e0Ev!
0x0000000000246aa0,sub_246aa0,492,_ZN7subsdk110sub_246aa0Ev!
0x0000000000246c90,sub_246c90,444,_ZN7subsdk110sub_246c90Ev!
0x0000000000246e50,sub_246e50,348,_ZN7subsdk110sub_246e50Ev!
0x0000000000246fb0,sub_246fb0,416,_ZN7subsdk110sub_246fb0Ev!
0x0000000000247150,sub_247150,420,_ZN7subsdk125sub_247150_subsdk1_247150Ev!
0x0000000000247300,sub_247300,348,_ZN7subsdk110sub_247300Ev!
0x0000000000247460,sub_247460,392,_ZN7subsdk110sub_247460Ev!
0x00000000002475f0,sub_2475f0,420,_ZN7subsdk110sub_2475f0Ev!
0x00000000002477a0,sub_2477a0,348,_ZN7subsdk110sub_2477a0Ev!
0x0000000000247900,sub_247900,392,_ZN7subsdk125sub_247900_subsdk1_247900Ev!
0x0000000000247a90,sub_247a90,468,_ZN7subsdk110sub_247a90Ev!
0x0000000000247c70,sub_247c70,396,_ZN7subsdk110sub_247c70Ev!
0x0000000000247e00,sub_247e00,444,_ZN7subsdk110sub_247e00Ev!
0x0000000000247fc0,sub_247fc0,540,_ZN7subsdk125sub_247fc0_subsdk1_247fc0Ev!
0x00000000002481e0,sub_2481e0,468,_ZN7subsdk110sub_2481e0Ev!
0x00000000002483c0,sub_2483c0,516,_ZN7subsdk110sub_2483c0Ev!
0x00000000002485d0,sub_2485d0,516,_ZN7subsdk125sub_2485d0_subsdk1_2485d0Ev!
0x00000000002487e0,sub_2487e0,444,_ZN7subsdk110sub_2487e0Ev!
0x00000000002489a0,sub_2489a0,492,_ZN7subsdk110sub_2489a0Ev!
0x0000000000248b90,sub_248b90,368,_ZN7subsdk125sub_248b90_subsdk1_248b90Ev!
0x0000000000248d00,sub_248d00,244,_ZN7subsdk110sub_248d00Ev!
0x0000000000248e00,sub_248e00,532,_ZN7subsdk110sub_248e00Ev!
0x0000000000249020,sub_249020,456,_ZN7subsdk125sub_249020_subsdk1_249020Ev!
0x00000000002491f0,sub_2491f0,508,_ZN7subsdk110sub_2491f0Ev!
0x00000000002493f0,sub_2493f0,652,_ZN7subsdk110sub_2493f0Ev!
0x0000000000249680,sub_249680,576,_ZN7subsdk125sub_249680_subsdk1_249680Ev!
0x00000000002498c0,sub_2498c0,652,_ZN7subsdk110sub_2498c0Ev!
0x0000000000249b50,sub_249b50,576,_ZN7subsdk125sub_249b50_subsdk1_249b50Ev!
0x0000000000249d90,sub_249d90,624,_ZN7subsdk125sub_249d90_subsdk1_249d90Ev!
0x000000000024a000,sub_24a000,528,_ZN7subsdk110sub_24a000Ev!
0x000000000024a210,sub_24a210,556,_ZN7subsdk125sub_24a210_subsdk1_24a210Ev!
0x000000000024a440,sub_24a440,480,_ZN7subsdk125sub_24a440_subsdk1_24a440Ev!
0x000000000024a620,sub_24a620,532,_ZN7subsdk125sub_24a620_subsdk1_24a620Ev!
0x000000000024a840,sub_24a840,604,_ZN7subsdk125sub_24a840_subsdk1_24a840Ev!
0x000000000024aaa0,sub_24aaa0,528,_ZN7subsdk110sub_24aaa0Ev!
0x000000000024acb0,sub_24acb0,580,_ZN7subsdk110sub_24acb0Ev!
0x000000000024af00,sub_24af00,628,_ZN7subsdk110sub_24af00Ev!
0x000000000024b180,sub_24b180,552,_ZN7subsdk110sub_24b180Ev!
0x000000000024b3b0,sub_24b3b0,604,_ZN7subsdk110sub_24b3b0Ev!
0x000000000024b610,sub_24b610,416,_ZN7subsdk110sub_24b610Ev!
0x000000000024b7b0,sub_24b7b0,388,_ZN7subsdk110sub_24b7b0Ev!
0x000000000024b940,sub_24b940,392,_ZN7subsdk110sub_24b940Ev!
0x000000000024bad0,sub_24bad0,364,_ZN7subsdk110sub_24bad0Ev!
0x000000000024bc40,sub_24bc40,392,_ZN7subsdk110sub_24bc40Ev!
0x000000000024bdd0,sub_24bdd0,364,_ZN7subsdk110sub_24bdd0Ev!
0x000000000024bf40,sub_24bf40,416,_ZN7subsdk110sub_24bf40Ev!
0x000000000024c0e0,sub_24c0e0,388,_ZN7subsdk110sub_24c0e0Ev!
0x000000000024c270,sub_24c270,408,_ZN7subsdk125sub_24c270_subsdk1_24c270Ev!
0x000000000024c410,sub_24c410,380,_ZN7subsdk125sub_24c410_subsdk1_24c410Ev!
0x000000000024c590,sub_24c590,384,_ZN7subsdk110sub_24c590Ev!
0x000000000024c710,sub_24c710,356,_ZN7subsdk110sub_24c710Ev!
0x000000000024c880,sub_24c880,384,_ZN7subsdk110sub_24c880Ev!
0x000000000024ca00,sub_24ca00,356,_ZN7subsdk110sub_24ca00Ev!
0x000000000024cb70,sub_24cb70,408,_ZN7subsdk125sub_24cb70_subsdk1_24cb70Ev!
0x000000000024cd10,sub_24cd10,380,_ZN7subsdk110sub_24cd10Ev!
0x000000000024ce90,sub_24ce90,340,_ZN7subsdk110sub_24ce90Ev!
0x000000000024cff0,sub_24cff0,340,_ZN7subsdk125sub_24cff0_subsdk1_24cff0Ev!
0x000000000024d150,sub_24d150,324,_ZN7subsdk110sub_24d150Ev!
0x000000000024d2a0,sub_24d2a0,324,_ZN7subsdk110sub_24d2a0Ev!
0x000000000024d3f0,sub_24d3f0,348,_ZN7subsdk110sub_24d3f0Ev!
0x000000000024d550,sub_24d550,348,_ZN7subsdk125sub_24d550_subsdk1_24d550Ev!
0x000000000024d6b0,sub_24d6b0,332,_ZN7subsdk125sub_24d6b0_subsdk1_24d6b0Ev!
0x000000000024d800,sub_24d800,332,_ZN7subsdk110sub_24d800Ev!
0x000000000024d950,sub_24d950,372,_ZN7subsdk110sub_24d950Ev!
0x000000000024dad0,sub_24dad0,344,_ZN7subsdk110sub_24dad0Ev!
0x000000000024dc30,sub_24dc30,348,_ZN7subsdk110sub_24dc30Ev!
0x000000000024dd90,sub_24dd90,304,_ZN7subsdk125sub_24dd90_subsdk1_24dd90Ev!
0x000000000024dec0,sub_24dec0,276,_ZN7subsdk110sub_24dec0Ev!
0x000000000024dfe0,sub_24dfe0,280,_ZN7subsdk110sub_24dfe0Ev!
0x000000000024e100,sub_24e100,280,_ZN7subsdk125sub_24e100_subsdk1_24e100Ev!
0x000000000024e220,sub_24e220,252,_ZN7subsdk110sub_24e220Ev!
0x000000000024e320,sub_24e320,256,_ZN7subsdk125sub_24e320_subsdk1_24e320Ev!
0x000000000024e420,sub_24e420,552,_ZN7subsdk110sub_24e420Ev!
0x000000000024e650,sub_24e650,504,_ZN7subsdk110sub_24e650Ev!
0x000000000024e850,sub_24e850,528,_ZN7subsdk110sub_24e850Ev!
0x000000000024ea60,sub_24ea60,504,_ZN7subsdk110sub_24ea60Ev!
0x000000000024ec60,sub_24ec60,456,_ZN7subsdk110sub_24ec60Ev!
0x000000000024ee30,sub_24ee30,480,_ZN7subsdk110sub_24ee30Ev!
0x000000000024f010,sub_24f010,252,_ZN7subsdk110sub_24f010Ev!
0x000000000024f110,sub_24f110,396,_ZN7subsdk125sub_24f110_subsdk1_24f110Ev!
0x000000000024f2a0,sub_24f2a0,372,_ZN7subsdk125sub_24f2a0_subsdk1_24f2a0Ev!
0x000000000024f420,sub_24f420,396,_ZN7subsdk110sub_24f420Ev!
0x000000000024f5b0,sub_24f5b0,372,_ZN7subsdk110sub_24f5b0Ev!
0x000000000024f730,sub_24f730,432,_ZN7subsdk110sub_24f730Ev!
0x000000000024f8e0,sub_24f8e0,404,_ZN7subsdk110sub_24f8e0Ev!
0x000000000024fa80,sub_24fa80,428,_ZN7subsdk110sub_24fa80Ev!
0x000000000024fc30,sub_24fc30,404,_ZN7subsdk110sub_24fc30Ev!
0x000000000024fdd0,sub_24fdd0,464,_ZN7subsdk110sub_24fdd0Ev!
0x000000000024ffa0,sub_24ffa0,436,_ZN7subsdk110sub_24ffa0Ev!
0x0000000000250160,sub_250160,460,_ZN7subsdk110sub_250160Ev!
0x0000000000250330,sub_250330,436,_ZN7subsdk110sub_250330Ev!
0x00000000002504f0,sub_2504f0,424,_ZN7subsdk125sub_2504f0_subsdk1_2504f0Ev!
0x00000000002506a0,sub_2506a0,396,_ZN7subsdk125sub_2506a0_subsdk1_2506a0Ev!
0x0000000000250830,sub_250830,420,_ZN7subsdk110sub_250830Ev!
0x00000000002509e0,sub_2509e0,372,_ZN7subsdk110sub_2509e0Ev!
0x0000000000250b60,sub_250b60,396,_ZN7subsdk110sub_250b60Ev!
0x0000000000250cf0,sub_250cf0,432,_ZN7subsdk110sub_250cf0Ev!
0x0000000000250ea0,sub_250ea0,404,_ZN7subsdk110sub_250ea0Ev!
0x0000000000251040,sub_251040,428,_ZN7subsdk110sub_251040Ev!
0x00000000002511f0,sub_2511f0,404,_ZN7subsdk110sub_2511f0Ev!
0x0000000000251390,sub_251390,464,_ZN7subsdk110sub_251390Ev!
0x0000000000251560,sub_251560,436,_ZN7subsdk110sub_251560Ev!
0x0000000000251720,sub_251720,460,_ZN7subsdk110sub_251720Ev!
0x00000000002518f0,sub_2518f0,436,_ZN7subsdk110sub_2518f0Ev!
0x0000000000251ab0,sub_251ab0,456,_ZN7subsdk125sub_251ab0_subsdk1_251ab0Ev!
0x0000000000251c80,sub_251c80,428,_ZN7subsdk125sub_251c80_subsdk1_251c80Ev!
0x0000000000251e30,sub_251e30,452,_ZN7subsdk125sub_251e30_subsdk1_251e30Ev!
0x0000000000252000,sub_252000,404,_ZN7subsdk125sub_252000_subsdk1_252000Ev!
0x00000000002521a0,sub_2521a0,428,_ZN7subsdk125sub_2521a0_subsdk1_2521a0Ev!
0x0000000000252350,sub_252350,460,_ZN7subsdk110sub_252350Ev!
0x0000000000252520,sub_252520,376,_ZN7subsdk110sub_252520Ev!
0x00000000002526a0,sub_2526a0,348,_ZN7subsdk110sub_2526a0Ev!
0x0000000000252800,sub_252800,352,_ZN7subsdk110sub_252800Ev!
0x0000000000252960,sub_252960,356,_ZN7subsdk110sub_252960Ev!
0x0000000000252ad0,sub_252ad0,360,_ZN7subsdk110sub_252ad0Ev!
0x0000000000252c40,sub_252c40,364,_ZN7subsdk110sub_252c40Ev!
0x0000000000252db0,sub_252db0,520,_ZN7subsdk110sub_252db0Ev!
0x0000000000252fc0,sub_252fc0,492,_ZN7subsdk110sub_252fc0Ev!
0x00000000002531b0,sub_2531b0,496,_ZN7subsdk110sub_2531b0Ev!
0x00000000002533a0,sub_2533a0,340,_ZN7subsdk110sub_2533a0Ev!
0x0000000000253500,sub_253500,256,_ZN7subsdk110sub_253500Ev!
0x0000000000253600,sub_253600,432,_ZN7subsdk110sub_253600Ev!
0x00000000002537b0,sub_2537b0,364,_ZN7subsdk110sub_2537b0Ev!
0x0000000000253920,sub_253920,456,_ZN7subsdk110sub_253920Ev!
0x0000000000253af0,sub_253af0,336,_ZN7subsdk110sub_253af0Ev!
0x0000000000253c40,sub_253c40,312,_ZN7subsdk125sub_253c40_subsdk1_253c40Ev!
0x0000000000253d80,sub_253d80,468,_ZN7subsdk110sub_253d80Ev!
0x0000000000253f60,sub_253f60,420,_ZN7subsdk110sub_253f60Ev!
0x0000000000254110,sub_254110,420,_ZN7subsdk110sub_254110Ev!
0x00000000002542c0,sub_2542c0,440,_ZN7subsdk110sub_2542c0Ev!
0x0000000000254480,sub_254480,476,_ZN7subsdk110sub_254480Ev!
0x0000000000254660,sub_254660,428,_ZN7subsdk125sub_254660_subsdk1_254660Ev!
0x0000000000254810,sub_254810,452,_ZN7subsdk125sub_254810_subsdk1_254810Ev!
0x00000000002549e0,sub_2549e0,508,_ZN7subsdk110sub_2549e0Ev!
0x0000000000254be0,sub_254be0,460,_ZN7subsdk125sub_254be0_subsdk1_254be0Ev!
0x0000000000254db0,sub_254db0,484,_ZN7subsdk110sub_254db0Ev!
0x0000000000254fa0,sub_254fa0,500,_ZN7subsdk110sub_254fa0Ev!
0x00000000002551a0,sub_2551a0,452,_ZN7subsdk110sub_2551a0Ev!
0x0000000000255370,sub_255370,452,_ZN7subsdk110sub_255370Ev!
0x0000000000255540,sub_255540,472,_ZN7subsdk125sub_255540_subsdk1_255540Ev!
0x0000000000255720,sub_255720,444,_ZN7subsdk110sub_255720Ev!
0x00000000002558e0,sub_2558e0,396,_ZN7subsdk110sub_2558e0Ev!
0x0000000000255a70,sub_255a70,420,_ZN7subsdk125sub_255a70_subsdk1_255a70Ev!
0x0000000000255c20,sub_255c20,476,_ZN7subsdk110sub_255c20Ev!
0x0000000000255e00,sub_255e00,428,_ZN7subsdk110sub_255e00Ev!
0x0000000000255fb0,sub_255fb0,452,_ZN7subsdk110sub_255fb0Ev!
0x0000000000256180,sub_256180,232,_ZN7subsdk110sub_256180Ev!
0x0000000000256270,sub_256270,444,_ZN7subsdk110sub_256270Ev!
0x0000000000256430,sub_256430,416,_ZN7subsdk110sub_256430Ev!
0x00000000002565d0,sub_2565d0,420,_ZN7subsdk110sub_2565d0Ev!
0x0000000000256780,sub_256780,340,_ZN7subsdk110sub_256780Ev!
0x00000000002568e0,sub_2568e0,288,_ZN7subsdk110sub_2568e0Ev!
0x0000000000256a00,sub_256a00,304,_ZN7subsdk110sub_256a00Ev!
0x0000000000256b30,sub_256b30,276,_ZN7subsdk110sub_256b30Ev!
0x0000000000256c50,sub_256c50,280,_ZN7subsdk125sub_256c50_subsdk1_256c50Ev!
0x0000000000256d70,sub_256d70,364,_ZN7subsdk110sub_256d70Ev!
0x0000000000256ee0,sub_256ee0,292,_ZN7subsdk110sub_256ee0Ev!
0x0000000000257010,sub_257010,336,_ZN7subsdk110sub_257010Ev!
0x0000000000257160,sub_257160,352,_ZN7subsdk110sub_257160Ev!
0x00000000002572c0,sub_2572c0,324,_ZN7subsdk125sub_2572c0_subsdk1_2572c0Ev!
0x0000000000257410,sub_257410,324,_ZN7subsdk110sub_257410Ev!
0x0000000000257560,sub_257560,336,_ZN7subsdk110sub_257560Ev!
0x00000000002576b0,sub_2576b0,308,_ZN7subsdk110sub_2576b0Ev!
0x00000000002577f0,sub_2577f0,308,_ZN7subsdk110sub_2577f0Ev!
0x0000000000257930,sub_257930,208,_ZN7subsdk110sub_257930Ev!
0x0000000000257a00,sub_257a00,304,_ZN7subsdk110sub_257a00Ev!
0x0000000000257b30,sub_257b30,312,_ZN7subsdk110sub_257b30Ev!
0x0000000000257c70,sub_257c70,312,_ZN7subsdk110sub_257c70Ev!
0x0000000000257db0,sub_257db0,268,_ZN7subsdk110sub_257db0Ev!
0x0000000000257ec0,sub_257ec0,300,_ZN7subsdk125sub_257ec0_subsdk1_257ec0Ev!
0x0000000000257ff0,sub_257ff0,296,_ZN7subsdk110sub_257ff0Ev!
0x0000000000258120,sub_258120,472,_ZN7subsdk110sub_258120Ev!
0x0000000000258300,sub_258300,448,_ZN7subsdk125sub_258300_subsdk1_258300Ev!
0x00000000002584c0,sub_2584c0,424,_ZN7subsdk110sub_2584c0Ev!
0x0000000000258670,sub_258670,424,_ZN7subsdk125sub_258670_subsdk1_258670Ev!
0x0000000000258820,sub_258820,400,_ZN7subsdk110sub_258820Ev!
0x00000000002589b0,sub_2589b0,396,_ZN7subsdk110sub_2589b0Ev!
0x0000000000258b40,sub_258b40,372,_ZN7subsdk125sub_258b40_subsdk1_258b40Ev!
0x0000000000258cc0,sub_258cc0,276,_ZN7subsdk125sub_258cc0_subsdk1_258cc0Ev!
0x0000000000258de0,sub_258de0,316,_ZN7subsdk110sub_258de0Ev!
0x0000000000258f20,sub_258f20,268,_ZN7subsdk125sub_258f20_subsdk1_258f20Ev!
0x0000000000259030,sub_259030,288,_ZN7subsdk125sub_259030_subsdk1_259030Ev!
0x0000000000259150,sub_259150,352,_ZN7subsdk110sub_259150Ev!
0x00000000002592b0,sub_2592b0,324,_ZN7subsdk110sub_2592b0Ev!
0x0000000000259400,sub_259400,352,_ZN7subsdk125sub_259400_subsdk1_259400Ev!
0x0000000000259560,sub_259560,324,_ZN7subsdk110sub_259560Ev!
0x00000000002596b0,sub_2596b0,324,_ZN7subsdk110sub_2596b0Ev!
0x0000000000259800,sub_259800,360,_ZN7subsdk110sub_259800Ev!
0x0000000000259970,sub_259970,284,_ZN7subsdk110sub_259970Ev!
0x0000000000259a90,sub_259a90,276,_ZN7subsdk110sub_259a90Ev!
0x0000000000259bb0,sub_259bb0,444,_ZN7subsdk110sub_259bb0Ev!
0x0000000000259d70,sub_259d70,364,_ZN7subsdk125sub_259d70_subsdk1_259d70Ev!
0x0000000000259ee0,sub_259ee0,272,_ZN7subsdk110sub_259ee0Ev!
0x0000000000259ff0,sub_259ff0,352,_ZN7subsdk110sub_259ff0Ev!
0x000000000025a150,sub_25a150,324,_ZN7subsdk125sub_25a150_subsdk1_25a150Ev!
0x000000000025a2a0,sub_25a2a0,328,_ZN7subsdk125sub_25a2a0_subsdk1_25a2a0Ev!
0x000000000025a3f0,sub_25a3f0,268,_ZN7subsdk110sub_25a3f0Ev!
0x000000000025a500,sub_25a500,236,_ZN7subsdk125sub_25a500_subsdk1_25a500Ev!
0x000000000025a5f0,sub_25a5f0,352,_ZN7subsdk110sub_25a5f0Ev!
0x000000000025a750,sub_25a750,324,_ZN7subsdk110sub_25a750Ev!
0x000000000025a8a0,sub_25a8a0,328,_ZN7subsdk125sub_25a8a0_subsdk1_25a8a0Ev!
0x000000000025a9f0,sub_25a9f0,364,_ZN7subsdk110sub_25a9f0Ev!
0x000000000025ab60,sub_25ab60,360,_ZN7subsdk110sub_25ab60Ev!
0x000000000025acd0,sub_25acd0,360,_ZN7subsdk110sub_25acd0Ev!
0x000000000025ae40,sub_25ae40,356,_ZN7subsdk110sub_25ae40Ev!
0x000000000025afb0,sub_25afb0,424,_ZN7subsdk125sub_25afb0_subsdk1_25afb0Ev!
0x000000000025b160,sub_25b160,396,_ZN7subsdk110sub_25b160Ev!
0x000000000025b2f0,sub_25b2f0,424,_ZN7subsdk125sub_25b2f0_subsdk1_25b2f0Ev!
0x000000000025b4a0,sub_25b4a0,396,_ZN7subsdk110sub_25b4a0Ev!
0x000000000025b630,sub_25b630,396,_ZN7subsdk110sub_25b630Ev!
0x000000000025b7c0,sub_25b7c0,420,_ZN7subsdk125sub_25b7c0_subsdk1_25b7c0Ev!
0x000000000025b970,sub_25b970,420,_ZN7subsdk110sub_25b970Ev!
0x000000000025bb20,sub_25bb20,324,_ZN7subsdk110sub_25bb20Ev!
0x000000000025bc70,sub_25bc70,300,_ZN7subsdk110sub_25bc70Ev!
0x000000000025bda0,sub_25bda0,548,_ZN7subsdk125sub_25bda0_subsdk1_25bda0Ev!
0x000000000025bfd0,sub_25bfd0,520,_ZN7subsdk110sub_25bfd0Ev!
0x000000000025c1e0,sub_25c1e0,572,_ZN7subsdk110sub_25c1e0Ev!
0x000000000025c420,sub_25c420,572,_ZN7subsdk110sub_25c420Ev!
0x000000000025c660,sub_25c660,544,_ZN7subsdk110sub_25c660Ev!
0x000000000025c880,sub_25c880,596,_ZN7subsdk110sub_25c880Ev!
0x000000000025cae0,sub_25cae0,528,_ZN7subsdk110sub_25cae0Ev!
0x000000000025ccf0,sub_25ccf0,500,_ZN7subsdk110sub_25ccf0Ev!
0x000000000025cef0,sub_25cef0,552,_ZN7subsdk110sub_25cef0Ev!
0x000000000025d120,sub_25d120,504,_ZN7subsdk110sub_25d120Ev!
0x000000000025d320,sub_25d320,476,_ZN7subsdk110sub_25d320Ev!
0x000000000025d500,sub_25d500,528,_ZN7subsdk110sub_25d500Ev!
0x000000000025d710,sub_25d710,516,_ZN7subsdk125sub_25d710_subsdk1_25d710Ev!
0x000000000025d920,sub_25d920,488,_ZN7subsdk110sub_25d920Ev!
0x000000000025db10,sub_25db10,540,_ZN7subsdk125sub_25db10_subsdk1_25db10Ev!
0x000000000025dd30,sub_25dd30,492,_ZN7subsdk110sub_25dd30Ev!
0x000000000025df20,sub_25df20,464,_ZN7subsdk125sub_25df20_subsdk1_25df20Ev!
0x000000000025e0f0,sub_25e0f0,516,_ZN7subsdk110sub_25e0f0Ev!
0x000000000025e300,sub_25e300,468,_ZN7subsdk110sub_25e300Ev!
0x000000000025e4e0,sub_25e4e0,440,_ZN7subsdk110sub_25e4e0Ev!
0x000000000025e6a0,sub_25e6a0,492,_ZN7subsdk125sub_25e6a0_subsdk1_25e6a0Ev!
0x000000000025e890,sub_25e890,592,_ZN7subsdk125sub_25e890_subsdk1_25e890Ev!
0x000000000025eae0,sub_25eae0,608,_ZN7subsdk125sub_25eae0_subsdk1_25eae0Ev!
0x000000000025ed40,sub_25ed40,560,_ZN7subsdk125sub_25ed40_subsdk1_25ed40Ev!
0x000000000025ef70,sub_25ef70,632,_ZN7subsdk110sub_25ef70Ev!
0x000000000025f1f0,sub_25f1f0,608,_ZN7subsdk110sub_25f1f0Ev!
0x000000000025f450,sub_25f450,624,_ZN7subsdk110sub_25f450Ev!
0x000000000025f6c0,sub_25f6c0,576,_ZN7subsdk110sub_25f6c0Ev!
0x000000000025f900,sub_25f900,648,_ZN7subsdk125sub_25f900_subsdk1_25f900Ev!
0x000000000025fb90,sub_25fb90,592,_ZN7subsdk110sub_25fb90Ev!
0x000000000025fde0,sub_25fde0,568,_ZN7subsdk110sub_25fde0Ev!
0x0000000000260020,sub_260020,584,_ZN7subsdk110sub_260020Ev!
0x0000000000260270,sub_260270,536,_ZN7subsdk110sub_260270Ev!
0x0000000000260490,sub_260490,608,_ZN7subsdk110sub_260490Ev!
0x00000000002606f0,sub_2606f0,584,_ZN7subsdk110sub_2606f0Ev!
0x0000000000260940,sub_260940,600,_ZN7subsdk110sub_260940Ev!
0x0000000000260ba0,sub_260ba0,552,_ZN7subsdk110sub_260ba0Ev!
0x0000000000260dd0,sub_260dd0,624,_ZN7subsdk110sub_260dd0Ev!
0x0000000000261040,sub_261040,608,_ZN7subsdk110sub_261040Ev!
0x00000000002612a0,sub_2612a0,560,_ZN7subsdk110sub_2612a0Ev!
0x00000000002614d0,sub_2614d0,632,_ZN7subsdk110sub_2614d0Ev!
0x0000000000261750,sub_261750,608,_ZN7subsdk125sub_261750_subsdk1_261750Ev!
0x00000000002619b0,sub_2619b0,624,_ZN7subsdk110sub_2619b0Ev!
0x0000000000261c20,sub_261c20,576,_ZN7subsdk110sub_261c20Ev!
0x0000000000261e60,sub_261e60,648,_ZN7subsdk110sub_261e60Ev!
0x00000000002620f0,sub_2620f0,448,_ZN7subsdk110sub_2620f0Ev!
0x00000000002622b0,sub_2622b0,464,_ZN7subsdk110sub_2622b0Ev!
0x0000000000262480,sub_262480,416,_ZN7subsdk110sub_262480Ev!
0x0000000000262620,sub_262620,488,_ZN7subsdk110sub_262620Ev!
0x0000000000262810,sub_262810,544,_ZN7subsdk125sub_262810_subsdk1_262810Ev!
0x0000000000262a30,sub_262a30,560,_ZN7subsdk110sub_262a30Ev!
0x0000000000262c60,sub_262c60,512,_ZN7subsdk110sub_262c60Ev!
0x0000000000262e60,sub_262e60,584,_ZN7subsdk110sub_262e60Ev!
0x00000000002630b0,sub_2630b0,404,_ZN7subsdk110sub_2630b0Ev!
0x0000000000263250,sub_263250,420,_ZN7subsdk110sub_263250Ev!
0x0000000000263400,sub_263400,372,_ZN7subsdk110sub_263400Ev!
0x0000000000263580,sub_263580,444,_ZN7subsdk110sub_263580Ev!
0x0000000000263740,sub_263740,376,_ZN7subsdk110sub_263740Ev!
0x00000000002638c0,sub_2638c0,348,_ZN7subsdk110sub_2638c0Ev!
0x0000000000263a20,sub_263a20,376,_ZN7subsdk110sub_263a20Ev!
0x0000000000263ba0,sub_263ba0,348,_ZN7subsdk110sub_263ba0Ev!
0x0000000000263d00,sub_263d00,348,_ZN7subsdk110sub_263d00Ev!
0x0000000000263e60,sub_263e60,328,_ZN7subsdk110sub_263e60Ev!
0x0000000000263fb0,sub_263fb0,304,_ZN7subsdk110sub_263fb0Ev!
0x00000000002640e0,sub_2640e0,276,_ZN7subsdk110sub_2640e0Ev!
0x0000000000264200,sub_264200,276,_ZN7subsdk110sub_264200Ev!
0x0000000000264320,sub_264320,256,_ZN7subsdk110sub_264320Ev!
0x0000000000264420,sub_264420,300,_ZN7subsdk110sub_264420Ev!
0x0000000000264550,sub_264550,196,_ZN7subsdk110sub_264550Ev!
0x0000000000264620,sub_264620,244,_ZN7subsdk110sub_264620Ev!
0x0000000000264720,sub_264720,28,_ZN7subsdk110sub_264720Ev!
0x0000000000264740,sub_264740,48,_ZN7subsdk110sub_264740Ev!
0x0000000000264770,constant_d,396,_ZN7subsdk110constant_dEv!
0x0000000000264900,sub_264900,188,_ZN7subsdk110sub_264900Ev!
0x00000000002649c0,sub_2649c0,212,_ZN7subsdk110sub_2649c0Ev!
0x0000000000264aa0,sub_264aa0,132,_ZN7subsdk110sub_264aa0Ev!
0x0000000000264b30,sub_264b30,308,_ZN7subsdk110sub_264b30Ev!
0x0000000000264c70,sub_264c70,132,_ZN7subsdk110sub_264c70Ev!
0x0000000000264d00,sub_264d00,308,_ZN7subsdk110sub_264d00Ev!
0x0000000000264e40,sub_264e40,308,_ZN7subsdk110sub_264e40Ev!
0x0000000000264f80,sub_264f80,52,_ZN7subsdk110sub_264f80Ev!
0x0000000000264fc0,sub_264fc0,4,_Z16subsdk1_f_264fc0v
0x0000000000264fd0,sub_264fd0,1956,_ZN7subsdk110sub_264fd0Ev!
0x0000000000265780,sub_265780,8,_Z16subsdk1_f_265780Pv
0x0000000000265790,sub_265790,372,_ZN7subsdk110sub_265790Ev!
0x0000000000265910,thisTableArr,12916,_ZN7subsdk112thisTableArrEv!
0x0000000000268b90,sub_268b90,580,_ZN7subsdk110sub_268b90Ev!
0x0000000000268de0,vp40_optx,8584,_ZN7subsdk19vp40_optxEv!
0x000000000026af70,sample_off,23984,_ZN7subsdk110sample_offEv!
0x0000000000270d20,sub_270d20,924,_ZN7subsdk110sub_270d20Ev!
0x00000000002710c0,sub_2710c0,1500,_ZN7subsdk110sub_2710c0Ev!
0x00000000002716a0,sub_2716a0,860,_ZN7subsdk110sub_2716a0Ev!
0x0000000000271a00,sub_271a00,16,_ZN7subsdk110sub_271a00Ev!
0x0000000000271a10,sub_271a10,4,_Z16subsdk1_f_271a10v
0x0000000000271a20,sub_271a20,4,_Z16subsdk1_f_271a20v
0x0000000000271a30,sub_271a30,4,_Z16subsdk1_f_271a30v
0x0000000000271a40,sub_271a40,8,_Z16subsdk1_f_271a40v
0x0000000000271a50,sub_271a50,8,_Z16subsdk1_f_271a50v
0x0000000000271a60,sub_271a60,8,_Z16subsdk1_f_271a60v
0x0000000000271a70,sub_271a70,4,_Z16subsdk1_f_271a70v
0x0000000000271a80,sub_271a80,4,_Z16subsdk1_f_271a80v
0x0000000000271a90,sub_271a90,8,_Z16subsdk1_f_271a90v
0x0000000000271aa0,sub_271aa0,4,_Z16subsdk1_f_271aa0v
0x0000000000271ab0,sub_271ab0,4,_Z16subsdk1_f_271ab0v
0x0000000000271ac0,sub_271ac0,4,_Z16subsdk1_f_271ac0v
0x0000000000271ad0,sub_271ad0,20,_ZN7subsdk110sub_271ad0Ev!
0x0000000000271af0,sub_271af0,4,_Z16subsdk1_f_271af0v
0x0000000000271b00,sub_271b00,4,_Z16subsdk1_f_271b00v
0x0000000000271b10,sub_271b10,4,_Z16subsdk1_f_271b10v
0x0000000000271b20,bb_controlflow_2,168,_ZN7subsdk116bb_controlflow_2Ev!
0x0000000000271bd0,sub_271bd0,5888,_ZN7subsdk110sub_271bd0Ev!
0x00000000002732d0,sub_2732d0,248,_ZN7subsdk110sub_2732d0Ev!
0x00000000002733d0,sub_2733d0,344,_ZN7subsdk110sub_2733d0Ev!
0x0000000000273530,sub_273530,580,_ZN7subsdk110sub_273530Ev!
0x0000000000273780,sub_273780,1668,_ZN7subsdk125sub_273780_subsdk1_273780Ev!
0x0000000000273e10,sub_273e10,788,_ZN7subsdk110sub_273e10Ev!
0x0000000000274130,sub_274130,5192,_ZN7subsdk110sub_274130Ev!
0x0000000000275580,sub_275580,388,_ZN7subsdk110sub_275580Ev!
0x0000000000275710,sub_275710,456,_ZN7subsdk110sub_275710Ev!
0x00000000002758e0,sub_2758e0,812,_ZN7subsdk110sub_2758e0Ev!
0x0000000000275c10,sub_275c10,332,_ZN7subsdk110sub_275c10Ev!
0x0000000000275d60,SparsePredicateSym,368,_ZN7subsdk118SparsePredicateSymEv!
0x0000000000275ed0,sub_275ed0,940,_ZN7subsdk110sub_275ed0Ev!
0x0000000000276280,sub_276280,788,_ZN7subsdk110sub_276280Ev!
0x00000000002765a0,sub_2765a0,832,_ZN7subsdk125sub_2765a0_subsdk1_2765a0Ev!
0x00000000002768e0,sub_2768e0,884,_ZN7subsdk110sub_2768e0Ev!
0x0000000000276c60,sub_276c60,1508,_ZN7subsdk125sub_276c60_subsdk1_276c60Ev!
0x0000000000277250,AddrStack,532,_ZN7subsdk19AddrStackEv!
0x0000000000277470,sub_277470,332,_ZN7subsdk110sub_277470Ev!
0x00000000002775c0,sub_2775c0,312,_ZN7subsdk125sub_2775c0_subsdk1_2775c0Ev!
0x0000000000277700,sub_277700,580,_ZN7subsdk110sub_277700Ev!
0x0000000000277950,sub_277950,532,_ZN7subsdk110sub_277950Ev!
0x0000000000277b70,o_COV,1220,_ZN7subsdk15o_COVEv!
0x0000000000278040,sub_278040,468,_ZN7subsdk110sub_278040Ev!
0x0000000000278220,sub_278220,208,_ZN7subsdk110sub_278220Ev!
0x00000000002782f0,sub_2782f0,332,_ZN7subsdk110sub_2782f0Ev!
0x0000000000278440,sub_278440,28,_ZN7subsdk110sub_278440Ev!
0x0000000000278460,sub_278460,1100,_ZN7subsdk110sub_278460Ev!
0x00000000002788b0,sub_2788b0,300,_ZN7subsdk110sub_2788b0Ev!
0x00000000002789e0,sub_2789e0,1064,_ZN7subsdk110sub_2789e0Ev!
0x0000000000278e10,sub_278e10,412,_ZN7subsdk110sub_278e10Ev!
0x0000000000278fb0,sub_278fb0,280,_ZN7subsdk110sub_278fb0Ev!
0x00000000002790d0,sub_2790d0,844,_ZN7subsdk110sub_2790d0Ev!
0x0000000000279420,sub_279420,216,_ZN7subsdk110sub_279420Ev!
0x0000000000279500,sub_279500,1380,_ZN7subsdk125sub_279500_subsdk1_279500Ev!
0x0000000000279a70,surf_d,332,_ZN7subsdk16surf_dEv!
0x0000000000279bc0,sub_279bc0,616,_ZN7subsdk110sub_279bc0Ev!
0x0000000000279e30,GMEM_d,772,_ZN7subsdk16GMEM_dEv!
0x000000000027a140,sub_27a140,68,_ZN7subsdk110sub_27a140Ev!
0x000000000027a190,sub_27a190,672,_ZN7subsdk110sub_27a190Ev!
0x000000000027a430,sub_27a430,12,_Z16subsdk1_f_27a430Pv
0x000000000027a440,sub_27a440,40,_ZN7subsdk110sub_27a440Ev!
0x000000000027a470,sub_27a470,40,_ZN7subsdk110sub_27a470Ev!
0x000000000027a4a0,sub_27a4a0,32,_ZN7subsdk110sub_27a4a0Ev!
0x000000000027a4c0,sub_27a4c0,60,_ZN7subsdk110sub_27a4c0Ev!
0x000000000027a500,sub_27a500,356,_ZN7subsdk110sub_27a500Ev!
0x000000000027a670,sub_27a670,60,_ZN7subsdk110sub_27a670Ev!
0x000000000027a6b0,sub_27a6b0,2132,_ZN7subsdk110sub_27a6b0Ev!
0x000000000027af10,sub_27af10,44,_ZN7subsdk110sub_27af10Ev!
0x000000000027af40,sub_27af40,68,_ZN7subsdk110sub_27af40Ev!
0x000000000027af90,sub_27af90,16,_Z16subsdk1_f_27af90mmmPvS_
0x000000000027afa0,threadInWarpMask,3600,_ZN7subsdk116threadInWarpMaskEv!
0x000000000027bdb0,sub_27bdb0,100,_ZN7subsdk110sub_27bdb0Ev!
0x000000000027be20,sub_27be20,32,_ZN7subsdk125sub_27be20_subsdk1_27be20Ev!
0x000000000027be40,sub_27be40,268,_ZN7subsdk125sub_27be40_subsdk1_27be40Ev!
0x000000000027bf50,sub_27bf50,156,_ZN7subsdk110sub_27bf50Ev!
0x000000000027bff0,sub_27bff0,36,_ZN7subsdk110sub_27bff0Ev!
0x000000000027c020,sub_27c020,180,_ZN7subsdk110sub_27c020Ev!
0x000000000027c0e0,sub_27c0e0,108,_ZN7subsdk110sub_27c0e0Ev!
0x000000000027c150,sub_27c150,44,_ZN7subsdk110sub_27c150Ev!
0x000000000027c180,sub_27c180,36,_ZN7subsdk110sub_27c180Ev!
0x000000000027c1b0,sub_27c1b0,44,_ZN7subsdk110sub_27c1b0Ev!
0x000000000027c1e0,sub_27c1e0,36,_ZN7subsdk110sub_27c1e0Ev!
0x000000000027c210,sub_27c210,36,_ZN7subsdk110sub_27c210Ev!
0x000000000027c240,sub_27c240,88,_ZN7subsdk110sub_27c240Ev!
0x000000000027c2a0,sub_27c2a0,60,_ZN7subsdk110sub_27c2a0Ev!
0x000000000027c2e0,sub_27c2e0,80,_ZN7subsdk110sub_27c2e0Ev!
0x000000000027c330,sub_27c330,132,_ZN7subsdk110sub_27c330Ev!
0x000000000027c3c0,sub_27c3c0,1096,_ZN7subsdk110sub_27c3c0Ev!
0x000000000027c810,sub_27c810,324,_ZN7subsdk110sub_27c810Ev!
0x000000000027c960,sub_27c960,292,_ZN7subsdk110sub_27c960Ev!
0x000000000027ca90,sub_27ca90,748,_ZN7subsdk110sub_27ca90Ev!
0x000000000027cd80,sub_27cd80,360,_ZN7subsdk110sub_27cd80Ev!
0x000000000027cef0,FragmentOutput_d,296,_ZN7subsdk116FragmentOutput_dEv!
0x000000000027d020,s_d_d_2,296,_ZN7subsdk17s_d_d_2Ev!
0x000000000027d150,sub_27d150,468,_ZN7subsdk110sub_27d150Ev!
0x000000000027d330,sub_27d330,364,_ZN7subsdk110sub_27d330Ev!
0x000000000027d4a0,sub_27d4a0,372,_ZN7subsdk110sub_27d4a0Ev!
0x000000000027d620,sub_27d620,324,_ZN7subsdk110sub_27d620Ev!
0x000000000027d770,sreg__d,280,_ZN7subsdk17sreg__dEv!
0x000000000027d890,sub_27d890,248,_ZN7subsdk110sub_27d890Ev!
0x000000000027d990,sub_27d990,608,_ZN7subsdk110sub_27d990Ev!
0x000000000027dbf0,sub_27dbf0,660,_ZN7subsdk110sub_27dbf0Ev!
0x000000000027de90,sub_27de90,344,_ZN7subsdk110sub_27de90Ev!
0x000000000027dff0,sub_27dff0,316,_ZN7subsdk125sub_27dff0_subsdk1_27dff0Ev!
0x000000000027e130,sub_27e130,312,_ZN7subsdk110sub_27e130Ev!
0x000000000027e270,sub_27e270,296,_ZN7subsdk110sub_27e270Ev!
0x000000000027e3a0,sub_27e3a0,704,_ZN7subsdk110sub_27e3a0Ev!
0x000000000027e660,sub_27e660,684,_ZN7subsdk110sub_27e660Ev!
0x000000000027e910,sub_27e910,588,_ZN7subsdk110sub_27e910Ev!
0x000000000027eb60,func_d,3544,_ZN7subsdk16func_dEv!
0x000000000027f940,sub_27f940,1564,_ZN7subsdk110sub_27f940Ev!
0x000000000027ff60,sub_27ff60,380,_ZN7subsdk110sub_27ff60Ev!
0x00000000002800e0,virtualTable,604,_ZN7subsdk112virtualTableEv!
0x0000000000280340,sub_280340,1316,_ZN7subsdk110sub_280340Ev!
0x0000000000280870,sub_280870,48,_ZN7subsdk110sub_280870Ev!
0x00000000002808a0,sub_2808a0,312,_ZN7subsdk110sub_2808a0Ev!
0x00000000002809e0,sub_2809e0,260,_ZN7subsdk110sub_2809e0Ev!
0x0000000000280af0,sub_280af0,804,_ZN7subsdk110sub_280af0Ev!
0x0000000000280e20,sub_280e20,320,_ZN7subsdk110sub_280e20Ev!
0x0000000000280f60,sub_280f60,1436,_ZN7subsdk110sub_280f60Ev!
0x0000000000281500,sub_281500,600,_ZN7subsdk110sub_281500Ev!
0x0000000000281760,sub_281760,340,_ZN7subsdk110sub_281760Ev!
0x00000000002818c0,sub_2818c0,520,_ZN7subsdk110sub_2818c0Ev!
0x0000000000281ad0,sub_281ad0,188,_ZN7subsdk110sub_281ad0Ev!
0x0000000000281b90,sub_281b90,876,_ZN7subsdk110sub_281b90Ev!
0x0000000000281f00,sub_281f00,1248,_ZN7subsdk110sub_281f00Ev!
0x00000000002823e0,sub_2823e0,380,_ZN7subsdk110sub_2823e0Ev!
0x0000000000282560,sub_282560,1212,_ZN7subsdk110sub_282560Ev!
0x0000000000282a20,sub_282a20,476,_ZN7subsdk110sub_282a20Ev!
0x0000000000282c00,sub_282c00,2072,_ZN7subsdk110sub_282c00Ev!
0x0000000000283420,sub_283420,968,_ZN7subsdk110sub_283420Ev!
0x00000000002837f0,sub_2837f0,2232,_ZN7subsdk110sub_2837f0Ev!
0x00000000002840b0,sub_2840b0,2096,_ZN7subsdk110sub_2840b0Ev!
0x00000000002848e0,sub_2848e0,1288,_ZN7subsdk110sub_2848e0Ev!
0x0000000000284df0,sub_284df0,768,_ZN7subsdk110sub_284df0Ev!
0x00000000002850f0,sub_2850f0,1400,_ZN7subsdk110sub_2850f0Ev!
0x0000000000285670,sub_285670,1616,_ZN7subsdk110sub_285670Ev!
0x0000000000285cc0,sub_285cc0,1388,_ZN7subsdk110sub_285cc0Ev!
0x0000000000286230,sub_286230,1840,_ZN7subsdk110sub_286230Ev!
0x0000000000286960,sub_286960,1080,_ZN7subsdk110sub_286960Ev!
0x0000000000286da0,sub_286da0,208,_ZN7subsdk110sub_286da0Ev!
0x0000000000286e70,sub_286e70,808,_ZN7subsdk110sub_286e70Ev!
0x00000000002871a0,sub_2871a0,2660,_ZN7subsdk110sub_2871a0Ev!
0x0000000000287c10,sub_287c10,3208,_ZN7subsdk110sub_287c10Ev!
0x00000000002888a0,sub_2888a0,48,_ZN7subsdk110sub_2888a0Ev!
0x00000000002888d0,sub_2888d0,476,_ZN7subsdk110sub_2888d0Ev!
0x0000000000288ab0,sub_288ab0,1168,_ZN7subsdk110sub_288ab0Ev!
0x0000000000288f40,sub_288f40,1724,_ZN7subsdk110sub_288f40Ev!
0x0000000000289600,sub_289600,1124,_ZN7subsdk110sub_289600Ev!
0x0000000000289a70,sub_289a70,1376,_ZN7subsdk110sub_289a70Ev!
0x0000000000289fd0,sub_289fd0,944,_ZN7subsdk110sub_289fd0Ev!
0x000000000028a380,sub_28a380,184,_ZN7subsdk110sub_28a380Ev!
0x000000000028a440,sub_28a440,596,_ZN7subsdk110sub_28a440Ev!
0x000000000028a6a0,sub_28a6a0,568,_ZN7subsdk110sub_28a6a0Ev!
0x000000000028a8e0,sub_28a8e0,1188,_ZN7subsdk110sub_28a8e0Ev!
0x000000000028ad90,sub_28ad90,1136,_ZN7subsdk110sub_28ad90Ev!
0x000000000028b200,sub_28b200,1068,_ZN7subsdk110sub_28b200Ev!
0x000000000028b630,sub_28b630,1040,_ZN7subsdk110sub_28b630Ev!
0x000000000028ba40,sub_28ba40,1308,_ZN7subsdk110sub_28ba40Ev!
0x000000000028bf60,sub_28bf60,476,_ZN7subsdk110sub_28bf60Ev!
0x000000000028c140,sub_28c140,2748,_ZN7subsdk110sub_28c140Ev!
0x000000000028cc00,sub_28cc00,320,_ZN7subsdk110sub_28cc00Ev!
0x000000000028cd40,sub_28cd40,312,_ZN7subsdk110sub_28cd40Ev!
0x000000000028ce80,sub_28ce80,408,_ZN7subsdk110sub_28ce80Ev!
0x000000000028d020,sub_28d020,152,_ZN7subsdk110sub_28d020Ev!
0x000000000028d0c0,sub_28d0c0,304,_ZN7subsdk110sub_28d0c0Ev!
0x000000000028d1f0,sub_28d1f0,392,_ZN7subsdk110sub_28d1f0Ev!
0x000000000028d380,sub_28d380,360,_ZN7subsdk125sub_28d380_subsdk1_28d380Ev!
0x000000000028d4f0,sub_28d4f0,432,_ZN7subsdk110sub_28d4f0Ev!
0x000000000028d6a0,sub_28d6a0,1256,_ZN7subsdk110sub_28d6a0Ev!
0x000000000028db90,sub_28db90,496,_ZN7subsdk110sub_28db90Ev!
0x000000000028dd80,sub_28dd80,404,_ZN7subsdk110sub_28dd80Ev!
0x000000000028df20,sub_28df20,916,_ZN7subsdk110sub_28df20Ev!
0x000000000028e2c0,sub_28e2c0,3408,_ZN7subsdk125sub_28e2c0_subsdk1_28e2c0Ev!
0x000000000028f010,sub_28f010,224,_ZN7subsdk110sub_28f010Ev!
0x000000000028f0f0,sub_28f0f0,140,_ZN7subsdk110sub_28f0f0Ev!
0x000000000028f180,sub_28f180,236,_ZN7subsdk125sub_28f180_subsdk1_28f180Ev!
0x000000000028f270,sub_28f270,1552,_ZN7subsdk110sub_28f270Ev!
0x000000000028f880,sub_28f880,1124,_ZN7subsdk125sub_28f880_subsdk1_28f880Ev!
0x000000000028fcf0,sub_28fcf0,236,_ZN7subsdk110sub_28fcf0Ev!
0x000000000028fde0,sub_28fde0,2960,_ZN7subsdk110sub_28fde0Ev!
0x0000000000290970,sub_290970,324,_ZN7subsdk110sub_290970Ev!
0x0000000000290ac0,sub_290ac0,600,_ZN7subsdk110sub_290ac0Ev!
0x0000000000290d20,sub_290d20,1096,_ZN7subsdk110sub_290d20Ev!
0x0000000000291170,sub_291170,1352,_ZN7subsdk110sub_291170Ev!
0x00000000002916c0,sub_2916c0,2716,_ZN7subsdk110sub_2916c0Ev!
0x0000000000292160,sub_292160,396,_ZN7subsdk110sub_292160Ev!
0x00000000002922f0,sub_2922f0,2572,_ZN7subsdk110sub_2922f0Ev!
0x0000000000292d00,sub_292d00,1648,_ZN7subsdk110sub_292d00Ev!
0x0000000000293370,sub_293370,7784,_ZN7subsdk110sub_293370Ev!
0x00000000002951e0,sub_2951e0,264,_ZN7subsdk110sub_2951e0Ev!
0x00000000002952f0,sub_2952f0,1584,_ZN7subsdk110sub_2952f0Ev!
0x0000000000295920,sub_295920,196,_ZN7subsdk110sub_295920Ev!
0x00000000002959f0,sub_2959f0,744,_ZN7subsdk125sub_2959f0_subsdk1_2959f0Ev!
0x0000000000295ce0,sub_295ce0,404,_ZN7subsdk110sub_295ce0Ev!
0x0000000000295e80,sub_295e80,884,_ZN7subsdk110sub_295e80Ev!
0x0000000000296200,sub_296200,356,_ZN7subsdk110sub_296200Ev!
0x0000000000296370,sub_296370,236,_ZN7subsdk110sub_296370Ev!
0x0000000000296460,sub_296460,312,_ZN7subsdk110sub_296460Ev!
0x00000000002965a0,sub_2965a0,248,_ZN7subsdk110sub_2965a0Ev!
0x00000000002966a0,sub_2966a0,2844,_ZN7subsdk110sub_2966a0Ev!
0x00000000002971c0,sub_2971c0,308,_ZN7subsdk110sub_2971c0Ev!
0x0000000000297300,sub_297300,280,_ZN7subsdk110sub_297300Ev!
0x0000000000297420,sub_297420,392,_ZN7subsdk110sub_297420Ev!
0x00000000002975b0,sub_2975b0,188,_ZN7subsdk110sub_2975b0Ev!
0x0000000000297670,sub_297670,392,_ZN7subsdk110sub_297670Ev!
0x0000000000297800,sub_297800,384,_ZN7subsdk110sub_297800Ev!
0x0000000000297980,sub_297980,452,_ZN7subsdk110sub_297980Ev!
0x0000000000297b50,sub_297b50,1704,_ZN7subsdk110sub_297b50Ev!
0x0000000000298200,sub_298200,1008,_ZN7subsdk110sub_298200Ev!
0x00000000002985f0,sub_2985f0,1024,_ZN7subsdk110sub_2985f0Ev!
0x00000000002989f0,sub_2989f0,728,_ZN7subsdk110sub_2989f0Ev!
0x0000000000298cd0,sub_298cd0,76,_ZN7subsdk110sub_298cd0Ev!
0x0000000000298d20,sub_298d20,404,_ZN7subsdk110sub_298d20Ev!
0x0000000000298ec0,sub_298ec0,480,_ZN7subsdk110sub_298ec0Ev!
0x00000000002990a0,sub_2990a0,736,_ZN7subsdk110sub_2990a0Ev!
0x0000000000299380,sub_299380,1780,_ZN7subsdk125sub_299380_subsdk1_299380Ev!
0x0000000000299a80,sub_299a80,1100,_ZN7subsdk110sub_299a80Ev!
0x0000000000299ed0,sub_299ed0,416,_ZN7subsdk110sub_299ed0Ev!
0x000000000029a070,sub_29a070,496,_ZN7subsdk125sub_29a070_subsdk1_29a070Ev!
0x000000000029a260,sub_29a260,208,_ZN7subsdk110sub_29a260Ev!
0x000000000029a330,sub_29a330,664,_ZN7subsdk110sub_29a330Ev!
0x000000000029a5d0,sub_29a5d0,1828,_ZN7subsdk110sub_29a5d0Ev!
0x000000000029ad00,sub_29ad00,268,_ZN7subsdk110sub_29ad00Ev!
0x000000000029ae10,sub_29ae10,1212,_ZN7subsdk125sub_29ae10_subsdk1_29ae10Ev!
0x000000000029b2d0,sub_29b2d0,324,_ZN7subsdk110sub_29b2d0Ev!
0x000000000029b420,sub_29b420,496,_ZN7subsdk110sub_29b420Ev!
0x000000000029b610,sub_29b610,584,_ZN7subsdk110sub_29b610Ev!
0x000000000029b860,sub_29b860,772,_ZN7subsdk110sub_29b860Ev!
0x000000000029bb70,sub_29bb70,884,_ZN7subsdk110sub_29bb70Ev!
0x000000000029bef0,sub_29bef0,680,_ZN7subsdk110sub_29bef0Ev!
0x000000000029c1a0,sub_29c1a0,60,_ZN7subsdk110sub_29c1a0Ev!
0x000000000029c1e0,sub_29c1e0,1832,_ZN7subsdk110sub_29c1e0Ev!
0x000000000029c910,sub_29c910,116,_ZN7subsdk110sub_29c910Ev!
0x000000000029c990,sub_29c990,232,_ZN7subsdk125sub_29c990_subsdk1_29c990Ev!
0x000000000029ca80,sub_29ca80,52,_ZN7subsdk125sub_29ca80_subsdk1_29ca80Ev!
0x000000000029cac0,sub_29cac0,128,_ZN7subsdk125sub_29cac0_subsdk1_29cac0Ev!
0x000000000029cb40,sub_29cb40,124,_ZN7subsdk125sub_29cb40_subsdk1_29cb40Ev!
0x000000000029cbc0,sub_29cbc0,52,_ZN7subsdk125sub_29cbc0_subsdk1_29cbc0Ev!
0x000000000029cc00,sub_29cc00,60,_ZN7subsdk110sub_29cc00Ev!
0x000000000029cc40,sub_29cc40,76,_ZN7subsdk110sub_29cc40Ev!
0x000000000029cc90,sub_29cc90,36,_ZN7subsdk110sub_29cc90Ev!
0x000000000029ccc0,sub_29ccc0,52,_ZN7subsdk110sub_29ccc0Ev!
0x000000000029cd00,sub_29cd00,204,_ZN7subsdk110sub_29cd00Ev!
0x000000000029cdd0,sub_29cdd0,48,_ZN7subsdk110sub_29cdd0Ev!
0x000000000029ce00,sub_29ce00,44,_ZN7subsdk110sub_29ce00Ev!
0x000000000029ce30,sub_29ce30,52,_ZN7subsdk110sub_29ce30Ev!
0x000000000029ce70,sub_29ce70,24,_ZN7subsdk110sub_29ce70Ev!
0x000000000029ce90,sub_29ce90,24,_ZN7subsdk110sub_29ce90Ev!
0x000000000029ceb0,sub_29ceb0,24,_ZN7subsdk110sub_29ceb0Ev!
0x000000000029ced0,sub_29ced0,24,_ZN7subsdk110sub_29ced0Ev!
0x000000000029cef0,sub_29cef0,24,_ZN7subsdk110sub_29cef0Ev!
0x000000000029cf10,sub_29cf10,44,_ZN7subsdk125sub_29cf10_subsdk1_29cf10Ev!
0x000000000029cf40,sub_29cf40,44,_ZN7subsdk110sub_29cf40Ev!
0x000000000029cf70,sub_29cf70,76,_ZN7subsdk110sub_29cf70Ev!
0x000000000029cfc0,sub_29cfc0,284,_ZN7subsdk110sub_29cfc0Ev!
0x000000000029d0e0,sub_29d0e0,292,_ZN7subsdk110sub_29d0e0Ev!
0x000000000029d210,sub_29d210,4,_Z16subsdk1_f_29d210v
0x000000000029d220,sub_29d220,40,_ZN7subsdk125sub_29d220_subsdk1_29d220Ev!
0x000000000029d250,sub_29d250,40,_ZN7subsdk110sub_29d250Ev!
0x000000000029d280,sub_29d280,312,_ZN7subsdk125sub_29d280_subsdk1_29d280Ev!
0x000000000029d3c0,sub_29d3c0,4,_Z16subsdk1_f_29d3c0v
0x000000000029d3d0,sub_29d3d0,4,_Z16subsdk1_f_29d3d0v
0x000000000029d3e0,sub_29d3e0,68,_ZN7subsdk110sub_29d3e0Ev!
0x000000000029d430,sub_29d430,60,_ZN7subsdk110sub_29d430Ev!
0x000000000029d470,sub_29d470,116,_ZN7subsdk125sub_29d470_subsdk1_29d470Ev!
0x000000000029d4f0,sub_29d4f0,92,_ZN7subsdk110sub_29d4f0Ev!
0x000000000029d550,sub_29d550,24,_ZN7subsdk110sub_29d550Ev!
0x000000000029d570,sub_29d570,4,_Z16subsdk1_f_29d570v
0x000000000029d580,sub_29d580,32,_ZN7subsdk110sub_29d580Ev!
0x000000000029d5a0,sub_29d5a0,32,_ZN7subsdk110sub_29d5a0Ev!
0x000000000029d5c0,sub_29d5c0,8,_Z16subsdk1_f_29d5c0v
0x000000000029d5d0,sub_29d5d0,4,_Z16subsdk1_f_29d5d0v
0x000000000029d5e0,sub_29d5e0,4,_Z16subsdk1_f_29d5e0v
0x000000000029d5f0,sub_29d5f0,8112,_ZN7subsdk110sub_29d5f0Ev!
0x000000000029f5a0,sub_29f5a0,12,_Z16subsdk1_f_29f5a0m
0x000000000029f5b0,sub_29f5b0,32,_ZN7subsdk110sub_29f5b0Ev!
0x000000000029f5d0,sub_29f5d0,40,_ZN7subsdk110sub_29f5d0Ev!
0x000000000029f600,sub_29f600,520,_ZN7subsdk110sub_29f600Ev!
0x000000000029f810,sub_29f810,184,_ZN7subsdk125sub_29f810_subsdk1_29f810Ev!
0x000000000029f8d0,sub_29f8d0,44,_ZN7subsdk110sub_29f8d0Ev!
0x000000000029f900,sub_29f900,136,_ZN7subsdk110sub_29f900Ev!
0x000000000029f990,sub_29f990,332,_ZN7subsdk110sub_29f990Ev!
0x000000000029fae0,sub_29fae0,332,_ZN7subsdk110sub_29fae0Ev!
0x000000000029fc30,sub_29fc30,332,_ZN7subsdk110sub_29fc30Ev!
0x000000000029fd80,sub_29fd80,332,_ZN7subsdk110sub_29fd80Ev!
0x000000000029fed0,sub_29fed0,332,_ZN7subsdk110sub_29fed0Ev!
0x00000000002a0020,sub_2a0020,332,_ZN7subsdk125sub_2a0020_subsdk1_2a0020Ev!
0x00000000002a0170,sub_2a0170,688,_ZN7subsdk110sub_2a0170Ev!
0x00000000002a0420,sub_2a0420,288,_ZN7subsdk110sub_2a0420Ev!
0x00000000002a0540,sub_2a0540,664,_ZN7subsdk110sub_2a0540Ev!
0x00000000002a07e0,sub_2a07e0,200,_ZN7subsdk110sub_2a07e0Ev!
0x00000000002a08b0,sub_2a08b0,44,_ZN7subsdk110sub_2a08b0Ev!
0x00000000002a08e0,sub_2a08e0,40,_ZN7subsdk110sub_2a08e0Ev!
0x00000000002a0910,sub_2a0910,264,_ZN7subsdk110sub_2a0910Ev!
0x00000000002a0a20,sub_2a0a20,204,_ZN7subsdk110sub_2a0a20Ev!
0x00000000002a0af0,sub_2a0af0,60,_ZN7subsdk110sub_2a0af0Ev!
0x00000000002a0b30,sub_2a0b30,52,_ZN7subsdk110sub_2a0b30Ev!
0x00000000002a0b70,sub_2a0b70,56,_ZN7subsdk110sub_2a0b70Ev!
0x00000000002a0bb0,sub_2a0bb0,164,_ZN7subsdk110sub_2a0bb0Ev!
0x00000000002a0c60,sub_2a0c60,68,_ZN7subsdk110sub_2a0c60Ev!
0x00000000002a0cb0,sub_2a0cb0,16,_ZN7subsdk110sub_2a0cb0Ev!
0x00000000002a0cc0,sub_2a0cc0,16,_ZN7subsdk110sub_2a0cc0Ev!
0x00000000002a0cd0,sub_2a0cd0,56,_ZN7subsdk110sub_2a0cd0Ev!
0x00000000002a0d10,sub_2a0d10,248,_ZN7subsdk110sub_2a0d10Ev!
0x00000000002a0e10,sub_2a0e10,340,_ZN7subsdk110sub_2a0e10Ev!
0x00000000002a0f70,sub_2a0f70,236,_ZN7subsdk110sub_2a0f70Ev!
0x00000000002a1060,sub_2a1060,464,_ZN7subsdk110sub_2a1060Ev!
0x00000000002a1230,sub_2a1230,16,_ZN7subsdk110sub_2a1230Ev!
0x00000000002a1240,sub_2a1240,16,_Z16subsdk1_f_2a1240mj
0x00000000002a1250,sub_2a1250,16,_Z16subsdk1_f_2a1250mj
0x00000000002a1260,sub_2a1260,56,_Z16subsdk1_f_2a1260Pvmmmm
0x00000000002a12a0,sub_2a12a0,56,_ZN7subsdk110sub_2a12a0Ev!
0x00000000002a12e0,sub_2a12e0,108,_ZN7subsdk110sub_2a12e0Ev!
0x00000000002a1350,sub_2a1350,92,_ZN7subsdk110sub_2a1350Ev!
0x00000000002a13b0,sub_2a13b0,88,_ZN7subsdk110sub_2a13b0Ev!
0x00000000002a1410,sub_2a1410,88,_ZN7subsdk110sub_2a1410Ev!
0x00000000002a1470,sub_2a1470,80,_ZN7subsdk110sub_2a1470Ev!
0x00000000002a14c0,sub_2a14c0,212,_ZN7subsdk110sub_2a14c0Ev!
0x00000000002a15a0,sub_2a15a0,40,_ZN7subsdk110sub_2a15a0Ev!
0x00000000002a15d0,sub_2a15d0,24,_ZN7subsdk110sub_2a15d0Ev!
0x00000000002a15f0,sub_2a15f0,112,_ZN7subsdk110sub_2a15f0Ev!
0x00000000002a1660,sub_2a1660,48,_ZN7subsdk110sub_2a1660Ev!
0x00000000002a1690,sub_2a1690,108,_ZN7subsdk110sub_2a1690Ev!
0x00000000002a1700,sub_2a1700,56,_ZN7subsdk110sub_2a1700Ev!
0x00000000002a1740,sub_2a1740,56,_ZN7subsdk110sub_2a1740Ev!
0x00000000002a1780,sub_2a1780,56,_ZN7subsdk110sub_2a1780Ev!
0x00000000002a17c0,sub_2a17c0,92,_ZN7subsdk110sub_2a17c0Ev!
0x00000000002a1820,sub_2a1820,92,_ZN7subsdk110sub_2a1820Ev!
0x00000000002a1880,sub_2a1880,160,_ZN7subsdk110sub_2a1880Ev!
0x00000000002a1920,sub_2a1920,132,_ZN7subsdk110sub_2a1920Ev!
0x00000000002a19b0,sub_2a19b0,1164,_ZN7subsdk110sub_2a19b0Ev!
0x00000000002a1e40,sub_2a1e40,248,_ZN7subsdk110sub_2a1e40Ev!
0x00000000002a1f40,sub_2a1f40,972,_ZN7subsdk110sub_2a1f40Ev!
0x00000000002a2310,fields,4652,_ZN7subsdk16fieldsEv!
0x00000000002a3540,sub_2a3540,136,_ZN7subsdk110sub_2a3540Ev!
0x00000000002a35d0,sub_2a35d0,456,_ZN7subsdk110sub_2a35d0Ev!
0x00000000002a37a0,expected,952,_ZN7subsdk18expectedEv!
0x00000000002a3b60,expected_2,952,_ZN7subsdk110expected_2Ev!
0x00000000002a3f20,sub_2a3f20,116,_ZN7subsdk110sub_2a3f20Ev!
0x00000000002a3fa0,sub_2a3fa0,472,_ZN7subsdk110sub_2a3fa0Ev!
0x00000000002a4180,sub_2a4180,288,_ZN7subsdk110sub_2a4180Ev!
0x00000000002a42a0,sub_2a42a0,184,_ZN7subsdk110sub_2a42a0Ev!
0x00000000002a4360,sub_2a4360,192,_ZN7subsdk110sub_2a4360Ev!
0x00000000002a4420,sub_2a4420,140,_ZN7subsdk110sub_2a4420Ev!
0x00000000002a44b0,sub_2a44b0,240,_ZN7subsdk110sub_2a44b0Ev!
0x00000000002a45a0,sub_2a45a0,240,_ZN7subsdk110sub_2a45a0Ev!
0x00000000002a4690,sub_2a4690,320,_ZN7subsdk110sub_2a4690Ev!
0x00000000002a47d0,sub_2a47d0,240,_ZN7subsdk110sub_2a47d0Ev!
0x00000000002a48c0,sub_2a48c0,80,_ZN7subsdk125sub_2a48c0_subsdk1_2a48c0Ev!
0x00000000002a4910,sub_2a4910,80,_ZN7subsdk110sub_2a4910Ev!
0x00000000002a4960,sub_2a4960,92,_ZN7subsdk110sub_2a4960Ev!
0x00000000002a49c0,sub_2a49c0,176,_ZN7subsdk110sub_2a49c0Ev!
0x00000000002a4a70,sub_2a4a70,20,_ZN7subsdk110sub_2a4a70Ev!
0x00000000002a4a90,sub_2a4a90,40,_ZN7subsdk110sub_2a4a90Ev!
0x00000000002a4ac0,mem_CreatePool,196,_ZN7subsdk114mem_CreatePoolEv!
0x00000000002a4b90,sub_2a4b90,8,_ZN7subsdk110sub_2a4b90Ev!
0x00000000002a4ba0,sub_2a4ba0,100,_ZN7subsdk110sub_2a4ba0Ev!
0x00000000002a4c10,mem_Alloc,348,_ZN7subsdk19mem_AllocEv!
0x00000000002a4d70,sub_2a4d70,68,_ZN7subsdk110sub_2a4d70Ev!
0x00000000002a4dc0,sub_2a4dc0,312,_ZN7subsdk110sub_2a4dc0Ev!
0x00000000002a4f00,sub_2a4f00,176,_ZN7subsdk110sub_2a4f00Ev!
0x00000000002a4fb0,mem_AddCleanup,128,_ZN7subsdk114mem_AddCleanupEv!
0x00000000002a5030,sub_2a5030,4,_Z16subsdk1_f_2a5030v
0x00000000002a5040,sub_2a5040,8,_Z16subsdk1_f_2a5040Pv
0x00000000002a5050,sub_2a5050,292,_ZN7subsdk110sub_2a5050Ev!
0x00000000002a5180,sub_2a5180,104,_ZN7subsdk110sub_2a5180Ev!
0x00000000002a51f0,sub_2a51f0,44,_ZN7subsdk110sub_2a51f0Ev!
0x00000000002a5220,sub_2a5220,272,_ZN7subsdk110sub_2a5220Ev!
0x00000000002a5330,sub_2a5330,116,_ZN7subsdk110sub_2a5330Ev!
0x00000000002a53b0,sub_2a53b0,108,_ZN7subsdk110sub_2a53b0Ev!
0x00000000002a5420,sub_2a5420,112,_ZN7subsdk110sub_2a5420Ev!
0x00000000002a5490,variably_indexed_states_not_handled,208,_ZN7subsdk135variably_indexed_states_not_handledEv!
0x00000000002a5560,sub_2a5560,72,_ZN7subsdk125sub_2a5560_subsdk1_2a5560Ev!
0x00000000002a55b0,sub_2a55b0,104,_ZN7subsdk110sub_2a55b0Ev!
0x00000000002a5620,sub_2a5620,1224,_ZN7subsdk110sub_2a5620Ev!
0x00000000002a5af0,sub_2a5af0,4,_Z16subsdk1_f_2a5af0v
0x00000000002a5b00,unexpected_toBase_d_in_IsBaseCastValid,200,_ZN7subsdk138unexpected_toBase_d_in_IsBaseCastValidEv!
0x00000000002a5bd0,unexpected_toBase_d_in_IsPerformanceDemotion,144,_ZN7subsdk144unexpected_toBase_d_in_IsPerformanceDemotionEv!
0x00000000002a5c60,sub_2a5c60,68,_ZN7subsdk125sub_2a5c60_subsdk1_2a5c60Ev!
0x00000000002a5cb0,sub_2a5cb0,124,_ZN7subsdk110sub_2a5cb0Ev!
0x00000000002a5d30,sub_2a5d30,128,_ZN7subsdk110sub_2a5d30Ev!
0x00000000002a5db0,break_not_in_loop,192,_ZN7subsdk117break_not_in_loopEv!
0x00000000002a5e70,symbol_not_function_s,396,_ZN7subsdk121symbol_not_function_sEv!
0x00000000002a6000,semantics_not_allowed_on_functions_other_than_the_entry,600,_ZN7subsdk155semantics_not_allowed_on_functions_other_than_the_entryEv!
0x00000000002a6260,sub_2a6260,172,_ZN7subsdk110sub_2a6260Ev!
0x00000000002a6310,sub_2a6310,92,_ZN7subsdk110sub_2a6310Ev!
0x00000000002a6370,sub_2a6370,8,_Z16subsdk1_f_2a6370mm
0x00000000002a6380,sarray_index_out_of_bounds,332,_ZN7subsdk126sarray_index_out_of_boundsEv!
0x00000000002a64d0,sub_2a64d0,76,_ZN7subsdk110sub_2a64d0Ev!
0x00000000002a6520,must_write_to_gl_Position,360,_ZN7subsdk125must_write_to_gl_PositionEv!
0x00000000002a6690,sub_2a6690,92,_ZN7subsdk110sub_2a6690Ev!
0x00000000002a66f0,no_value_written_to_required_member_s,220,_ZN7subsdk137no_value_written_to_required_member_sEv!
0x00000000002a67d0,bad_kind_to_CheckConnectorUsage,492,_ZN7subsdk131bad_kind_to_CheckConnectorUsageEv!
0x00000000002a69c0,readonly,192,_ZN7subsdk18readonlyEv!
0x00000000002a6a80,member_s_has_semantic_s_which_is_not_visible_in_this_pro,316,_ZN7subsdk156member_s_has_semantic_s_which_is_not_visible_in_this_proEv!
0x00000000002a6bc0,unexpected_expression_with_function_type,4316,_ZN7subsdk140unexpected_expression_with_function_typeEv!
0x00000000002a7ca0,invalid_operands_to_s,752,_ZN7subsdk121invalid_operands_to_sEv!
0x00000000002a7f90,decrement_of_non_lvalue,656,_ZN7subsdk123decrement_of_non_lvalueEv!
0x00000000002a8220,EXT_gpu_shader4,1460,_ZN7subsdk115EXT_gpu_shader4Ev!
0x00000000002a87e0,invalid_operands_to_s_2,448,_ZN7subsdk123invalid_operands_to_s_2Ev!
0x00000000002a89a0,invalid_operands_to_s_3,620,_ZN7subsdk123invalid_operands_to_s_3Ev!
0x00000000002a8c10,invalid_operands_to_s_4,1852,_ZN7subsdk123invalid_operands_to_s_4Ev!
0x00000000002a9350,invalid_first_operand_to,1044,_ZN7subsdk124invalid_first_operand_toEv!
0x00000000002a9770,too_much_data_in_initialization,612,_ZN7subsdk131too_much_data_in_initializationEv!
0x00000000002a99e0,too_much_data_in_type_constructor,3104,_ZN7subsdk133too_much_data_in_type_constructorEv!
0x00000000002aa600,cast_not_allowed,172,_ZN7subsdk116cast_not_allowedEv!
0x00000000002aa6b0,s_is_not_member_of_struct_s,640,_ZN7subsdk127s_is_not_member_of_struct_sEv!
0x00000000002aa930,cannot_index_a_non_array_value,468,_ZN7subsdk130cannot_index_a_non_array_valueEv!
0x00000000002aab10,invalid_initialization,720,_ZN7subsdk122invalid_initializationEv!
0x00000000002aade0,cast_not_allowed_2,908,_ZN7subsdk118cast_not_allowed_2Ev!
0x00000000002ab170,symbol_not_function_s_2,264,_ZN7subsdk123symbol_not_function_s_2Ev!
0x00000000002ab280,sub_2ab280,140,_ZN7subsdk110sub_2ab280Ev!
0x00000000002ab310,void_function_cannot_return_a_value,384,_ZN7subsdk135void_function_cannot_return_a_valueEv!
0x00000000002ab490,sub_2ab490,516,_ZN7subsdk110sub_2ab490Ev!
0x00000000002ab6a0,symbol_not_function_s_3,248,_ZN7subsdk123symbol_not_function_s_3Ev!
0x00000000002ab7a0,sub_2ab7a0,28,_ZN7subsdk110sub_2ab7a0Ev!
0x00000000002ab7c0,no_size_for_unsized_array,304,_ZN7subsdk125no_size_for_unsized_arrayEv!
0x00000000002ab8f0,sub_2ab8f0,28,_ZN7subsdk110sub_2ab8f0Ev!
0x00000000002ab910,recursive_call_to_function_s,668,_ZN7subsdk128recursive_call_to_function_sEv!
0x00000000002abbb0,endInvocationInterlockNV,964,_ZN7subsdk124endInvocationInterlockNVEv!
0x00000000002abf80,incompatible_types_in_initialization,488,_ZN7subsdk136incompatible_types_in_initializationEv!
0x00000000002ac170,sub_2ac170,220,_ZN7subsdk110sub_2ac170Ev!
0x00000000002ac250,sub_2ac250,332,_ZN7subsdk110sub_2ac250Ev!
0x00000000002ac3a0,sub_2ac3a0,16,_ZN7subsdk110sub_2ac3a0Ev!
0x00000000002ac3b0,sub_2ac3b0,24,_ZN7subsdk110sub_2ac3b0Ev!
0x00000000002ac3d0,sub_2ac3d0,40,_ZN7subsdk110sub_2ac3d0Ev!
0x00000000002ac400,sub_2ac400,52,_ZN7subsdk110sub_2ac400Ev!
0x00000000002ac440,sub_2ac440,12,_ZN7subsdk110sub_2ac440Ev!
0x00000000002ac450,sub_2ac450,16,_ZN7subsdk110sub_2ac450Ev!
0x00000000002ac460,sub_2ac460,16,_ZN7subsdk110sub_2ac460Ev!
0x00000000002ac470,sub_2ac470,12,_ZN7subsdk110sub_2ac470Ev!
0x00000000002ac480,sub_2ac480,140,_ZN7subsdk110sub_2ac480Ev!
0x00000000002ac510,sub_2ac510,204,_ZN7subsdk110sub_2ac510Ev!
0x00000000002ac5e0,sub_2ac5e0,20,_ZN7subsdk110sub_2ac5e0Ev!
0x00000000002ac600,sub_2ac600,52,_ZN7subsdk110sub_2ac600Ev!
0x00000000002ac640,sub_2ac640,56,_ZN7subsdk110sub_2ac640Ev!
0x00000000002ac680,sub_2ac680,100,_ZN7subsdk110sub_2ac680Ev!
0x00000000002ac6f0,sub_2ac6f0,104,_ZN7subsdk110sub_2ac6f0Ev!
0x00000000002ac760,sub_2ac760,112,_ZN7subsdk110sub_2ac760Ev!
0x00000000002ac7d0,sub_2ac7d0,28,_ZN7subsdk110sub_2ac7d0Ev!
0x00000000002ac7f0,sub_2ac7f0,4,_Z16subsdk1_f_2ac7f0v
0x00000000002ac800,bad_kind_to_ConvertNamedConstantsExpr,720,_ZN7subsdk137bad_kind_to_ConvertNamedConstantsExprEv!
0x00000000002acad0,sub_2acad0,32,_ZN7subsdk125sub_2acad0_subsdk1_2acad0Ev!
0x00000000002acaf0,sub_2acaf0,264,_ZN7subsdk110sub_2acaf0Ev!
0x00000000002acc00,sub_2acc00,620,_ZN7subsdk110sub_2acc00Ev!
0x00000000002ace70,sub_2ace70,288,_ZN7subsdk110sub_2ace70Ev!
0x00000000002acf90,sub_2acf90,120,_ZN7subsdk110sub_2acf90Ev!
0x00000000002ad010,sub_2ad010,288,_ZN7subsdk110sub_2ad010Ev!
0x00000000002ad130,sub_2ad130,320,_ZN7subsdk110sub_2ad130Ev!
0x00000000002ad270,sub_2ad270,1008,_ZN7subsdk110sub_2ad270Ev!
0x00000000002ad660,matrix_op_on_non_matrix,508,_ZN7subsdk123matrix_op_on_non_matrixEv!
0x00000000002ad860,sub_2ad860,100,_ZN7subsdk110sub_2ad860Ev!
0x00000000002ad8d0,profile_requires_matrices_to_be_simple_variables,792,_ZN7subsdk148profile_requires_matrices_to_be_simple_variablesEv!
0x00000000002adbf0,sub_2adbf0,88,_ZN7subsdk110sub_2adbf0Ev!
0x00000000002adc50,sub_2adc50,452,_ZN7subsdk110sub_2adc50Ev!
0x00000000002ade20,sub_2ade20,308,_ZN7subsdk110sub_2ade20Ev!
0x00000000002adf60,sub_2adf60,348,_ZN7subsdk110sub_2adf60Ev!
0x00000000002ae0c0,sub_2ae0c0,180,_ZN7subsdk110sub_2ae0c0Ev!
0x00000000002ae180,sub_2ae180,392,_ZN7subsdk110sub_2ae180Ev!
0x00000000002ae310,sub_2ae310,352,_ZN7subsdk110sub_2ae310Ev!
0x00000000002ae470,sub_2ae470,272,_ZN7subsdk110sub_2ae470Ev!
0x00000000002ae580,sub_2ae580,116,_ZN7subsdk110sub_2ae580Ev!
0x00000000002ae600,sub_2ae600,36,_ZN7subsdk110sub_2ae600Ev!
0x00000000002ae630,m_d_d,704,_ZN7subsdk15m_d_dEv!
0x00000000002ae8f0,OpenGL_requires_after_a_length_operator,248,_ZN7subsdk139OpenGL_requires_after_a_length_operatorEv!
0x00000000002ae9f0,f_333333,500,_ZN7subsdk123f_333333_subsdk1_2ae9f0Ev!
0x00000000002aebf0,sub_2aebf0,156,_ZN7subsdk110sub_2aebf0Ev!
0x00000000002aec90,sub_2aec90,368,_ZN7subsdk110sub_2aec90Ev!
0x00000000002aee00,sub_2aee00,220,_ZN7subsdk110sub_2aee00Ev!
0x00000000002aeee0,profile_s_is_deprecated,500,_ZN7subsdk123profile_s_is_deprecatedEv!
0x00000000002af0e0,sub_2af0e0,216,_ZN7subsdk110sub_2af0e0Ev!
0x00000000002af1c0,sub_2af1c0,388,_ZN7subsdk110sub_2af1c0Ev!
0x00000000002af350,sub_2af350,272,_ZN7subsdk110sub_2af350Ev!
0x00000000002af460,sub_2af460,180,_ZN7subsdk110sub_2af460Ev!
0x00000000002af520,sub_2af520,2192,_ZN7subsdk125sub_2af520_subsdk1_2af520Ev!
0x00000000002afdb0,sub_2afdb0,148,_ZN7subsdk110sub_2afdb0Ev!
0x00000000002afe50,matrix_deconstruction_not_supported,652,_ZN7subsdk135matrix_deconstruction_not_supportedEv!
0x00000000002b00e0,sub_2b00e0,112,_ZN7subsdk110sub_2b00e0Ev!
0x00000000002b0150,sub_2b0150,40,_ZN7subsdk125sub_2b0150_subsdk1_2b0150Ev!
0x00000000002b0180,sub_2b0180,680,_ZN7subsdk110sub_2b0180Ev!
0x00000000002b0430,sub_2b0430,16,_ZN7subsdk110sub_2b0430Ev!
0x00000000002b0440,If_gl_FragCoord_is_redeclared_in_any_fragment_shader_it,216,_ZN7subsdk155If_gl_FragCoord_is_redeclared_in_any_fragment_shader_itEv!
0x00000000002b0520,no_program_defined,2580,_ZN7subsdk118no_program_definedEv!
0x00000000002b0f40,unexpected_tri_op_s_in_FlattenCommasExpr,3228,_ZN7subsdk140unexpected_tri_op_s_in_FlattenCommasExprEv!
0x00000000002b1be0,sub_2b1be0,728,_ZN7subsdk110sub_2b1be0Ev!
0x00000000002b1ec0,sub_2b1ec0,1044,_ZN7subsdk110sub_2b1ec0Ev!
0x00000000002b22e0,sub_2b22e0,328,_ZN7subsdk110sub_2b22e0Ev!
0x00000000002b2430,sub_2b2430,88,_ZN7subsdk110sub_2b2430Ev!
0x00000000002b2490,sub_2b2490,352,_ZN7subsdk110sub_2b2490Ev!
0x00000000002b25f0,sub_2b25f0,240,_ZN7subsdk110sub_2b25f0Ev!
0x00000000002b26e0,getVectorIndex,152,_ZN7subsdk114getVectorIndexEv!
0x00000000002b2780,setVectorIndex,196,_ZN7subsdk114setVectorIndexEv!
0x00000000002b2850,iflocal,3708,_ZN7subsdk17iflocalEv!
0x00000000002b36d0,sub_2b36d0,44,_ZN7subsdk125sub_2b36d0_subsdk1_2b36d0Ev!
0x00000000002b3700,sub_2b3700,92,_ZN7subsdk125sub_2b3700_subsdk1_2b3700Ev!
0x00000000002b3760,sub_2b3760,104,_ZN7subsdk110sub_2b3760Ev!
0x00000000002b37d0,sub_2b37d0,56,_ZN7subsdk110sub_2b37d0Ev!
0x00000000002b3810,sub_2b3810,444,_ZN7subsdk110sub_2b3810Ev!
0x00000000002b39d0,unnamed_11,272,_ZN7subsdk125unnamed_11_subsdk1_2b39d0Ev!
0x00000000002b3ae0,sub_2b3ae0,164,_ZN7subsdk125sub_2b3ae0_subsdk1_2b3ae0Ev!
0x00000000002b3b90,sub_2b3b90,164,_ZN7subsdk110sub_2b3b90Ev!
0x00000000002b3c40,unnamed_12,64,_ZN7subsdk125unnamed_12_subsdk1_2b3c40Ev!
0x00000000002b3c80,sub_2b3c80,144,_ZN7subsdk110sub_2b3c80Ev!
0x00000000002b3d10,bad_arguments,2156,_ZN7subsdk113bad_argumentsEv!
0x00000000002b4580,sub_2b4580,576,_ZN7subsdk125sub_2b4580_subsdk1_2b4580Ev!
0x00000000002b47c0,quiet,1056,_ZN7subsdk15quietEv!
0x00000000002b4be0,MaxInstInBasicBlock,4708,_ZN7subsdk119MaxInstInBasicBlockEv!
0x00000000002b5e50,sub_2b5e50,8,_Z16subsdk1_f_2b5e50Pv
0x00000000002b5e60,sub_2b5e60,8,_Z16subsdk1_f_2b5e60Pv
0x00000000002b5e70,sub_2b5e70,32,_ZN7subsdk110sub_2b5e70Ev!
0x00000000002b5e90,sub_2b5e90,24,_ZN7subsdk110sub_2b5e90Ev!
0x00000000002b5eb0,sub_2b5eb0,168,_ZN7subsdk110sub_2b5eb0Ev!
0x00000000002b5f60,VERSION___d,764,_ZN7subsdk111VERSION___dEv!
0x00000000002b6260,Bad_options,404,_ZN7subsdk111Bad_optionsEv!
0x00000000002b6400,VERSION___d_2,352,_ZN7subsdk113VERSION___d_2Ev!
0x00000000002b6560,Bad_options_2,316,_ZN7subsdk113Bad_options_2Ev!
0x00000000002b66a0,sub_2b66a0,612,_ZN7subsdk110sub_2b66a0Ev!
0x00000000002b6910,Bad_options_3,1780,_ZN7subsdk113Bad_options_3Ev!
0x00000000002b7010,sub_2b7010,572,_ZN7subsdk110sub_2b7010Ev!
0x00000000002b7250,sub_2b7250,8,_Z16subsdk1_f_2b7250Pvm
0x00000000002b7260,d_lines,516,_ZN7subsdk17d_linesEv!
0x00000000002b7470,sub_2b7470,8,_ZN7subsdk110sub_2b7470Ev!
0x00000000002b7480,sub_2b7480,128,_ZN7subsdk110sub_2b7480Ev!
0x00000000002b7500,sub_2b7500,100,_ZN7subsdk110sub_2b7500Ev!
0x00000000002b7570,incompatible_options_for_link,1844,_ZN7subsdk129incompatible_options_for_linkEv!
0x00000000002b7cb0,sub_2b7cb0,340,_ZN7subsdk110sub_2b7cb0Ev!
0x00000000002b7e10,sub_2b7e10,68,_ZN7subsdk110sub_2b7e10Ev!
0x00000000002b7e60,sub_2b7e60,544,_ZN7subsdk110sub_2b7e60Ev!
0x00000000002b8080,sub_2b8080,8,_Z16subsdk1_f_2b8080Pv
0x00000000002b8090,count,408,_ZN7subsdk15countEv!
0x00000000002b8230,sub_2b8230,792,_ZN7subsdk110sub_2b8230Ev!
0x00000000002b8550,sub_2b8550,108,_ZN7subsdk110sub_2b8550Ev!
0x00000000002b85c0,sub_2b85c0,136,_ZN7subsdk110sub_2b85c0Ev!
0x00000000002b8650,sub_2b8650,208,_ZN7subsdk110sub_2b8650Ev!
0x00000000002b8720,sub_2b8720,56,_ZN7subsdk110sub_2b8720Ev!
0x00000000002b8760,sub_2b8760,140,_ZN7subsdk110sub_2b8760Ev!
0x00000000002b87f0,normalize,8632,_ZN7subsdk19normalizeEv!
0x00000000002ba9b0,sub_2ba9b0,268,_ZN7subsdk125sub_2ba9b0_subsdk1_2ba9b0Ev!
0x00000000002baac0,sub_2baac0,476,_ZN7subsdk125sub_2baac0_subsdk1_2baac0Ev!
0x00000000002baca0,sub_2baca0,532,_ZN7subsdk125sub_2baca0_subsdk1_2baca0Ev!
0x00000000002baec0,sub_2baec0,44,_ZN7subsdk110sub_2baec0Ev!
0x00000000002baef0,sub_2baef0,300,_ZN7subsdk110sub_2baef0Ev!
0x00000000002bb020,sub_2bb020,36,_ZN7subsdk110sub_2bb020Ev!
0x00000000002bb050,sub_2bb050,168,_ZN7subsdk125sub_2bb050_subsdk1_2bb050Ev!
0x00000000002bb100,sub_2bb100,32,_ZN7subsdk110sub_2bb100Ev!
0x00000000002bb120,sub_2bb120,948,_ZN7subsdk125sub_2bb120_subsdk1_2bb120Ev!
0x00000000002bb4e0,sub_2bb4e0,296,_ZN7subsdk110sub_2bb4e0Ev!
0x00000000002bb610,sub_2bb610,932,_ZN7subsdk110sub_2bb610Ev!
0x00000000002bb9c0,sub_2bb9c0,444,_ZN7subsdk110sub_2bb9c0Ev!
0x00000000002bbb80,sub_2bbb80,556,_ZN7subsdk110sub_2bbb80Ev!
0x00000000002bbdb0,sub_2bbdb0,280,_ZN7subsdk110sub_2bbdb0Ev!
0x00000000002bbed0,sub_2bbed0,248,_ZN7subsdk125sub_2bbed0_subsdk1_2bbed0Ev!
0x00000000002bbfd0,s__d__s,608,_ZN7subsdk17s__d__sEv!
0x00000000002bc230,sub_2bc230,20,_Z16subsdk1_f_2bc230PvS_
0x00000000002bc250,sub_2bc250,28,_ZN7subsdk110sub_2bc250Ev!
0x00000000002bc270,sub_2bc270,40,_ZN7subsdk125sub_2bc270_subsdk1_2bc270Ev!
0x00000000002bc2a0,sub_2bc2a0,36,_ZN7subsdk110sub_2bc2a0Ev!
0x00000000002bc2d0,sub_2bc2d0,20,_Z16subsdk1_f_2bc2d0PvS_
0x00000000002bc2f0,sub_2bc2f0,20,_Z16subsdk1_f_2bc2f0PvS_
0x00000000002bc310,sub_2bc310,12,_Z16subsdk1_f_2bc310PvS_
0x00000000002bc320,sub_2bc320,20,_Z16subsdk1_f_2bc320PvS_
0x00000000002bc340,sub_2bc340,20,_Z16subsdk1_f_2bc340PvS_
0x00000000002bc360,sub_2bc360,28,_ZN7subsdk110sub_2bc360Ev!
0x00000000002bc380,sub_2bc380,28,_ZN7subsdk110sub_2bc380Ev!
0x00000000002bc3a0,sub_2bc3a0,20,_Z16subsdk1_f_2bc3a0PvS_
0x00000000002bc3c0,sub_2bc3c0,20,_Z16subsdk1_f_2bc3c0PvS_
0x00000000002bc3e0,sub_2bc3e0,20,_ZN7subsdk110sub_2bc3e0Ev!
0x00000000002bc400,sub_2bc400,20,_ZN7subsdk110sub_2bc400Ev!
0x00000000002bc420,sub_2bc420,20,_ZN7subsdk110sub_2bc420Ev!
0x00000000002bc440,sub_2bc440,24,_ZN7subsdk110sub_2bc440Ev!
0x00000000002bc460,sub_2bc460,24,_ZN7subsdk125sub_2bc460_subsdk1_2bc460Ev!
0x00000000002bc480,sub_2bc480,24,_ZN7subsdk110sub_2bc480Ev!
0x00000000002bc4a0,sub_2bc4a0,24,_ZN7subsdk110sub_2bc4a0Ev!
0x00000000002bc4c0,sub_2bc4c0,40,_ZN7subsdk110sub_2bc4c0Ev!
0x00000000002bc4f0,sub_2bc4f0,44,_ZN7subsdk110sub_2bc4f0Ev!
0x00000000002bc520,sub_2bc520,20,_ZN7subsdk110sub_2bc520Ev!
0x00000000002bc540,sub_2bc540,20,_ZN7subsdk110sub_2bc540Ev!
0x00000000002bc560,sub_2bc560,20,_ZN7subsdk110sub_2bc560Ev!
0x00000000002bc580,sub_2bc580,20,_ZN7subsdk125sub_2bc580_subsdk1_2bc580Ev!
0x00000000002bc5a0,sub_2bc5a0,20,_ZN7subsdk110sub_2bc5a0Ev!
0x00000000002bc5c0,sub_2bc5c0,20,_Z16subsdk1_f_2bc5c0PvS_
0x00000000002bc5e0,sub_2bc5e0,20,_Z16subsdk1_f_2bc5e0PvS_
0x00000000002bc600,sub_2bc600,20,_Z16subsdk1_f_2bc600PvS_
0x00000000002bc620,sub_2bc620,20,_Z16subsdk1_f_2bc620PvS_
0x00000000002bc640,sub_2bc640,12,_Z16subsdk1_f_2bc640PvS_
0x00000000002bc650,sub_2bc650,12,_Z16subsdk1_f_2bc650PvS_
0x00000000002bc660,sub_2bc660,12,_Z16subsdk1_f_2bc660PvS_
0x00000000002bc670,sub_2bc670,12,_Z16subsdk1_f_2bc670PvS_
0x00000000002bc680,sub_2bc680,16,_ZN7subsdk125sub_2bc680_subsdk1_2bc680Ev!
0x00000000002bc690,sub_2bc690,104,_ZN7subsdk110sub_2bc690Ev!
0x00000000002bc700,sub_2bc700,52,_ZN7subsdk125sub_2bc700_subsdk1_2bc700Ev!
0x00000000002bc740,sub_2bc740,20,_ZN7subsdk110sub_2bc740Ev!
0x00000000002bc760,sub_2bc760,172,_ZN7subsdk125sub_2bc760_subsdk1_2bc760Ev!
0x00000000002bc810,sub_2bc810,12,_ZN7subsdk125sub_2bc810_subsdk1_2bc810Ev!
0x00000000002bc820,sub_2bc820,12,_ZN7subsdk125sub_2bc820_subsdk1_2bc820Ev!
0x00000000002bc830,sub_2bc830,12,_ZN7subsdk125sub_2bc830_subsdk1_2bc830Ev!
0x00000000002bc840,sub_2bc840,12,_ZN7subsdk125sub_2bc840_subsdk1_2bc840Ev!
0x00000000002bc850,sub_2bc850,16,_Z16subsdk1_f_2bc850PvS_
0x00000000002bc860,sub_2bc860,16,_Z16subsdk1_f_2bc860PvS_
0x00000000002bc870,sub_2bc870,20,_Z16subsdk1_f_2bc870PvS_
0x00000000002bc890,sub_2bc890,16,_ZN7subsdk110sub_2bc890Ev!
0x00000000002bc8a0,sub_2bc8a0,24,_ZN7subsdk110sub_2bc8a0Ev!
0x00000000002bc8c0,sub_2bc8c0,24,_Z16subsdk1_f_2bc8c0PvS_S_
0x00000000002bc8e0,sub_2bc8e0,24,_ZN7subsdk110sub_2bc8e0Ev!
0x00000000002bc900,sub_2bc900,40,_ZN7subsdk110sub_2bc900Ev!
0x00000000002bc930,sub_2bc930,44,_ZN7subsdk110sub_2bc930Ev!
0x00000000002bc960,sub_2bc960,20,_ZN7subsdk110sub_2bc960Ev!
0x00000000002bc980,sub_2bc980,20,_ZN7subsdk110sub_2bc980Ev!
0x00000000002bc9a0,sub_2bc9a0,20,_Z16subsdk1_f_2bc9a0PvS_
0x00000000002bc9c0,sub_2bc9c0,20,_Z16subsdk1_f_2bc9c0PvS_
0x00000000002bc9e0,sub_2bc9e0,20,_Z16subsdk1_f_2bc9e0PvS_
0x00000000002bca00,sub_2bca00,20,_Z16subsdk1_f_2bca00PvS_
0x00000000002bca20,sub_2bca20,12,_Z16subsdk1_f_2bca20PvS_
0x00000000002bca30,sub_2bca30,12,_Z16subsdk1_f_2bca30PvS_
0x00000000002bca40,sub_2bca40,12,_Z16subsdk1_f_2bca40PvS_
0x00000000002bca50,sub_2bca50,16,_ZN7subsdk110sub_2bca50Ev!
0x00000000002bca60,sub_2bca60,84,_ZN7subsdk110sub_2bca60Ev!
0x00000000002bcac0,sub_2bcac0,52,_ZN7subsdk110sub_2bcac0Ev!
0x00000000002bcb00,sub_2bcb00,16,_ZN7subsdk110sub_2bcb00Ev!
0x00000000002bcb10,sub_2bcb10,12,_Z16subsdk1_f_2bcb10PvS_
0x00000000002bcb20,sub_2bcb20,12,_Z16subsdk1_f_2bcb20PvS_
0x00000000002bcb30,sub_2bcb30,12,_Z16subsdk1_f_2bcb30PvS_
0x00000000002bcb40,sub_2bcb40,16,_Z16subsdk1_f_2bcb40PvS_
0x00000000002bcb50,sub_2bcb50,16,_Z16subsdk1_f_2bcb50PvS_
0x00000000002bcb60,sub_2bcb60,20,_ZN7subsdk110sub_2bcb60Ev!
0x00000000002bcb80,sub_2bcb80,24,_ZN7subsdk110sub_2bcb80Ev!
0x00000000002bcba0,sub_2bcba0,24,_ZN7subsdk110sub_2bcba0Ev!
0x00000000002bcbc0,sub_2bcbc0,24,_ZN7subsdk110sub_2bcbc0Ev!
0x00000000002bcbe0,sub_2bcbe0,24,_ZN7subsdk110sub_2bcbe0Ev!
0x00000000002bcc00,sub_2bcc00,40,_ZN7subsdk110sub_2bcc00Ev!
0x00000000002bcc30,sub_2bcc30,44,_ZN7subsdk110sub_2bcc30Ev!
0x00000000002bcc60,sub_2bcc60,20,_ZN7subsdk110sub_2bcc60Ev!
0x00000000002bcc80,sub_2bcc80,20,_ZN7subsdk110sub_2bcc80Ev!
0x00000000002bcca0,sub_2bcca0,12,_Z16subsdk1_f_2bcca0PvS_
0x00000000002bccb0,sub_2bccb0,12,_Z16subsdk1_f_2bccb0PvS_
0x00000000002bccc0,sub_2bccc0,12,_Z16subsdk1_f_2bccc0PvS_
0x00000000002bccd0,sub_2bccd0,12,_Z16subsdk1_f_2bccd0PvS_
0x00000000002bcce0,sub_2bcce0,16,_Z16subsdk1_f_2bcce0PvS_
0x00000000002bccf0,sub_2bccf0,16,_Z16subsdk1_f_2bccf0PvS_
0x00000000002bcd00,sub_2bcd00,20,_Z16subsdk1_f_2bcd00PvS_
0x00000000002bcd20,sub_2bcd20,16,_ZN7subsdk110sub_2bcd20Ev!
0x00000000002bcd30,sub_2bcd30,24,_ZN7subsdk110sub_2bcd30Ev!
0x00000000002bcd50,sub_2bcd50,24,_Z16subsdk1_f_2bcd50PvS_S_
0x00000000002bcd70,sub_2bcd70,24,_ZN7subsdk110sub_2bcd70Ev!
0x00000000002bcd90,sub_2bcd90,40,_ZN7subsdk110sub_2bcd90Ev!
0x00000000002bcdc0,sub_2bcdc0,44,_ZN7subsdk125sub_2bcdc0_subsdk1_2bcdc0Ev!
0x00000000002bcdf0,sub_2bcdf0,20,_ZN7subsdk110sub_2bcdf0Ev!
0x00000000002bce10,sub_2bce10,20,_ZN7subsdk110sub_2bce10Ev!
0x00000000002bce30,sub_2bce30,12,_Z16subsdk1_f_2bce30PvS_
0x00000000002bce40,sub_2bce40,12,_Z16subsdk1_f_2bce40PvS_
0x00000000002bce50,sub_2bce50,16,_Z16subsdk1_f_2bce50PvS_
0x00000000002bce60,sub_2bce60,16,_Z16subsdk1_f_2bce60PvS_
0x00000000002bce70,sub_2bce70,16,_Z16subsdk1_f_2bce70PvS_
0x00000000002bce80,sub_2bce80,16,_Z16subsdk1_f_2bce80PvS_
0x00000000002bce90,sub_2bce90,20,_ZN7subsdk110sub_2bce90Ev!
0x00000000002bceb0,sub_2bceb0,20,_Z16subsdk1_f_2bceb0PvS_S_
0x00000000002bced0,sub_2bced0,20,_ZN7subsdk110sub_2bced0Ev!
0x00000000002bcef0,sub_2bcef0,36,_ZN7subsdk110sub_2bcef0Ev!
0x00000000002bcf20,sub_2bcf20,40,_ZN7subsdk110sub_2bcf20Ev!
0x00000000002bcf50,sub_2bcf50,16,_ZN7subsdk110sub_2bcf50Ev!
0x00000000002bcf60,sub_2bcf60,16,_ZN7subsdk110sub_2bcf60Ev!
0x00000000002bcf70,sub_2bcf70,12,_Z16subsdk1_f_2bcf70PvS_
0x00000000002bcf80,sub_2bcf80,12,_Z16subsdk1_f_2bcf80PvS_
0x00000000002bcf90,sub_2bcf90,16,_Z16subsdk1_f_2bcf90PvS_
0x00000000002bcfa0,sub_2bcfa0,16,_Z16subsdk1_f_2bcfa0PvS_
0x00000000002bcfb0,sub_2bcfb0,16,_Z16subsdk1_f_2bcfb0PvS_
0x00000000002bcfc0,sub_2bcfc0,20,_ZN7subsdk110sub_2bcfc0Ev!
0x00000000002bcfe0,sub_2bcfe0,20,_Z16subsdk1_f_2bcfe0PvS_S_
0x00000000002bd000,sub_2bd000,20,_ZN7subsdk110sub_2bd000Ev!
0x00000000002bd020,sub_2bd020,36,_ZN7subsdk110sub_2bd020Ev!
0x00000000002bd050,sub_2bd050,40,_ZN7subsdk125sub_2bd050_subsdk1_2bd050Ev!
0x00000000002bd080,sub_2bd080,16,_ZN7subsdk125sub_2bd080_subsdk1_2bd080Ev!
0x00000000002bd090,sub_2bd090,12,_Z16subsdk1_f_2bd090PvS_
0x00000000002bd0a0,sub_2bd0a0,12,_Z16subsdk1_f_2bd0a0PvS_
0x00000000002bd0b0,sub_2bd0b0,16,_Z16subsdk1_f_2bd0b0PvS_
0x00000000002bd0c0,sub_2bd0c0,16,_Z16subsdk1_f_2bd0c0PvS_
0x00000000002bd0d0,sub_2bd0d0,16,_Z16subsdk1_f_2bd0d0PvS_
0x00000000002bd0e0,sub_2bd0e0,16,_Z16subsdk1_f_2bd0e0PvS_
0x00000000002bd0f0,sub_2bd0f0,20,_ZN7subsdk110sub_2bd0f0Ev!
0x00000000002bd110,sub_2bd110,20,_Z16subsdk1_f_2bd110PvS_S_
0x00000000002bd130,sub_2bd130,20,_ZN7subsdk110sub_2bd130Ev!
0x00000000002bd150,sub_2bd150,36,_ZN7subsdk125sub_2bd150_subsdk1_2bd150Ev!
0x00000000002bd180,sub_2bd180,40,_ZN7subsdk110sub_2bd180Ev!
0x00000000002bd1b0,sub_2bd1b0,20,_ZN7subsdk125sub_2bd1b0_subsdk1_2bd1b0Ev!
0x00000000002bd1d0,sub_2bd1d0,20,_ZN7subsdk110sub_2bd1d0Ev!
0x00000000002bd1f0,sub_2bd1f0,20,_ZN7subsdk110sub_2bd1f0Ev!
0x00000000002bd210,sub_2bd210,20,_ZN7subsdk110sub_2bd210Ev!
0x00000000002bd230,sub_2bd230,20,_ZN7subsdk110sub_2bd230Ev!
0x00000000002bd250,sub_2bd250,20,_Z16subsdk1_f_2bd250PvS_
0x00000000002bd270,sub_2bd270,20,_Z16subsdk1_f_2bd270PvS_
0x00000000002bd290,sub_2bd290,20,_Z16subsdk1_f_2bd290PvS_
0x00000000002bd2b0,sub_2bd2b0,20,_Z16subsdk1_f_2bd2b0PvS_
0x00000000002bd2d0,sub_2bd2d0,20,_Z16subsdk1_f_2bd2d0PvS_
0x00000000002bd2f0,sub_2bd2f0,20,_Z16subsdk1_f_2bd2f0PvS_
0x00000000002bd310,sub_2bd310,12,_Z16subsdk1_f_2bd310PvS_
0x00000000002bd320,sub_2bd320,16,_ZN7subsdk110sub_2bd320Ev!
0x00000000002bd330,sub_2bd330,104,_ZN7subsdk110sub_2bd330Ev!
0x00000000002bd3a0,sub_2bd3a0,52,_ZN7subsdk125sub_2bd3a0_subsdk1_2bd3a0Ev!
0x00000000002bd3e0,sub_2bd3e0,16,_Z16subsdk1_f_2bd3e0PvS_
0x00000000002bd3f0,sub_2bd3f0,16,_Z16subsdk1_f_2bd3f0PvS_
0x00000000002bd400,sub_2bd400,16,_Z16subsdk1_f_2bd400PvS_
0x00000000002bd410,sub_2bd410,16,_Z16subsdk1_f_2bd410PvS_
0x00000000002bd420,sub_2bd420,20,_ZN7subsdk110sub_2bd420Ev!
0x00000000002bd440,sub_2bd440,20,_Z16subsdk1_f_2bd440PvS_S_
0x00000000002bd460,sub_2bd460,20,_ZN7subsdk125sub_2bd460_subsdk1_2bd460Ev!
0x00000000002bd480,sub_2bd480,36,_ZN7subsdk110sub_2bd480Ev!
0x00000000002bd4b0,sub_2bd4b0,40,_ZN7subsdk125sub_2bd4b0_subsdk1_2bd4b0Ev!
0x00000000002bd4e0,sub_2bd4e0,20,_ZN7subsdk110sub_2bd4e0Ev!
0x00000000002bd500,sub_2bd500,20,_Z16subsdk1_f_2bd500PvS_
0x00000000002bd520,sub_2bd520,20,_Z16subsdk1_f_2bd520PvS_
0x00000000002bd540,sub_2bd540,20,_Z16subsdk1_f_2bd540PvS_
0x00000000002bd560,sub_2bd560,20,_Z16subsdk1_f_2bd560PvS_
0x00000000002bd580,sub_2bd580,16,_ZN7subsdk110sub_2bd580Ev!
0x00000000002bd590,sub_2bd590,84,_ZN7subsdk125sub_2bd590_subsdk1_2bd590Ev!
0x00000000002bd5f0,sub_2bd5f0,52,_ZN7subsdk110sub_2bd5f0Ev!
0x00000000002bd630,sub_2bd630,16,_Z16subsdk1_f_2bd630PvS_
0x00000000002bd640,sub_2bd640,16,_Z16subsdk1_f_2bd640PvS_
0x00000000002bd650,sub_2bd650,16,_Z16subsdk1_f_2bd650PvS_
0x00000000002bd660,sub_2bd660,16,_ZN7subsdk110sub_2bd660Ev!
0x00000000002bd670,sub_2bd670,20,_ZN7subsdk110sub_2bd670Ev!
0x00000000002bd690,sub_2bd690,20,_ZN7subsdk110sub_2bd690Ev!
0x00000000002bd6b0,sub_2bd6b0,20,_ZN7subsdk110sub_2bd6b0Ev!
0x00000000002bd6d0,sub_2bd6d0,40,_ZN7subsdk110sub_2bd6d0Ev!
0x00000000002bd700,sub_2bd700,20,_Z16subsdk1_f_2bd700PvS_
0x00000000002bd720,sub_2bd720,20,_ZN7subsdk110sub_2bd720Ev!
0x00000000002bd740,sub_2bd740,20,_ZN7subsdk110sub_2bd740Ev!
0x00000000002bd760,sub_2bd760,20,_ZN7subsdk110sub_2bd760Ev!
0x00000000002bd780,sub_2bd780,20,_ZN7subsdk110sub_2bd780Ev!
0x00000000002bd7a0,sub_2bd7a0,20,_ZN7subsdk125sub_2bd7a0_subsdk1_2bd7a0Ev!
0x00000000002bd7c0,sub_2bd7c0,12,_Z16subsdk1_f_2bd7c0PvS_
0x00000000002bd7d0,sub_2bd7d0,88,_ZN7subsdk110sub_2bd7d0Ev!
0x00000000002bd830,sub_2bd830,48,_ZN7subsdk110sub_2bd830Ev!
0x00000000002bd860,sub_2bd860,16,_ZN7subsdk110sub_2bd860Ev!
0x00000000002bd870,sub_2bd870,16,_ZN7subsdk110sub_2bd870Ev!
0x00000000002bd880,sub_2bd880,120,_ZN7subsdk110sub_2bd880Ev!
0x00000000002bd900,sub_2bd900,96,_ZN7subsdk110sub_2bd900Ev!
0x00000000002bd960,sub_2bd960,96,_ZN7subsdk110sub_2bd960Ev!
0x00000000002bd9c0,sub_2bd9c0,96,_ZN7subsdk110sub_2bd9c0Ev!
0x00000000002bda20,sub_2bda20,116,_ZN7subsdk125sub_2bda20_subsdk1_2bda20Ev!
0x00000000002bdaa0,sub_2bdaa0,112,_ZN7subsdk110sub_2bdaa0Ev!
0x00000000002bdb10,sub_2bdb10,52,_ZN7subsdk110sub_2bdb10Ev!
0x00000000002bdb50,sub_2bdb50,56,_ZN7subsdk110sub_2bdb50Ev!
0x00000000002bdb90,sub_2bdb90,56,_ZN7subsdk110sub_2bdb90Ev!
0x00000000002bdbd0,sub_2bdbd0,56,_ZN7subsdk110sub_2bdbd0Ev!
0x00000000002bdc10,sub_2bdc10,76,_ZN7subsdk125sub_2bdc10_subsdk1_2bdc10Ev!
0x00000000002bdc60,sub_2bdc60,44,_ZN7subsdk110sub_2bdc60Ev!
0x00000000002bdc90,sub_2bdc90,16,_ZN7subsdk110sub_2bdc90Ev!
0x00000000002bdca0,sub_2bdca0,20,_ZN7subsdk110sub_2bdca0Ev!
0x00000000002bdcc0,sub_2bdcc0,20,_ZN7subsdk110sub_2bdcc0Ev!
0x00000000002bdce0,sub_2bdce0,20,_ZN7subsdk110sub_2bdce0Ev!
0x00000000002bdd00,sub_2bdd00,40,_ZN7subsdk110sub_2bdd00Ev!
0x00000000002bdd30,sub_2bdd30,20,_Z16subsdk1_f_2bdd30PvS_
0x00000000002bdd50,sub_2bdd50,20,_ZN7subsdk110sub_2bdd50Ev!
0x00000000002bdd70,sub_2bdd70,20,_ZN7subsdk110sub_2bdd70Ev!
0x00000000002bdd90,sub_2bdd90,20,_ZN7subsdk110sub_2bdd90Ev!
0x00000000002bddb0,sub_2bddb0,20,_ZN7subsdk110sub_2bddb0Ev!
0x00000000002bddd0,sub_2bddd0,20,_ZN7subsdk110sub_2bddd0Ev!
0x00000000002bddf0,sub_2bddf0,12,_Z16subsdk1_f_2bddf0PvS_
0x00000000002bde00,declaration_of_s_conflicts_with_previous_declaration_at,3072,_ZN7subsdk155declaration_of_s_conflicts_with_previous_declaration_atEv!
0x00000000002bea00,declaration_of_s_conflicts_with_previous_declaration_at_2,1824,_ZN7subsdk157declaration_of_s_conflicts_with_previous_declaration_at_2Ev!
0x00000000002bf120,function_s_is_already_defined_at_s_d,2300,_ZN7subsdk136function_s_is_already_defined_at_s_dEv!
0x00000000002bfa20,sub_2bfa20,368,_ZN7subsdk110sub_2bfa20Ev!
0x00000000002bfb90,sub_2bfb90,448,_ZN7subsdk110sub_2bfb90Ev!
0x00000000002bfd50,sub_2bfd50,152,_ZN7subsdk110sub_2bfd50Ev!
0x00000000002bfdf0,sub_2bfdf0,288,_ZN7subsdk110sub_2bfdf0Ev!
0x00000000002bff10,sub_2bff10,420,_ZN7subsdk110sub_2bff10Ev!
0x00000000002c00c0,sub_2c00c0,32,_ZN7subsdk110sub_2c00c0Ev!
0x00000000002c00e0,sub_2c00e0,140,_ZN7subsdk125sub_2c00e0_subsdk1_2c00e0Ev!
0x00000000002c0170,sub_2c0170,772,_ZN7subsdk125sub_2c0170_subsdk1_2c0170Ev!
0x00000000002c0480,sub_2c0480,220,_ZN7subsdk110sub_2c0480Ev!
0x00000000002c0560,sub_2c0560,504,_ZN7subsdk110sub_2c0560Ev!
0x00000000002c0760,sub_2c0760,224,_ZN7subsdk110sub_2c0760Ev!
0x00000000002c0840,sub_2c0840,308,_ZN7subsdk110sub_2c0840Ev!
0x00000000002c0980,sub_2c0980,156,_ZN7subsdk110sub_2c0980Ev!
0x00000000002c0a20,sub_2c0a20,64,_ZN7subsdk110sub_2c0a20Ev!
0x00000000002c0a60,sub_2c0a60,248,_ZN7subsdk110sub_2c0a60Ev!
0x00000000002c0b60,sub_2c0b60,1276,_ZN7subsdk110sub_2c0b60Ev!
0x00000000002c1060,unnamed_13,1052,_ZN7subsdk125unnamed_13_subsdk1_2c1060Ev!
0x00000000002c1480,sub_2c1480,372,_ZN7subsdk110sub_2c1480Ev!
0x00000000002c1600,sub_2c1600,576,_ZN7subsdk110sub_2c1600Ev!
0x00000000002c1840,unnamed_14,460,_ZN7subsdk125unnamed_14_subsdk1_2c1840Ev!
0x00000000002c1a10,sub_2c1a10,924,_ZN7subsdk125sub_2c1a10_subsdk1_2c1a10Ev!
0x00000000002c1db0,sub_2c1db0,608,_ZN7subsdk110sub_2c1db0Ev!
0x00000000002c2010,sub_2c2010,92,_ZN7subsdk110sub_2c2010Ev!
0x00000000002c2070,sub_2c2070,324,_ZN7subsdk110sub_2c2070Ev!
0x00000000002c21c0,sub_2c21c0,404,_ZN7subsdk110sub_2c21c0Ev!
0x00000000002c2360,sub_2c2360,976,_ZN7subsdk110sub_2c2360Ev!
0x00000000002c2730,unnamed_15,612,_ZN7subsdk125unnamed_15_subsdk1_2c2730Ev!
0x00000000002c29a0,sub_2c29a0,792,_ZN7subsdk110sub_2c29a0Ev!
0x00000000002c2cc0,sub_2c2cc0,1324,_ZN7subsdk110sub_2c2cc0Ev!
0x00000000002c31f0,sub_2c31f0,944,_ZN7subsdk110sub_2c31f0Ev!
0x00000000002c35a0,sub_2c35a0,252,_ZN7subsdk110sub_2c35a0Ev!
0x00000000002c36a0,unnamed_16,712,_ZN7subsdk125unnamed_16_subsdk1_2c36a0Ev!
0x00000000002c3970,sub_2c3970,264,_ZN7subsdk110sub_2c3970Ev!
0x00000000002c3a80,sub_2c3a80,8,_Z16subsdk1_f_2c3a80v
0x00000000002c3a90,sub_2c3a90,8,_Z16subsdk1_f_2c3a90v
0x00000000002c3aa0,sub_2c3aa0,4,_Z16subsdk1_f_2c3aa0v
0x00000000002c3ab0,sub_2c3ab0,4,_Z16subsdk1_f_2c3ab0v
0x00000000002c3ac0,sub_2c3ac0,8,_Z16subsdk1_f_2c3ac0mm
0x00000000002c3ad0,sub_2c3ad0,148,_ZN7subsdk110sub_2c3ad0Ev!
0x00000000002c3b70,sub_2c3b70,84,_ZN7subsdk110sub_2c3b70Ev!
0x00000000002c3bd0,sub_2c3bd0,16,_Z16subsdk1_f_2c3bd0Pv
0x00000000002c3be0,sub_2c3be0,36,_ZN7subsdk125sub_2c3be0_subsdk1_2c3be0Ev!
0x00000000002c3c10,sub_2c3c10,92,_ZN7subsdk110sub_2c3c10Ev!
0x00000000002c3c70,sub_2c3c70,288,_ZN7subsdk110sub_2c3c70Ev!
0x00000000002c3d90,sub_2c3d90,72,_ZN7subsdk110sub_2c3d90Ev!
0x00000000002c3de0,Syntax_error_in_s,1228,_ZN7subsdk117Syntax_error_in_sEv!
0x00000000002c42b0,Too_many_arguments_to_macro_s,2460,_ZN7subsdk129Too_many_arguments_to_macro_sEv!
0x00000000002c4c50,sub_2c4c50,300,_ZN7subsdk110sub_2c4c50Ev!
0x00000000002c4d80,include,6044,_ZN7subsdk17includeEv!
0x00000000002c6520,s_cannot_follow_else,1012,_ZN7subsdk120s_cannot_follow_elseEv!
0x00000000002c6920,Syntax_error_in_s_2,256,_ZN7subsdk119Syntax_error_in_s_2Ev!
0x00000000002c6a20,ifndef,408,_ZN7subsdk16ifndefEv!
0x00000000002c6bc0,number_of_arguments,628,_ZN7subsdk119number_of_argumentsEv!
0x00000000002c6e40,sub_2c6e40,348,_ZN7subsdk110sub_2c6e40Ev!
0x00000000002c6fa0,sub_2c6fa0,4,_Z16subsdk1_f_2c6fa0v
0x00000000002c6fb0,sub_2c6fb0,8,_Z16subsdk1_f_2c6fb0v
0x00000000002c6fc0,sub_2c6fc0,8,_Z16subsdk1_f_2c6fc0v
0x00000000002c6fd0,sub_2c6fd0,8,_Z16subsdk1_f_2c6fd0v
0x00000000002c6fe0,OpenGL_ES_doesn_t_support_s_macro_operator,956,_ZN7subsdk142OpenGL_ES_doesn_t_support_s_macro_operatorEv!
0x00000000002c73a0,sub_2c73a0,60,_ZN7subsdk110sub_2c73a0Ev!
0x00000000002c73e0,sub_2c73e0,176,_ZN7subsdk110sub_2c73e0Ev!
0x00000000002c7490,EOF_inside_comment,272,_ZN7subsdk118EOF_inside_commentEv!
0x00000000002c75a0,sub_2c75a0,168,_ZN7subsdk110sub_2c75a0Ev!
0x00000000002c7650,sub_2c7650,44,_ZN7subsdk110sub_2c7650Ev!
0x00000000002c7680,sub_2c7680,4,_Z16subsdk1_f_2c7680v
0x00000000002c7690,sub_2c7690,608,_ZN7subsdk110sub_2c7690Ev!
0x00000000002c78f0,sub_2c78f0,4,_Z16subsdk1_f_2c78f0v
0x00000000002c7900,sub_2c7900,8,_Z16subsdk1_f_2c7900j
0x00000000002c7910,sub_2c7910,8,_Z16subsdk1_f_2c7910j
0x00000000002c7920,sub_2c7920,12,_Z16subsdk1_f_2c7920m
0x00000000002c7930,sub_2c7930,16,_ZN7subsdk110sub_2c7930Ev!
0x00000000002c7940,sub_2c7940,24,_Z16subsdk1_f_2c7940jj
0x00000000002c7960,sub_2c7960,8,_Z16subsdk1_f_2c7960jj
0x00000000002c7970,sub_2c7970,8,_Z16subsdk1_f_2c7970jj
0x00000000002c7980,sub_2c7980,8,_Z16subsdk1_f_2c7980jj
0x00000000002c7990,sub_2c7990,12,_Z16subsdk1_f_2c7990mm
0x00000000002c79a0,sub_2c79a0,12,_Z16subsdk1_f_2c79a0mm
0x00000000002c79b0,sub_2c79b0,12,_Z16subsdk1_f_2c79b0mm
0x00000000002c79c0,sub_2c79c0,12,_Z16subsdk1_f_2c79c0mm
0x00000000002c79d0,sub_2c79d0,12,_Z16subsdk1_f_2c79d0mm
0x00000000002c79e0,sub_2c79e0,12,_Z16subsdk1_f_2c79e0mm
0x00000000002c79f0,sub_2c79f0,8,_ZN7subsdk110sub_2c79f0Ev!
0x00000000002c7a00,sub_2c7a00,8,_ZN7subsdk110sub_2c7a00Ev!
0x00000000002c7a10,sub_2c7a10,8,_Z16subsdk1_f_2c7a10jj
0x00000000002c7a20,sub_2c7a20,8,_Z16subsdk1_f_2c7a20jj
0x00000000002c7a30,sub_2c7a30,8,_Z16subsdk1_f_2c7a30jj
0x00000000002c7a40,sub_2c7a40,8,_ZN7subsdk110sub_2c7a40Ev!
0x00000000002c7a50,sub_2c7a50,12,_ZN7subsdk110sub_2c7a50Ev!
0x00000000002c7a60,sub_2c7a60,764,_ZN7subsdk110sub_2c7a60Ev!
0x00000000002c7d60,sub_2c7d60,228,_ZN7subsdk110sub_2c7d60Ev!
0x00000000002c7e50,sub_2c7e50,80,_ZN7subsdk110sub_2c7e50Ev!
0x00000000002c7ea0,sub_2c7ea0,32,_ZN7subsdk110sub_2c7ea0Ev!
0x00000000002c7ec0,sub_2c7ec0,36,_ZN7subsdk110sub_2c7ec0Ev!
0x00000000002c7ef0,sub_2c7ef0,164,_ZN7subsdk110sub_2c7ef0Ev!
0x00000000002c7fa0,sub_2c7fa0,24,_ZN7subsdk110sub_2c7fa0Ev!
0x00000000002c7fc0,Set_input_primitive_to_patches_of_size_4,188,_ZN7subsdk140Set_input_primitive_to_patches_of_size_4Ev!
0x00000000002c8080,sub_2c8080,156,_ZN7subsdk110sub_2c8080Ev!
0x00000000002c8120,sub_2c8120,16,_ZN7subsdk110sub_2c8120Ev!
0x00000000002c8130,sub_2c8130,224,_ZN7subsdk110sub_2c8130Ev!
0x00000000002c8210,sub_2c8210,36,_ZN7subsdk110sub_2c8210Ev!
0x00000000002c8240,sub_2c8240,276,_ZN7subsdk110sub_2c8240Ev!
0x00000000002c8360,sub_2c8360,312,_ZN7subsdk110sub_2c8360Ev!
0x00000000002c84a0,sub_2c84a0,300,_ZN7subsdk110sub_2c84a0Ev!
0x00000000002c85d0,sub_2c85d0,336,_ZN7subsdk110sub_2c85d0Ev!
0x00000000002c8720,sub_2c8720,224,_ZN7subsdk110sub_2c8720Ev!
0x00000000002c8800,sub_2c8800,488,_ZN7subsdk110sub_2c8800Ev!
0x00000000002c89f0,sub_2c89f0,324,_ZN7subsdk110sub_2c89f0Ev!
0x00000000002c8b40,sub_2c8b40,224,_ZN7subsdk110sub_2c8b40Ev!
0x00000000002c8c20,sub_2c8c20,304,_ZN7subsdk110sub_2c8c20Ev!
0x00000000002c8d50,sub_2c8d50,164,_ZN7subsdk110sub_2c8d50Ev!
0x00000000002c8e00,sub_2c8e00,340,_ZN7subsdk110sub_2c8e00Ev!
0x00000000002c8f60,sub_2c8f60,252,_ZN7subsdk110sub_2c8f60Ev!
0x00000000002c9060,sub_2c9060,224,_ZN7subsdk110sub_2c9060Ev!
0x00000000002c9140,sub_2c9140,224,_ZN7subsdk110sub_2c9140Ev!
0x00000000002c9220,sub_2c9220,404,_ZN7subsdk110sub_2c9220Ev!
0x00000000002c93c0,sub_2c93c0,24,_ZN7subsdk110sub_2c93c0Ev!
0x00000000002c93e0,sub_2c93e0,32,_ZN7subsdk110sub_2c93e0Ev!
0x00000000002c9400,sub_2c9400,224,_ZN7subsdk110sub_2c9400Ev!
0x00000000002c94e0,sub_2c94e0,404,_ZN7subsdk110sub_2c94e0Ev!
0x00000000002c9680,sub_2c9680,224,_ZN7subsdk110sub_2c9680Ev!
0x00000000002c9760,sub_2c9760,224,_ZN7subsdk110sub_2c9760Ev!
0x00000000002c9840,bad_dag_size_d_in_NewNaryDag,168,_ZN7subsdk128bad_dag_size_d_in_NewNaryDagEv!
0x00000000002c98f0,sub_2c98f0,232,_ZN7subsdk110sub_2c98f0Ev!
0x00000000002c99e0,sub_2c99e0,160,_ZN7subsdk110sub_2c99e0Ev!
0x00000000002c9a80,sub_2c9a80,8,_Z16subsdk1_f_2c9a80Pv
0x00000000002c9a90,sub_2c9a90,2532,_ZN7subsdk110sub_2c9a90Ev!
0x00000000002ca480,kill__04d,400,_ZN7subsdk19kill__04dEv!
0x00000000002ca610,tex_04d,796,_ZN7subsdk17tex_04dEv!
0x00000000002ca930,allsamp,232,_ZN7subsdk17allsampEv!
0x00000000002caa20,sub_2caa20,268,_ZN7subsdk110sub_2caa20Ev!
0x00000000002cab30,unhandled_type_category_d_in_CreateDag,1016,_ZN7subsdk138unhandled_type_category_d_in_CreateDagEv!
0x00000000002caf30,sub_2caf30,452,_ZN7subsdk110sub_2caf30Ev!
0x00000000002cb100,s_04d,92,_ZN7subsdk15s_04dEv!
0x00000000002cb160,sub_2cb160,148,_ZN7subsdk110sub_2cb160Ev!
0x00000000002cb200,s_s_s_4,272,_ZN7subsdk122s_s_s_4_subsdk1_2cb200Ev!
0x00000000002cb310,sub_2cb310,180,_ZN7subsdk110sub_2cb310Ev!
0x00000000002cb3d0,unnamed_17,428,_ZN7subsdk125unnamed_17_subsdk1_2cb3d0Ev!
0x00000000002cb580,sub_2cb580,204,_ZN7subsdk125sub_2cb580_subsdk1_2cb580Ev!
0x00000000002cb650,sub_2cb650,36,_ZN7subsdk110sub_2cb650Ev!
0x00000000002cb680,sub_2cb680,316,_ZN7subsdk110sub_2cb680Ev!
0x00000000002cb7c0,address_of__s,420,_ZN7subsdk113address_of__sEv!
0x00000000002cb970,sub_2cb970,84,_ZN7subsdk125sub_2cb970_subsdk1_2cb970Ev!
0x00000000002cb9d0,sub_2cb9d0,620,_ZN7subsdk110sub_2cb9d0Ev!
0x00000000002cbc40,unnamed_18,3744,_ZN7subsdk125unnamed_18_subsdk1_2cbc40Ev!
0x00000000002ccae0,sub_2ccae0,988,_ZN7subsdk110sub_2ccae0Ev!
0x00000000002ccec0,sub_2ccec0,724,_ZN7subsdk110sub_2ccec0Ev!
0x00000000002cd1a0,sub_2cd1a0,396,_ZN7subsdk110sub_2cd1a0Ev!
0x00000000002cd330,unnamed_19,540,_ZN7subsdk125unnamed_19_subsdk1_2cd330Ev!
0x00000000002cd550,sub_2cd550,480,_ZN7subsdk110sub_2cd550Ev!
0x00000000002cd730,sub_2cd730,444,_ZN7subsdk110sub_2cd730Ev!
0x00000000002cd8f0,sub_2cd8f0,132,_ZN7subsdk110sub_2cd8f0Ev!
0x00000000002cd980,sub_2cd980,88,_ZN7subsdk110sub_2cd980Ev!
0x00000000002cd9e0,sub_2cd9e0,436,_ZN7subsdk110sub_2cd9e0Ev!
0x00000000002cdba0,bb_controlflow_3,200,_ZN7subsdk116bb_controlflow_3Ev!
0x00000000002cdc70,sub_2cdc70,68,_ZN7subsdk110sub_2cdc70Ev!
0x00000000002cdcc0,sub_2cdcc0,72,_ZN7subsdk110sub_2cdcc0Ev!
0x00000000002cdd10,sub_2cdd10,712,_ZN7subsdk110sub_2cdd10Ev!
0x00000000002cdfe0,sub_2cdfe0,696,_ZN7subsdk110sub_2cdfe0Ev!
0x00000000002ce2a0,sub_2ce2a0,2336,_ZN7subsdk110sub_2ce2a0Ev!
0x00000000002cebc0,sub_2cebc0,616,_ZN7subsdk110sub_2cebc0Ev!
0x00000000002cee30,sub_2cee30,12,_Z16subsdk1_f_2cee30Pv
0x00000000002cee40,sub_2cee40,12,_Z16subsdk1_f_2cee40Pv
0x00000000002cee50,sub_2cee50,100,_ZN7subsdk110sub_2cee50Ev!
0x00000000002ceec0,tmp_s,436,_ZN7subsdk15tmp_sEv!
0x00000000002cf080,sub_2cf080,88,_ZN7subsdk110sub_2cf080Ev!
0x00000000002cf0e0,sub_2cf0e0,164,_ZN7subsdk110sub_2cf0e0Ev!
0x00000000002cf190,s_d_already_used,2444,_ZN7subsdk116s_d_already_usedEv!
0x00000000002cfb20,sub_2cfb20,76,_ZN7subsdk125sub_2cfb20_subsdk1_2cfb20Ev!
0x00000000002cfb70,sub_2cfb70,264,_ZN7subsdk110sub_2cfb70Ev!
0x00000000002cfc80,sub_2cfc80,60,_ZN7subsdk125sub_2cfc80_subsdk1_2cfc80Ev!
0x00000000002cfcc0,sub_2cfcc0,804,_ZN7subsdk110sub_2cfcc0Ev!
0x00000000002cfff0,sub_2cfff0,48,_ZN7subsdk110sub_2cfff0Ev!
0x00000000002d0020,sub_2d0020,176,_ZN7subsdk110sub_2d0020Ev!
0x00000000002d00d0,sub_2d00d0,376,_ZN7subsdk110sub_2d00d0Ev!
0x00000000002d0250,sub_2d0250,228,_ZN7subsdk125sub_2d0250_subsdk1_2d0250Ev!
0x00000000002d0340,too_many_parameters_in_function_call,11196,_ZN7subsdk136too_many_parameters_in_function_callEv!
0x00000000002d2f00,sub_2d2f00,248,_ZN7subsdk110sub_2d2f00Ev!
0x00000000002d3000,assignment,1028,_ZN7subsdk110assignmentEv!
0x00000000002d3410,sub_2d3410,204,_ZN7subsdk110sub_2d3410Ev!
0x00000000002d34e0,sub_2d34e0,984,_ZN7subsdk110sub_2d34e0Ev!
0x00000000002d38c0,sub_2d38c0,60,_ZN7subsdk110sub_2d38c0Ev!
0x00000000002d3900,sub_2d3900,204,_ZN7subsdk110sub_2d3900Ev!
0x00000000002d39d0,sub_2d39d0,164,_ZN7subsdk110sub_2d39d0Ev!
0x00000000002d3a80,unnamed_20,6908,_ZN7subsdk125unnamed_20_subsdk1_2d3a80Ev!
0x00000000002d5580,sub_2d5580,132,_ZN7subsdk110sub_2d5580Ev!
0x00000000002d5610,sub_2d5610,604,_ZN7subsdk110sub_2d5610Ev!
0x00000000002d5870,sub_2d5870,160,_ZN7subsdk110sub_2d5870Ev!
0x00000000002d5910,sub_2d5910,124,_ZN7subsdk110sub_2d5910Ev!
0x00000000002d5990,sub_2d5990,420,_ZN7subsdk110sub_2d5990Ev!
0x00000000002d5b40,sub_2d5b40,196,_ZN7subsdk125sub_2d5b40_subsdk1_2d5b40Ev!
0x00000000002d5c10,sub_2d5c10,208,_ZN7subsdk110sub_2d5c10Ev!
0x00000000002d5ce0,sub_2d5ce0,188,_ZN7subsdk110sub_2d5ce0Ev!
0x00000000002d5da0,sub_2d5da0,300,_ZN7subsdk110sub_2d5da0Ev!
0x00000000002d5ed0,sub_2d5ed0,468,_ZN7subsdk110sub_2d5ed0Ev!
0x00000000002d60b0,sub_2d60b0,296,_ZN7subsdk125sub_2d60b0_subsdk1_2d60b0Ev!
0x00000000002d61e0,sub_2d61e0,92,_ZN7subsdk110sub_2d61e0Ev!
0x00000000002d6240,sub_2d6240,264,_ZN7subsdk110sub_2d6240Ev!
0x00000000002d6350,sub_2d6350,160,_ZN7subsdk110sub_2d6350Ev!
0x00000000002d63f0,sub_2d63f0,176,_ZN7subsdk110sub_2d63f0Ev!
0x00000000002d64a0,sub_2d64a0,148,_ZN7subsdk110sub_2d64a0Ev!
0x00000000002d6540,sub_2d6540,160,_ZN7subsdk110sub_2d6540Ev!
0x00000000002d65e0,enddebuginfo,224,_ZN7subsdk112enddebuginfoEv!
0x00000000002d66c0,parameter,1040,_ZN7subsdk19parameterEv!
0x00000000002d6ad0,sub_2d6ad0,44,_ZN7subsdk110sub_2d6ad0Ev!
0x00000000002d6b00,sub_2d6b00,476,_ZN7subsdk110sub_2d6b00Ev!
0x00000000002d6ce0,sub_2d6ce0,380,_ZN7subsdk110sub_2d6ce0Ev!
0x00000000002d6e60,sub_2d6e60,376,_ZN7subsdk110sub_2d6e60Ev!
0x00000000002d6fe0,LINE_REFERENCE_FILE,432,_ZN7subsdk119LINE_REFERENCE_FILEEv!
0x00000000002d7190,sMSDB_Scope_d_STDLIB,972,_ZN7subsdk120sMSDB_Scope_d_STDLIBEv!
0x00000000002d7560,STRUCT,624,_ZN7subsdk16STRUCTEv!
0x00000000002d77d0,unnamed_21,2016,_ZN7subsdk125unnamed_21_subsdk1_2d77d0Ev!
0x00000000002d7fb0,sub_2d7fb0,32,_ZN7subsdk110sub_2d7fb0Ev!
0x00000000002d7fd0,sub_2d7fd0,172,_ZN7subsdk110sub_2d7fd0Ev!
0x00000000002d8080,sub_2d8080,8,_Z16subsdk1_f_2d8080Pv
0x00000000002d8090,sub_2d8090,288,_ZN7subsdk110sub_2d8090Ev!
0x00000000002d81b0,file_s,308,_ZN7subsdk16file_sEv!
0x00000000002d82f0,sub_2d82f0,136,_ZN7subsdk110sub_2d82f0Ev!
0x00000000002d8380,SVT_TEXTURECUBEARRAY,2124,_ZN7subsdk120SVT_TEXTURECUBEARRAYEv!
0x00000000002d8bd0,sub_2d8bd0,444,_ZN7subsdk110sub_2d8bd0Ev!
0x00000000002d8d90,sub_2d8d90,260,_ZN7subsdk110sub_2d8d90Ev!
0x00000000002d8ea0,sub_2d8ea0,76,_ZN7subsdk110sub_2d8ea0Ev!
0x00000000002d8ef0,loops_not_visited_in_FIFO_order,76,_ZN7subsdk131loops_not_visited_in_FIFO_orderEv!
0x00000000002d8f40,sub_2d8f40,296,_ZN7subsdk110sub_2d8f40Ev!
0x00000000002d9070,unexpected_expression_in_DUI_foreachId,1700,_ZN7subsdk138unexpected_expression_in_DUI_foreachIdEv!
0x00000000002d9720,sub_2d9720,188,_ZN7subsdk110sub_2d9720Ev!
0x00000000002d97e0,sub_2d97e0,120,_ZN7subsdk110sub_2d97e0Ev!
0x00000000002d9860,sub_2d9860,128,_ZN7subsdk110sub_2d9860Ev!
0x00000000002d98e0,sub_2d98e0,292,_ZN7subsdk125sub_2d98e0_subsdk1_2d98e0Ev!
0x00000000002d9a10,sub_2d9a10,284,_ZN7subsdk110sub_2d9a10Ev!
0x00000000002d9b30,sub_2d9b30,332,_ZN7subsdk110sub_2d9b30Ev!
0x00000000002d9c80,sub_2d9c80,204,_ZN7subsdk110sub_2d9c80Ev!
0x00000000002d9d50,sub_2d9d50,120,_ZN7subsdk110sub_2d9d50Ev!
0x00000000002d9dd0,sub_2d9dd0,136,_ZN7subsdk110sub_2d9dd0Ev!
0x00000000002d9e60,sub_2d9e60,352,_ZN7subsdk110sub_2d9e60Ev!
0x00000000002d9fc0,sub_2d9fc0,1584,_ZN7subsdk110sub_2d9fc0Ev!
0x00000000002da5f0,sub_2da5f0,228,_ZN7subsdk110sub_2da5f0Ev!
0x00000000002da6e0,sub_2da6e0,244,_ZN7subsdk110sub_2da6e0Ev!
0x00000000002da7e0,sub_2da7e0,136,_ZN7subsdk125sub_2da7e0_subsdk1_2da7e0Ev!
0x00000000002da870,sub_2da870,8,_Z16subsdk1_f_2da870v
0x00000000002da880,sub_2da880,588,_ZN7subsdk110sub_2da880Ev!
0x00000000002daad0,sub_2daad0,8,_Z16subsdk1_f_2daad0Pv
0x00000000002daae0,reserved_word,472,_ZN7subsdk113reserved_wordEv!
0x00000000002dacc0,sub_2dacc0,116,_ZN7subsdk110sub_2dacc0Ev!
0x00000000002dad40,d_error_C_04d,368,_ZN7subsdk113d_error_C_04dEv!
0x00000000002daeb0,sub_2daeb0,68,_ZN7subsdk110sub_2daeb0Ev!
0x00000000002daf00,d_warning_C_04d,324,_ZN7subsdk115d_warning_C_04dEv!
0x00000000002db050,d_error_C_04d_2,344,_ZN7subsdk115d_error_C_04d_2Ev!
0x00000000002db1b0,d_error_C_04d_3,280,_ZN7subsdk115d_error_C_04d_3Ev!
0x00000000002db2d0,d_fatal_error_C9999,364,_ZN7subsdk119d_fatal_error_C9999Ev!
0x00000000002db440,malloc_failed_in_s,132,_ZN7subsdk118malloc_failed_in_sEv!
0x00000000002db4d0,sub_2db4d0,16,_Z16subsdk1_f_2db4d0Pvm
0x00000000002db4e0,sub_2db4e0,16,_Z16subsdk1_f_2db4e0Pv
0x00000000002db4f0,sub_2db4f0,116,_ZN7subsdk110sub_2db4f0Ev!
0x00000000002db570,sub_2db570,140,_ZN7subsdk110sub_2db570Ev!
0x00000000002db600,sub_2db600,40,_ZN7subsdk110sub_2db600Ev!
0x00000000002db630,sub_2db630,224,_ZN7subsdk110sub_2db630Ev!
0x00000000002db710,d_warning_C_04d_2,468,_ZN7subsdk117d_warning_C_04d_2Ev!
0x00000000002db8f0,unmatched_s,60,_ZN7subsdk111unmatched_sEv!
0x00000000002db930,texture3D___texture3D_VK,548,_ZN7subsdk124texture3D___texture3D_VKEv!
0x00000000002dbb60,f_32,132,_ZN7subsdk14f_32Ev!
0x00000000002dbbf0,texture3D___texture3D_GL,624,_ZN7subsdk124texture3D___texture3D_GLEv!
0x00000000002dbe60,GL_ARB_shader_subroutine,1536,_ZN7subsdk124GL_ARB_shader_subroutineEv!
0x00000000002dc460,expected_extension_name_action,264,_ZN7subsdk130expected_extension_name_actionEv!
0x00000000002dc570,GL_compatibility_profile,764,_ZN7subsdk124GL_compatibility_profileEv!
0x00000000002dc870,sub_2dc870,76,_ZN7subsdk110sub_2dc870Ev!
0x00000000002dc8c0,sub_2dc8c0,272,_ZN7subsdk110sub_2dc8c0Ev!
0x00000000002dc9d0,sub_2dc9d0,200,_ZN7subsdk110sub_2dc9d0Ev!
0x00000000002dcaa0,sub_2dcaa0,28,_ZN7subsdk110sub_2dcaa0Ev!
0x00000000002dcac0,badly_formed_member_access,648,_ZN7subsdk126badly_formed_member_accessEv!
0x00000000002dcd50,passthrough_geometry_shaders,516,_ZN7subsdk128passthrough_geometry_shadersEv!
0x00000000002dcf60,OES_geometry_shader,1484,_ZN7subsdk119OES_geometry_shaderEv!
0x00000000002dd530,sub_2dd530,176,_ZN7subsdk110sub_2dd530Ev!
0x00000000002dd5e0,sub_2dd5e0,124,_ZN7subsdk110sub_2dd5e0Ev!
0x00000000002dd660,sub_2dd660,580,_ZN7subsdk110sub_2dd660Ev!
0x00000000002dd8b0,sub_2dd8b0,112,_ZN7subsdk110sub_2dd8b0Ev!
0x00000000002dd920,sub_2dd920,704,_ZN7subsdk110sub_2dd920Ev!
0x00000000002ddbe0,Vertices_d,620,_ZN7subsdk110Vertices_dEv!
0x00000000002dde50,sub_2dde50,440,_ZN7subsdk110sub_2dde50Ev!
0x00000000002de010,sub_2de010,84,_ZN7subsdk110sub_2de010Ev!
0x00000000002de070,Vertices_d_2,460,_ZN7subsdk112Vertices_d_2Ev!
0x00000000002de240,sub_2de240,124,_ZN7subsdk110sub_2de240Ev!
0x00000000002de2c0,sub_2de2c0,36,_ZN7subsdk125sub_2de2c0_subsdk1_2de2c0Ev!
0x00000000002de2f0,barrier_in_s,324,_ZN7subsdk112barrier_in_sEv!
0x00000000002de440,sub_2de440,28,_ZN7subsdk125sub_2de440_subsdk1_2de440Ev!
0x00000000002de460,sub_2de460,28,_ZN7subsdk125sub_2de460_subsdk1_2de460Ev!
0x00000000002de480,STREAM,328,_ZN7subsdk16STREAMEv!
0x00000000002de5d0,unnamed_22,496,_ZN7subsdk125unnamed_22_subsdk1_2de5d0Ev!
0x00000000002de7c0,No_semantic_for_s_arg_d,468,_ZN7subsdk123No_semantic_for_s_arg_dEv!
0x00000000002de9a0,Invalid_semantic_s_in_emitVertex,524,_ZN7subsdk132Invalid_semantic_s_in_emitVertexEv!
0x00000000002debb0,sub_2debb0,224,_ZN7subsdk125sub_2debb0_subsdk1_2debb0Ev!
0x00000000002dec90,TRIANGLES_ADJACENCY,524,_ZN7subsdk119TRIANGLES_ADJACENCYEv!
0x00000000002deea0,TRIANGLES_ADJACENCY_2,252,_ZN7subsdk121TRIANGLES_ADJACENCY_2Ev!
0x00000000002defa0,TRIANGLE_STRIP,152,_ZN7subsdk114TRIANGLE_STRIPEv!
0x00000000002df040,gl_PrimitiveID_gl_PatchPrimitiveID,24,_ZN7subsdk134gl_PrimitiveID_gl_PatchPrimitiveIDEv!
0x00000000002df060,gl_PrimitiveID_gl_PatchPrimitiveID_2,80,_ZN7subsdk136gl_PrimitiveID_gl_PatchPrimitiveID_2Ev!
0x00000000002df0b0,gl_TessLevelOuter_gl_TessLevelOuterIn,64,_ZN7subsdk137gl_TessLevelOuter_gl_TessLevelOuterInEv!
0x00000000002df0f0,sub_2df0f0,4,_Z16subsdk1_f_2df0f0v
0x00000000002df100,OES_tessellation_shader,656,_ZN7subsdk123OES_tessellation_shaderEv!
0x00000000002df390,OES_tessellation_shader_2,664,_ZN7subsdk125OES_tessellation_shader_2Ev!
0x00000000002df630,VERTEX,880,_ZN7subsdk16VERTEXEv!
0x00000000002df9a0,VERTEXOUT,1328,_ZN7subsdk19VERTEXOUTEv!
0x00000000002dfed0,sub_2dfed0,152,_ZN7subsdk125sub_2dfed0_subsdk1_2dfed0Ev!
0x00000000002dff70,sub_2dff70,160,_ZN7subsdk125sub_2dff70_subsdk1_2dff70Ev!
0x00000000002e0010,sub_2e0010,456,_ZN7subsdk110sub_2e0010Ev!
0x00000000002e01e0,cannot_locate_suitable_resource_to_bind_variable_s_Possi,616,_ZN7subsdk156cannot_locate_suitable_resource_to_bind_variable_s_PossiEv!
0x00000000002e0450,Multiple_possible_semantics_on_emitVertex_arg_d,192,_ZN7subsdk147Multiple_possible_semantics_on_emitVertex_arg_dEv!
0x00000000002e0510,flatAtrib_s_type_mismatch_with_s_d,476,_ZN7subsdk134flatAtrib_s_type_mismatch_with_s_dEv!
0x00000000002e06f0,sub_2e06f0,88,_ZN7subsdk110sub_2e06f0Ev!
0x00000000002e0750,sub_2e0750,192,_ZN7subsdk125sub_2e0750_subsdk1_2e0750Ev!
0x00000000002e0810,sub_2e0810,460,_ZN7subsdk110sub_2e0810Ev!
0x00000000002e09e0,sub_2e09e0,332,_ZN7subsdk110sub_2e09e0Ev!
0x00000000002e0b30,Stream_number_d_is_invalid,184,_ZN7subsdk126Stream_number_d_is_invalidEv!
0x00000000002e0bf0,sub_2e0bf0,392,_ZN7subsdk110sub_2e0bf0Ev!
0x00000000002e0d80,sub_2e0d80,148,_ZN7subsdk110sub_2e0d80Ev!
0x00000000002e0e20,sub_2e0e20,60,_ZN7subsdk110sub_2e0e20Ev!
0x00000000002e0e60,sub_2e0e60,20,_ZN7subsdk110sub_2e0e60Ev!
0x00000000002e0e80,arbvp1,544,_ZN7subsdk16arbvp1Ev!
0x00000000002e10a0,sub_2e10a0,1772,_ZN7subsdk110sub_2e10a0Ev!
0x00000000002e1790,sub_2e1790,32,_ZN7subsdk110sub_2e1790Ev!
0x00000000002e17b0,sub_2e17b0,8,_Z16subsdk1_f_2e17b0v
0x00000000002e17c0,sub_2e17c0,164,_ZN7subsdk110sub_2e17c0Ev!
0x00000000002e1870,sub_2e1870,344,_ZN7subsdk110sub_2e1870Ev!
0x00000000002e19d0,sub_2e19d0,168,_ZN7subsdk110sub_2e19d0Ev!
0x00000000002e1a80,sub_2e1a80,8,_Z16subsdk1_f_2e1a80v
0x00000000002e1a90,sub_2e1a90,8,_Z16subsdk1_f_2e1a90v
0x00000000002e1aa0,sub_2e1aa0,8,_Z16subsdk1_f_2e1aa0v
0x00000000002e1ab0,sub_2e1ab0,8,_Z16subsdk1_f_2e1ab0v
0x00000000002e1ac0,sub_2e1ac0,172,_ZN7subsdk110sub_2e1ac0Ev!
0x00000000002e1b70,sub_2e1b70,180,_ZN7subsdk110sub_2e1b70Ev!
0x00000000002e1c30,sub_2e1c30,8,_Z16subsdk1_f_2e1c30jj
0x00000000002e1c40,sub_2e1c40,8,_Z16subsdk1_f_2e1c40mPv
0x00000000002e1c50,sub_2e1c50,4,_Z16subsdk1_f_2e1c50v
0x00000000002e1c60,sub_2e1c60,4,_Z16subsdk1_f_2e1c60v
0x00000000002e1c70,sub_2e1c70,4,_Z16subsdk1_f_2e1c70v
0x00000000002e1c80,sub_2e1c80,8,_Z16subsdk1_f_2e1c80v
0x00000000002e1c90,sub_2e1c90,4,_Z16subsdk1_f_2e1c90v
0x00000000002e1ca0,sub_2e1ca0,8,_Z16subsdk1_f_2e1ca0v
0x00000000002e1cb0,sub_2e1cb0,8,_Z16subsdk1_f_2e1cb0v
0x00000000002e1cc0,sub_2e1cc0,268,_ZN7subsdk125sub_2e1cc0_subsdk1_2e1cc0Ev!
0x00000000002e1dd0,sub_2e1dd0,8,_Z16subsdk1_f_2e1dd0mmm
0x00000000002e1de0,sub_2e1de0,428,_ZN7subsdk125sub_2e1de0_subsdk1_2e1de0Ev!
0x00000000002e1f90,sub_2e1f90,8,_Z16subsdk1_f_2e1f90mmm
0x00000000002e1fa0,sub_2e1fa0,4,_Z16subsdk1_f_2e1fa0v
0x00000000002e1fb0,sub_2e1fb0,28,_ZN7subsdk125sub_2e1fb0_subsdk1_2e1fb0Ev!
0x00000000002e1fd0,sub_2e1fd0,8,_Z16subsdk1_f_2e1fd0v
0x00000000002e1fe0,sub_2e1fe0,4,_Z16subsdk1_f_2e1fe0v
0x00000000002e1ff0,min_of_differing_types,3944,_ZN7subsdk122min_of_differing_typesEv!
0x00000000002e2f60,min_of_differing_types_2,5772,_ZN7subsdk124min_of_differing_types_2Ev!
0x00000000002e45f0,sub_2e45f0,8,_Z16subsdk1_f_2e45f0v
0x00000000002e4600,sub_2e4600,8,_Z16subsdk1_f_2e4600v
0x00000000002e4610,sub_2e4610,8,_Z16subsdk1_f_2e4610v
0x00000000002e4620,sub_2e4620,36,_ZN7subsdk110sub_2e4620Ev!
0x00000000002e4650,profile_does_not_support_function_calls,60,_ZN7subsdk139profile_does_not_support_function_callsEv!
0x00000000002e4690,sub_2e4690,8,_Z16subsdk1_f_2e4690v
0x00000000002e46a0,output,5992,_ZN7subsdk16outputEv!
0x00000000002e5e10,state,2168,_ZN7subsdk15stateEv!
0x00000000002e6690,sub_2e6690,4,_Z16subsdk1_f_2e6690v
0x00000000002e66a0,sub_2e66a0,8,_Z16subsdk1_f_2e66a0mmm
0x00000000002e66b0,missing_code_header_function_for_program_profile_s,104,_ZN7subsdk150missing_code_header_function_for_program_profile_sEv!
0x00000000002e6720,ssemantic_3,856,_ZN7subsdk111ssemantic_3Ev!
0x00000000002e6a80,sub_2e6a80,8,_Z16subsdk1_f_2e6a80v
0x00000000002e6a90,sub_2e6a90,4,_Z16subsdk1_f_2e6a90v
0x00000000002e6aa0,sub_2e6aa0,4,_Z16subsdk1_f_2e6aa0v
0x00000000002e6ab0,sub_2e6ab0,4,_Z16subsdk1_f_2e6ab0v
0x00000000002e6ac0,sub_2e6ac0,300,_ZN7subsdk110sub_2e6ac0Ev!
0x00000000002e6bf0,sub_2e6bf0,8,_Z16subsdk1_f_2e6bf0v
0x00000000002e6c00,sub_2e6c00,8,_Z16subsdk1_f_2e6c00v
0x00000000002e6c10,sub_2e6c10,4,_Z16subsdk1_f_2e6c10v
0x00000000002e6c20,sub_2e6c20,8,_Z16subsdk1_f_2e6c20v
0x00000000002e6c30,No_new_code_generator_for_profile_s,60,_ZN7subsdk135No_new_code_generator_for_profile_sEv!
0x00000000002e6c70,sub_2e6c70,4,_Z16subsdk1_f_2e6c70v
0x00000000002e6c80,missing_code_generator_for_program_profile_s,104,_ZN7subsdk144missing_code_generator_for_program_profile_sEv!
0x00000000002e6cf0,sub_2e6cf0,8,_Z16subsdk1_f_2e6cf0v
0x00000000002e6d00,sub_2e6d00,8,_Z16subsdk1_f_2e6d00v
0x00000000002e6d10,sub_2e6d10,16,_Z16subsdk1_f_2e6d10mPv
0x00000000002e6d20,BUFFER_d,100,_ZN7subsdk18BUFFER_dEv!
0x00000000002e6d90,samplers,160,_ZN7subsdk18samplersEv!
0x00000000002e6e30,sub_2e6e30,8,_Z16subsdk1_f_2e6e30v
0x00000000002e6e40,sub_2e6e40,8,_Z16subsdk1_f_2e6e40v
0x00000000002e6e50,sub_2e6e50,24,_Z16subsdk1_f_2e6e50PvS_
0x00000000002e6e70,sub_2e6e70,8,_Z16subsdk1_f_2e6e70v
0x00000000002e6e80,sub_2e6e80,8,_Z16subsdk1_f_2e6e80v
0x00000000002e6e90,sub_2e6e90,8,_Z16subsdk1_f_2e6e90v
0x00000000002e6ea0,sub_2e6ea0,8,_Z16subsdk1_f_2e6ea0v
0x00000000002e6eb0,sub_2e6eb0,8,_Z16subsdk1_f_2e6eb0v
0x00000000002e6ec0,sub_2e6ec0,8,_Z16subsdk1_f_2e6ec0v
0x00000000002e6ed0,sub_2e6ed0,8,_Z16subsdk1_f_2e6ed0v
0x00000000002e6ee0,sub_2e6ee0,8,_Z16subsdk1_f_2e6ee0v
0x00000000002e6ef0,sub_2e6ef0,8,_Z16subsdk1_f_2e6ef0v
0x00000000002e6f00,sub_2e6f00,8,_Z16subsdk1_f_2e6f00v
0x00000000002e6f10,sub_2e6f10,204,_ZN7subsdk110sub_2e6f10Ev!
0x00000000002e6fe0,sub_2e6fe0,8,_Z16subsdk1_f_2e6fe0v
0x00000000002e6ff0,sub_2e6ff0,8,_Z16subsdk1_f_2e6ff0v
0x00000000002e7000,unknown_layout_specifier_s,196,_ZN7subsdk126unknown_layout_specifier_sEv!
0x00000000002e70d0,sub_2e70d0,8,_Z16subsdk1_f_2e70d0v
0x00000000002e70e0,sub_2e70e0,40,_ZN7subsdk110sub_2e70e0Ev!
0x00000000002e7110,sub_2e7110,36,_ZN7subsdk125sub_2e7110_subsdk1_2e7110Ev!
0x00000000002e7140,uniform_storage_blocks_not_allowed,192,_ZN7subsdk134uniform_storage_blocks_not_allowedEv!
0x00000000002e7200,sub_2e7200,8,_Z16subsdk1_f_2e7200mmm
0x00000000002e7210,sub_2e7210,32,_ZN7subsdk125sub_2e7210_subsdk1_2e7210Ev!
0x00000000002e7230,sub_2e7230,8,_ZN7subsdk110sub_2e7230Ev!
0x00000000002e7240,sub_2e7240,8,_ZN7subsdk125sub_2e7240_subsdk1_2e7240Ev!
0x00000000002e7250,sub_2e7250,8,_ZN7subsdk110sub_2e7250Ev!
0x00000000002e7260,sub_2e7260,8,_ZN7subsdk125sub_2e7260_subsdk1_2e7260Ev!
0x00000000002e7270,sub_2e7270,16,_ZN7subsdk110sub_2e7270Ev!
0x00000000002e7280,sub_2e7280,16,_ZN7subsdk125sub_2e7280_subsdk1_2e7280Ev!
0x00000000002e7290,sub_2e7290,16,_ZN7subsdk110sub_2e7290Ev!
0x00000000002e72a0,sub_2e72a0,16,_ZN7subsdk110sub_2e72a0Ev!
0x00000000002e72b0,sub_2e72b0,16,_ZN7subsdk110sub_2e72b0Ev!
0x00000000002e72c0,sub_2e72c0,16,_ZN7subsdk125sub_2e72c0_subsdk1_2e72c0Ev!
0x00000000002e72d0,sub_2e72d0,16,_ZN7subsdk110sub_2e72d0Ev!
0x00000000002e72e0,sub_2e72e0,16,_ZN7subsdk110sub_2e72e0Ev!
0x00000000002e72f0,sub_2e72f0,16,_ZN7subsdk110sub_2e72f0Ev!
0x00000000002e7300,sub_2e7300,4,_Z16subsdk1_f_2e7300v
0x00000000002e7310,bad_number_of_args_d_for_builtin,2140,_ZN7subsdk132bad_number_of_args_d_for_builtinEv!
0x00000000002e7b70,sub_2e7b70,128,_ZN7subsdk110sub_2e7b70Ev!
0x00000000002e7bf0,sub_2e7bf0,4,_Z16subsdk1_f_2e7bf0v
0x00000000002e7c00,sub_2e7c00,8,_Z16subsdk1_f_2e7c00v
0x00000000002e7c10,sub_2e7c10,4,_Z16subsdk1_f_2e7c10v
0x00000000002e7c20,bad_builtin_tex_lookupstyle,132,_ZN7subsdk127bad_builtin_tex_lookupstyleEv!
0x00000000002e7cb0,texlod,3456,_ZN7subsdk16texlodEv!
0x00000000002e8a30,sub_2e8a30,308,_ZN7subsdk110sub_2e8a30Ev!
0x00000000002e8b70,sub_2e8b70,8,_Z16subsdk1_f_2e8b70v
0x00000000002e8b80,sub_2e8b80,4,_Z16subsdk1_f_2e8b80v
0x00000000002e8b90,sub_2e8b90,4,_Z16subsdk1_f_2e8b90v
0x00000000002e8ba0,sub_2e8ba0,8,_Z16subsdk1_f_2e8ba0v
0x00000000002e8bb0,sub_2e8bb0,8,_Z16subsdk1_f_2e8bb0v
0x00000000002e8bc0,sub_2e8bc0,8,_Z16subsdk1_f_2e8bc0v
0x00000000002e8bd0,sub_2e8bd0,8,_Z16subsdk1_f_2e8bd0v
0x00000000002e8be0,sub_2e8be0,248,_ZN7subsdk125sub_2e8be0_subsdk1_2e8be0Ev!
0x00000000002e8ce0,sub_2e8ce0,324,_ZN7subsdk110sub_2e8ce0Ev!
0x00000000002e8e30,sub_2e8e30,4,_Z16subsdk1_f_2e8e30v
0x00000000002e8e40,sub_2e8e40,2556,_ZN7subsdk110sub_2e8e40Ev!
0x00000000002e9840,sub_2e9840,68,_ZN7subsdk125sub_2e9840_subsdk1_2e9840Ev!
0x00000000002e9890,sub_2e9890,200,_ZN7subsdk110sub_2e9890Ev!
0x00000000002e9960,sub_2e9960,32,_ZN7subsdk110sub_2e9960Ev!
0x00000000002e9980,sub_2e9980,32,_ZN7subsdk110sub_2e9980Ev!
0x00000000002e99a0,sub_2e99a0,32,_ZN7subsdk110sub_2e99a0Ev!
0x00000000002e99c0,sub_2e99c0,16,_Z16subsdk1_f_2e99c0Pv
0x00000000002e99d0,sub_2e99d0,344,_ZN7subsdk110sub_2e99d0Ev!
0x00000000002e9b30,multiple_bindings_to_output_semantic_s,524,_ZN7subsdk138multiple_bindings_to_output_semantic_sEv!
0x00000000002e9d40,sub_2e9d40,516,_ZN7subsdk110sub_2e9d40Ev!
0x00000000002e9f50,Integer_varying_s_must_be_flat,300,_ZN7subsdk130Integer_varying_s_must_be_flatEv!
0x00000000002ea080,ES_does_not_allow_greater_than_d_varying_variables,1568,_ZN7subsdk150ES_does_not_allow_greater_than_d_varying_variablesEv!
0x00000000002ea6a0,sub_2ea6a0,104,_ZN7subsdk125sub_2ea6a0_subsdk1_2ea6a0Ev!
0x00000000002ea710,varying,1200,_ZN7subsdk17varyingEv!
0x00000000002eabc0,sub_2eabc0,156,_ZN7subsdk110sub_2eabc0Ev!
0x00000000002eac60,sub_2eac60,92,_ZN7subsdk110sub_2eac60Ev!
0x00000000002eacc0,sub_2eacc0,92,_ZN7subsdk110sub_2eacc0Ev!
0x00000000002ead20,sub_2ead20,84,_ZN7subsdk110sub_2ead20Ev!
0x00000000002ead80,gl_Layer,140,_ZN7subsdk18gl_LayerEv!
0x00000000002eae10,sub_2eae10,80,_ZN7subsdk110sub_2eae10Ev!
0x00000000002eae60,Sampler,1080,_ZN7subsdk17SamplerEv!
0x00000000002eb2a0,s_needs_to_be_a_uniform_global_or_parameter_to_main_s_ca,228,_ZN7subsdk156s_needs_to_be_a_uniform_global_or_parameter_to_main_s_caEv!
0x00000000002eb390,Texture,1472,_ZN7subsdk17TextureEv!
0x00000000002eb950,glstate_vp,168,_ZN7subsdk110glstate_vpEv!
0x00000000002eba00,sub_2eba00,148,_ZN7subsdk110sub_2eba00Ev!
0x00000000002ebaa0,sub_2ebaa0,328,_ZN7subsdk110sub_2ebaa0Ev!
0x00000000002ebbf0,sub_2ebbf0,116,_ZN7subsdk125sub_2ebbf0_subsdk1_2ebbf0Ev!
0x00000000002ebc70,sub_2ebc70,220,_ZN7subsdk110sub_2ebc70Ev!
0x00000000002ebd50,sub_2ebd50,256,_ZN7subsdk110sub_2ebd50Ev!
0x00000000002ebe50,OES_shader_image_atomic,1224,_ZN7subsdk123OES_shader_image_atomicEv!
0x00000000002ec320,sub_2ec320,172,_ZN7subsdk110sub_2ec320Ev!
0x00000000002ec3d0,unnamed_23,1736,_ZN7subsdk125unnamed_23_subsdk1_2ec3d0Ev!
0x00000000002ecaa0,vout,256,_ZN7subsdk14voutEv!
0x00000000002ecba0,sconst_s_d_2,324,_ZN7subsdk112sconst_s_d_2Ev!
0x00000000002eccf0,unnamed_24,788,_ZN7subsdk125unnamed_24_subsdk1_2eccf0Ev!
0x00000000002ed010,sub_2ed010,268,_ZN7subsdk125sub_2ed010_subsdk1_2ed010Ev!
0x00000000002ed120,sub_2ed120,12,_ZN7subsdk110sub_2ed120Ev!
0x00000000002ed130,sub_2ed130,12,_ZN7subsdk110sub_2ed130Ev!
0x00000000002ed140,sub_2ed140,12,_Z16subsdk1_f_2ed140Pvi
0x00000000002ed150,sub_2ed150,12,_Z16subsdk1_f_2ed150Pvim
0x00000000002ed160,sub_2ed160,12,_Z16subsdk1_f_2ed160Pvi
0x00000000002ed170,sub_2ed170,12,_Z16subsdk1_f_2ed170Pvim
0x00000000002ed180,sub_2ed180,12,_Z16subsdk1_f_2ed180Pvi
0x00000000002ed190,sub_2ed190,12,_Z16subsdk1_f_2ed190Pvim
0x00000000002ed1a0,sub_2ed1a0,384,_ZN7subsdk110sub_2ed1a0Ev!
0x00000000002ed320,sub_2ed320,288,_ZN7subsdk110sub_2ed320Ev!
0x00000000002ed440,sub_2ed440,1448,_ZN7subsdk110sub_2ed440Ev!
0x00000000002ed9f0,sub_2ed9f0,280,_ZN7subsdk110sub_2ed9f0Ev!
0x00000000002edb10,sub_2edb10,92,_ZN7subsdk125sub_2edb10_subsdk1_2edb10Ev!
0x00000000002edb70,sub_2edb70,84,_ZN7subsdk110sub_2edb70Ev!
0x00000000002edbd0,sub_2edbd0,200,_ZN7subsdk110sub_2edbd0Ev!
0x00000000002edca0,sub_2edca0,12,_ZN7subsdk110sub_2edca0Ev!
0x00000000002edcb0,sub_2edcb0,20,_ZN7subsdk110sub_2edcb0Ev!
0x00000000002edcd0,sub_2edcd0,52,_ZN7subsdk110sub_2edcd0Ev!
0x00000000002edd10,sub_2edd10,16,_ZN7subsdk125sub_2edd10_subsdk1_2edd10Ev!
0x00000000002edd20,sub_2edd20,24,_ZN7subsdk110sub_2edd20Ev!
0x00000000002edd40,sub_2edd40,56,_ZN7subsdk110sub_2edd40Ev!
0x00000000002edd80,sub_2edd80,16,_ZN7subsdk110sub_2edd80Ev!
0x00000000002edd90,sub_2edd90,24,_ZN7subsdk125sub_2edd90_subsdk1_2edd90Ev!
0x00000000002eddb0,sub_2eddb0,16,_ZN7subsdk110sub_2eddb0Ev!
0x00000000002eddc0,sub_2eddc0,16,_ZN7subsdk110sub_2eddc0Ev!
0x00000000002eddd0,sub_2eddd0,28,_ZN7subsdk110sub_2eddd0Ev!
0x00000000002eddf0,sub_2eddf0,184,_ZN7subsdk110sub_2eddf0Ev!
0x00000000002edeb0,sub_2edeb0,608,_ZN7subsdk110sub_2edeb0Ev!
0x00000000002ee110,sub_2ee110,252,_ZN7subsdk125sub_2ee110_subsdk1_2ee110Ev!
0x00000000002ee210,sub_2ee210,120,_ZN7subsdk125sub_2ee210_subsdk1_2ee210Ev!
0x00000000002ee290,sub_2ee290,124,_ZN7subsdk110sub_2ee290Ev!
0x00000000002ee310,sub_2ee310,8,_Z16subsdk1_f_2ee310Pv
0x00000000002ee320,sub_2ee320,116,_ZN7subsdk110sub_2ee320Ev!
0x00000000002ee3a0,writeonly,2524,_ZN7subsdk19writeonlyEv!
0x00000000002eed80,sub_2eed80,392,_ZN7subsdk110sub_2eed80Ev!
0x00000000002eef10,sub_2eef10,304,_ZN7subsdk125sub_2eef10_subsdk1_2eef10Ev!
0x00000000002ef040,sub_2ef040,168,_ZN7subsdk110sub_2ef040Ev!
0x00000000002ef0f0,sub_2ef0f0,180,_ZN7subsdk110sub_2ef0f0Ev!
0x00000000002ef1b0,sub_2ef1b0,752,_ZN7subsdk110sub_2ef1b0Ev!
0x00000000002ef4a0,sub_2ef4a0,384,_ZN7subsdk110sub_2ef4a0Ev!
0x00000000002ef620,sub_2ef620,120,_ZN7subsdk110sub_2ef620Ev!
0x00000000002ef6a0,use_of_sequence_to_initialize_a_const_variable,1296,_ZN7subsdk146use_of_sequence_to_initialize_a_const_variableEv!
0x00000000002efbb0,too_much_data_in_type_constructor_2,784,_ZN7subsdk135too_much_data_in_type_constructor_2Ev!
0x00000000002efec0,too_much_data_in_type_constructor_3,520,_ZN7subsdk135too_much_data_in_type_constructor_3Ev!
0x00000000002f00d0,sub_2f00d0,304,_ZN7subsdk125sub_2f00d0_subsdk1_2f00d0Ev!
0x00000000002f0200,ARB_separate_shader_objects,12652,_ZN7subsdk127ARB_separate_shader_objectsEv!
0x00000000002f3370,invalid_operands_to_s_5,668,_ZN7subsdk123invalid_operands_to_s_5Ev!
0x00000000002f3610,EXT_gpu_shader4_2,4424,_ZN7subsdk117EXT_gpu_shader4_2Ev!
0x00000000002f4760,sub_2f4760,348,_ZN7subsdk110sub_2f4760Ev!
0x00000000002f48c0,sub_2f48c0,16,_ZN7subsdk110sub_2f48c0Ev!
0x00000000002f48d0,sub_2f48d0,164,_ZN7subsdk110sub_2f48d0Ev!
0x00000000002f4980,sub_2f4980,68,_ZN7subsdk110sub_2f4980Ev!
0x00000000002f49d0,sub_2f49d0,340,_ZN7subsdk110sub_2f49d0Ev!
0x00000000002f4b30,sub_2f4b30,180,_ZN7subsdk110sub_2f4b30Ev!
0x00000000002f4bf0,sub_2f4bf0,636,_ZN7subsdk110sub_2f4bf0Ev!
0x00000000002f4e70,sub_2f4e70,408,_ZN7subsdk125sub_2f4e70_subsdk1_2f4e70Ev!
0x00000000002f5010,sub_2f5010,52,_ZN7subsdk125sub_2f5010_subsdk1_2f5010Ev!
0x00000000002f5050,endInvocationInterlock,332,_ZN7subsdk122endInvocationInterlockEv!
0x00000000002f51a0,sub_2f51a0,272,_ZN7subsdk110sub_2f51a0Ev!
0x00000000002f52b0,Invalid_use_of_subroutine_uniform_s,220,_ZN7subsdk135Invalid_use_of_subroutine_uniform_sEv!
0x00000000002f5390,sub_2f5390,176,_ZN7subsdk110sub_2f5390Ev!
0x00000000002f5440,sub_2f5440,284,_ZN7subsdk125sub_2f5440_subsdk1_2f5440Ev!
0x00000000002f5560,sub_2f5560,240,_ZN7subsdk110sub_2f5560Ev!
0x00000000002f5650,sub_2f5650,292,_ZN7subsdk110sub_2f5650Ev!
0x00000000002f5780,unnamed_25,3496,_ZN7subsdk125unnamed_25_subsdk1_2f5780Ev!
0x00000000002f6530,sub_2f6530,60,_ZN7subsdk110sub_2f6530Ev!
0x00000000002f6570,sub_2f6570,92,_ZN7subsdk110sub_2f6570Ev!
0x00000000002f65d0,sub_2f65d0,264,_ZN7subsdk110sub_2f65d0Ev!
0x00000000002f66e0,sub_2f66e0,592,_ZN7subsdk110sub_2f66e0Ev!
0x00000000002f6930,sub_2f6930,592,_ZN7subsdk110sub_2f6930Ev!
0x00000000002f6b80,sub_2f6b80,196,_ZN7subsdk110sub_2f6b80Ev!
0x00000000002f6c50,too_much_data_in_type_constructor_4,444,_ZN7subsdk135too_much_data_in_type_constructor_4Ev!
0x00000000002f6e10,sub_2f6e10,592,_ZN7subsdk110sub_2f6e10Ev!
0x00000000002f7060,sub_2f7060,640,_ZN7subsdk110sub_2f7060Ev!
0x00000000002f72e0,sub_2f72e0,304,_ZN7subsdk110sub_2f72e0Ev!
0x00000000002f7410,sub_2f7410,132,_ZN7subsdk110sub_2f7410Ev!
0x00000000002f74a0,sub_2f74a0,308,_ZN7subsdk110sub_2f74a0Ev!
0x00000000002f75e0,sub_2f75e0,524,_ZN7subsdk110sub_2f75e0Ev!
0x00000000002f77f0,sub_2f77f0,136,_ZN7subsdk110sub_2f77f0Ev!
0x00000000002f7880,sub_2f7880,208,_ZN7subsdk110sub_2f7880Ev!
0x00000000002f7950,sub_2f7950,528,_ZN7subsdk125sub_2f7950_subsdk1_2f7950Ev!
0x00000000002f7b60,sub_2f7b60,84,_ZN7subsdk110sub_2f7b60Ev!
0x00000000002f7bc0,sub_2f7bc0,116,_ZN7subsdk110sub_2f7bc0Ev!
0x00000000002f7c40,sub_2f7c40,164,_ZN7subsdk125sub_2f7c40_subsdk1_2f7c40Ev!
0x00000000002f7cf0,sub_2f7cf0,696,_ZN7subsdk110sub_2f7cf0Ev!
0x00000000002f7fb0,sub_2f7fb0,44,_ZN7subsdk110sub_2f7fb0Ev!
0x00000000002f7fe0,sub_2f7fe0,64,_ZN7subsdk110sub_2f7fe0Ev!
0x00000000002f8020,sub_2f8020,228,_ZN7subsdk110sub_2f8020Ev!
0x00000000002f8110,undefined_variable_s,380,_ZN7subsdk120undefined_variable_sEv!
0x00000000002f8290,sub_2f8290,140,_ZN7subsdk110sub_2f8290Ev!
0x00000000002f8320,sub_2f8320,628,_ZN7subsdk110sub_2f8320Ev!
0x00000000002f85a0,atomicCompSwap,1908,_ZN7subsdk114atomicCompSwapEv!
0x00000000002f8d20,only_applies_to_pointers,1264,_ZN7subsdk124only_applies_to_pointersEv!
0x00000000002f9210,sub_2f9210,68,_ZN7subsdk110sub_2f9210Ev!
0x00000000002f9260,sub_2f9260,64,_ZN7subsdk110sub_2f9260Ev!
0x00000000002f92a0,sub_2f92a0,124,_ZN7subsdk110sub_2f92a0Ev!
0x00000000002f9320,sub_2f9320,396,_ZN7subsdk125sub_2f9320_subsdk1_2f9320Ev!
0x00000000002f94b0,sub_2f94b0,64,_ZN7subsdk110sub_2f94b0Ev!
0x00000000002f94f0,sub_2f94f0,376,_ZN7subsdk110sub_2f94f0Ev!
0x00000000002f9670,sub_2f9670,108,_ZN7subsdk110sub_2f9670Ev!
0x00000000002f96e0,sub_2f96e0,208,_ZN7subsdk110sub_2f96e0Ev!
0x00000000002f97b0,sub_2f97b0,204,_ZN7subsdk110sub_2f97b0Ev!
0x00000000002f9880,sub_2f9880,256,_ZN7subsdk110sub_2f9880Ev!
0x00000000002f9980,sub_2f9980,360,_ZN7subsdk110sub_2f9980Ev!
0x00000000002f9af0,sub_2f9af0,336,_ZN7subsdk110sub_2f9af0Ev!
0x00000000002f9c40,sub_2f9c40,24,_ZN7subsdk110sub_2f9c40Ev!
0x00000000002f9c60,sub_2f9c60,148,_ZN7subsdk110sub_2f9c60Ev!
0x00000000002f9d00,sub_2f9d00,108,_ZN7subsdk110sub_2f9d00Ev!
0x00000000002f9d70,sub_2f9d70,28,_Z16subsdk1_f_2f9d70mPv
0x00000000002f9d90,sub_2f9d90,532,_ZN7subsdk110sub_2f9d90Ev!
0x00000000002f9fb0,sub_2f9fb0,60,_ZN7subsdk110sub_2f9fb0Ev!
0x00000000002f9ff0,sub_2f9ff0,388,_ZN7subsdk110sub_2f9ff0Ev!
0x00000000002fa180,sub_2fa180,64,_ZN7subsdk110sub_2fa180Ev!
0x00000000002fa1c0,sub_2fa1c0,64,_ZN7subsdk110sub_2fa1c0Ev!
0x00000000002fa200,sub_2fa200,412,_ZN7subsdk110sub_2fa200Ev!
0x00000000002fa3a0,sub_2fa3a0,64,_ZN7subsdk110sub_2fa3a0Ev!
0x00000000002fa3e0,sub_2fa3e0,116,_ZN7subsdk125sub_2fa3e0_subsdk1_2fa3e0Ev!
0x00000000002fa460,sub_2fa460,64,_ZN7subsdk110sub_2fa460Ev!
0x00000000002fa4a0,sub_2fa4a0,236,_ZN7subsdk125sub_2fa4a0_subsdk1_2fa4a0Ev!
0x00000000002fa590,sub_2fa590,44,_ZN7subsdk125sub_2fa590_subsdk1_2fa590Ev!
0x00000000002fa5c0,sub_2fa5c0,552,_ZN7subsdk110sub_2fa5c0Ev!
0x00000000002fa7f0,sub_2fa7f0,236,_ZN7subsdk110sub_2fa7f0Ev!
0x00000000002fa8e0,sub_2fa8e0,124,_ZN7subsdk110sub_2fa8e0Ev!
0x00000000002fa960,sub_2fa960,44,_ZN7subsdk110sub_2fa960Ev!
0x00000000002fa990,sub_2fa990,268,_ZN7subsdk110sub_2fa990Ev!
0x00000000002faaa0,OpenGL_does_not_allow_C_style_casts,100,_ZN7subsdk135OpenGL_does_not_allow_C_style_castsEv!
0x00000000002fab10,sub_2fab10,448,_ZN7subsdk125sub_2fab10_subsdk1_2fab10Ev!
0x00000000002facd0,sub_2facd0,264,_ZN7subsdk110sub_2facd0Ev!
0x00000000002fade0,sub_2fade0,268,_ZN7subsdk110sub_2fade0Ev!
0x00000000002faef0,sub_2faef0,268,_ZN7subsdk110sub_2faef0Ev!
0x00000000002fb000,sub_2fb000,1112,_ZN7subsdk110sub_2fb000Ev!
0x00000000002fb460,sub_2fb460,272,_ZN7subsdk110sub_2fb460Ev!
0x00000000002fb570,sub_2fb570,272,_ZN7subsdk125sub_2fb570_subsdk1_2fb570Ev!
0x00000000002fb680,sub_2fb680,320,_ZN7subsdk110sub_2fb680Ev!
0x00000000002fb7c0,sub_2fb7c0,784,_ZN7subsdk110sub_2fb7c0Ev!
0x00000000002fbad0,sub_2fbad0,304,_ZN7subsdk110sub_2fbad0Ev!
0x00000000002fbc00,too_much_data_in_type_constructor_5,444,_ZN7subsdk135too_much_data_in_type_constructor_5Ev!
0x00000000002fbdc0,sub_2fbdc0,160,_ZN7subsdk110sub_2fbdc0Ev!
0x00000000002fbe60,sub_2fbe60,248,_ZN7subsdk125sub_2fbe60_subsdk1_2fbe60Ev!
0x00000000002fbf60,sub_2fbf60,248,_ZN7subsdk110sub_2fbf60Ev!
0x00000000002fc060,sub_2fc060,172,_ZN7subsdk110sub_2fc060Ev!
0x00000000002fc110,sub_2fc110,276,_ZN7subsdk125sub_2fc110_subsdk1_2fc110Ev!
0x00000000002fc230,swizzle_too_long_s,824,_ZN7subsdk118swizzle_too_long_sEv!
0x00000000002fc570,swizzle_too_long_s_2,1568,_ZN7subsdk120swizzle_too_long_s_2Ev!
0x00000000002fcb90,sub_2fcb90,408,_ZN7subsdk110sub_2fcb90Ev!
0x00000000002fcd30,sub_2fcd30,316,_ZN7subsdk110sub_2fcd30Ev!
0x00000000002fce70,sub_2fce70,332,_ZN7subsdk110sub_2fce70Ev!
0x00000000002fcfc0,sub_2fcfc0,12,_ZN7subsdk110sub_2fcfc0Ev!
0x00000000002fcfd0,sub_2fcfd0,180,_ZN7subsdk110sub_2fcfd0Ev!
0x00000000002fd090,sub_2fd090,28,_ZN7subsdk110sub_2fd090Ev!
0x00000000002fd0b0,sub_2fd0b0,32,_ZN7subsdk110sub_2fd0b0Ev!
0x00000000002fd0d0,sub_2fd0d0,100,_ZN7subsdk125sub_2fd0d0_subsdk1_2fd0d0Ev!
0x00000000002fd140,sub_2fd140,52,_ZN7subsdk110sub_2fd140Ev!
0x00000000002fd180,sub_2fd180,640,_ZN7subsdk110sub_2fd180Ev!
0x00000000002fd400,sub_2fd400,216,_ZN7subsdk110sub_2fd400Ev!
0x00000000002fd4e0,sub_2fd4e0,888,_ZN7subsdk110sub_2fd4e0Ev!
0x00000000002fd860,sub_2fd860,84,_ZN7subsdk110sub_2fd860Ev!
0x00000000002fd8c0,sub_2fd8c0,200,_ZN7subsdk110sub_2fd8c0Ev!
0x00000000002fd990,sub_2fd990,268,_ZN7subsdk110sub_2fd990Ev!
0x00000000002fdaa0,sub_2fdaa0,1496,_ZN7subsdk110sub_2fdaa0Ev!
0x00000000002fe080,fn_s,2564,_ZN7subsdk14fn_sEv!
0x00000000002fea90,sub_2fea90,272,_ZN7subsdk125sub_2fea90_subsdk1_2fea90Ev!
0x00000000002feba0,sub_2feba0,112,_ZN7subsdk110sub_2feba0Ev!
0x00000000002fec10,sub_2fec10,828,_ZN7subsdk110sub_2fec10Ev!
0x00000000002fef50,sub_2fef50,696,_ZN7subsdk125sub_2fef50_subsdk1_2fef50Ev!
0x00000000002ff210,Can_t_convert_to_expr_s,4804,_ZN7subsdk123Can_t_convert_to_expr_sEv!
0x00000000003004e0,sub_3004e0,264,_ZN7subsdk110sub_3004e0Ev!
0x00000000003005f0,sub_3005f0,172,_ZN7subsdk110sub_3005f0Ev!
0x00000000003006a0,sub_3006a0,300,_ZN7subsdk110sub_3006a0Ev!
0x00000000003007d0,sub_3007d0,440,_ZN7subsdk125sub_3007d0_subsdk1_3007d0Ev!
0x0000000000300990,sub_300990,16,_ZN7subsdk110sub_300990Ev!
0x00000000003009a0,sub_3009a0,108,_ZN7subsdk110sub_3009a0Ev!
0x0000000000300a10,sub_300a10,248,_ZN7subsdk110sub_300a10Ev!
0x0000000000300b10,bogus_code_p,1860,_ZN7subsdk112bogus_code_pEv!
0x0000000000301260,sub_301260,124,_ZN7subsdk110sub_301260Ev!
0x00000000003012e0,sub_3012e0,136,_ZN7subsdk110sub_3012e0Ev!
0x0000000000301370,interfaceNV,2024,_ZN7subsdk111interfaceNVEv!
0x0000000000301b60,sub_301b60,96,_ZN7subsdk110sub_301b60Ev!
0x0000000000301bc0,bogus_scope_p,328,_ZN7subsdk113bogus_scope_pEv!
0x0000000000301d10,typedef_fn,1980,_ZN7subsdk110typedef_fnEv!
0x00000000003024d0,sub_3024d0,16,_ZN7subsdk110sub_3024d0Ev!
0x00000000003024e0,sub_3024e0,16,_Z16subsdk1_f_3024e0PvS_
0x00000000003024f0,sub_3024f0,324,_ZN7subsdk110sub_3024f0Ev!
0x0000000000302640,sub_302640,260,_ZN7subsdk125sub_302640_subsdk1_302640Ev!
0x0000000000302750,sub_302750,160,_ZN7subsdk110sub_302750Ev!
0x00000000003027f0,sub_3027f0,100,_ZN7subsdk110sub_3027f0Ev!
0x0000000000302860,sub_302860,292,_ZN7subsdk110sub_302860Ev!
0x0000000000302990,sub_302990,40,_ZN7subsdk110sub_302990Ev!
0x00000000003029c0,sub_3029c0,84,_ZN7subsdk110sub_3029c0Ev!
0x0000000000302a20,sub_302a20,52,_ZN7subsdk125sub_302a20_subsdk1_302a20Ev!
0x0000000000302a60,s__d,664,_ZN7subsdk14s__dEv!
0x0000000000302d00,sub_302d00,148,_ZN7subsdk110sub_302d00Ev!
0x0000000000302da0,sub_302da0,124,_ZN7subsdk110sub_302da0Ev!
0x0000000000302e20,sub_302e20,180,_ZN7subsdk110sub_302e20Ev!
0x0000000000302ee0,sub_302ee0,68,_ZN7subsdk110sub_302ee0Ev!
0x0000000000302f30,sub_302f30,192,_ZN7subsdk110sub_302f30Ev!
0x0000000000302ff0,sub_302ff0,88,_ZN7subsdk110sub_302ff0Ev!
0x0000000000303050,sub_303050,24,_ZN7subsdk110sub_303050Ev!
0x0000000000303070,sub_303070,96,_ZN7subsdk110sub_303070Ev!
0x00000000003030d0,sub_3030d0,540,_ZN7subsdk125sub_3030d0_subsdk1_3030d0Ev!
0x00000000003032f0,unnamed_26,308,_ZN7subsdk125unnamed_26_subsdk1_3032f0Ev!
0x0000000000303430,xfb_buffer,132,_ZN7subsdk110xfb_bufferEv!
0x00000000003034c0,xfb_stride,184,_ZN7subsdk110xfb_strideEv!
0x0000000000303580,xfb_offset,112,_ZN7subsdk110xfb_offsetEv!
0x00000000003035f0,EXT_bindless_texture,2388,_ZN7subsdk120EXT_bindless_textureEv!
0x0000000000303f50,sub_303f50,220,_ZN7subsdk110sub_303f50Ev!
0x0000000000304030,sub_304030,116,_ZN7subsdk110sub_304030Ev!
0x00000000003040b0,sub_3040b0,52,_ZN7subsdk110sub_3040b0Ev!
0x00000000003040f0,sub_3040f0,180,_ZN7subsdk110sub_3040f0Ev!
0x00000000003041b0,sub_3041b0,60,_ZN7subsdk110sub_3041b0Ev!
0x00000000003041f0,noperspective,652,_ZN7subsdk113noperspectiveEv!
0x0000000000304480,stdlib_gl__variables_are_not_accessible,176,_ZN7subsdk139stdlib_gl__variables_are_not_accessibleEv!
0x0000000000304530,AMD_vertex_shader_viewport_index,4200,_ZN7subsdk132AMD_vertex_shader_viewport_indexEv!
0x00000000003055a0,sub_3055a0,28,_ZN7subsdk110sub_3055a0Ev!
0x00000000003055c0,storage_class_conflicts_with_previous_declaration_of_s,868,_ZN7subsdk154storage_class_conflicts_with_previous_declaration_of_sEv!
0x0000000000305930,the_name_s_is_already_defined_at_s_d,1080,_ZN7subsdk136the_name_s_is_already_defined_at_s_dEv!
0x0000000000305d70,binding,764,_ZN7subsdk17bindingEv!
0x0000000000306070,sub_306070,56,_ZN7subsdk110sub_306070Ev!
0x00000000003060b0,ATTR_d,252,_ZN7subsdk16ATTR_dEv!
0x00000000003061b0,ATTR_d_2,208,_ZN7subsdk18ATTR_d_2Ev!
0x0000000000306280,IMAGE_d,480,_ZN7subsdk17IMAGE_dEv!
0x0000000000306460,location,556,_ZN7subsdk18locationEv!
0x0000000000306690,location_d_component_d_already_used,508,_ZN7subsdk135location_d_component_d_already_usedEv!
0x0000000000306890,cannot_fit_s_starting_from_component_d,788,_ZN7subsdk138cannot_fit_s_starting_from_component_dEv!
0x0000000000306bb0,component,1912,_ZN7subsdk19componentEv!
0x0000000000307330,s_d_already_used_2,304,_ZN7subsdk118s_d_already_used_2Ev!
0x0000000000307460,sub_307460,236,_ZN7subsdk110sub_307460Ev!
0x0000000000307550,location_2,224,_ZN7subsdk110location_2Ev!
0x0000000000307630,sub_307630,28,_ZN7subsdk110sub_307630Ev!
0x0000000000307650,interfaceNV_2,2192,_ZN7subsdk113interfaceNV_2Ev!
0x0000000000307ee0,sub_307ee0,188,_ZN7subsdk125sub_307ee0_subsdk1_307ee0Ev!
0x0000000000307fa0,sub_307fa0,160,_ZN7subsdk110sub_307fa0Ev!
0x0000000000308040,sub_308040,156,_ZN7subsdk110sub_308040Ev!
0x00000000003080e0,syntax_error_at_token_s,236,_ZN7subsdk123syntax_error_at_token_sEv!
0x00000000003081d0,function_s_has_no_statements,596,_ZN7subsdk128function_s_has_no_statementsEv!
0x0000000000308430,sub_308430,112,_ZN7subsdk110sub_308430Ev!
0x00000000003084a0,sub_3084a0,140,_ZN7subsdk110sub_3084a0Ev!
0x0000000000308530,no_program_defined_2,664,_ZN7subsdk120no_program_defined_2Ev!
0x00000000003087d0,sub_3087d0,604,_ZN7subsdk125sub_3087d0_subsdk1_3087d0Ev!
0x0000000000308a30,uniform,464,_ZN7subsdk17uniformEv!
0x0000000000308c00,fn_s_2,1132,_ZN7subsdk16fn_s_2Ev!
0x0000000000309070,ES_requires_precision_specifier_on_this_s_type_there_is,584,_ZN7subsdk155ES_requires_precision_specifier_on_this_s_type_there_isEv!
0x00000000003092c0,s_is_not_a_valid_scoping_prefix,128,_ZN7subsdk131s_is_not_a_valid_scoping_prefixEv!
0x0000000000309340,syntax_error_at_token_s_2,252,_ZN7subsdk125syntax_error_at_token_s_2Ev!
0x0000000000309440,sub_309440,108,_ZN7subsdk110sub_309440Ev!
0x00000000003094b0,struct_fn,3116,_ZN7subsdk124struct_fn_subsdk1_3094b0Ev!
0x000000000030a0e0,sub_30a0e0,156,_ZN7subsdk110sub_30a0e0Ev!
0x000000000030a180,OES_texture_storage_multisample_2d_array,8376,_ZN7subsdk140OES_texture_storage_multisample_2d_arrayEv!
0x000000000030c240,sub_30c240,300,_ZN7subsdk110sub_30c240Ev!
0x000000000030c370,qualifier_s_cannot_apply_to_this_type,204,_ZN7subsdk137qualifier_s_cannot_apply_to_this_typeEv!
0x000000000030c440,unsized_array_type_not_allowed_s,296,_ZN7subsdk132unsized_array_type_not_allowed_sEv!
0x000000000030c570,sub_30c570,116,_ZN7subsdk110sub_30c570Ev!
0x000000000030c5f0,atomic_uint,14036,_ZN7subsdk111atomic_uintEv!
0x000000000030fcd0,svec_d,2712,_ZN7subsdk16svec_dEv!
0x0000000000310770,sub_310770,344,_ZN7subsdk110sub_310770Ev!
0x00000000003108d0,sub_3108d0,368,_ZN7subsdk110sub_3108d0Ev!
0x0000000000310a40,sub_310a40,316,_ZN7subsdk110sub_310a40Ev!
0x0000000000310b80,sub_310b80,372,_ZN7subsdk110sub_310b80Ev!
0x0000000000310d00,TMP_d,252,_ZN7subsdk15TMP_dEv!
0x0000000000310e00,invariant,1036,_ZN7subsdk19invariantEv!
0x0000000000311210,OES_texture_storage_multisample_2d_array_2,996,_ZN7subsdk142OES_texture_storage_multisample_2d_array_2Ev!
0x0000000000311600,ReuseSymbolTable_Current_scope_dirty,64,_ZN7subsdk136ReuseSymbolTable_Current_scope_dirtyEv!
0x0000000000311640,OpenGL_does_not_allow_Cg_style_annotations,60,_ZN7subsdk142OpenGL_does_not_allow_Cg_style_annotationsEv!
0x0000000000311680,sub_311680,12,_ZN7subsdk110sub_311680Ev!
0x0000000000311690,No_variable_named_s,360,_ZN7subsdk119No_variable_named_sEv!
0x0000000000311800,sub_311800,8,_ZN7subsdk110sub_311800Ev!
0x0000000000311810,sub_311810,60,_ZN7subsdk110sub_311810Ev!
0x0000000000311850,unnamed_27,456,_ZN7subsdk125unnamed_27_subsdk1_311850Ev!
0x0000000000311a20,noperspective_2,392,_ZN7subsdk115noperspective_2Ev!
0x0000000000311bb0,overload,700,_ZN7subsdk18overloadEv!
0x0000000000311e70,subroutineEXT,268,_ZN7subsdk113subroutineEXTEv!
0x0000000000311f80,r11f_g11f_b10f,740,_ZN7subsdk114r11f_g11f_b10fEv!
0x0000000000312270,sub_312270,28,_ZN7subsdk110sub_312270Ev!
0x0000000000312290,NV_stereo_view_rendering_11,2228,_ZN7subsdk127NV_stereo_view_rendering_11Ev!
0x0000000000312b50,NV_shader_buffer_load_5,196,_ZN7subsdk123NV_shader_buffer_load_5Ev!
0x0000000000312c20,unrecognized_profile_specifier_s,240,_ZN7subsdk132unrecognized_profile_specifier_sEv!
0x0000000000312d10,EXT_gpu_shader5,1280,_ZN7subsdk115EXT_gpu_shader5Ev!
0x0000000000313210,OpenGL_does_not_allow_Cg_style_semantics,224,_ZN7subsdk140OpenGL_does_not_allow_Cg_style_semanticsEv!
0x00000000003132f0,sub_3132f0,128,_ZN7subsdk125sub_3132f0_subsdk1_3132f0Ev!
0x0000000000313370,storage_class_specified_twice,312,_ZN7subsdk129storage_class_specified_twiceEv!
0x00000000003134b0,sub_3134b0,24,_ZN7subsdk110sub_3134b0Ev!
0x00000000003134d0,syntax_valid_only_on_multi_sample_textures,84,_ZN7subsdk142syntax_valid_only_on_multi_sample_texturesEv!
0x0000000000313530,subroutine,200,_ZN7subsdk110subroutineEv!
0x0000000000313600,sub_313600,112,_ZN7subsdk110sub_313600Ev!
0x0000000000313670,repeated_type_attribute,116,_ZN7subsdk123repeated_type_attributeEv!
0x00000000003136f0,sub_3136f0,164,_ZN7subsdk110sub_3136f0Ev!
0x00000000003137a0,precision_specifier_with_invalid_type,692,_ZN7subsdk137precision_specifier_with_invalid_typeEv!
0x0000000000313a60,sub_313a60,72,_ZN7subsdk110sub_313a60Ev!
0x0000000000313ab0,qualifier_s_cannot_apply_to_this_type_2,496,_ZN7subsdk139qualifier_s_cannot_apply_to_this_type_2Ev!
0x0000000000313ca0,sub_313ca0,532,_ZN7subsdk110sub_313ca0Ev!
0x0000000000313ec0,unnamed_28,764,_ZN7subsdk125unnamed_28_subsdk1_313ec0Ev!
0x00000000003141c0,the_name_s_is_already_defined_at_s_d_2,1316,_ZN7subsdk138the_name_s_is_already_defined_at_s_d_2Ev!
0x00000000003146f0,or_extension_GL__s_enable,824,_ZN7subsdk125or_extension_GL__s_enableEv!
0x0000000000314a30,xfb_buffer_2,2352,_ZN7subsdk112xfb_buffer_2Ev!
0x0000000000315360,location_qualifier_on_builtins,920,_ZN7subsdk130location_qualifier_on_builtinsEv!
0x0000000000315700,sub_315700,92,_ZN7subsdk125sub_315700_subsdk1_315700Ev!
0x0000000000315760,non_constant_expression_in_layout_value,280,_ZN7subsdk139non_constant_expression_in_layout_valueEv!
0x0000000000315880,sub_315880,148,_ZN7subsdk110sub_315880Ev!
0x0000000000315920,ARB_shader_atomic_counters,144,_ZN7subsdk126ARB_shader_atomic_countersEv!
0x00000000003159b0,ARB_shading_language_420pack,144,_ZN7subsdk128ARB_shading_language_420packEv!
0x0000000000315a40,ARB_shading_language_420pack_2,144,_ZN7subsdk130ARB_shading_language_420pack_2Ev!
0x0000000000315ad0,NV_uniform_buffer_object,1520,_ZN7subsdk124NV_uniform_buffer_objectEv!
0x00000000003160c0,output_layout_qualifiers_supported_above_GL_version_d,1100,_ZN7subsdk153output_layout_qualifiers_supported_above_GL_version_dEv!
0x0000000000316510,ARB_shader_atomic_counters_2,1284,_ZN7subsdk128ARB_shader_atomic_counters_2Ev!
0x0000000000316a20,sub_316a20,236,_ZN7subsdk110sub_316a20Ev!
0x0000000000316b10,sub_316b10,168,_ZN7subsdk110sub_316b10Ev!
0x0000000000316bc0,sub_316bc0,76,_ZN7subsdk110sub_316bc0Ev!
0x0000000000316c10,sub_316c10,84,_ZN7subsdk110sub_316c10Ev!
0x0000000000316c70,sub_316c70,140,_ZN7subsdk110sub_316c70Ev!
0x0000000000316d00,sampler,488,_ZN7subsdk17samplerEv!
0x0000000000316ef0,PATCH_d,420,_ZN7subsdk17PATCH_dEv!
0x00000000003170a0,non_constant_expression_for_array_size,196,_ZN7subsdk138non_constant_expression_for_array_sizeEv!
0x0000000000317170,sub_317170,308,_ZN7subsdk110sub_317170Ev!
0x00000000003172b0,sub_3172b0,452,_ZN7subsdk110sub_3172b0Ev!
0x0000000000317480,sub_317480,64,_ZN7subsdk125sub_317480_subsdk1_317480Ev!
0x00000000003174c0,sub_3174c0,304,_ZN7subsdk125sub_3174c0_subsdk1_3174c0Ev!
0x00000000003175f0,sub_3175f0,196,_ZN7subsdk110sub_3175f0Ev!
0x00000000003176c0,sub_3176c0,224,_ZN7subsdk110sub_3176c0Ev!
0x00000000003177a0,sub_3177a0,8,_ZN7subsdk110sub_3177a0Ev!
0x00000000003177b0,sub_3177b0,196,_ZN7subsdk110sub_3177b0Ev!
0x0000000000317880,sub_317880,220,_ZN7subsdk110sub_317880Ev!
0x0000000000317960,sub_317960,72,_ZN7subsdk110sub_317960Ev!
0x00000000003179b0,VERTEX_2,328,_ZN7subsdk18VERTEX_2Ev!
0x0000000000317b00,VERTEXOUT_2,328,_ZN7subsdk111VERTEXOUT_2Ev!
0x0000000000317c50,sub_317c50,220,_ZN7subsdk110sub_317c50Ev!
0x0000000000317d30,sub_317d30,292,_ZN7subsdk110sub_317d30Ev!
0x0000000000317e60,binding_2,752,_ZN7subsdk19binding_2Ev!
0x0000000000318150,sub_318150,212,_ZN7subsdk110sub_318150Ev!
0x0000000000318230,sub_318230,212,_ZN7subsdk110sub_318230Ev!
0x0000000000318310,sub_318310,208,_ZN7subsdk110sub_318310Ev!
0x00000000003183e0,sub_3183e0,204,_ZN7subsdk110sub_3183e0Ev!
0x00000000003184b0,sub_3184b0,108,_ZN7subsdk110sub_3184b0Ev!
0x0000000000318520,sub_318520,204,_ZN7subsdk110sub_318520Ev!
0x00000000003185f0,sub_3185f0,52,_ZN7subsdk125sub_3185f0_subsdk1_3185f0Ev!
0x0000000000318630,sub_318630,124,_ZN7subsdk110sub_318630Ev!
0x00000000003186b0,sub_3186b0,484,_ZN7subsdk110sub_3186b0Ev!
0x00000000003188a0,sub_3188a0,32,_ZN7subsdk110sub_3188a0Ev!
0x00000000003188c0,sub_3188c0,40,_ZN7subsdk110sub_3188c0Ev!
0x00000000003188f0,sub_3188f0,60,_ZN7subsdk110sub_3188f0Ev!
0x0000000000318930,sub_318930,120,_ZN7subsdk110sub_318930Ev!
0x00000000003189b0,sub_3189b0,200,_ZN7subsdk110sub_3189b0Ev!
0x0000000000318a80,sub_318a80,344,_ZN7subsdk110sub_318a80Ev!
0x0000000000318be0,unpack_2uint,9920,_ZN7subsdk112unpack_2uintEv!
0x000000000031b2a0,sub_31b2a0,1124,_ZN7subsdk110sub_31b2a0Ev!
0x000000000031b710,sub_31b710,160,_ZN7subsdk110sub_31b710Ev!
0x000000000031b7b0,sub_31b7b0,100,_ZN7subsdk125sub_31b7b0_subsdk1_31b7b0Ev!
0x000000000031b820,sub_31b820,92,_ZN7subsdk110sub_31b820Ev!
0x000000000031b880,sub_31b880,344,_ZN7subsdk110sub_31b880Ev!
0x000000000031b9e0,sub_31b9e0,464,_ZN7subsdk125sub_31b9e0_subsdk1_31b9e0Ev!
0x000000000031bbb0,sub_31bbb0,356,_ZN7subsdk110sub_31bbb0Ev!
0x000000000031bd20,sub_31bd20,136,_ZN7subsdk110sub_31bd20Ev!
0x000000000031bdb0,signed_fn,140,_ZN7subsdk19signed_fnEv!
0x000000000031be40,unsigned_fn,172,_ZN7subsdk126unsigned_fn_subsdk1_31be40Ev!
0x000000000031bef0,sub_31bef0,132,_ZN7subsdk110sub_31bef0Ev!
0x000000000031bf80,unsigned_fn_2,140,_ZN7subsdk113unsigned_fn_2Ev!
0x000000000031c010,unsigned_fn_3,172,_ZN7subsdk113unsigned_fn_3Ev!
0x000000000031c0c0,sub_31c0c0,160,_ZN7subsdk110sub_31c0c0Ev!
0x000000000031c160,sub_31c160,132,_ZN7subsdk110sub_31c160Ev!
0x000000000031c1f0,sub_31c1f0,96,_ZN7subsdk110sub_31c1f0Ev!
0x000000000031c250,sub_31c250,324,_ZN7subsdk110sub_31c250Ev!
0x000000000031c3a0,sub_31c3a0,260,_ZN7subsdk110sub_31c3a0Ev!
0x000000000031c4b0,sub_31c4b0,48,_ZN7subsdk110sub_31c4b0Ev!
0x000000000031c4e0,sub_31c4e0,176,_ZN7subsdk125sub_31c4e0_subsdk1_31c4e0Ev!
0x000000000031c590,mediump_precision_qualifier_on_atomic_uint,120,_ZN7subsdk142mediump_precision_qualifier_on_atomic_uintEv!
0x000000000031c610,mediump_precision_qualifier_on_atomic_uint_2,560,_ZN7subsdk144mediump_precision_qualifier_on_atomic_uint_2Ev!
0x000000000031c840,interface,2328,_ZN7subsdk19interfaceEv!
0x000000000031d160,O_blocks,1828,_ZN7subsdk18O_blocksEv!
0x000000000031d890,sub_31d890,456,_ZN7subsdk110sub_31d890Ev!
0x000000000031da60,sub_31da60,584,_ZN7subsdk110sub_31da60Ev!
0x000000000031dcb0,sub_31dcb0,136,_ZN7subsdk125sub_31dcb0_subsdk1_31dcb0Ev!
0x000000000031dd40,sub_31dd40,84,_ZN7subsdk110sub_31dd40Ev!
0x000000000031dda0,sub_31dda0,228,_ZN7subsdk110sub_31dda0Ev!
0x000000000031de90,sub_31de90,292,_ZN7subsdk110sub_31de90Ev!
0x000000000031dfc0,sub_31dfc0,224,_ZN7subsdk110sub_31dfc0Ev!
0x000000000031e0a0,sub_31e0a0,20,_Z16subsdk1_f_31e0a0m
0x000000000031e0c0,sub_31e0c0,464,_ZN7subsdk110sub_31e0c0Ev!
0x000000000031e290,f_0_s_s,304,_ZN7subsdk17f_0_s_sEv!
0x000000000031e3c0,unnamed_29,1904,_ZN7subsdk125unnamed_29_subsdk1_31e3c0Ev!
0x000000000031eb30,sub_31eb30,232,_ZN7subsdk125sub_31eb30_subsdk1_31eb30Ev!
0x000000000031ec20,sub_31ec20,228,_ZN7subsdk110sub_31ec20Ev!
0x000000000031ed10,unnamed_30,628,_ZN7subsdk125unnamed_30_subsdk1_31ed10Ev!
0x000000000031ef90,sub_31ef90,232,_ZN7subsdk110sub_31ef90Ev!
0x000000000031f080,sub_31f080,752,_ZN7subsdk110sub_31f080Ev!
0x000000000031f370,sub_31f370,220,_ZN7subsdk110sub_31f370Ev!
0x000000000031f450,sub_31f450,1132,_ZN7subsdk110sub_31f450Ev!
0x000000000031f8c0,sub_31f8c0,432,_ZN7subsdk110sub_31f8c0Ev!
0x000000000031fa70,sub_31fa70,8,_Z16subsdk1_f_31fa70v
0x000000000031fa80,sub_31fa80,4,_Z16subsdk1_f_31fa80v
0x000000000031fa90,sub_31fa90,8,_Z16subsdk1_f_31fa90mm
0x000000000031faa0,sub_31faa0,24,_ZN7subsdk110sub_31faa0Ev!
0x000000000031fac0,sub_31fac0,36,_ZN7subsdk110sub_31fac0Ev!
0x000000000031faf0,sub_31faf0,36,_ZN7subsdk110sub_31faf0Ev!
0x000000000031fb20,sub_31fb20,776,_ZN7subsdk110sub_31fb20Ev!
0x000000000031fe30,sub_31fe30,404,_ZN7subsdk110sub_31fe30Ev!
0x000000000031ffd0,sub_31ffd0,312,_ZN7subsdk110sub_31ffd0Ev!
0x0000000000320110,sub_320110,644,_ZN7subsdk110sub_320110Ev!
0x00000000003203a0,sub_3203a0,156,_ZN7subsdk125sub_3203a0_subsdk1_3203a0Ev!
0x0000000000320440,this_d,3016,_ZN7subsdk16this_dEv!
0x0000000000321010,sub_321010,1356,_ZN7subsdk110sub_321010Ev!
0x0000000000321560,sub_321560,396,_ZN7subsdk125sub_321560_subsdk1_321560Ev!
0x00000000003216f0,sub_3216f0,72,_ZN7subsdk110sub_3216f0Ev!
0x0000000000321740,sub_321740,248,_ZN7subsdk110sub_321740Ev!
0x0000000000321840,s_04d_2,1844,_ZN7subsdk17s_04d_2Ev!
0x0000000000321f80,sub_321f80,384,_ZN7subsdk110sub_321f80Ev!
0x0000000000322100,sub_322100,400,_ZN7subsdk110sub_322100Ev!
0x0000000000322290,sub_322290,124,_ZN7subsdk110sub_322290Ev!
0x0000000000322310,sub_322310,68,_ZN7subsdk110sub_322310Ev!
0x0000000000322360,sub_322360,172,_ZN7subsdk110sub_322360Ev!
0x0000000000322410,sub_322410,140,_ZN7subsdk125sub_322410_subsdk1_322410Ev!
0x00000000003224a0,sub_3224a0,32,_ZN7subsdk110sub_3224a0Ev!
0x00000000003224c0,sub_3224c0,32,_ZN7subsdk110sub_3224c0Ev!
0x00000000003224e0,sub_3224e0,280,_ZN7subsdk110sub_3224e0Ev!
0x0000000000322600,sub_322600,492,_ZN7subsdk110sub_322600Ev!
0x00000000003227f0,geometry,1824,_ZN7subsdk18geometryEv!
0x0000000000322f10,s_out,456,_ZN7subsdk15s_outEv!
0x00000000003230e0,OpenGL_does_not_allow_multi_dimensional_arrays,992,_ZN7subsdk146OpenGL_does_not_allow_multi_dimensional_arraysEv!
0x00000000003234c0,storage_len__d,244,_ZN7subsdk114storage_len__dEv!
0x00000000003235c0,storage_len__d_2,380,_ZN7subsdk116storage_len__d_2Ev!
0x0000000000323740,BUFFER_d_d,256,_ZN7subsdk110BUFFER_d_dEv!
0x0000000000323840,BUFFER_d_d_2,384,_ZN7subsdk112BUFFER_d_d_2Ev!
0x00000000003239c0,sub_3239c0,300,_ZN7subsdk110sub_3239c0Ev!
0x0000000000323af0,sub_323af0,504,_ZN7subsdk110sub_323af0Ev!
0x0000000000323cf0,sub_323cf0,148,_ZN7subsdk110sub_323cf0Ev!
0x0000000000323d90,ssboDesc__d_d,348,_ZN7subsdk113ssboDesc__d_dEv!
0x0000000000323ef0,sub_323ef0,52,_ZN7subsdk110sub_323ef0Ev!
0x0000000000323f30,sub_323f30,212,_ZN7subsdk110sub_323f30Ev!
0x0000000000324010,sub_324010,976,_ZN7subsdk110sub_324010Ev!
0x00000000003243e0,BINDLESS_SBUFFER,3164,_ZN7subsdk116BINDLESS_SBUFFEREv!
0x0000000000325040,sub_325040,200,_ZN7subsdk110sub_325040Ev!
0x0000000000325110,early_fragment_tests,432,_ZN7subsdk120early_fragment_testsEv!
0x00000000003252c0,sub_3252c0,164,_ZN7subsdk110sub_3252c0Ev!
0x0000000000325370,sub_325370,164,_ZN7subsdk125sub_325370_subsdk1_325370Ev!
0x0000000000325420,sub_325420,272,_ZN7subsdk110sub_325420Ev!
0x0000000000325530,sub_325530,144,_ZN7subsdk110sub_325530Ev!
0x00000000003255c0,sub_3255c0,140,_ZN7subsdk110sub_3255c0Ev!
0x0000000000325650,sub_325650,236,_ZN7subsdk110sub_325650Ev!
0x0000000000325740,VERTEXOUT_3,2088,_ZN7subsdk111VERTEXOUT_3Ev!
0x0000000000325f70,VERTEXOUT_4,1076,_ZN7subsdk111VERTEXOUT_4Ev!
0x00000000003263b0,sub_3263b0,184,_ZN7subsdk110sub_3263b0Ev!
0x0000000000326470,sub_326470,524,_ZN7subsdk110sub_326470Ev!
0x0000000000326680,sub_326680,16,_Z16subsdk1_f_326680Pv
0x0000000000326690,sub_326690,308,_ZN7subsdk110sub_326690Ev!
0x00000000003267d0,multiple_outputs_associated_with_semantic_s,180,_ZN7subsdk143multiple_outputs_associated_with_semantic_sEv!
0x0000000000326890,multiple_outputs_associated_with_semantic_s_2,884,_ZN7subsdk145multiple_outputs_associated_with_semantic_s_2Ev!
0x0000000000326c10,sub_326c10,620,_ZN7subsdk110sub_326c10Ev!
0x0000000000326e80,sub_326e80,772,_ZN7subsdk110sub_326e80Ev!
0x0000000000327190,sub_327190,16,_Z16subsdk1_f_327190Pv
0x00000000003271a0,sub_3271a0,8,_Z16subsdk1_f_3271a0Pvmj
0x00000000003271b0,sub_3271b0,16,_Z16subsdk1_f_3271b0Pv
0x00000000003271c0,VERTEXOUT_5,224,_ZN7subsdk111VERTEXOUT_5Ev!
0x00000000003272a0,VERTEXOUT_s,168,_ZN7subsdk111VERTEXOUT_sEv!
0x0000000000327350,sub_327350,16,_Z16subsdk1_f_327350Pv
0x0000000000327360,sub_327360,468,_ZN7subsdk110sub_327360Ev!
0x0000000000327540,sub_327540,228,_ZN7subsdk110sub_327540Ev!
0x0000000000327630,sub_327630,44,_ZN7subsdk110sub_327630Ev!
0x0000000000327660,sub_327660,220,_ZN7subsdk125sub_327660_subsdk1_327660Ev!
0x0000000000327740,sub_327740,80,_ZN7subsdk110sub_327740Ev!
0x0000000000327790,sub_327790,628,_ZN7subsdk110sub_327790Ev!
0x0000000000327a10,sub_327a10,240,_ZN7subsdk110sub_327a10Ev!
0x0000000000327b00,sub_327b00,152,_ZN7subsdk110sub_327b00Ev!
0x0000000000327ba0,sub_327ba0,216,_ZN7subsdk110sub_327ba0Ev!
0x0000000000327c80,sub_327c80,4,_Z16subsdk1_f_327c80v
0x0000000000327c90,layout_qualifier_s_incompatible_with_s,180,_ZN7subsdk138layout_qualifier_s_incompatible_with_sEv!
0x0000000000327d50,ARB_explicit_uniform_location,272,_ZN7subsdk129ARB_explicit_uniform_locationEv!
0x0000000000327e60,unknown_layout_specifier_s_2,160,_ZN7subsdk128unknown_layout_specifier_s_2Ev!
0x0000000000327f00,ARB_explicit_uniform_location_2,492,_ZN7subsdk131ARB_explicit_uniform_location_2Ev!
0x00000000003280f0,NV_explicit_attrib_location,612,_ZN7subsdk127NV_explicit_attrib_locationEv!
0x0000000000328360,ARB_explicit_uniform_location_3,380,_ZN7subsdk131ARB_explicit_uniform_location_3Ev!
0x00000000003284e0,sub_3284e0,352,_ZN7subsdk125sub_3284e0_subsdk1_3284e0Ev!
0x0000000000328640,conflicting_row_major_or_column_major_layouts_explicitly,552,_ZN7subsdk156conflicting_row_major_or_column_major_layouts_explicitlyEv!
0x0000000000328870,ARB_enhanced_layouts,264,_ZN7subsdk120ARB_enhanced_layoutsEv!
0x0000000000328980,ARB_shading_language_420pack_3,556,_ZN7subsdk130ARB_shading_language_420pack_3Ev!
0x0000000000328bb0,binding_3,280,_ZN7subsdk19binding_3Ev!
0x0000000000328cd0,binding_4,264,_ZN7subsdk19binding_4Ev!
0x0000000000328de0,binding_5,328,_ZN7subsdk19binding_5Ev!
0x0000000000328f30,sub_328f30,212,_ZN7subsdk110sub_328f30Ev!
0x0000000000329010,component_2,792,_ZN7subsdk111component_2Ev!
0x0000000000329330,component_3,296,_ZN7subsdk111component_3Ev!
0x0000000000329460,commandBindableNV,412,_ZN7subsdk117commandBindableNVEv!
0x0000000000329600,input_attachment_index,1800,_ZN7subsdk122input_attachment_indexEv!
0x0000000000329d10,sub_329d10,456,_ZN7subsdk110sub_329d10Ev!
0x0000000000329ee0,uniform_blocks,376,_ZN7subsdk114uniform_blocksEv!
0x000000000032a060,layout_qualifier_s_incompatible_with_s_2,216,_ZN7subsdk140layout_qualifier_s_incompatible_with_s_2Ev!
0x000000000032a140,binding_6,368,_ZN7subsdk19binding_6Ev!
0x000000000032a2b0,offset,252,_ZN7subsdk121offset_subsdk1_32a2b0Ev!
0x000000000032a3b0,viewport_relative,252,_ZN7subsdk117viewport_relativeEv!
0x000000000032a4b0,ARB_enhanced_layouts_2,752,_ZN7subsdk122ARB_enhanced_layouts_2Ev!
0x000000000032a7a0,component_4,168,_ZN7subsdk111component_4Ev!
0x000000000032a850,ARB_enhanced_layouts_3,252,_ZN7subsdk122ARB_enhanced_layouts_3Ev!
0x000000000032a950,ARB_enhanced_layouts_4,272,_ZN7subsdk122ARB_enhanced_layouts_4Ev!
0x000000000032aa60,sub_32aa60,308,_ZN7subsdk110sub_32aa60Ev!
0x000000000032aba0,layout_qualifier_s_incompatible_with_s_3,312,_ZN7subsdk140layout_qualifier_s_incompatible_with_s_3Ev!
0x000000000032ace0,NV_stereo_secondary_view_offset_d,264,_ZN7subsdk133NV_stereo_secondary_view_offset_dEv!
0x000000000032adf0,sub_32adf0,12,_ZN7subsdk110sub_32adf0Ev!
0x000000000032ae00,location_3,612,_ZN7subsdk110location_3Ev!
0x000000000032b070,sub_32b070,4,_Z16subsdk1_f_32b070v
0x000000000032b080,vertex_shaders,56,_ZN7subsdk114vertex_shadersEv!
0x000000000032b0c0,sub_32b0c0,92,_ZN7subsdk110sub_32b0c0Ev!
0x000000000032b120,sub_32b120,100,_ZN7subsdk110sub_32b120Ev!
0x000000000032b190,passthrough,56,_ZN7subsdk111passthroughEv!
0x000000000032b1d0,sub_32b1d0,4,_Z16subsdk1_f_32b1d0v
0x000000000032b1e0,sub_32b1e0,4,_Z16subsdk1_f_32b1e0v
0x000000000032b1f0,sub_32b1f0,4,_Z16subsdk1_f_32b1f0v
0x000000000032b200,vertex_shaders_2,56,_ZN7subsdk116vertex_shaders_2Ev!
0x000000000032b240,vertex_shaders_3,56,_ZN7subsdk116vertex_shaders_3Ev!
0x000000000032b280,vertex_shaders_4,56,_ZN7subsdk116vertex_shaders_4Ev!
0x000000000032b2c0,sub_32b2c0,4,_Z16subsdk1_f_32b2c0v
0x000000000032b2d0,sub_32b2d0,32,_ZN7subsdk125sub_32b2d0_subsdk1_32b2d0Ev!
0x000000000032b2f0,sub_32b2f0,12,_ZN7subsdk125sub_32b2f0_subsdk1_32b2f0Ev!
0x000000000032b300,location_4,680,_ZN7subsdk110location_4Ev!
0x000000000032b5b0,layout_index,180,_ZN7subsdk112layout_indexEv!
0x000000000032b670,can_t_apply_layout_s_to_non_depth_variable_s,212,_ZN7subsdk144can_t_apply_layout_s_to_non_depth_variable_sEv!
0x000000000032b750,sub_32b750,84,_ZN7subsdk125sub_32b750_subsdk1_32b750Ev!
0x000000000032b7b0,fragment_shaders,56,_ZN7subsdk116fragment_shadersEv!
0x000000000032b7f0,passthrough_2,56,_ZN7subsdk113passthrough_2Ev!
0x000000000032b830,sub_32b830,4,_Z16subsdk1_f_32b830v
0x000000000032b840,fragment_shaders_2,56,_ZN7subsdk118fragment_shaders_2Ev!
0x000000000032b880,sub_32b880,4,_Z16subsdk1_f_32b880v
0x000000000032b890,NV_sample_mask_override_coverage,192,_ZN7subsdk132NV_sample_mask_override_coverageEv!
0x000000000032b950,fragment_shaders_3,56,_ZN7subsdk118fragment_shaders_3Ev!
0x000000000032b990,fragment_shaders_4,56,_ZN7subsdk118fragment_shaders_4Ev!
0x000000000032b9d0,fragment_shaders_5,56,_ZN7subsdk118fragment_shaders_5Ev!
0x000000000032ba10,sub_32ba10,72,_ZN7subsdk125sub_32ba10_subsdk1_32ba10Ev!
0x000000000032ba60,sub_32ba60,104,_ZN7subsdk110sub_32ba60Ev!
0x000000000032bad0,sub_32bad0,8,_Z16subsdk1_f_32bad0Pv
0x000000000032bae0,sub_32bae0,24,_ZN7subsdk110sub_32bae0Ev!
0x000000000032bb00,sub_32bb00,8,_Z16subsdk1_f_32bb00Pv
0x000000000032bb10,sub_32bb10,8,_Z16subsdk1_f_32bb10Pv
0x000000000032bb20,sub_32bb20,8,_Z16subsdk1_f_32bb20Pv
0x000000000032bb30,layout_qualifier_s_incompatible_with_s_4,216,_ZN7subsdk140layout_qualifier_s_incompatible_with_s_4Ev!
0x000000000032bc10,NV_gpu_shader5,1596,_ZN7subsdk114NV_gpu_shader5Ev!
0x000000000032c250,sub_32c250,12,_ZN7subsdk125sub_32c250_subsdk1_32c250Ev!
0x000000000032c260,sub_32c260,4,_Z16subsdk1_f_32c260v
0x000000000032c270,sub_32c270,4,_Z16subsdk1_f_32c270v
0x000000000032c280,sub_32c280,4,_Z16subsdk1_f_32c280v
0x000000000032c290,sub_32c290,100,_ZN7subsdk110sub_32c290Ev!
0x000000000032c300,NV_geometry_shader_passthrough,628,_ZN7subsdk130NV_geometry_shader_passthroughEv!
0x000000000032c580,sub_32c580,92,_ZN7subsdk110sub_32c580Ev!
0x000000000032c5e0,location_5,512,_ZN7subsdk110location_5Ev!
0x000000000032c7e0,stream,596,_ZN7subsdk121stream_subsdk1_32c7e0Ev!
0x000000000032ca40,sub_32ca40,4,_Z16subsdk1_f_32ca40v
0x000000000032ca50,geometry_shaders,56,_ZN7subsdk116geometry_shadersEv!
0x000000000032ca90,geometry_shaders_2,56,_ZN7subsdk118geometry_shaders_2Ev!
0x000000000032cad0,Coverage,56,_ZN7subsdk18CoverageEv!
0x000000000032cb10,sub_32cb10,4,_Z16subsdk1_f_32cb10v
0x000000000032cb20,sub_32cb20,100,_ZN7subsdk110sub_32cb20Ev!
0x000000000032cb90,passthrough_3,56,_ZN7subsdk113passthrough_3Ev!
0x000000000032cbd0,sub_32cbd0,12,_ZN7subsdk110sub_32cbd0Ev!
0x000000000032cbe0,sub_32cbe0,4,_Z16subsdk1_f_32cbe0v
0x000000000032cbf0,sub_32cbf0,4,_Z16subsdk1_f_32cbf0v
0x000000000032cc00,buffer_blocks,120,_ZN7subsdk113buffer_blocksEv!
0x000000000032cc80,sub_32cc80,92,_ZN7subsdk110sub_32cc80Ev!
0x000000000032cce0,location_6,524,_ZN7subsdk110location_6Ev!
0x000000000032cef0,sub_32cef0,4,_Z16subsdk1_f_32cef0v
0x000000000032cf00,tessellation_evaluation_shaders,260,_ZN7subsdk131tessellation_evaluation_shadersEv!
0x000000000032d010,Stream,56,_ZN7subsdk16StreamEv!
0x000000000032d050,tessellation_shaders,56,_ZN7subsdk120tessellation_shadersEv!
0x000000000032d090,Coverage_2,56,_ZN7subsdk110Coverage_2Ev!
0x000000000032d0d0,sub_32d0d0,4,_Z16subsdk1_f_32d0d0v
0x000000000032d0e0,OutputPatchSize,1636,_ZN7subsdk115OutputPatchSizeEv!
0x000000000032d750,sub_32d750,96,_ZN7subsdk125sub_32d750_subsdk1_32d750Ev!
0x000000000032d7b0,compute_shaders,56,_ZN7subsdk115compute_shadersEv!
0x000000000032d7f0,passthrough_4,56,_ZN7subsdk113passthrough_4Ev!
0x000000000032d830,sub_32d830,12,_ZN7subsdk110sub_32d830Ev!
0x000000000032d840,compute_shaders_2,56,_ZN7subsdk117compute_shaders_2Ev!
0x000000000032d880,compute_shaders_3,56,_ZN7subsdk117compute_shaders_3Ev!
0x000000000032d8c0,sub_32d8c0,4,_Z16subsdk1_f_32d8c0v
0x000000000032d8d0,location_7,296,_ZN7subsdk110location_7Ev!
0x000000000032da00,sub_32da00,4,_Z16subsdk1_f_32da00v
0x000000000032da10,compute_shaders_4,56,_ZN7subsdk117compute_shaders_4Ev!
0x000000000032da50,compute_shaders_5,56,_ZN7subsdk117compute_shaders_5Ev!
0x000000000032da90,compute_shaders_6,56,_ZN7subsdk117compute_shaders_6Ev!
0x000000000032dad0,sub_32dad0,76,_ZN7subsdk110sub_32dad0Ev!
0x000000000032db20,Coverage_3,56,_ZN7subsdk110Coverage_3Ev!
0x000000000032db60,compute_shaders_7,56,_ZN7subsdk117compute_shaders_7Ev!
0x000000000032dba0,gl_MaxComputeWorkGroupSize,1736,_ZN7subsdk126gl_MaxComputeWorkGroupSizeEv!
0x000000000032e270,sub_32e270,32,_ZN7subsdk125sub_32e270_subsdk1_32e270Ev!
0x000000000032e290,sub_32e290,460,_ZN7subsdk110sub_32e290Ev!
0x000000000032e460,sub_32e460,32,_ZN7subsdk110sub_32e460Ev!
0x000000000032e480,sub_32e480,184,_ZN7subsdk125sub_32e480_subsdk1_32e480Ev!
0x000000000032e540,sub_32e540,252,_ZN7subsdk125sub_32e540_subsdk1_32e540Ev!
0x000000000032e640,sub_32e640,552,_ZN7subsdk125sub_32e640_subsdk1_32e640Ev!
0x000000000032e870,sub_32e870,440,_ZN7subsdk110sub_32e870Ev!
0x000000000032ea30,sub_32ea30,956,_ZN7subsdk110sub_32ea30Ev!
0x000000000032edf0,sub_32edf0,236,_ZN7subsdk110sub_32edf0Ev!
0x000000000032eee0,sub_32eee0,332,_ZN7subsdk125sub_32eee0_subsdk1_32eee0Ev!
0x000000000032f030,sub_32f030,448,_ZN7subsdk110sub_32f030Ev!
0x000000000032f1f0,sub_32f1f0,76,_ZN7subsdk110sub_32f1f0Ev!
0x000000000032f240,sub_32f240,1284,_ZN7subsdk125sub_32f240_subsdk1_32f240Ev!
0x000000000032f750,sub_32f750,536,_ZN7subsdk125sub_32f750_subsdk1_32f750Ev!
0x000000000032f970,sub_32f970,604,_ZN7subsdk110sub_32f970Ev!
0x000000000032fbd0,sub_32fbd0,160,_ZN7subsdk110sub_32fbd0Ev!
0x000000000032fc70,sub_32fc70,508,_ZN7subsdk110sub_32fc70Ev!
0x000000000032fe70,sub_32fe70,160,_ZN7subsdk110sub_32fe70Ev!
0x000000000032ff10,sub_32ff10,852,_ZN7subsdk110sub_32ff10Ev!
0x0000000000330270,sub_330270,52,_ZN7subsdk110sub_330270Ev!
0x00000000003302b0,sub_3302b0,600,_ZN7subsdk110sub_3302b0Ev!
0x0000000000330510,sub_330510,1036,_ZN7subsdk110sub_330510Ev!
0x0000000000330920,sub_330920,608,_ZN7subsdk110sub_330920Ev!
0x0000000000330b80,sub_330b80,172,_ZN7subsdk110sub_330b80Ev!
0x0000000000330c30,sub_330c30,80,_ZN7subsdk110sub_330c30Ev!
0x0000000000330c80,sub_330c80,4,_Z16subsdk1_f_330c80v
0x0000000000330c90,sub_330c90,4,_Z16subsdk1_f_330c90v
0x0000000000330ca0,sub_330ca0,2892,_ZN7subsdk110sub_330ca0Ev!
0x00000000003317f0,sub_3317f0,156,_ZN7subsdk110sub_3317f0Ev!
0x0000000000331890,sub_331890,128,_ZN7subsdk110sub_331890Ev!
0x0000000000331910,sub_331910,360,_ZN7subsdk110sub_331910Ev!
0x0000000000331a80,sub_331a80,172,_ZN7subsdk110sub_331a80Ev!
0x0000000000331b30,sub_331b30,232,_ZN7subsdk110sub_331b30Ev!
0x0000000000331c20,sub_331c20,384,_ZN7subsdk110sub_331c20Ev!
0x0000000000331da0,sub_331da0,296,_ZN7subsdk110sub_331da0Ev!
0x0000000000331ed0,sub_331ed0,100,_ZN7subsdk110sub_331ed0Ev!
0x0000000000331f40,sub_331f40,2156,_ZN7subsdk110sub_331f40Ev!
0x00000000003327b0,unnamed_31,1756,_ZN7subsdk125unnamed_31_subsdk1_3327b0Ev!
0x0000000000332e90,sub_332e90,232,_ZN7subsdk110sub_332e90Ev!
0x0000000000332f80,sub_332f80,80,_ZN7subsdk110sub_332f80Ev!
0x0000000000332fd0,sub_332fd0,8,_Z16subsdk1_f_332fd0v
0x0000000000332fe0,sub_332fe0,540,_ZN7subsdk110sub_332fe0Ev!
0x0000000000333200,sub_333200,148,_ZN7subsdk110sub_333200Ev!
0x00000000003332a0,sub_3332a0,28,_ZN7subsdk110sub_3332a0Ev!
0x00000000003332c0,sub_3332c0,152,_ZN7subsdk110sub_3332c0Ev!
0x0000000000333360,sub_333360,148,_ZN7subsdk110sub_333360Ev!
0x0000000000333400,sub_333400,560,_ZN7subsdk110sub_333400Ev!
0x0000000000333630,sub_333630,748,_ZN7subsdk110sub_333630Ev!
0x0000000000333920,sub_333920,400,_ZN7subsdk125sub_333920_subsdk1_333920Ev!
0x0000000000333ab0,sub_333ab0,80,_ZN7subsdk110sub_333ab0Ev!
0x0000000000333b00,sub_333b00,3008,_ZN7subsdk125sub_333b00_subsdk1_333b00Ev!
0x00000000003346c0,sub_3346c0,224,_ZN7subsdk110sub_3346c0Ev!
0x00000000003347a0,sub_3347a0,196,_ZN7subsdk110sub_3347a0Ev!
0x0000000000334870,sub_334870,124,_ZN7subsdk110sub_334870Ev!
0x00000000003348f0,sub_3348f0,980,_ZN7subsdk110sub_3348f0Ev!
0x0000000000334cd0,sub_334cd0,76,_ZN7subsdk110sub_334cd0Ev!
0x0000000000334d20,sub_334d20,76,_ZN7subsdk110sub_334d20Ev!
0x0000000000334d70,sub_334d70,68,_ZN7subsdk110sub_334d70Ev!
0x0000000000334dc0,negative_loop_iteration_count,1492,_ZN7subsdk129negative_loop_iteration_countEv!
0x00000000003353a0,sub_3353a0,524,_ZN7subsdk110sub_3353a0Ev!
0x00000000003355b0,sub_3355b0,480,_ZN7subsdk110sub_3355b0Ev!
0x0000000000335790,sub_335790,32,_ZN7subsdk110sub_335790Ev!
0x00000000003357b0,sub_3357b0,112,_ZN7subsdk110sub_3357b0Ev!
0x0000000000335820,sub_335820,140,_ZN7subsdk125sub_335820_subsdk1_335820Ev!
0x00000000003358b0,sub_3358b0,136,_ZN7subsdk125sub_3358b0_subsdk1_3358b0Ev!
0x0000000000335940,sub_335940,48,_ZN7subsdk125sub_335940_subsdk1_335940Ev!
0x0000000000335970,lDupWriteToReadOutput_Invalid_argument_in_function_call,660,_ZN7subsdk155lDupWriteToReadOutput_Invalid_argument_in_function_callEv!
0x0000000000335c10,sub_335c10,40,_ZN7subsdk110sub_335c10Ev!
0x0000000000335c40,sub_335c40,32,_ZN7subsdk125sub_335c40_subsdk1_335c40Ev!
0x0000000000335c60,sub_335c60,336,_ZN7subsdk125sub_335c60_subsdk1_335c60Ev!
0x0000000000335db0,sub_335db0,8,_Z16subsdk1_f_335db0mPv
0x0000000000335dc0,sub_335dc0,124,_ZN7subsdk110sub_335dc0Ev!
0x0000000000335e40,sub_335e40,208,_ZN7subsdk110sub_335e40Ev!
0x0000000000335f10,sub_335f10,368,_ZN7subsdk125sub_335f10_subsdk1_335f10Ev!
0x0000000000336080,sub_336080,64,_ZN7subsdk110sub_336080Ev!
0x00000000003360c0,sub_3360c0,300,_ZN7subsdk110sub_3360c0Ev!
0x00000000003361f0,sub_3361f0,480,_ZN7subsdk110sub_3361f0Ev!
0x00000000003363d0,sub_3363d0,116,_ZN7subsdk110sub_3363d0Ev!
0x0000000000336450,sub_336450,392,_ZN7subsdk110sub_336450Ev!
0x00000000003365e0,sub_3365e0,320,_ZN7subsdk110sub_3365e0Ev!
0x0000000000336720,sub_336720,140,_ZN7subsdk110sub_336720Ev!
0x00000000003367b0,sub_3367b0,704,_ZN7subsdk110sub_3367b0Ev!
0x0000000000336a70,sub_336a70,548,_ZN7subsdk110sub_336a70Ev!
0x0000000000336ca0,s_is_not_accessible_in_this_profile,432,_ZN7subsdk135s_is_not_accessible_in_this_profileEv!
0x0000000000336e50,variable_s_has_an_undefined_struct_type,1196,_ZN7subsdk139variable_s_has_an_undefined_struct_typeEv!
0x0000000000337300,sub_337300,20,_ZN7subsdk110sub_337300Ev!
0x0000000000337320,sub_337320,112,_ZN7subsdk110sub_337320Ev!
0x0000000000337390,sub_337390,84,_ZN7subsdk110sub_337390Ev!
0x00000000003373f0,sub_3373f0,20,_ZN7subsdk110sub_3373f0Ev!
0x0000000000337410,sarray_index_out_of_bounds_2,5868,_ZN7subsdk128sarray_index_out_of_bounds_2Ev!
0x0000000000338b00,sub_338b00,228,_ZN7subsdk125sub_338b00_subsdk1_338b00Ev!
0x0000000000338bf0,sub_338bf0,28,_ZN7subsdk110sub_338bf0Ev!
0x0000000000338c10,sub_338c10,392,_ZN7subsdk110sub_338c10Ev!
0x0000000000338da0,sub_338da0,824,_ZN7subsdk110sub_338da0Ev!
0x00000000003390e0,sub_3390e0,20,_Z16subsdk1_f_3390e0PvS_
0x0000000000339100,sub_339100,28,_ZN7subsdk110sub_339100Ev!
0x0000000000339120,sub_339120,40,_ZN7subsdk110sub_339120Ev!
0x0000000000339150,sub_339150,36,_ZN7subsdk110sub_339150Ev!
0x0000000000339180,sub_339180,20,_Z16subsdk1_f_339180PvS_
0x00000000003391a0,sub_3391a0,20,_Z16subsdk1_f_3391a0PvS_
0x00000000003391c0,sub_3391c0,12,_Z16subsdk1_f_3391c0PvS_
0x00000000003391d0,sub_3391d0,20,_Z16subsdk1_f_3391d0PvS_
0x00000000003391f0,sub_3391f0,28,_ZN7subsdk125sub_3391f0_subsdk1_3391f0Ev!
0x0000000000339210,sub_339210,12,_Z16subsdk1_f_339210PvS_
0x0000000000339220,sub_339220,12,_Z16subsdk1_f_339220PvS_
0x0000000000339230,sub_339230,20,_Z16subsdk1_f_339230PvS_
0x0000000000339250,sub_339250,20,_ZN7subsdk110sub_339250Ev!
0x0000000000339270,sub_339270,20,_Z16subsdk1_f_339270PvS_
0x0000000000339290,sub_339290,20,_Z16subsdk1_f_339290PvS_
0x00000000003392b0,sub_3392b0,16,_Z16subsdk1_f_3392b0PvS_
0x00000000003392c0,sub_3392c0,16,_Z16subsdk1_f_3392c0PvS_
0x00000000003392d0,sub_3392d0,20,_ZN7subsdk110sub_3392d0Ev!
0x00000000003392f0,sub_3392f0,20,_Z16subsdk1_f_3392f0PvS_S_
0x0000000000339310,sub_339310,20,_ZN7subsdk110sub_339310Ev!
0x0000000000339330,sub_339330,36,_ZN7subsdk110sub_339330Ev!
0x0000000000339360,sub_339360,40,_ZN7subsdk110sub_339360Ev!
0x0000000000339390,sub_339390,20,_ZN7subsdk110sub_339390Ev!
0x00000000003393b0,sub_3393b0,20,_ZN7subsdk110sub_3393b0Ev!
0x00000000003393d0,sub_3393d0,20,_ZN7subsdk110sub_3393d0Ev!
0x00000000003393f0,sub_3393f0,16,_ZN7subsdk110sub_3393f0Ev!
0x0000000000339400,sub_339400,16,_ZN7subsdk110sub_339400Ev!
0x0000000000339410,sub_339410,20,_Z16subsdk1_f_339410PvS_
0x0000000000339430,sub_339430,20,_Z16subsdk1_f_339430PvS_
0x0000000000339450,sub_339450,20,_Z16subsdk1_f_339450PvS_
0x0000000000339470,sub_339470,20,_Z16subsdk1_f_339470PvS_
0x0000000000339490,sub_339490,20,_ZN7subsdk125sub_339490_subsdk1_339490Ev!
0x00000000003394b0,sub_3394b0,100,_ZN7subsdk110sub_3394b0Ev!
0x0000000000339520,sub_339520,176,_ZN7subsdk110sub_339520Ev!
0x00000000003395d0,sub_3395d0,20,_ZN7subsdk110sub_3395d0Ev!
0x00000000003395f0,sub_3395f0,12,_Z16subsdk1_f_3395f0PvS_
0x0000000000339600,sub_339600,12,_Z16subsdk1_f_339600PvS_
0x0000000000339610,sub_339610,12,_ZN7subsdk110sub_339610Ev!
0x0000000000339620,sub_339620,12,_Z16subsdk1_f_339620PvS_
0x0000000000339630,sub_339630,16,_Z16subsdk1_f_339630PvS_
0x0000000000339640,sub_339640,12,_Z16subsdk1_f_339640PvS_
0x0000000000339650,sub_339650,12,_Z16subsdk1_f_339650PvS_
0x0000000000339660,sub_339660,64,_ZN7subsdk110sub_339660Ev!
0x00000000003396a0,sub_3396a0,68,_ZN7subsdk110sub_3396a0Ev!
0x00000000003396f0,sub_3396f0,68,_ZN7subsdk125sub_3396f0_subsdk1_3396f0Ev!
0x0000000000339740,sub_339740,68,_ZN7subsdk110sub_339740Ev!
0x0000000000339790,sub_339790,88,_ZN7subsdk110sub_339790Ev!
0x00000000003397f0,sub_3397f0,20,_Z16subsdk1_f_3397f0PvS_
0x0000000000339810,sub_339810,20,_ZN7subsdk110sub_339810Ev!
0x0000000000339830,sub_339830,20,_ZN7subsdk110sub_339830Ev!
0x0000000000339850,sub_339850,20,_ZN7subsdk125sub_339850_subsdk1_339850Ev!
0x0000000000339870,sub_339870,20,_ZN7subsdk125sub_339870_subsdk1_339870Ev!
0x0000000000339890,sub_339890,20,_ZN7subsdk110sub_339890Ev!
0x00000000003398b0,sub_3398b0,80,_ZN7subsdk110sub_3398b0Ev!
0x0000000000339900,sub_339900,168,_ZN7subsdk110sub_339900Ev!
0x00000000003399b0,sub_3399b0,16,_Z16subsdk1_f_3399b0PvS_
0x00000000003399c0,sub_3399c0,16,_Z16subsdk1_f_3399c0PvS_
0x00000000003399d0,sub_3399d0,16,_Z16subsdk1_f_3399d0PvS_
0x00000000003399e0,sub_3399e0,16,_Z16subsdk1_f_3399e0PvS_
0x00000000003399f0,sub_3399f0,16,_Z16subsdk1_f_3399f0PvS_
0x0000000000339a00,sub_339a00,16,_Z16subsdk1_f_339a00PvS_
0x0000000000339a10,sub_339a10,16,_Z16subsdk1_f_339a10PvS_
0x0000000000339a20,sub_339a20,60,_ZN7subsdk110sub_339a20Ev!
0x0000000000339a60,sub_339a60,20,_ZN7subsdk110sub_339a60Ev!
0x0000000000339a80,sub_339a80,64,_ZN7subsdk110sub_339a80Ev!
0x0000000000339ac0,sub_339ac0,64,_ZN7subsdk110sub_339ac0Ev!
0x0000000000339b00,sub_339b00,108,_ZN7subsdk110sub_339b00Ev!
0x0000000000339b70,sub_339b70,88,_ZN7subsdk110sub_339b70Ev!
0x0000000000339bd0,sub_339bd0,88,_ZN7subsdk125sub_339bd0_subsdk1_339bd0Ev!
0x0000000000339c30,sub_339c30,88,_ZN7subsdk110sub_339c30Ev!
0x0000000000339c90,sub_339c90,108,_ZN7subsdk110sub_339c90Ev!
0x0000000000339d00,sub_339d00,80,_ZN7subsdk110sub_339d00Ev!
0x0000000000339d50,sub_339d50,100,_ZN7subsdk110sub_339d50Ev!
0x0000000000339dc0,sub_339dc0,80,_ZN7subsdk110sub_339dc0Ev!
0x0000000000339e10,sub_339e10,172,_ZN7subsdk110sub_339e10Ev!
0x0000000000339ec0,sub_339ec0,176,_ZN7subsdk110sub_339ec0Ev!
0x0000000000339f70,sub_339f70,176,_ZN7subsdk110sub_339f70Ev!
0x000000000033a020,sub_33a020,176,_ZN7subsdk110sub_33a020Ev!
0x000000000033a0d0,sub_33a0d0,196,_ZN7subsdk110sub_33a0d0Ev!
0x000000000033a1a0,sub_33a1a0,176,_ZN7subsdk110sub_33a1a0Ev!
0x000000000033a250,sub_33a250,172,_ZN7subsdk125sub_33a250_subsdk1_33a250Ev!
0x000000000033a300,sub_33a300,172,_ZN7subsdk110sub_33a300Ev!
0x000000000033a3b0,sub_33a3b0,16,_ZN7subsdk110sub_33a3b0Ev!
0x000000000033a3c0,sub_33a3c0,20,_ZN7subsdk110sub_33a3c0Ev!
0x000000000033a3e0,sub_33a3e0,20,_ZN7subsdk110sub_33a3e0Ev!
0x000000000033a400,sub_33a400,20,_ZN7subsdk110sub_33a400Ev!
0x000000000033a420,sub_33a420,40,_ZN7subsdk125sub_33a420_subsdk1_33a420Ev!
0x000000000033a450,sub_33a450,16,_Z16subsdk1_f_33a450PvS_
0x000000000033a460,sub_33a460,16,_ZN7subsdk110sub_33a460Ev!
0x000000000033a470,sub_33a470,16,_Z16subsdk1_f_33a470PvS_
0x000000000033a480,sub_33a480,16,_Z16subsdk1_f_33a480PvS_
0x000000000033a490,sub_33a490,16,_Z16subsdk1_f_33a490PvS_
0x000000000033a4a0,sub_33a4a0,20,_ZN7subsdk110sub_33a4a0Ev!
0x000000000033a4c0,sub_33a4c0,20,_Z16subsdk1_f_33a4c0PvS_S_
0x000000000033a4e0,sub_33a4e0,20,_ZN7subsdk110sub_33a4e0Ev!
0x000000000033a500,sub_33a500,36,_ZN7subsdk110sub_33a500Ev!
0x000000000033a530,sub_33a530,40,_ZN7subsdk110sub_33a530Ev!
0x000000000033a560,sub_33a560,16,_ZN7subsdk110sub_33a560Ev!
0x000000000033a570,sub_33a570,20,_Z16subsdk1_f_33a570PvS_
0x000000000033a590,sub_33a590,20,_Z16subsdk1_f_33a590PvS_
0x000000000033a5b0,sub_33a5b0,20,_Z16subsdk1_f_33a5b0PvS_
0x000000000033a5d0,sub_33a5d0,20,_Z16subsdk1_f_33a5d0PvS_
0x000000000033a5f0,sub_33a5f0,12,_Z16subsdk1_f_33a5f0PvS_
0x000000000033a600,sub_33a600,12,_Z16subsdk1_f_33a600PvS_
0x000000000033a610,sub_33a610,12,_ZN7subsdk110sub_33a610Ev!
0x000000000033a620,sub_33a620,12,_Z16subsdk1_f_33a620PvS_
0x000000000033a630,sub_33a630,12,_Z16subsdk1_f_33a630PvS_
0x000000000033a640,sub_33a640,12,_Z16subsdk1_f_33a640PvS_
0x000000000033a650,sub_33a650,12,_Z16subsdk1_f_33a650PvS_
0x000000000033a660,sub_33a660,12,_Z16subsdk1_f_33a660PvS_
0x000000000033a670,sub_33a670,20,_ZN7subsdk110sub_33a670Ev!
0x000000000033a690,sub_33a690,24,_ZN7subsdk110sub_33a690Ev!
0x000000000033a6b0,sub_33a6b0,24,_ZN7subsdk110sub_33a6b0Ev!
0x000000000033a6d0,sub_33a6d0,24,_ZN7subsdk110sub_33a6d0Ev!
0x000000000033a6f0,sub_33a6f0,24,_ZN7subsdk110sub_33a6f0Ev!
0x000000000033a710,sub_33a710,40,_ZN7subsdk125sub_33a710_subsdk1_33a710Ev!
0x000000000033a740,sub_33a740,44,_ZN7subsdk110sub_33a740Ev!
0x000000000033a770,sub_33a770,20,_ZN7subsdk110sub_33a770Ev!
0x000000000033a790,sub_33a790,20,_ZN7subsdk110sub_33a790Ev!
0x000000000033a7b0,sub_33a7b0,12,_Z16subsdk1_f_33a7b0PvS_
0x000000000033a7c0,sub_33a7c0,12,_Z16subsdk1_f_33a7c0PvS_
0x000000000033a7d0,sub_33a7d0,20,_Z16subsdk1_f_33a7d0PvS_
0x000000000033a7f0,sub_33a7f0,16,_ZN7subsdk110sub_33a7f0Ev!
0x000000000033a800,sub_33a800,24,_ZN7subsdk110sub_33a800Ev!
0x000000000033a820,sub_33a820,24,_Z16subsdk1_f_33a820PvS_S_
0x000000000033a840,sub_33a840,24,_ZN7subsdk110sub_33a840Ev!
0x000000000033a860,sub_33a860,40,_ZN7subsdk110sub_33a860Ev!
0x000000000033a890,sub_33a890,44,_ZN7subsdk110sub_33a890Ev!
0x000000000033a8c0,sub_33a8c0,20,_ZN7subsdk110sub_33a8c0Ev!
0x000000000033a8e0,sub_33a8e0,20,_ZN7subsdk110sub_33a8e0Ev!
0x000000000033a900,sub_33a900,12,_Z16subsdk1_f_33a900PvS_
0x000000000033a910,sub_33a910,12,_Z16subsdk1_f_33a910PvS_
0x000000000033a920,sub_33a920,20,_ZN7subsdk110sub_33a920Ev!
0x000000000033a940,sub_33a940,24,_ZN7subsdk110sub_33a940Ev!
0x000000000033a960,sub_33a960,24,_ZN7subsdk110sub_33a960Ev!
0x000000000033a980,sub_33a980,24,_ZN7subsdk110sub_33a980Ev!
0x000000000033a9a0,sub_33a9a0,24,_ZN7subsdk125sub_33a9a0_subsdk1_33a9a0Ev!
0x000000000033a9c0,sub_33a9c0,40,_ZN7subsdk125sub_33a9c0_subsdk1_33a9c0Ev!
0x000000000033a9f0,sub_33a9f0,44,_ZN7subsdk110sub_33a9f0Ev!
0x000000000033aa20,sub_33aa20,20,_ZN7subsdk110sub_33aa20Ev!
0x000000000033aa40,sub_33aa40,20,_ZN7subsdk125sub_33aa40_subsdk1_33aa40Ev!
0x000000000033aa60,sub_33aa60,12,_ZN7subsdk110sub_33aa60Ev!
0x000000000033aa70,sub_33aa70,12,_ZN7subsdk125sub_33aa70_subsdk1_33aa70Ev!
0x000000000033aa80,sub_33aa80,20,_Z16subsdk1_f_33aa80PvS_
0x000000000033aaa0,sub_33aaa0,16,_ZN7subsdk125sub_33aaa0_subsdk1_33aaa0Ev!
0x000000000033aab0,sub_33aab0,24,_ZN7subsdk110sub_33aab0Ev!
0x000000000033aad0,sub_33aad0,24,_Z16subsdk1_f_33aad0PvS_S_
0x000000000033aaf0,sub_33aaf0,24,_ZN7subsdk125sub_33aaf0_subsdk1_33aaf0Ev!
0x000000000033ab10,sub_33ab10,40,_ZN7subsdk110sub_33ab10Ev!
0x000000000033ab40,sub_33ab40,44,_ZN7subsdk110sub_33ab40Ev!
0x000000000033ab70,sub_33ab70,20,_ZN7subsdk110sub_33ab70Ev!
0x000000000033ab90,sub_33ab90,20,_ZN7subsdk110sub_33ab90Ev!
0x000000000033abb0,sub_33abb0,12,_Z16subsdk1_f_33abb0PvS_
0x000000000033abc0,sub_33abc0,12,_Z16subsdk1_f_33abc0PvS_
0x000000000033abd0,sub_33abd0,16,_Z16subsdk1_f_33abd0PvS_
0x000000000033abe0,sub_33abe0,16,_Z16subsdk1_f_33abe0PvS_
0x000000000033abf0,sub_33abf0,20,_ZN7subsdk110sub_33abf0Ev!
0x000000000033ac10,sub_33ac10,20,_Z16subsdk1_f_33ac10PvS_S_
0x000000000033ac30,sub_33ac30,20,_ZN7subsdk125sub_33ac30_subsdk1_33ac30Ev!
0x000000000033ac50,sub_33ac50,36,_ZN7subsdk110sub_33ac50Ev!
0x000000000033ac80,sub_33ac80,40,_ZN7subsdk125sub_33ac80_subsdk1_33ac80Ev!
0x000000000033acb0,sub_33acb0,20,_ZN7subsdk110sub_33acb0Ev!
0x000000000033acd0,sub_33acd0,20,_ZN7subsdk110sub_33acd0Ev!
0x000000000033acf0,sub_33acf0,20,_ZN7subsdk110sub_33acf0Ev!
0x000000000033ad10,sub_33ad10,20,_ZN7subsdk110sub_33ad10Ev!
0x000000000033ad30,sub_33ad30,20,_ZN7subsdk110sub_33ad30Ev!
0x000000000033ad50,sub_33ad50,20,_Z16subsdk1_f_33ad50PvS_
0x000000000033ad70,sub_33ad70,20,_Z16subsdk1_f_33ad70PvS_
0x000000000033ad90,sub_33ad90,20,_Z16subsdk1_f_33ad90PvS_
0x000000000033adb0,sub_33adb0,20,_Z16subsdk1_f_33adb0PvS_
0x000000000033add0,sub_33add0,20,_Z16subsdk1_f_33add0PvS_
0x000000000033adf0,sub_33adf0,20,_Z16subsdk1_f_33adf0PvS_
0x000000000033ae10,sub_33ae10,16,_Z16subsdk1_f_33ae10PvS_
0x000000000033ae20,sub_33ae20,16,_Z16subsdk1_f_33ae20PvS_
0x000000000033ae30,sub_33ae30,20,_ZN7subsdk125sub_33ae30_subsdk1_33ae30Ev!
0x000000000033ae50,sub_33ae50,20,_Z16subsdk1_f_33ae50PvS_S_
0x000000000033ae70,sub_33ae70,20,_ZN7subsdk110sub_33ae70Ev!
0x000000000033ae90,sub_33ae90,36,_ZN7subsdk110sub_33ae90Ev!
0x000000000033aec0,sub_33aec0,40,_ZN7subsdk110sub_33aec0Ev!
0x000000000033aef0,sub_33aef0,20,_ZN7subsdk110sub_33aef0Ev!
0x000000000033af10,sub_33af10,20,_ZN7subsdk110sub_33af10Ev!
0x000000000033af30,sub_33af30,20,_ZN7subsdk125sub_33af30_subsdk1_33af30Ev!
0x000000000033af50,sub_33af50,20,_ZN7subsdk110sub_33af50Ev!
0x000000000033af70,sub_33af70,20,_ZN7subsdk110sub_33af70Ev!
0x000000000033af90,sub_33af90,20,_Z16subsdk1_f_33af90PvS_
0x000000000033afb0,sub_33afb0,20,_Z16subsdk1_f_33afb0PvS_
0x000000000033afd0,sub_33afd0,20,_Z16subsdk1_f_33afd0PvS_
0x000000000033aff0,sub_33aff0,20,_Z16subsdk1_f_33aff0PvS_
0x000000000033b010,sub_33b010,20,_Z16subsdk1_f_33b010PvS_
0x000000000033b030,sub_33b030,20,_Z16subsdk1_f_33b030PvS_
0x000000000033b050,sub_33b050,224,_ZN7subsdk110sub_33b050Ev!
0x000000000033b130,sub_33b130,156,_ZN7subsdk110sub_33b130Ev!
0x000000000033b1d0,sub_33b1d0,64,_ZN7subsdk110sub_33b1d0Ev!
0x000000000033b210,sub_33b210,392,_ZN7subsdk110sub_33b210Ev!
0x000000000033b3a0,sub_33b3a0,1140,_ZN7subsdk110sub_33b3a0Ev!
0x000000000033b820,unnamed_32,904,_ZN7subsdk125unnamed_32_subsdk1_33b820Ev!
0x000000000033bbb0,sub_33bbb0,432,_ZN7subsdk110sub_33bbb0Ev!
0x000000000033bd60,sub_33bd60,268,_ZN7subsdk110sub_33bd60Ev!
0x000000000033be70,unnamed_33,452,_ZN7subsdk125unnamed_33_subsdk1_33be70Ev!
0x000000000033c040,sub_33c040,588,_ZN7subsdk125sub_33c040_subsdk1_33c040Ev!
0x000000000033c290,sub_33c290,180,_ZN7subsdk110sub_33c290Ev!
0x000000000033c350,sub_33c350,780,_ZN7subsdk110sub_33c350Ev!
0x000000000033c660,sub_33c660,596,_ZN7subsdk125sub_33c660_subsdk1_33c660Ev!
0x000000000033c8c0,sub_33c8c0,768,_ZN7subsdk110sub_33c8c0Ev!
0x000000000033cbc0,unnamed_34,472,_ZN7subsdk125unnamed_34_subsdk1_33cbc0Ev!
0x000000000033cda0,sub_33cda0,720,_ZN7subsdk110sub_33cda0Ev!
0x000000000033d070,sub_33d070,900,_ZN7subsdk110sub_33d070Ev!
0x000000000033d400,unnamed_35,696,_ZN7subsdk125unnamed_35_subsdk1_33d400Ev!
0x000000000033d6c0,sub_33d6c0,292,_ZN7subsdk110sub_33d6c0Ev!
0x000000000033d7f0,sub_33d7f0,8,_Z16subsdk1_f_33d7f0v
0x000000000033d800,sub_33d800,8,_Z16subsdk1_f_33d800v
0x000000000033d810,sub_33d810,4,_Z16subsdk1_f_33d810v
0x000000000033d820,sub_33d820,4,_Z16subsdk1_f_33d820v
0x000000000033d830,sub_33d830,428,_ZN7subsdk110sub_33d830Ev!
0x000000000033d9e0,sub_33d9e0,260,_ZN7subsdk110sub_33d9e0Ev!
0x000000000033daf0,sub_33daf0,76,_ZN7subsdk110sub_33daf0Ev!
0x000000000033db40,loops_not_visited_in_FIFO_order_2,76,_ZN7subsdk133loops_not_visited_in_FIFO_order_2Ev!
0x000000000033db90,sub_33db90,432,_ZN7subsdk125sub_33db90_subsdk1_33db90Ev!
0x000000000033dd40,unexpected_expression_in_DUI_foreachId_2,1128,_ZN7subsdk140unexpected_expression_in_DUI_foreachId_2Ev!
0x000000000033e1b0,sub_33e1b0,140,_ZN7subsdk110sub_33e1b0Ev!
0x000000000033e240,sub_33e240,120,_ZN7subsdk110sub_33e240Ev!
0x000000000033e2c0,sub_33e2c0,208,_ZN7subsdk110sub_33e2c0Ev!
0x000000000033e390,sub_33e390,268,_ZN7subsdk110sub_33e390Ev!
0x000000000033e4a0,sub_33e4a0,528,_ZN7subsdk110sub_33e4a0Ev!
0x000000000033e6b0,sub_33e6b0,196,_ZN7subsdk110sub_33e6b0Ev!
0x000000000033e780,sub_33e780,136,_ZN7subsdk110sub_33e780Ev!
0x000000000033e810,sub_33e810,288,_ZN7subsdk125sub_33e810_subsdk1_33e810Ev!
0x000000000033e930,sub_33e930,1408,_ZN7subsdk110sub_33e930Ev!
0x000000000033eeb0,sub_33eeb0,36,_ZN7subsdk110sub_33eeb0Ev!
0x000000000033eee0,sub_33eee0,132,_ZN7subsdk110sub_33eee0Ev!
0x000000000033ef70,sub_33ef70,252,_ZN7subsdk110sub_33ef70Ev!
0x000000000033f070,sub_33f070,140,_ZN7subsdk110sub_33f070Ev!
0x000000000033f100,sub_33f100,8,_Z16subsdk1_f_33f100v
0x000000000033f110,sub_33f110,236,_ZN7subsdk125sub_33f110_subsdk1_33f110Ev!
0x000000000033f200,sub_33f200,292,_ZN7subsdk110sub_33f200Ev!
0x000000000033f330,sub_33f330,224,_ZN7subsdk110sub_33f330Ev!
0x000000000033f410,sub_33f410,20,_Z16subsdk1_f_33f410m
0x000000000033f430,sub_33f430,484,_ZN7subsdk125sub_33f430_subsdk1_33f430Ev!
0x000000000033f620,f_0_s_s_2,304,_ZN7subsdk19f_0_s_s_2Ev!
0x000000000033f750,unnamed_36,1640,_ZN7subsdk125unnamed_36_subsdk1_33f750Ev!
0x000000000033fdc0,sub_33fdc0,232,_ZN7subsdk110sub_33fdc0Ev!
0x000000000033feb0,sub_33feb0,224,_ZN7subsdk125sub_33feb0_subsdk1_33feb0Ev!
0x000000000033ff90,unnamed_37,552,_ZN7subsdk125unnamed_37_subsdk1_33ff90Ev!
0x00000000003401c0,sub_3401c0,276,_ZN7subsdk110sub_3401c0Ev!
0x00000000003402e0,assignment_among_incompatible_concrete_types,744,_ZN7subsdk144assignment_among_incompatible_concrete_typesEv!
0x00000000003405d0,sub_3405d0,148,_ZN7subsdk125sub_3405d0_subsdk1_3405d0Ev!
0x0000000000340670,sub_340670,1084,_ZN7subsdk125sub_340670_subsdk1_340670Ev!
0x0000000000340ab0,sub_340ab0,480,_ZN7subsdk125sub_340ab0_subsdk1_340ab0Ev!
0x0000000000340c90,sub_340c90,12,_Z16subsdk1_f_340c90PvS_
0x0000000000340ca0,sub_340ca0,56,_ZN7subsdk110sub_340ca0Ev!
0x0000000000340ce0,sub_340ce0,8,_Z16subsdk1_f_340ce0v
0x0000000000340cf0,sub_340cf0,4,_Z16subsdk1_f_340cf0v
0x0000000000340d00,sub_340d00,400,_ZN7subsdk125sub_340d00_subsdk1_340d00Ev!
0x0000000000340e90,sub_340e90,100,_ZN7subsdk110sub_340e90Ev!
0x0000000000340f00,sub_340f00,104,_ZN7subsdk125sub_340f00_subsdk1_340f00Ev!
0x0000000000340f70,sub_340f70,348,_ZN7subsdk110sub_340f70Ev!
0x00000000003410d0,sub_3410d0,76,_ZN7subsdk110sub_3410d0Ev!
0x0000000000341120,sub_341120,28,_ZN7subsdk110sub_341120Ev!
0x0000000000341140,sub_341140,700,_ZN7subsdk110sub_341140Ev!
0x0000000000341400,sub_341400,156,_ZN7subsdk110sub_341400Ev!
0x00000000003414a0,cannot_determine_type_of_interface_variable_Need_to_inli,120,_ZN7subsdk156cannot_determine_type_of_interface_variable_Need_to_inliEv!
0x0000000000341520,sub_341520,360,_ZN7subsdk110sub_341520Ev!
0x0000000000341690,OpenGL_does_not_allow_s_calls_after_return_statement,920,_ZN7subsdk152OpenGL_does_not_allow_s_calls_after_return_statementEv!
0x0000000000341a30,this_d_2,2680,_ZN7subsdk18this_d_2Ev!
0x00000000003424b0,sub_3424b0,68,_ZN7subsdk110sub_3424b0Ev!
0x0000000000342500,s_04d_3,892,_ZN7subsdk17s_04d_3Ev!
0x0000000000342880,sub_342880,12,_ZN7subsdk110sub_342880Ev!
0x0000000000342890,sub_342890,200,_ZN7subsdk125sub_342890_subsdk1_342890Ev!
0x0000000000342960,sub_342960,184,_ZN7subsdk125sub_342960_subsdk1_342960Ev!
0x0000000000342a20,sub_342a20,88,_ZN7subsdk125sub_342a20_subsdk1_342a20Ev!
0x0000000000342a80,sub_342a80,264,_ZN7subsdk125sub_342a80_subsdk1_342a80Ev!
0x0000000000342b90,sub_342b90,56,_ZN7subsdk110sub_342b90Ev!
0x0000000000342bd0,sub_342bd0,92,_ZN7subsdk110sub_342bd0Ev!
0x0000000000342c30,sub_342c30,1776,_ZN7subsdk110sub_342c30Ev!
0x0000000000343320,sub_343320,528,_ZN7subsdk110sub_343320Ev!
0x0000000000343530,sub_343530,132,_ZN7subsdk110sub_343530Ev!
0x00000000003435c0,sub_3435c0,568,_ZN7subsdk110sub_3435c0Ev!
0x0000000000343800,sub_343800,608,_ZN7subsdk110sub_343800Ev!
0x0000000000343a60,sub_343a60,232,_ZN7subsdk110sub_343a60Ev!
0x0000000000343b50,sub_343b50,8,_ZN7subsdk125sub_343b50_subsdk1_343b50Ev!
0x0000000000343b60,sub_343b60,2568,_ZN7subsdk110sub_343b60Ev!
0x0000000000344570,sub_344570,804,_ZN7subsdk110sub_344570Ev!
0x00000000003448a0,sub_3448a0,12,_ZN7subsdk110sub_3448a0Ev!
0x00000000003448b0,sub_3448b0,204,_ZN7subsdk110sub_3448b0Ev!
0x0000000000344980,unnamed_38,1384,_ZN7subsdk125unnamed_38_subsdk1_344980Ev!
0x0000000000344ef0,sub_344ef0,236,_ZN7subsdk110sub_344ef0Ev!
0x0000000000344fe0,sub_344fe0,84,_ZN7subsdk110sub_344fe0Ev!
0x0000000000345040,sub_345040,8,_Z16subsdk1_f_345040v
0x0000000000345050,sub_345050,348,_ZN7subsdk110sub_345050Ev!
0x00000000003451b0,sub_3451b0,124,_ZN7subsdk125sub_3451b0_subsdk1_3451b0Ev!
0x0000000000345230,sub_345230,52,_ZN7subsdk110sub_345230Ev!
0x0000000000345270,sub_345270,2512,_ZN7subsdk110sub_345270Ev!
0x0000000000345c40,sub_345c40,116,_ZN7subsdk110sub_345c40Ev!
0x0000000000345cc0,sub_345cc0,2552,_ZN7subsdk110sub_345cc0Ev!
0x00000000003466c0,sub_3466c0,752,_ZN7subsdk110sub_3466c0Ev!
0x00000000003469b0,sub_3469b0,368,_ZN7subsdk125sub_3469b0_subsdk1_3469b0Ev!
0x0000000000346b20,sub_346b20,176,_ZN7subsdk110sub_346b20Ev!
0x0000000000346bd0,sub_346bd0,128,_ZN7subsdk110sub_346bd0Ev!
0x0000000000346c50,sub_346c50,668,_ZN7subsdk125sub_346c50_subsdk1_346c50Ev!
0x0000000000346ef0,sub_346ef0,12,_Z16subsdk1_f_346ef0mmm
0x0000000000346f00,sub_346f00,28,_ZN7subsdk110sub_346f00Ev!
0x0000000000346f20,sub_346f20,144,_ZN7subsdk125sub_346f20_subsdk1_346f20Ev!
0x0000000000346fb0,sub_346fb0,20,_ZN7subsdk110sub_346fb0Ev!
0x0000000000346fd0,sub_346fd0,164,_ZN7subsdk110sub_346fd0Ev!
0x0000000000347080,sub_347080,12,_Z16subsdk1_f_347080Pv
0x0000000000347090,sub_347090,220,_ZN7subsdk125sub_347090_subsdk1_347090Ev!
0x0000000000347170,sub_347170,76,_ZN7subsdk110sub_347170Ev!
0x00000000003471c0,sub_3471c0,48,_ZN7subsdk110sub_3471c0Ev!
0x00000000003471f0,continue_fn,11668,_ZN7subsdk111continue_fnEv!
0x0000000000349f90,sub_349f90,360,_ZN7subsdk110sub_349f90Ev!
0x000000000034a100,sub_34a100,60,_ZN7subsdk110sub_34a100Ev!
0x000000000034a140,sub_34a140,68,_ZN7subsdk110sub_34a140Ev!
0x000000000034a190,sub_34a190,184,_ZN7subsdk125sub_34a190_subsdk1_34a190Ev!
0x000000000034a250,too_many_wildcards_in_pattern_matching,512,_ZN7subsdk138too_many_wildcards_in_pattern_matchingEv!
0x000000000034a450,no_wildcard_s_in_pattern_matching,152,_ZN7subsdk133no_wildcard_s_in_pattern_matchingEv!
0x000000000034a4f0,sub_34a4f0,592,_ZN7subsdk110sub_34a4f0Ev!
0x000000000034a740,sub_34a740,612,_ZN7subsdk110sub_34a740Ev!
0x000000000034a9b0,sub_34a9b0,92,_ZN7subsdk110sub_34a9b0Ev!
0x000000000034aa10,sub_34aa10,500,_ZN7subsdk110sub_34aa10Ev!
0x000000000034ac10,sub_34ac10,740,_ZN7subsdk110sub_34ac10Ev!
0x000000000034af00,sub_34af00,416,_ZN7subsdk125sub_34af00_subsdk1_34af00Ev!
0x000000000034b0a0,sub_34b0a0,716,_ZN7subsdk125sub_34b0a0_subsdk1_34b0a0Ev!
0x000000000034b370,sub_34b370,608,_ZN7subsdk125sub_34b370_subsdk1_34b370Ev!
0x000000000034b5d0,NV_gpu_shader5_2,2236,_ZN7subsdk116NV_gpu_shader5_2Ev!
0x000000000034be90,load,1248,_ZN7subsdk119load_subsdk1_34be90Ev!
0x000000000034c370,sub_34c370,776,_ZN7subsdk110sub_34c370Ev!
0x000000000034c680,sub_34c680,464,_ZN7subsdk110sub_34c680Ev!
0x000000000034c850,sub_34c850,412,_ZN7subsdk110sub_34c850Ev!
0x000000000034c9f0,sub_34c9f0,428,_ZN7subsdk110sub_34c9f0Ev!
0x000000000034cba0,store_required_start,10872,_ZN7subsdk120store_required_startEv!
0x000000000034f620,sub_34f620,92,_ZN7subsdk125sub_34f620_subsdk1_34f620Ev!
0x000000000034f680,option,208,_ZN7subsdk16optionEv!
0x000000000034f750,option_2,256,_ZN7subsdk18option_2Ev!
0x000000000034f850,unrecognized_pragma_s_s,236,_ZN7subsdk123unrecognized_pragma_s_sEv!
0x000000000034f940,sub_34f940,268,_ZN7subsdk110sub_34f940Ev!
0x000000000034fa50,column_major,1300,_ZN7subsdk112column_majorEv!
0x000000000034ff70,SAMPLERSTATE,4276,_ZN7subsdk112SAMPLERSTATEEv!
0x0000000000351030,sub_351030,240,_ZN7subsdk110sub_351030Ev!
0x0000000000351120,varIndex,1312,_ZN7subsdk18varIndexEv!
0x0000000000351640,sub_351640,232,_ZN7subsdk125sub_351640_subsdk1_351640Ev!
0x0000000000351730,x_02x,484,_ZN7subsdk15x_02xEv!
0x0000000000351920,sub_351920,72,_ZN7subsdk125sub_351920_subsdk1_351920Ev!
0x0000000000351970,unhandled_expression_type_in_lExprPrecedence,312,_ZN7subsdk144unhandled_expression_type_in_lExprPrecedenceEv!
0x0000000000351ab0,sub_351ab0,112,_ZN7subsdk125sub_351ab0_subsdk1_351ab0Ev!
0x0000000000351b20,sub_351b20,8,_Z16subsdk1_f_351b20v
0x0000000000351b30,sub_351b30,4,_Z16subsdk1_f_351b30v
0x0000000000351b40,stdin,452,_ZN7subsdk15stdinEv!
0x0000000000351d10,sub_351d10,8,_ZN7subsdk110sub_351d10Ev!
0x0000000000351d20,sub_351d20,408,_ZN7subsdk110sub_351d20Ev!
0x0000000000351ec0,sub_351ec0,80,_ZN7subsdk110sub_351ec0Ev!
0x0000000000351f10,sub_351f10,40,_ZN7subsdk125sub_351f10_subsdk1_351f10Ev!
0x0000000000351f40,shader_d,504,_ZN7subsdk18shader_dEv!
0x0000000000352140,sub_352140,328,_ZN7subsdk125sub_352140_subsdk1_352140Ev!
0x0000000000352290,sub_352290,60,_ZN7subsdk110sub_352290Ev!
0x00000000003522d0,sub_3522d0,8,_ZN7subsdk110sub_3522d0Ev!
0x00000000003522e0,sub_3522e0,68,_ZN7subsdk125sub_3522e0_subsdk1_3522e0Ev!
0x0000000000352330,EOL_inside_preprocessor_string,3372,_ZN7subsdk130EOL_inside_preprocessor_stringEv!
0x0000000000353060,integer_constant_overflow,820,_ZN7subsdk125integer_constant_overflowEv!
0x00000000003533a0,floating_point_constant_overflow,1788,_ZN7subsdk132floating_point_constant_overflowEv!
0x0000000000353aa0,c_in_string_constant,360,_ZN7subsdk120c_in_string_constantEv!
0x0000000000353c10,sub_353c10,208,_ZN7subsdk110sub_353c10Ev!
0x0000000000353ce0,sub_353ce0,1200,_ZN7subsdk110sub_353ce0Ev!
0x0000000000354190,sub_354190,244,_ZN7subsdk110sub_354190Ev!
0x0000000000354290,sub_354290,68,_ZN7subsdk110sub_354290Ev!
0x00000000003542e0,line_d,408,_ZN7subsdk16line_dEv!
0x0000000000354480,sub_354480,152,_ZN7subsdk110sub_354480Ev!
0x0000000000354520,sub_354520,168,_ZN7subsdk110sub_354520Ev!
0x00000000003545d0,sub_3545d0,88,_ZN7subsdk110sub_3545d0Ev!
0x0000000000354630,NOPERSPECTIVE_3,2144,_ZN7subsdk115NOPERSPECTIVE_3Ev!
0x0000000000354e90,sub_354e90,508,_ZN7subsdk125sub_354e90_subsdk1_354e90Ev!
0x0000000000355090,sub_355090,36,_ZN7subsdk110sub_355090Ev!
0x00000000003550c0,unexpected_samplerkind_in_SamplerKind2SamplerTypes,44,_ZN7subsdk150unexpected_samplerkind_in_SamplerKind2SamplerTypesEv!
0x00000000003550f0,s_s_s_s,252,_ZN7subsdk17s_s_s_sEv!
0x00000000003551f0,s_d_s_2,268,_ZN7subsdk122s_d_s_2_subsdk1_3551f0Ev!
0x0000000000355300,sub_355300,360,_ZN7subsdk125sub_355300_subsdk1_355300Ev!
0x0000000000355470,sub_355470,32,_ZN7subsdk110sub_355470Ev!
0x0000000000355490,BUFFER_1,288,_ZN7subsdk18BUFFER_1Ev!
0x00000000003555b0,yuv_img__d__d,680,_ZN7subsdk113yuv_img__d__dEv!
0x0000000000355860,VERTEXOUT_6,9076,_ZN7subsdk111VERTEXOUT_6Ev!
0x0000000000357be0,sub_357be0,412,_ZN7subsdk110sub_357be0Ev!
0x0000000000357d80,sub_357d80,304,_ZN7subsdk125sub_357d80_subsdk1_357d80Ev!
0x0000000000357eb0,sub_357eb0,96,_ZN7subsdk110sub_357eb0Ev!
0x0000000000357f10,sub_357f10,212,_ZN7subsdk125sub_357f10_subsdk1_357f10Ev!
0x0000000000357ff0,xfb_offset_2,396,_ZN7subsdk112xfb_offset_2Ev!
0x0000000000358180,xfb_stride_2,2448,_ZN7subsdk112xfb_stride_2Ev!
0x0000000000358b10,samplepositions,824,_ZN7subsdk115samplepositionsEv!
0x0000000000358e50,sub_358e50,604,_ZN7subsdk110sub_358e50Ev!
0x00000000003590b0,sub_3590b0,604,_ZN7subsdk110sub_3590b0Ev!
0x0000000000359310,sub_359310,440,_ZN7subsdk110sub_359310Ev!
0x00000000003594d0,sub_3594d0,216,_ZN7subsdk125sub_3594d0_subsdk1_3594d0Ev!
0x00000000003595b0,sub_3595b0,44,_ZN7subsdk110sub_3595b0Ev!
0x00000000003595e0,sub_3595e0,44,_ZN7subsdk110sub_3595e0Ev!
0x0000000000359610,sub_359610,44,_ZN7subsdk110sub_359610Ev!
0x0000000000359640,sub_359640,44,_ZN7subsdk110sub_359640Ev!
0x0000000000359670,sub_359670,44,_ZN7subsdk110sub_359670Ev!
0x00000000003596a0,sub_3596a0,88,_ZN7subsdk110sub_3596a0Ev!
0x0000000000359700,sub_359700,44,_ZN7subsdk110sub_359700Ev!
0x0000000000359730,sub_359730,8,_Z16subsdk1_f_359730v
0x0000000000359740,sub_359740,8,_Z16subsdk1_f_359740v
0x0000000000359750,sub_359750,144,_ZN7subsdk110sub_359750Ev!
0x00000000003597e0,geometry_2,268,_ZN7subsdk110geometry_2Ev!
0x00000000003598f0,sub_3598f0,304,_ZN7subsdk110sub_3598f0Ev!
0x0000000000359a20,unexpected_type_kind_x_in_AddBindingTypes,1836,_ZN7subsdk141unexpected_type_kind_x_in_AddBindingTypesEv!
0x000000000035a150,illegal_parameter_to_main_s,2952,_ZN7subsdk127illegal_parameter_to_main_sEv!
0x000000000035ace0,Use_of_s_conflicts_with_s,492,_ZN7subsdk125Use_of_s_conflicts_with_sEv!
0x000000000035aed0,sub_35aed0,136,_ZN7subsdk125sub_35aed0_subsdk1_35aed0Ev!
0x000000000035af60,sub_35af60,96,_ZN7subsdk110sub_35af60Ev!
0x000000000035afc0,sub_35afc0,316,_ZN7subsdk125sub_35afc0_subsdk1_35afc0Ev!
0x000000000035b100,sub_35b100,252,_ZN7subsdk110sub_35b100Ev!
0x000000000035b200,sub_35b200,48,_ZN7subsdk110sub_35b200Ev!
0x000000000035b230,sub_35b230,56,_ZN7subsdk110sub_35b230Ev!
0x000000000035b270,sub_35b270,1488,_ZN7subsdk110sub_35b270Ev!
0x000000000035b840,sub_35b840,204,_ZN7subsdk110sub_35b840Ev!
0x000000000035b910,sub_35b910,492,_ZN7subsdk110sub_35b910Ev!
0x000000000035bb00,sub_35bb00,224,_ZN7subsdk125sub_35bb00_subsdk1_35bb00Ev!
0x000000000035bbe0,sub_35bbe0,356,_ZN7subsdk125sub_35bbe0_subsdk1_35bbe0Ev!
0x000000000035bd50,sub_35bd50,124,_ZN7subsdk125sub_35bd50_subsdk1_35bd50Ev!
0x000000000035bdd0,sub_35bdd0,592,_ZN7subsdk110sub_35bdd0Ev!
0x000000000035c020,sub_35c020,16,_Z16subsdk1_f_35c020Pv
0x000000000035c030,sub_35c030,108,_ZN7subsdk125sub_35c030_subsdk1_35c030Ev!
0x000000000035c0a0,sub_35c0a0,116,_ZN7subsdk110sub_35c0a0Ev!
0x000000000035c120,sub_35c120,340,_ZN7subsdk110sub_35c120Ev!
0x000000000035c280,sub_35c280,28,_ZN7subsdk110sub_35c280Ev!
0x000000000035c2a0,sub_35c2a0,124,_ZN7subsdk110sub_35c2a0Ev!
0x000000000035c320,sub_35c320,688,_ZN7subsdk110sub_35c320Ev!
0x000000000035c5d0,sub_35c5d0,96,_ZN7subsdk110sub_35c5d0Ev!
0x000000000035c630,sub_35c630,96,_ZN7subsdk125sub_35c630_subsdk1_35c630Ev!
0x000000000035c690,sub_35c690,228,_ZN7subsdk110sub_35c690Ev!
0x000000000035c780,sub_35c780,32,_ZN7subsdk110sub_35c780Ev!
0x000000000035c7a0,sub_35c7a0,116,_ZN7subsdk110sub_35c7a0Ev!
0x000000000035c820,sub_35c820,508,_ZN7subsdk110sub_35c820Ev!
0x000000000035ca20,sub_35ca20,428,_ZN7subsdk110sub_35ca20Ev!
0x000000000035cbd0,sub_35cbd0,104,_ZN7subsdk110sub_35cbd0Ev!
0x000000000035cc40,sub_35cc40,308,_ZN7subsdk110sub_35cc40Ev!
0x000000000035cd80,sub_35cd80,56,_ZN7subsdk110sub_35cd80Ev!
0x000000000035cdc0,sub_35cdc0,304,_ZN7subsdk110sub_35cdc0Ev!
0x000000000035cef0,sub_35cef0,400,_ZN7subsdk110sub_35cef0Ev!
0x000000000035d080,sub_35d080,156,_ZN7subsdk110sub_35d080Ev!
0x000000000035d120,sub_35d120,44,_ZN7subsdk110sub_35d120Ev!
0x000000000035d150,sub_35d150,108,_ZN7subsdk125sub_35d150_subsdk1_35d150Ev!
0x000000000035d1c0,sub_35d1c0,252,_ZN7subsdk125sub_35d1c0_subsdk1_35d1c0Ev!
0x000000000035d2c0,sub_35d2c0,164,_ZN7subsdk125sub_35d2c0_subsdk1_35d2c0Ev!
0x000000000035d370,sub_35d370,56,_ZN7subsdk110sub_35d370Ev!
0x000000000035d3b0,sub_35d3b0,16,_ZN7subsdk110sub_35d3b0Ev!
0x000000000035d3c0,sub_35d3c0,184,_ZN7subsdk125sub_35d3c0_subsdk1_35d3c0Ev!
0x000000000035d480,sub_35d480,24,_ZN7subsdk110sub_35d480Ev!
0x000000000035d4a0,sub_35d4a0,52,_ZN7subsdk125sub_35d4a0_subsdk1_35d4a0Ev!
0x000000000035d4e0,sub_35d4e0,176,_ZN7subsdk125sub_35d4e0_subsdk1_35d4e0Ev!
0x000000000035d590,xfb_buffer_3,912,_ZN7subsdk112xfb_buffer_3Ev!
0x000000000035d920,sub_35d920,804,_ZN7subsdk110sub_35d920Ev!
0x000000000035dc50,sub_35dc50,1020,_ZN7subsdk110sub_35dc50Ev!
0x000000000035e050,non_constant_expression_in_initialization,212,_ZN7subsdk141non_constant_expression_in_initializationEv!
0x000000000035e130,sub_35e130,532,_ZN7subsdk110sub_35e130Ev!
0x000000000035e350,sub_35e350,80,_ZN7subsdk110sub_35e350Ev!
0x000000000035e3a0,location_8,652,_ZN7subsdk110location_8Ev!
0x000000000035e630,sub_35e630,168,_ZN7subsdk110sub_35e630Ev!
0x000000000035e6e0,sub_35e6e0,36,_ZN7subsdk110sub_35e6e0Ev!
0x000000000035e710,sub_35e710,212,_ZN7subsdk125sub_35e710_subsdk1_35e710Ev!
0x000000000035e7f0,sub_35e7f0,940,_ZN7subsdk110sub_35e7f0Ev!
0x000000000035eba0,sub_35eba0,168,_ZN7subsdk110sub_35eba0Ev!
0x000000000035ec50,sub_35ec50,904,_ZN7subsdk110sub_35ec50Ev!
0x000000000035efe0,sub_35efe0,152,_ZN7subsdk110sub_35efe0Ev!
0x000000000035f080,sub_35f080,784,_ZN7subsdk125sub_35f080_subsdk1_35f080Ev!
0x000000000035f390,sub_35f390,104,_ZN7subsdk110sub_35f390Ev!
0x000000000035f400,sub_35f400,48,_ZN7subsdk110sub_35f400Ev!
0x000000000035f430,sub_35f430,12,_ZN7subsdk110sub_35f430Ev!
0x000000000035f440,sub_35f440,16,_ZN7subsdk110sub_35f440Ev!
0x000000000035f450,sub_35f450,20,_ZN7subsdk110sub_35f450Ev!
0x000000000035f470,sub_35f470,232,_ZN7subsdk110sub_35f470Ev!
0x000000000035f560,sub_35f560,368,_ZN7subsdk110sub_35f560Ev!
0x000000000035f6d0,sub_35f6d0,128,_ZN7subsdk110sub_35f6d0Ev!
0x000000000035f750,sub_35f750,184,_ZN7subsdk125sub_35f750_subsdk1_35f750Ev!
0x000000000035f810,sub_35f810,64,_ZN7subsdk125sub_35f810_subsdk1_35f810Ev!
0x000000000035f850,sub_35f850,36,_ZN7subsdk110sub_35f850Ev!
0x000000000035f880,sub_35f880,28,_ZN7subsdk110sub_35f880Ev!
0x000000000035f8a0,sub_35f8a0,276,_ZN7subsdk110sub_35f8a0Ev!
0x000000000035f9c0,sub_35f9c0,288,_ZN7subsdk110sub_35f9c0Ev!
0x000000000035fae0,sub_35fae0,148,_ZN7subsdk110sub_35fae0Ev!
0x000000000035fb80,sub_35fb80,196,_ZN7subsdk110sub_35fb80Ev!
0x000000000035fc50,sub_35fc50,144,_ZN7subsdk110sub_35fc50Ev!
0x000000000035fce0,sub_35fce0,144,_ZN7subsdk110sub_35fce0Ev!
0x000000000035fd70,sub_35fd70,144,_ZN7subsdk110sub_35fd70Ev!
0x000000000035fe00,sub_35fe00,196,_ZN7subsdk125sub_35fe00_subsdk1_35fe00Ev!
0x000000000035fed0,sub_35fed0,300,_ZN7subsdk110sub_35fed0Ev!
0x0000000000360000,sub_360000,400,_ZN7subsdk110sub_360000Ev!
0x0000000000360190,sub_360190,252,_ZN7subsdk110sub_360190Ev!
0x0000000000360290,sub_360290,248,_ZN7subsdk125sub_360290_subsdk1_360290Ev!
0x0000000000360390,sub_360390,144,_ZN7subsdk125sub_360390_subsdk1_360390Ev!
0x0000000000360420,sub_360420,148,_ZN7subsdk125sub_360420_subsdk1_360420Ev!
0x00000000003604c0,sub_3604c0,180,_ZN7subsdk125sub_3604c0_subsdk1_3604c0Ev!
0x0000000000360580,sub_360580,192,_ZN7subsdk110sub_360580Ev!
0x0000000000360640,sub_360640,208,_ZN7subsdk125sub_360640_subsdk1_360640Ev!
0x0000000000360710,sub_360710,124,_ZN7subsdk125sub_360710_subsdk1_360710Ev!
0x0000000000360790,sub_360790,100,_ZN7subsdk125sub_360790_subsdk1_360790Ev!
0x0000000000360800,unrecognized_profile_specifier_s_2,192,_ZN7subsdk134unrecognized_profile_specifier_s_2Ev!
0x00000000003608c0,sub_3608c0,36,_ZN7subsdk125sub_3608c0_subsdk1_3608c0Ev!
0x00000000003608f0,sub_3608f0,288,_ZN7subsdk125sub_3608f0_subsdk1_3608f0Ev!
0x0000000000360a10,sub_360a10,288,_ZN7subsdk125sub_360a10_subsdk1_360a10Ev!
0x0000000000360b30,sub_360b30,120,_ZN7subsdk125sub_360b30_subsdk1_360b30Ev!
0x0000000000360bb0,sub_360bb0,132,_ZN7subsdk125sub_360bb0_subsdk1_360bb0Ev!
0x0000000000360c40,sub_360c40,288,_ZN7subsdk110sub_360c40Ev!
0x0000000000360d60,sub_360d60,88,_ZN7subsdk125sub_360d60_subsdk1_360d60Ev!
0x0000000000360dc0,unsupported_node_type_in_DupNode,268,_ZN7subsdk132unsupported_node_type_in_DupNodeEv!
0x0000000000360ed0,sub_360ed0,84,_ZN7subsdk110sub_360ed0Ev!
0x0000000000360f30,sub_360f30,108,_ZN7subsdk125sub_360f30_subsdk1_360f30Ev!
0x0000000000360fa0,sub_360fa0,128,_ZN7subsdk110sub_360fa0Ev!
0x0000000000361020,sub_361020,136,_ZN7subsdk110sub_361020Ev!
0x00000000003610b0,sub_3610b0,148,_ZN7subsdk110sub_3610b0Ev!
0x0000000000361150,sub_361150,88,_ZN7subsdk110sub_361150Ev!
0x00000000003611b0,sub_3611b0,84,_ZN7subsdk110sub_3611b0Ev!
0x0000000000361210,sub_361210,84,_ZN7subsdk110sub_361210Ev!
0x0000000000361270,sub_361270,220,_ZN7subsdk110sub_361270Ev!
0x0000000000361350,sub_361350,124,_ZN7subsdk125sub_361350_subsdk1_361350Ev!
0x00000000003613d0,invalid_discard_statement_encountered_in_DupStmt,1404,_ZN7subsdk148invalid_discard_statement_encountered_in_DupStmtEv!
0x0000000000361950,sub_361950,64,_ZN7subsdk110sub_361950Ev!
0x0000000000361990,sub_361990,32,_ZN7subsdk110sub_361990Ev!
0x00000000003619b0,sub_3619b0,196,_ZN7subsdk110sub_3619b0Ev!
0x0000000000361a80,sub_361a80,196,_ZN7subsdk110sub_361a80Ev!
0x0000000000361b50,too_much_data_in_initialization_2,132,_ZN7subsdk133too_much_data_in_initialization_2Ev!
0x0000000000361be0,sub_361be0,428,_ZN7subsdk110sub_361be0Ev!
0x0000000000361d90,multiple_inheritance_not_supported,1084,_ZN7subsdk134multiple_inheritance_not_supportedEv!
0x00000000003621d0,the_name_s_is_already_defined,292,_ZN7subsdk129the_name_s_is_already_definedEv!
0x0000000000362300,sub_362300,8,_ZN7subsdk110sub_362300Ev!
0x0000000000362310,sub_362310,72,_ZN7subsdk110sub_362310Ev!
0x0000000000362360,sub_362360,36,_ZN7subsdk125sub_362360_subsdk1_362360Ev!
0x0000000000362390,sub_362390,176,_ZN7subsdk110sub_362390Ev!
0x0000000000362440,sub_362440,216,_ZN7subsdk110sub_362440Ev!
0x0000000000362520,sub_362520,256,_ZN7subsdk110sub_362520Ev!
0x0000000000362620,sub_362620,216,_ZN7subsdk110sub_362620Ev!
0x0000000000362700,sub_362700,124,_ZN7subsdk125sub_362700_subsdk1_362700Ev!
0x0000000000362780,sub_362780,44,_ZN7subsdk125sub_362780_subsdk1_362780Ev!
0x00000000003627b0,sub_3627b0,80,_ZN7subsdk125sub_3627b0_subsdk1_3627b0Ev!
0x0000000000362800,sub_362800,48,_ZN7subsdk110sub_362800Ev!
0x0000000000362830,sub_362830,48,_ZN7subsdk110sub_362830Ev!
0x0000000000362860,unexpected_expr_kind_in_IsExprEqual,572,_ZN7subsdk135unexpected_expr_kind_in_IsExprEqualEv!
0x0000000000362aa0,sub_362aa0,144,_ZN7subsdk110sub_362aa0Ev!
0x0000000000362b30,sub_362b30,72,_ZN7subsdk125sub_362b30_subsdk1_362b30Ev!
0x0000000000362b80,sub_362b80,360,_ZN7subsdk110sub_362b80Ev!
0x0000000000362cf0,sub_362cf0,168,_ZN7subsdk110sub_362cf0Ev!
0x0000000000362da0,sub_362da0,436,_ZN7subsdk110sub_362da0Ev!
0x0000000000362f60,OpenGL_does_not_allow_matrix_casts_without_version_120_o,9148,_ZN7subsdk156OpenGL_does_not_allow_matrix_casts_without_version_120_oEv!
0x0000000000365320,sub_365320,260,_ZN7subsdk110sub_365320Ev!
0x0000000000365430,implicit_cast_from_s_to_s,244,_ZN7subsdk125implicit_cast_from_s_to_sEv!
0x0000000000365530,too_much_data_in_type_constructor_6,812,_ZN7subsdk135too_much_data_in_type_constructor_6Ev!
0x0000000000365860,sub_365860,184,_ZN7subsdk110sub_365860Ev!
0x0000000000365920,operands_to_s_must_be_scalar_or_vector,612,_ZN7subsdk138operands_to_s_must_be_scalar_or_vectorEv!
0x0000000000365b90,sub_365b90,176,_ZN7subsdk110sub_365b90Ev!
0x0000000000365c40,sub_365c40,248,_ZN7subsdk110sub_365c40Ev!
0x0000000000365d40,sub_365d40,176,_ZN7subsdk110sub_365d40Ev!
0x0000000000365df0,sub_365df0,276,_ZN7subsdk110sub_365df0Ev!
0x0000000000365f10,expected_matrix_operand_to_s,624,_ZN7subsdk128expected_matrix_operand_to_sEv!
0x0000000000366180,sub_366180,88,_ZN7subsdk110sub_366180Ev!
0x00000000003661e0,sub_3661e0,180,_ZN7subsdk110sub_3661e0Ev!
0x00000000003662a0,sub_3662a0,324,_ZN7subsdk110sub_3662a0Ev!
0x00000000003663f0,length_of_vector_expressions_cannot_exceed_4,316,_ZN7subsdk144length_of_vector_expressions_cannot_exceed_4Ev!
0x0000000000366530,sub_366530,192,_ZN7subsdk110sub_366530Ev!
0x00000000003665f0,Invalid_binary_operator,348,_ZN7subsdk123Invalid_binary_operatorEv!
0x0000000000366750,sub_366750,240,_ZN7subsdk110sub_366750Ev!
0x0000000000366840,sub_366840,240,_ZN7subsdk110sub_366840Ev!
0x0000000000366930,OpenGL_does_not_allow_selection_of_expressions_of_array,468,_ZN7subsdk155OpenGL_does_not_allow_selection_of_expressions_of_arrayEv!
0x0000000000366b10,sub_366b10,152,_ZN7subsdk110sub_366b10Ev!
0x0000000000366bb0,sub_366bb0,112,_ZN7subsdk125sub_366bb0_subsdk1_366bb0Ev!
0x0000000000366c20,sub_366c20,216,_ZN7subsdk125sub_366c20_subsdk1_366c20Ev!
0x0000000000366d00,sub_366d00,216,_ZN7subsdk110sub_366d00Ev!
0x0000000000366de0,sub_366de0,200,_ZN7subsdk110sub_366de0Ev!
0x0000000000366eb0,sub_366eb0,88,_ZN7subsdk110sub_366eb0Ev!
0x0000000000366f10,sub_366f10,188,_ZN7subsdk110sub_366f10Ev!
0x0000000000366fd0,can_t_find_s_function_in_stdlib,1172,_ZN7subsdk131can_t_find_s_function_in_stdlibEv!
0x0000000000367470,sub_367470,40,_ZN7subsdk110sub_367470Ev!
0x00000000003674a0,sub_3674a0,8,_Z16subsdk1_f_3674a0jj
0x00000000003674b0,TEXUNIT,372,_ZN7subsdk17TEXUNITEv!
0x0000000000367630,sub_367630,124,_ZN7subsdk125sub_367630_subsdk1_367630Ev!
0x00000000003676b0,sub_3676b0,80,_ZN7subsdk110sub_3676b0Ev!
0x0000000000367700,sub_367700,348,_ZN7subsdk110sub_367700Ev!
0x0000000000367860,sub_367860,212,_ZN7subsdk110sub_367860Ev!
0x0000000000367940,sub_367940,360,_ZN7subsdk125sub_367940_subsdk1_367940Ev!
0x0000000000367ab0,sub_367ab0,296,_ZN7subsdk110sub_367ab0Ev!
0x0000000000367be0,sub_367be0,596,_ZN7subsdk110sub_367be0Ev!
0x0000000000367e40,sub_367e40,80,_ZN7subsdk110sub_367e40Ev!
0x0000000000367e90,sub_367e90,192,_ZN7subsdk110sub_367e90Ev!
0x0000000000367f50,sub_367f50,152,_ZN7subsdk110sub_367f50Ev!
0x0000000000367ff0,Invalid_argument_in_function_call,832,_ZN7subsdk133Invalid_argument_in_function_callEv!
0x0000000000368330,sub_368330,44,_ZN7subsdk110sub_368330Ev!
0x0000000000368360,sub_368360,132,_ZN7subsdk110sub_368360Ev!
0x00000000003683f0,sub_3683f0,88,_ZN7subsdk110sub_3683f0Ev!
0x0000000000368450,no_error_detected_since_previous_error_token,108,_ZN7subsdk144no_error_detected_since_previous_error_tokenEv!
0x00000000003684c0,sub_3684c0,108,_ZN7subsdk110sub_3684c0Ev!
0x0000000000368530,sub_368530,88,_ZN7subsdk110sub_368530Ev!
0x0000000000368590,sub_368590,132,_ZN7subsdk110sub_368590Ev!
0x0000000000368620,sub_368620,188,_ZN7subsdk125sub_368620_subsdk1_368620Ev!
0x00000000003686e0,sub_3686e0,40,_ZN7subsdk110sub_3686e0Ev!
0x0000000000368710,sub_368710,408,_ZN7subsdk110sub_368710Ev!
0x00000000003688b0,sub_3688b0,4300,_ZN7subsdk110sub_3688b0Ev!
0x0000000000369980,sub_369980,216,_ZN7subsdk125sub_369980_subsdk1_369980Ev!
0x0000000000369a60,sub_369a60,136,_ZN7subsdk125sub_369a60_subsdk1_369a60Ev!
0x0000000000369af0,sub_369af0,112,_ZN7subsdk125sub_369af0_subsdk1_369af0Ev!
0x0000000000369b60,sub_369b60,36,_ZN7subsdk110sub_369b60Ev!
0x0000000000369b90,sub_369b90,36,_ZN7subsdk110sub_369b90Ev!
0x0000000000369bc0,sub_369bc0,36,_ZN7subsdk110sub_369bc0Ev!
0x0000000000369bf0,sub_369bf0,352,_ZN7subsdk125sub_369bf0_subsdk1_369bf0Ev!
0x0000000000369d50,sub_369d50,368,_ZN7subsdk110sub_369d50Ev!
0x0000000000369ec0,sub_369ec0,420,_ZN7subsdk110sub_369ec0Ev!
0x000000000036a070,sub_36a070,132,_ZN7subsdk110sub_36a070Ev!
0x000000000036a100,sub_36a100,468,_ZN7subsdk125sub_36a100_subsdk1_36a100Ev!
0x000000000036a2e0,sub_36a2e0,452,_ZN7subsdk110sub_36a2e0Ev!
0x000000000036a4b0,sub_36a4b0,140,_ZN7subsdk110sub_36a4b0Ev!
0x000000000036a540,sub_36a540,368,_ZN7subsdk110sub_36a540Ev!
0x000000000036a6b0,sub_36a6b0,160,_ZN7subsdk125sub_36a6b0_subsdk1_36a6b0Ev!
0x000000000036a750,sub_36a750,504,_ZN7subsdk110sub_36a750Ev!
0x000000000036a950,sub_36a950,156,_ZN7subsdk110sub_36a950Ev!
0x000000000036a9f0,sub_36a9f0,288,_ZN7subsdk125sub_36a9f0_subsdk1_36a9f0Ev!
0x000000000036ab10,sub_36ab10,964,_ZN7subsdk110sub_36ab10Ev!
0x000000000036aee0,sub_36aee0,284,_ZN7subsdk110sub_36aee0Ev!
0x000000000036b000,no_statement_at_the_end_of_a_switch_block,904,_ZN7subsdk141no_statement_at_the_end_of_a_switch_blockEv!
0x000000000036b390,default_fn,444,_ZN7subsdk125default_fn_subsdk1_36b390Ev!
0x000000000036b550,duplicate_s_label_in_switch,424,_ZN7subsdk127duplicate_s_label_in_switchEv!
0x000000000036b700,sub_36b700,356,_ZN7subsdk110sub_36b700Ev!
0x000000000036b870,sub_36b870,280,_ZN7subsdk125sub_36b870_subsdk1_36b870Ev!
0x000000000036b990,sub_36b990,64,_ZN7subsdk110sub_36b990Ev!
0x000000000036b9d0,sub_36b9d0,84,_ZN7subsdk110sub_36b9d0Ev!
0x000000000036ba30,sub_36ba30,40,_ZN7subsdk110sub_36ba30Ev!
0x000000000036ba60,vertexshader,2148,_ZN7subsdk112vertexshaderEv!
0x000000000036c2d0,sub_36c2d0,152,_ZN7subsdk110sub_36c2d0Ev!
0x000000000036c370,sub_36c370,72,_ZN7subsdk110sub_36c370Ev!
0x000000000036c3c0,sub_36c3c0,428,_ZN7subsdk110sub_36c3c0Ev!
0x000000000036c570,sub_36c570,268,_ZN7subsdk125sub_36c570_subsdk1_36c570Ev!
0x000000000036c680,sub_36c680,356,_ZN7subsdk110sub_36c680Ev!
0x000000000036c7f0,sub_36c7f0,340,_ZN7subsdk110sub_36c7f0Ev!
0x000000000036c950,sub_36c950,24,_ZN7subsdk110sub_36c950Ev!
0x000000000036c970,sub_36c970,196,_ZN7subsdk110sub_36c970Ev!
0x000000000036ca40,symbol_s_already_in_table,308,_ZN7subsdk125symbol_s_already_in_tableEv!
0x000000000036cb80,TMP_d_2,404,_ZN7subsdk17TMP_d_2Ev!
0x000000000036cd20,sub_36cd20,256,_ZN7subsdk110sub_36cd20Ev!
0x000000000036ce20,sub_36ce20,292,_ZN7subsdk110sub_36ce20Ev!
0x000000000036cf50,sub_36cf50,48,_ZN7subsdk110sub_36cf50Ev!
0x000000000036cf80,sub_36cf80,116,_ZN7subsdk110sub_36cf80Ev!
0x000000000036d000,sub_36d000,68,_ZN7subsdk110sub_36d000Ev!
0x000000000036d050,sub_36d050,36,_ZN7subsdk110sub_36d050Ev!
0x000000000036d080,sub_36d080,132,_ZN7subsdk110sub_36d080Ev!
0x000000000036d110,sub_36d110,12,_ZN7subsdk110sub_36d110Ev!
0x000000000036d120,sub_36d120,356,_ZN7subsdk110sub_36d120Ev!
0x000000000036d290,sub_36d290,124,_ZN7subsdk110sub_36d290Ev!
0x000000000036d310,sub_36d310,120,_ZN7subsdk110sub_36d310Ev!
0x000000000036d390,sub_36d390,36,_ZN7subsdk110sub_36d390Ev!
0x000000000036d3c0,sub_36d3c0,32,_ZN7subsdk125sub_36d3c0_subsdk1_36d3c0Ev!
0x000000000036d3e0,sub_36d3e0,28,_ZN7subsdk110sub_36d3e0Ev!
0x000000000036d400,sub_36d400,36,_ZN7subsdk125sub_36d400_subsdk1_36d400Ev!
0x000000000036d430,sub_36d430,68,_ZN7subsdk110sub_36d430Ev!
0x000000000036d480,sub_36d480,36,_ZN7subsdk110sub_36d480Ev!
0x000000000036d4b0,sub_36d4b0,48,_ZN7subsdk110sub_36d4b0Ev!
0x000000000036d4e0,sub_36d4e0,16,_ZN7subsdk110sub_36d4e0Ev!
0x000000000036d4f0,sub_36d4f0,12,_Z16subsdk1_f_36d4f0m
0x000000000036d500,sub_36d500,12,_Z16subsdk1_f_36d500m
0x000000000036d510,sub_36d510,28,_ZN7subsdk110sub_36d510Ev!
0x000000000036d530,sub_36d530,32,_ZN7subsdk110sub_36d530Ev!
0x000000000036d550,sub_36d550,16,_ZN7subsdk125sub_36d550_subsdk1_36d550Ev!
0x000000000036d560,sub_36d560,208,_ZN7subsdk125sub_36d560_subsdk1_36d560Ev!
0x000000000036d630,sub_36d630,116,_ZN7subsdk110sub_36d630Ev!
0x000000000036d6b0,sub_36d6b0,172,_ZN7subsdk110sub_36d6b0Ev!
0x000000000036d760,sub_36d760,44,_ZN7subsdk110sub_36d760Ev!
0x000000000036d790,sub_36d790,52,_ZN7subsdk125sub_36d790_subsdk1_36d790Ev!
0x000000000036d7d0,sub_36d7d0,92,_ZN7subsdk110sub_36d7d0Ev!
0x000000000036d830,sub_36d830,120,_ZN7subsdk110sub_36d830Ev!
0x000000000036d8b0,sub_36d8b0,36,_ZN7subsdk110sub_36d8b0Ev!
0x000000000036d8e0,sub_36d8e0,44,_ZN7subsdk110sub_36d8e0Ev!
0x000000000036d910,sub_36d910,36,_ZN7subsdk110sub_36d910Ev!
0x000000000036d940,sub_36d940,36,_ZN7subsdk110sub_36d940Ev!
0x000000000036d970,sub_36d970,36,_ZN7subsdk110sub_36d970Ev!
0x000000000036d9a0,sub_36d9a0,36,_ZN7subsdk110sub_36d9a0Ev!
0x000000000036d9d0,sub_36d9d0,52,_ZN7subsdk110sub_36d9d0Ev!
0x000000000036da10,sub_36da10,28,_ZN7subsdk110sub_36da10Ev!
0x000000000036da30,sub_36da30,680,_ZN7subsdk110sub_36da30Ev!
0x000000000036dce0,sub_36dce0,424,_ZN7subsdk110sub_36dce0Ev!
0x000000000036de90,sub_36de90,16,_Z16subsdk1_f_36de90mPv
0x000000000036dea0,sub_36dea0,32,_ZN7subsdk110sub_36dea0Ev!
0x000000000036dec0,sub_36dec0,24,_ZN7subsdk110sub_36dec0Ev!
0x000000000036dee0,sub_36dee0,32,_ZN7subsdk110sub_36dee0Ev!
0x000000000036df00,sub_36df00,40,_ZN7subsdk110sub_36df00Ev!
0x000000000036df30,sub_36df30,40,_ZN7subsdk110sub_36df30Ev!
0x000000000036df60,sub_36df60,32,_ZN7subsdk110sub_36df60Ev!
0x000000000036df80,sub_36df80,56,_ZN7subsdk110sub_36df80Ev!
0x000000000036dfc0,sub_36dfc0,16,_ZN7subsdk110sub_36dfc0Ev!
0x000000000036dfd0,sub_36dfd0,144,_ZN7subsdk110sub_36dfd0Ev!
0x000000000036e060,sub_36e060,172,_ZN7subsdk110sub_36e060Ev!
0x000000000036e110,sub_36e110,88,_ZN7subsdk110sub_36e110Ev!
0x000000000036e170,sub_36e170,88,_ZN7subsdk110sub_36e170Ev!
0x000000000036e1d0,sub_36e1d0,96,_ZN7subsdk110sub_36e1d0Ev!
0x000000000036e230,sub_36e230,228,_ZN7subsdk110sub_36e230Ev!
0x000000000036e320,type_not_an_array,88,_ZN7subsdk117type_not_an_arrayEv!
0x000000000036e380,sub_36e380,204,_ZN7subsdk110sub_36e380Ev!
0x000000000036e450,sub_36e450,32,_ZN7subsdk125sub_36e450_subsdk1_36e450Ev!
0x000000000036e470,swizzle_too_long_s_3,328,_ZN7subsdk120swizzle_too_long_s_3Ev!
0x000000000036e5c0,swizzle_too_long_s_4,432,_ZN7subsdk120swizzle_too_long_s_4Ev!
0x000000000036e770,bad_base_value,60,_ZN7subsdk114bad_base_valueEv!
0x000000000036e7b0,bad_samplerkind_value,36,_ZN7subsdk121bad_samplerkind_valueEv!
0x000000000036e7e0,bad_samplerkind_value_2,36,_ZN7subsdk123bad_samplerkind_value_2Ev!
0x000000000036e810,sub_36e810,232,_ZN7subsdk110sub_36e810Ev!
0x000000000036e900,sub_36e900,88,_ZN7subsdk110sub_36e900Ev!
0x000000000036e960,sub_36e960,152,_ZN7subsdk110sub_36e960Ev!
0x000000000036ea00,sub_36ea00,168,_ZN7subsdk125sub_36ea00_subsdk1_36ea00Ev!
0x000000000036eab0,sub_36eab0,156,_ZN7subsdk110sub_36eab0Ev!
0x000000000036eb50,sub_36eb50,88,_ZN7subsdk110sub_36eb50Ev!
0x000000000036ebb0,sub_36ebb0,56,_ZN7subsdk110sub_36ebb0Ev!
0x000000000036ebf0,sub_36ebf0,256,_ZN7subsdk110sub_36ebf0Ev!
0x000000000036ecf0,sub_36ecf0,124,_ZN7subsdk125sub_36ecf0_subsdk1_36ecf0Ev!
0x000000000036ed70,sub_36ed70,148,_ZN7subsdk110sub_36ed70Ev!
0x000000000036ee10,sub_36ee10,144,_ZN7subsdk110sub_36ee10Ev!
0x000000000036eea0,sub_36eea0,324,_ZN7subsdk110sub_36eea0Ev!
0x000000000036eff0,sub_36eff0,292,_ZN7subsdk110sub_36eff0Ev!
0x000000000036f120,sub_36f120,48,_ZN7subsdk110sub_36f120Ev!
0x000000000036f150,type_mismatch_with_template_arg_d,432,_ZN7subsdk133type_mismatch_with_template_arg_dEv!
0x000000000036f300,sub_36f300,120,_ZN7subsdk110sub_36f300Ev!
0x000000000036f380,sub_36f380,20,_ZN7subsdk125sub_36f380_subsdk1_36f380Ev!
0x000000000036f3a0,interface_2,1992,_ZN7subsdk111interface_2Ev!
0x000000000036fb70,sub_36fb70,192,_ZN7subsdk110sub_36fb70Ev!
0x000000000036fc30,sub_36fc30,704,_ZN7subsdk110sub_36fc30Ev!
0x000000000036fef0,sub_36fef0,212,_ZN7subsdk110sub_36fef0Ev!
0x000000000036ffd0,sub_36ffd0,16,_ZN7subsdk110sub_36ffd0Ev!
0x000000000036ffe0,sub_36ffe0,20,_ZN7subsdk110sub_36ffe0Ev!
0x0000000000370000,sub_370000,64,_ZN7subsdk110sub_370000Ev!
0x0000000000370040,sub_370040,120,_ZN7subsdk110sub_370040Ev!
0x00000000003700c0,nested_templates_not_supported,636,_ZN7subsdk130nested_templates_not_supportedEv!
0x0000000000370340,sub_370340,564,_ZN7subsdk110sub_370340Ev!
0x0000000000370580,templates_not_supported,664,_ZN7subsdk123templates_not_supportedEv!
0x0000000000370820,sub_370820,212,_ZN7subsdk110sub_370820Ev!
0x0000000000370900,sub_370900,76,_ZN7subsdk125sub_370900_subsdk1_370900Ev!
0x0000000000370950,sub_370950,7484,_ZN7subsdk110sub_370950Ev!
0x0000000000372690,sub_372690,120,_ZN7subsdk110sub_372690Ev!
0x0000000000372710,sub_372710,5684,_ZN7subsdk110sub_372710Ev!
0x0000000000373d50,sub_373d50,48,_ZN7subsdk110sub_373d50Ev!
0x0000000000373d80,sub_373d80,8,_Z16subsdk1_f_373d80mmPv
0x0000000000373d90,sub_373d90,32,_ZN7subsdk110sub_373d90Ev!
0x0000000000373db0,sub_373db0,120,_ZN7subsdk110sub_373db0Ev!
0x0000000000373e30,sub_373e30,20,_ZN7subsdk110sub_373e30Ev!
0x0000000000373e50,sub_373e50,8,_Z16subsdk1_f_373e50Pv
0x0000000000373e60,sub_373e60,16,_Z16subsdk1_f_373e60Pv
0x0000000000373e70,sub_373e70,116,_ZN7subsdk110sub_373e70Ev!
0x0000000000373ef0,sub_373ef0,36,_ZN7subsdk125sub_373ef0_subsdk1_373ef0Ev!
0x0000000000373f20,sub_373f20,32,_ZN7subsdk110sub_373f20Ev!
0x0000000000373f40,Offset,740,_ZN7subsdk16OffsetEv!
0x0000000000374230,textureSize,1900,_ZN7subsdk111textureSizeEv!
0x00000000003749a0,textureSize_2,1316,_ZN7subsdk113textureSize_2Ev!
0x0000000000374ed0,sub_374ed0,520,_ZN7subsdk125sub_374ed0_subsdk1_374ed0Ev!
0x00000000003750e0,sub_3750e0,68,_ZN7subsdk110sub_3750e0Ev!
0x0000000000375130,sub_375130,68,_ZN7subsdk125sub_375130_subsdk1_375130Ev!
0x0000000000375180,sub_375180,32,_ZN7subsdk110sub_375180Ev!
0x00000000003751a0,sub_3751a0,16,_Z16subsdk1_f_3751a0Pv
0x00000000003751b0,sub_3751b0,8,_Z16subsdk1_f_3751b0v
0x00000000003751c0,sub_3751c0,616,_ZN7subsdk110sub_3751c0Ev!
0x0000000000375430,sub_375430,692,_ZN7subsdk110sub_375430Ev!
0x00000000003756f0,sub_3756f0,200,_ZN7subsdk125sub_3756f0_subsdk1_3756f0Ev!
0x00000000003757c0,sub_3757c0,8,_Z16subsdk1_f_3757c0v
0x00000000003757d0,sub_3757d0,52,_ZN7subsdk125sub_3757d0_subsdk1_3757d0Ev!
0x0000000000375810,sub_375810,52,_ZN7subsdk110sub_375810Ev!
0x0000000000375850,sub_375850,8,_Z16subsdk1_f_375850v
0x0000000000375860,sub_375860,24,_ZN7subsdk110sub_375860Ev!
0x0000000000375880,sub_375880,40,_ZN7subsdk110sub_375880Ev!
0x00000000003758b0,store,5444,_ZN7subsdk15storeEv!
0x0000000000376e00,sub_376e00,228,_ZN7subsdk110sub_376e00Ev!
0x0000000000376ef0,Component_must_be_a_constant_in_the_range_0_3,456,_ZN7subsdk145Component_must_be_a_constant_in_the_range_0_3Ev!
0x00000000003770c0,sub_3770c0,116,_ZN7subsdk110sub_3770c0Ev!
0x0000000000377140,sub_377140,116,_ZN7subsdk110sub_377140Ev!
0x00000000003771c0,sub_3771c0,172,_ZN7subsdk110sub_3771c0Ev!
0x0000000000377270,sub_377270,136,_ZN7subsdk110sub_377270Ev!
0x0000000000377300,sub_377300,8,_Z16subsdk1_f_377300v
0x0000000000377310,sub_377310,8,_Z16subsdk1_f_377310v
0x0000000000377320,sub_377320,92,_ZN7subsdk110sub_377320Ev!
0x0000000000377380,sub_377380,92,_ZN7subsdk110sub_377380Ev!
0x00000000003773e0,sub_3773e0,28,_ZN7subsdk110sub_3773e0Ev!
0x0000000000377400,sub_377400,104,_ZN7subsdk110sub_377400Ev!
0x0000000000377470,sub_377470,56,_ZN7subsdk110sub_377470Ev!
0x00000000003774b0,sub_3774b0,144,_ZN7subsdk110sub_3774b0Ev!
0x0000000000377540,sub_377540,236,_ZN7subsdk110sub_377540Ev!
0x0000000000377630,sub_377630,72,_ZN7subsdk110sub_377630Ev!
0x0000000000377680,sub_377680,72,_ZN7subsdk110sub_377680Ev!
0x00000000003776d0,sub_3776d0,272,_ZN7subsdk110sub_3776d0Ev!
0x00000000003777e0,sub_3777e0,324,_ZN7subsdk110sub_3777e0Ev!
0x0000000000377930,sub_377930,32,_ZN7subsdk125sub_377930_subsdk1_377930Ev!
0x0000000000377950,TRIANGLE_OUT,524,_ZN7subsdk112TRIANGLE_OUTEv!
0x0000000000377b60,sub_377b60,236,_ZN7subsdk110sub_377b60Ev!
0x0000000000377c50,sub_377c50,340,_ZN7subsdk110sub_377c50Ev!
0x0000000000377db0,sub_377db0,204,_ZN7subsdk110sub_377db0Ev!
0x0000000000377e80,sub_377e80,248,_ZN7subsdk110sub_377e80Ev!
0x0000000000377f80,sub_377f80,340,_ZN7subsdk110sub_377f80Ev!
0x00000000003780e0,sub_3780e0,216,_ZN7subsdk110sub_3780e0Ev!
0x00000000003781c0,BUFFER_d_2,100,_ZN7subsdk110BUFFER_d_2Ev!
0x0000000000378230,NV_parameter_buffer_object2,912,_ZN7subsdk127NV_parameter_buffer_object2Ev!
0x00000000003785c0,sub_3785c0,168,_ZN7subsdk110sub_3785c0Ev!
0x0000000000378670,sub_378670,20,_Z16subsdk1_f_378670jPv
0x0000000000378690,sub_378690,8,_Z16subsdk1_f_378690v
0x00000000003786a0,gl_Layer_gl_LayerIn,64,_ZN7subsdk119gl_Layer_gl_LayerInEv!
0x00000000003786e0,sub_3786e0,100,_ZN7subsdk110sub_3786e0Ev!
0x0000000000378750,sub_378750,152,_ZN7subsdk110sub_378750Ev!
0x00000000003787f0,sub_3787f0,152,_ZN7subsdk110sub_3787f0Ev!
0x0000000000378890,sub_378890,68,_ZN7subsdk110sub_378890Ev!
0x00000000003788e0,sub_3788e0,16,_ZN7subsdk125sub_3788e0_subsdk1_3788e0Ev!
0x00000000003788f0,sub_3788f0,216,_ZN7subsdk110sub_3788f0Ev!
0x00000000003789d0,sub_3789d0,8,_Z16subsdk1_f_3789d0v
0x00000000003789e0,sub_3789e0,108,_ZN7subsdk110sub_3789e0Ev!
0x0000000000378a50,gl_Layer_gl_LayerIn_2,80,_ZN7subsdk121gl_Layer_gl_LayerIn_2Ev!
0x0000000000378aa0,sub_378aa0,176,_ZN7subsdk110sub_378aa0Ev!
0x0000000000378b50,sub_378b50,152,_ZN7subsdk110sub_378b50Ev!
0x0000000000378bf0,sub_378bf0,16,_Z16subsdk1_f_378bf0mPv
0x0000000000378c00,sub_378c00,8,_Z16subsdk1_f_378c00v
0x0000000000378c10,sub_378c10,196,_ZN7subsdk110sub_378c10Ev!
0x0000000000378ce0,sub_378ce0,192,_ZN7subsdk110sub_378ce0Ev!
0x0000000000378da0,sub_378da0,8,_Z16subsdk1_f_378da0v
0x0000000000378db0,sub_378db0,176,_ZN7subsdk110sub_378db0Ev!
0x0000000000378e60,sub_378e60,24,_ZN7subsdk125sub_378e60_subsdk1_378e60Ev!
0x0000000000378e80,sub_378e80,8,_Z16subsdk1_f_378e80v
0x0000000000378e90,sub_378e90,196,_ZN7subsdk110sub_378e90Ev!
0x0000000000378f60,sub_378f60,8,_Z16subsdk1_f_378f60v
0x0000000000378f70,gp5tep,632,_ZN7subsdk16gp5tepEv!
0x00000000003791f0,sub_3791f0,268,_ZN7subsdk110sub_3791f0Ev!
0x0000000000379300,sub_379300,424,_ZN7subsdk110sub_379300Ev!
0x00000000003794b0,OutputPatchSize_2,496,_ZN7subsdk117OutputPatchSize_2Ev!
0x00000000003796a0,OutputPatchSize_3,432,_ZN7subsdk117OutputPatchSize_3Ev!
0x0000000000379850,sub_379850,224,_ZN7subsdk110sub_379850Ev!
0x0000000000379930,sub_379930,276,_ZN7subsdk110sub_379930Ev!
0x0000000000379a50,sub_379a50,380,_ZN7subsdk110sub_379a50Ev!
0x0000000000379bd0,sub_379bd0,120,_ZN7subsdk110sub_379bd0Ev!
0x0000000000379c50,NV_early_fragment_tests,1520,_ZN7subsdk123NV_early_fragment_testsEv!
0x000000000037a240,read_s,356,_ZN7subsdk16read_sEv!
0x000000000037a3b0,sub_37a3b0,88,_ZN7subsdk110sub_37a3b0Ev!
0x000000000037a410,sub_37a410,192,_ZN7subsdk110sub_37a410Ev!
0x000000000037a4d0,sub_37a4d0,1188,_ZN7subsdk110sub_37a4d0Ev!
0x000000000037a980,descriptor,672,_ZN7subsdk110descriptorEv!
0x000000000037ac20,sub_37ac20,556,_ZN7subsdk110sub_37ac20Ev!
0x000000000037ae50,sub_37ae50,548,_ZN7subsdk110sub_37ae50Ev!
0x000000000037b080,sub_37b080,80,_ZN7subsdk110sub_37b080Ev!
0x000000000037b0d0,storeSSBO,272,_ZN7subsdk19storeSSBOEv!
0x000000000037b1e0,fsie,2928,_ZN7subsdk14fsieEv!
0x000000000037bd50,NV_shader_atomic_float64,1816,_ZN7subsdk124NV_shader_atomic_float64Ev!
0x000000000037c470,sub_37c470,184,_ZN7subsdk110sub_37c470Ev!
0x000000000037c530,sub_37c530,184,_ZN7subsdk125sub_37c530_subsdk1_37c530Ev!
0x000000000037c5f0,sub_37c5f0,20,_Z16subsdk1_f_37c5f0jPv
0x000000000037c610,sub_37c610,60,_ZN7subsdk125sub_37c610_subsdk1_37c610Ev!
0x000000000037c650,sub_37c650,164,_ZN7subsdk110sub_37c650Ev!
0x000000000037c700,sub_37c700,116,_ZN7subsdk125sub_37c700_subsdk1_37c700Ev!
0x000000000037c780,sub_37c780,20,_ZN7subsdk110sub_37c780Ev!
0x000000000037c7a0,gl_Layer_gl_LayerIn_3,96,_ZN7subsdk121gl_Layer_gl_LayerIn_3Ev!
0x000000000037c800,sub_37c800,96,_ZN7subsdk125sub_37c800_subsdk1_37c800Ev!
0x000000000037c860,sub_37c860,40,_ZN7subsdk110sub_37c860Ev!
0x000000000037c890,sub_37c890,224,_ZN7subsdk110sub_37c890Ev!
0x000000000037c970,sub_37c970,152,_ZN7subsdk110sub_37c970Ev!
0x000000000037ca10,sub_37ca10,56,_ZN7subsdk110sub_37ca10Ev!
0x000000000037ca50,sub_37ca50,372,_ZN7subsdk125sub_37ca50_subsdk1_37ca50Ev!
0x000000000037cbd0,sub_37cbd0,356,_ZN7subsdk110sub_37cbd0Ev!
0x000000000037cd40,BUFFER_d_3,156,_ZN7subsdk110BUFFER_d_3Ev!
0x000000000037cde0,samplers_2,164,_ZN7subsdk110samplers_2Ev!
0x000000000037ce90,BINDLESS_SBUFFER_2,88,_ZN7subsdk118BINDLESS_SBUFFER_2Ev!
0x000000000037cef0,sub_37cef0,12,_ZN7subsdk110sub_37cef0Ev!
0x000000000037cf00,sub_37cf00,8,_Z16subsdk1_f_37cf00v
0x000000000037cf10,sub_37cf10,8,_Z16subsdk1_f_37cf10v
0x000000000037cf20,sub_37cf20,104,_ZN7subsdk110sub_37cf20Ev!
0x000000000037cf90,sub_37cf90,16,_ZN7subsdk110sub_37cf90Ev!
0x000000000037cfa0,sub_37cfa0,76,_ZN7subsdk110sub_37cfa0Ev!
0x000000000037cff0,sub_37cff0,280,_ZN7subsdk110sub_37cff0Ev!
0x000000000037d110,sub_37d110,288,_ZN7subsdk110sub_37d110Ev!
0x000000000037d230,sub_37d230,8,_Z16subsdk1_f_37d230v
0x000000000037d240,sub_37d240,8,_Z16subsdk1_f_37d240v
0x000000000037d250,sub_37d250,8,_Z16subsdk1_f_37d250v
0x000000000037d260,sub_37d260,8,_Z16subsdk1_f_37d260v
0x000000000037d270,sub_37d270,8,_Z16subsdk1_f_37d270v
0x000000000037d280,sub_37d280,8,_Z16subsdk1_f_37d280v
0x000000000037d290,sub_37d290,420,_ZN7subsdk110sub_37d290Ev!
0x000000000037d440,sub_37d440,224,_ZN7subsdk110sub_37d440Ev!
0x000000000037d520,STREAM_2,320,_ZN7subsdk18STREAM_2Ev!
0x000000000037d660,STREAM_3,212,_ZN7subsdk18STREAM_3Ev!
0x000000000037d740,sub_37d740,16,_Z16subsdk1_f_37d740mPv
0x000000000037d750,sub_37d750,28,_ZN7subsdk110sub_37d750Ev!
0x000000000037d770,sub_37d770,180,_ZN7subsdk110sub_37d770Ev!
0x000000000037d830,sub_37d830,200,_ZN7subsdk110sub_37d830Ev!
0x000000000037d900,sub_37d900,4,_Z16subsdk1_f_37d900v
0x000000000037d910,sub_37d910,132,_ZN7subsdk110sub_37d910Ev!
0x000000000037d9a0,sub_37d9a0,88,_ZN7subsdk110sub_37d9a0Ev!
0x000000000037da00,sub_37da00,252,_ZN7subsdk110sub_37da00Ev!
0x000000000037db00,sub_37db00,28,_ZN7subsdk110sub_37db00Ev!
0x000000000037db20,sub_37db20,16,_Z16subsdk1_f_37db20mPv
0x000000000037db30,sub_37db30,8,_Z16subsdk1_f_37db30v
0x000000000037db40,sub_37db40,152,_ZN7subsdk125sub_37db40_subsdk1_37db40Ev!
0x000000000037dbe0,sub_37dbe0,128,_ZN7subsdk110sub_37dbe0Ev!
0x000000000037dc60,sub_37dc60,212,_ZN7subsdk110sub_37dc60Ev!
0x000000000037dd40,sub_37dd40,176,_ZN7subsdk125sub_37dd40_subsdk1_37dd40Ev!
0x000000000037ddf0,sub_37ddf0,116,_ZN7subsdk110sub_37ddf0Ev!
0x000000000037de70,sub_37de70,16,_Z16subsdk1_f_37de70mPv
0x000000000037de80,sub_37de80,8,_Z16subsdk1_f_37de80v
0x000000000037de90,sub_37de90,240,_ZN7subsdk110sub_37de90Ev!
0x000000000037df80,sub_37df80,100,_ZN7subsdk125sub_37df80_subsdk1_37df80Ev!
0x000000000037dff0,sub_37dff0,208,_ZN7subsdk110sub_37dff0Ev!
0x000000000037e0c0,sub_37e0c0,108,_ZN7subsdk110sub_37e0c0Ev!
0x000000000037e130,sub_37e130,116,_ZN7subsdk110sub_37e130Ev!
0x000000000037e1b0,sub_37e1b0,24,_ZN7subsdk125sub_37e1b0_subsdk1_37e1b0Ev!
0x000000000037e1d0,sub_37e1d0,172,_ZN7subsdk110sub_37e1d0Ev!
0x000000000037e280,sub_37e280,112,_ZN7subsdk110sub_37e280Ev!
0x000000000037e2f0,sub_37e2f0,12,_ZN7subsdk110sub_37e2f0Ev!
0x000000000037e300,sub_37e300,32,_ZN7subsdk110sub_37e300Ev!
0x000000000037e320,sub_37e320,664,_ZN7subsdk110sub_37e320Ev!
0x000000000037e5c0,sub_37e5c0,100,_ZN7subsdk125sub_37e5c0_subsdk1_37e5c0Ev!
0x000000000037e630,sub_37e630,96,_ZN7subsdk110sub_37e630Ev!
0x000000000037e690,sub_37e690,96,_ZN7subsdk110sub_37e690Ev!
0x000000000037e6f0,sub_37e6f0,24,_ZN7subsdk110sub_37e6f0Ev!
0x000000000037e710,sub_37e710,40,_ZN7subsdk110sub_37e710Ev!
0x000000000037e740,sub_37e740,24,_ZN7subsdk125sub_37e740_subsdk1_37e740Ev!
0x000000000037e760,sub_37e760,152,_ZN7subsdk110sub_37e760Ev!
0x000000000037e800,sub_37e800,92,_ZN7subsdk110sub_37e800Ev!
0x000000000037e860,sub_37e860,112,_ZN7subsdk125sub_37e860_subsdk1_37e860Ev!
0x000000000037e8d0,sub_37e8d0,44,_ZN7subsdk110sub_37e8d0Ev!
0x000000000037e900,BUFFER_d_d_3,452,_ZN7subsdk112BUFFER_d_d_3Ev!
0x000000000037ead0,interpolateAtCentroid,1212,_ZN7subsdk121interpolateAtCentroidEv!
0x000000000037ef90,bitfieldReverse,1216,_ZN7subsdk115bitfieldReverseEv!
0x000000000037f450,gl_LocalInvocationIndex,760,_ZN7subsdk123gl_LocalInvocationIndexEv!
0x000000000037f750,InputAttachmentIndex,624,_ZN7subsdk120InputAttachmentIndexEv!
0x000000000037f9c0,decoration_s,1036,_ZN7subsdk112decoration_sEv!
0x000000000037fdd0,sub_37fdd0,300,_ZN7subsdk110sub_37fdd0Ev!
0x000000000037ff00,sub_37ff00,100,_ZN7subsdk110sub_37ff00Ev!
0x000000000037ff70,sub_37ff70,44,_ZN7subsdk110sub_37ff70Ev!
0x000000000037ffa0,sub_37ffa0,228,_ZN7subsdk110sub_37ffa0Ev!
0x0000000000380090,sub_380090,1000,_ZN7subsdk125sub_380090_subsdk1_380090Ev!
0x0000000000380480,sub_380480,180,_ZN7subsdk110sub_380480Ev!
0x0000000000380540,component_value,296,_ZN7subsdk115component_valueEv!
0x0000000000380670,sub_380670,1512,_ZN7subsdk110sub_380670Ev!
0x0000000000380c60,sub_380c60,500,_ZN7subsdk110sub_380c60Ev!
0x0000000000380e60,transpose,488,_ZN7subsdk19transposeEv!
0x0000000000381050,sub_381050,696,_ZN7subsdk110sub_381050Ev!
0x0000000000381310,transpose_2,524,_ZN7subsdk111transpose_2Ev!
0x0000000000381520,sub_381520,1320,_ZN7subsdk110sub_381520Ev!
0x0000000000381a50,sub_381a50,1236,_ZN7subsdk110sub_381a50Ev!
0x0000000000381f30,sub_381f30,968,_ZN7subsdk110sub_381f30Ev!
0x0000000000382300,sub_382300,516,_ZN7subsdk110sub_382300Ev!
0x0000000000382510,sub_382510,632,_ZN7subsdk110sub_382510Ev!
0x0000000000382790,sub_382790,1388,_ZN7subsdk110sub_382790Ev!
0x0000000000382d00,sub_382d00,644,_ZN7subsdk125sub_382d00_subsdk1_382d00Ev!
0x0000000000382f90,version_number,460,_ZN7subsdk114version_numberEv!
0x0000000000383160,TMP__d,184,_ZN7subsdk16TMP__dEv!
0x0000000000383220,KHR_shader_subgroup_vote,356,_ZN7subsdk124KHR_shader_subgroup_voteEv!
0x0000000000383390,execution_mode,1432,_ZN7subsdk114execution_modeEv!
0x0000000000383930,execution_model,424,_ZN7subsdk115execution_modelEv!
0x0000000000383ae0,sub_383ae0,396,_ZN7subsdk110sub_383ae0Ev!
0x0000000000383c70,sub_383c70,376,_ZN7subsdk110sub_383c70Ev!
0x0000000000383df0,gl_PerVertex,744,_ZN7subsdk112gl_PerVertexEv!
0x00000000003840e0,sub_3840e0,188,_ZN7subsdk125sub_3840e0_subsdk1_3840e0Ev!
0x00000000003841a0,bindless,848,_ZN7subsdk18bindlessEv!
0x00000000003844f0,storage_class,2552,_ZN7subsdk113storage_classEv!
0x0000000000384ef0,constant,1848,_ZN7subsdk123constant_subsdk1_384ef0Ev!
0x0000000000385630,SPIR_V_Invalid_s,1284,_ZN7subsdk116SPIR_V_Invalid_sEv!
0x0000000000385b40,TMP__d_2,636,_ZN7subsdk18TMP__d_2Ev!
0x0000000000385dc0,TMP__d_3,660,_ZN7subsdk18TMP__d_3Ev!
0x0000000000386060,matrixCompMult,1832,_ZN7subsdk114matrixCompMultEv!
0x0000000000386790,TMP__d_4,1436,_ZN7subsdk18TMP__d_4Ev!
0x0000000000386d30,TMP__d_5,1092,_ZN7subsdk18TMP__d_5Ev!
0x0000000000387180,TMP__d_6,800,_ZN7subsdk18TMP__d_6Ev!
0x00000000003874a0,TMP__d_7,948,_ZN7subsdk18TMP__d_7Ev!
0x0000000000387860,TMP__d_8,1584,_ZN7subsdk18TMP__d_8Ev!
0x0000000000387e90,sub_387e90,540,_ZN7subsdk110sub_387e90Ev!
0x00000000003880b0,SPIR_V_Unexpected_end_of_SPIR_V_module,332,_ZN7subsdk138SPIR_V_Unexpected_end_of_SPIR_V_moduleEv!
0x0000000000388200,sub_388200,236,_ZN7subsdk110sub_388200Ev!
0x00000000003882f0,sub_3882f0,644,_ZN7subsdk110sub_3882f0Ev!
0x0000000000388580,frexpstruct,1480,_ZN7subsdk111frexpstructEv!
0x0000000000388b50,sub_388b50,168,_ZN7subsdk110sub_388b50Ev!
0x0000000000388c00,TMP__d_9,1200,_ZN7subsdk18TMP__d_9Ev!
0x00000000003890b0,sub_3890b0,1084,_ZN7subsdk110sub_3890b0Ev!
0x00000000003894f0,sub_3894f0,516,_ZN7subsdk110sub_3894f0Ev!
0x0000000000389700,TMP__d_10,452,_ZN7subsdk19TMP__d_10Ev!
0x00000000003898d0,sub_3898d0,96,_ZN7subsdk110sub_3898d0Ev!
0x0000000000389930,gl_LocalInvocationIndex_2,4268,_ZN7subsdk125gl_LocalInvocationIndex_2Ev!
0x000000000038a9e0,sub_38a9e0,864,_ZN7subsdk110sub_38a9e0Ev!
0x000000000038ad40,sub_38ad40,1372,_ZN7subsdk110sub_38ad40Ev!
0x000000000038b2a0,sub_38b2a0,804,_ZN7subsdk110sub_38b2a0Ev!
0x000000000038b5d0,TMP__d_11,996,_ZN7subsdk19TMP__d_11Ev!
0x000000000038b9c0,sub_38b9c0,284,_ZN7subsdk110sub_38b9c0Ev!
0x000000000038bae0,sub_38bae0,500,_ZN7subsdk110sub_38bae0Ev!
0x000000000038bce0,sub_38bce0,792,_ZN7subsdk125sub_38bce0_subsdk1_38bce0Ev!
0x000000000038c000,TMP__d_12,1772,_ZN7subsdk19TMP__d_12Ev!
0x000000000038c6f0,sub_38c6f0,240,_ZN7subsdk110sub_38c6f0Ev!
0x000000000038c7e0,atomicCounterIncrement,1736,_ZN7subsdk122atomicCounterIncrementEv!
0x000000000038ceb0,imageAtomicExchange,472,_ZN7subsdk119imageAtomicExchangeEv!
0x000000000038d090,sub_38d090,324,_ZN7subsdk110sub_38d090Ev!
0x000000000038d1e0,subgroupBallot,692,_ZN7subsdk114subgroupBallotEv!
0x000000000038d4a0,sparseTextureGather,11716,_ZN7subsdk119sparseTextureGatherEv!
0x0000000000390270,uintBitsToFloat,900,_ZN7subsdk115uintBitsToFloatEv!
0x0000000000390600,TMP__d_13,1052,_ZN7subsdk19TMP__d_13Ev!
0x0000000000390a20,memoryBarrierShared,500,_ZN7subsdk119memoryBarrierSharedEv!
0x0000000000390c20,barrier,308,_ZN7subsdk17barrierEv!
0x0000000000390d60,phi__d,932,_ZN7subsdk16phi__dEv!
0x0000000000391110,sub_391110,828,_ZN7subsdk110sub_391110Ev!
0x0000000000391450,TMP__d_14,1272,_ZN7subsdk19TMP__d_14Ev!
0x0000000000391950,sub_391950,184,_ZN7subsdk110sub_391950Ev!
0x0000000000391a10,TMP__d_15,392,_ZN7subsdk19TMP__d_15Ev!
0x0000000000391ba0,sub_391ba0,180,_ZN7subsdk110sub_391ba0Ev!
0x0000000000391c60,TMP__d_16,656,_ZN7subsdk19TMP__d_16Ev!
0x0000000000391ef0,EndStreamPrimitive,2656,_ZN7subsdk118EndStreamPrimitiveEv!
0x0000000000392950,SPIR_V_Invalid_s_2,524,_ZN7subsdk118SPIR_V_Invalid_s_2Ev!
0x0000000000392b60,opcode,1400,_ZN7subsdk16opcodeEv!
0x00000000003930e0,sub_3930e0,200,_ZN7subsdk110sub_3930e0Ev!
0x00000000003931b0,SPIR_V_Invalid_entry_point_s,204,_ZN7subsdk128SPIR_V_Invalid_entry_point_sEv!
0x0000000000393280,sub_393280,380,_ZN7subsdk125sub_393280_subsdk1_393280Ev!
0x0000000000393400,sub_393400,44,_ZN7subsdk110sub_393400Ev!
0x0000000000393430,sub_393430,124,_ZN7subsdk110sub_393430Ev!
0x00000000003934b0,sub_3934b0,164,_ZN7subsdk110sub_3934b0Ev!
0x0000000000393560,sub_393560,396,_ZN7subsdk110sub_393560Ev!
0x00000000003936f0,sub_3936f0,72,_ZN7subsdk110sub_3936f0Ev!
0x0000000000393740,sub_393740,72,_ZN7subsdk110sub_393740Ev!
0x0000000000393790,sub_393790,344,_ZN7subsdk110sub_393790Ev!
0x00000000003938f0,sub_3938f0,52,_ZN7subsdk110sub_3938f0Ev!
0x0000000000393930,sub_393930,20,_Z16subsdk1_f_393930Pv
0x0000000000393950,sub_393950,16,_ZN7subsdk110sub_393950Ev!
0x0000000000393960,sub_393960,16,_ZN7subsdk110sub_393960Ev!
0x0000000000393970,sub_393970,356,_ZN7subsdk110sub_393970Ev!
0x0000000000393ae0,sub_393ae0,172,_ZN7subsdk110sub_393ae0Ev!
0x0000000000393b90,sub_393b90,20,_ZN7subsdk110sub_393b90Ev!
0x0000000000393bb0,sub_393bb0,32,_ZN7subsdk110sub_393bb0Ev!
0x0000000000393bd0,sub_393bd0,104,_ZN7subsdk110sub_393bd0Ev!
0x0000000000393c40,sub_393c40,76,_ZN7subsdk110sub_393c40Ev!
0x0000000000393c90,sub_393c90,92,_ZN7subsdk110sub_393c90Ev!
0x0000000000393cf0,sub_393cf0,92,_ZN7subsdk110sub_393cf0Ev!
0x0000000000393d50,sub_393d50,92,_ZN7subsdk110sub_393d50Ev!
0x0000000000393db0,sub_393db0,92,_ZN7subsdk110sub_393db0Ev!
0x0000000000393e10,sub_393e10,96,_ZN7subsdk110sub_393e10Ev!
0x0000000000393e70,sub_393e70,96,_ZN7subsdk110sub_393e70Ev!
0x0000000000393ed0,sub_393ed0,96,_ZN7subsdk110sub_393ed0Ev!
0x0000000000393f30,sub_393f30,12,_ZN7subsdk110sub_393f30Ev!
0x0000000000393f40,sub_393f40,16,_ZN7subsdk110sub_393f40Ev!
0x0000000000393f50,sub_393f50,224,_ZN7subsdk110sub_393f50Ev!
0x0000000000394030,sub_394030,120,_ZN7subsdk110sub_394030Ev!
0x00000000003940b0,sub_3940b0,92,_ZN7subsdk110sub_3940b0Ev!
0x0000000000394110,sub_394110,104,_ZN7subsdk110sub_394110Ev!
0x0000000000394180,sub_394180,120,_ZN7subsdk125sub_394180_subsdk1_394180Ev!
0x0000000000394200,sub_394200,92,_ZN7subsdk110sub_394200Ev!
0x0000000000394260,sub_394260,104,_ZN7subsdk110sub_394260Ev!
0x00000000003942d0,f_0_1_2,312,_ZN7subsdk122f_0_1_2_subsdk1_3942d0Ev!
0x0000000000394410,sub_394410,356,_ZN7subsdk110sub_394410Ev!
0x0000000000394580,sub_394580,336,_ZN7subsdk110sub_394580Ev!
0x00000000003946d0,sub_3946d0,380,_ZN7subsdk125sub_3946d0_subsdk1_3946d0Ev!
0x0000000000394850,sub_394850,236,_ZN7subsdk125sub_394850_subsdk1_394850Ev!
0x0000000000394940,sub_394940,92,_ZN7subsdk110sub_394940Ev!
0x00000000003949a0,sub_3949a0,228,_ZN7subsdk110sub_3949a0Ev!
0x0000000000394a90,sub_394a90,132,_ZN7subsdk110sub_394a90Ev!
0x0000000000394b20,sub_394b20,160,_ZN7subsdk110sub_394b20Ev!
0x0000000000394bc0,sub_394bc0,120,_ZN7subsdk110sub_394bc0Ev!
0x0000000000394c40,sub_394c40,120,_ZN7subsdk125sub_394c40_subsdk1_394c40Ev!
0x0000000000394cc0,sub_394cc0,120,_ZN7subsdk125sub_394cc0_subsdk1_394cc0Ev!
0x0000000000394d40,sub_394d40,120,_ZN7subsdk110sub_394d40Ev!
0x0000000000394dc0,sub_394dc0,120,_ZN7subsdk110sub_394dc0Ev!
0x0000000000394e40,sub_394e40,92,_ZN7subsdk110sub_394e40Ev!
0x0000000000394ea0,sub_394ea0,92,_ZN7subsdk110sub_394ea0Ev!
0x0000000000394f00,sub_394f00,92,_ZN7subsdk125sub_394f00_subsdk1_394f00Ev!
0x0000000000394f60,sub_394f60,92,_ZN7subsdk110sub_394f60Ev!
0x0000000000394fc0,sub_394fc0,104,_ZN7subsdk125sub_394fc0_subsdk1_394fc0Ev!
0x0000000000395030,sub_395030,72,_ZN7subsdk125sub_395030_subsdk1_395030Ev!
0x0000000000395080,sub_395080,104,_ZN7subsdk110sub_395080Ev!
0x00000000003950f0,sub_3950f0,224,_ZN7subsdk110sub_3950f0Ev!
0x00000000003951d0,sub_3951d0,196,_ZN7subsdk110sub_3951d0Ev!
0x00000000003952a0,sub_3952a0,248,_ZN7subsdk110sub_3952a0Ev!
0x00000000003953a0,sub_3953a0,236,_ZN7subsdk110sub_3953a0Ev!
0x0000000000395490,sub_395490,212,_ZN7subsdk110sub_395490Ev!
0x0000000000395570,sub_395570,1764,_ZN7subsdk110sub_395570Ev!
0x0000000000395c60,sub_395c60,1752,_ZN7subsdk110sub_395c60Ev!
0x0000000000396340,sub_396340,1892,_ZN7subsdk110sub_396340Ev!
0x0000000000396ab0,sub_396ab0,76,_ZN7subsdk110sub_396ab0Ev!
0x0000000000396b00,sub_396b00,92,_ZN7subsdk110sub_396b00Ev!
0x0000000000396b60,sub_396b60,92,_ZN7subsdk125sub_396b60_subsdk1_396b60Ev!
0x0000000000396bc0,sub_396bc0,92,_ZN7subsdk110sub_396bc0Ev!
0x0000000000396c20,sub_396c20,92,_ZN7subsdk110sub_396c20Ev!
0x0000000000396c80,sub_396c80,104,_ZN7subsdk110sub_396c80Ev!
0x0000000000396cf0,sub_396cf0,104,_ZN7subsdk110sub_396cf0Ev!
0x0000000000396d60,sub_396d60,104,_ZN7subsdk110sub_396d60Ev!
0x0000000000396dd0,sub_396dd0,104,_ZN7subsdk110sub_396dd0Ev!
0x0000000000396e40,sub_396e40,104,_ZN7subsdk110sub_396e40Ev!
0x0000000000396eb0,sub_396eb0,120,_ZN7subsdk110sub_396eb0Ev!
0x0000000000396f30,sub_396f30,388,_ZN7subsdk110sub_396f30Ev!
0x00000000003970c0,sub_3970c0,404,_ZN7subsdk110sub_3970c0Ev!
0x0000000000397260,sub_397260,76,_ZN7subsdk110sub_397260Ev!
0x00000000003972b0,sub_3972b0,92,_ZN7subsdk110sub_3972b0Ev!
0x0000000000397310,sub_397310,236,_ZN7subsdk110sub_397310Ev!
0x0000000000397400,sub_397400,312,_ZN7subsdk110sub_397400Ev!
0x0000000000397540,sub_397540,388,_ZN7subsdk125sub_397540_subsdk1_397540Ev!
0x00000000003976d0,sub_3976d0,76,_ZN7subsdk110sub_3976d0Ev!
0x0000000000397720,sub_397720,92,_ZN7subsdk110sub_397720Ev!
0x0000000000397780,sub_397780,236,_ZN7subsdk110sub_397780Ev!
0x0000000000397870,sub_397870,316,_ZN7subsdk110sub_397870Ev!
0x00000000003979b0,sub_3979b0,392,_ZN7subsdk110sub_3979b0Ev!
0x0000000000397b40,sub_397b40,264,_ZN7subsdk110sub_397b40Ev!
0x0000000000397c50,sub_397c50,272,_ZN7subsdk110sub_397c50Ev!
0x0000000000397d60,sub_397d60,192,_ZN7subsdk110sub_397d60Ev!
0x0000000000397e20,sub_397e20,364,_ZN7subsdk110sub_397e20Ev!
0x0000000000397f90,sub_397f90,344,_ZN7subsdk110sub_397f90Ev!
0x00000000003980f0,sub_3980f0,1316,_ZN7subsdk110sub_3980f0Ev!
0x0000000000398620,sub_398620,1696,_ZN7subsdk125sub_398620_subsdk1_398620Ev!
0x0000000000398cc0,sub_398cc0,1684,_ZN7subsdk110sub_398cc0Ev!
0x0000000000399360,sub_399360,1724,_ZN7subsdk110sub_399360Ev!
0x0000000000399a20,sub_399a20,1684,_ZN7subsdk110sub_399a20Ev!
0x000000000039a0c0,sub_39a0c0,392,_ZN7subsdk110sub_39a0c0Ev!
0x000000000039a250,sub_39a250,408,_ZN7subsdk125sub_39a250_subsdk1_39a250Ev!
0x000000000039a3f0,sub_39a3f0,72,_ZN7subsdk125sub_39a3f0_subsdk1_39a3f0Ev!
0x000000000039a440,sub_39a440,248,_ZN7subsdk125sub_39a440_subsdk1_39a440Ev!
0x000000000039a540,sub_39a540,420,_ZN7subsdk110sub_39a540Ev!
0x000000000039a6f0,sub_39a6f0,580,_ZN7subsdk110sub_39a6f0Ev!
0x000000000039a940,sub_39a940,744,_ZN7subsdk125sub_39a940_subsdk1_39a940Ev!
0x000000000039ac30,sub_39ac30,336,_ZN7subsdk125sub_39ac30_subsdk1_39ac30Ev!
0x000000000039ad80,sub_39ad80,248,_ZN7subsdk110sub_39ad80Ev!
0x000000000039ae80,sub_39ae80,1680,_ZN7subsdk110sub_39ae80Ev!
0x000000000039b510,sub_39b510,2940,_ZN7subsdk110sub_39b510Ev!
0x000000000039c090,sub_39c090,3176,_ZN7subsdk110sub_39c090Ev!
0x000000000039cd00,sub_39cd00,568,_ZN7subsdk110sub_39cd00Ev!
0x000000000039cf40,sub_39cf40,772,_ZN7subsdk110sub_39cf40Ev!
0x000000000039d250,sub_39d250,976,_ZN7subsdk110sub_39d250Ev!
0x000000000039d620,sub_39d620,104,_ZN7subsdk110sub_39d620Ev!
0x000000000039d690,sub_39d690,184,_ZN7subsdk110sub_39d690Ev!
0x000000000039d750,sub_39d750,120,_ZN7subsdk110sub_39d750Ev!
0x000000000039d7d0,sub_39d7d0,348,_ZN7subsdk110sub_39d7d0Ev!
0x000000000039d930,sub_39d930,120,_ZN7subsdk110sub_39d930Ev!
0x000000000039d9b0,sub_39d9b0,104,_ZN7subsdk110sub_39d9b0Ev!
0x000000000039da20,sub_39da20,240,_ZN7subsdk110sub_39da20Ev!
0x000000000039db10,sub_39db10,120,_ZN7subsdk110sub_39db10Ev!
0x000000000039db90,sub_39db90,104,_ZN7subsdk110sub_39db90Ev!
0x000000000039dc00,sub_39dc00,120,_ZN7subsdk110sub_39dc00Ev!
0x000000000039dc80,sub_39dc80,188,_ZN7subsdk110sub_39dc80Ev!
0x000000000039dd40,sub_39dd40,76,_ZN7subsdk110sub_39dd40Ev!
0x000000000039dd90,sub_39dd90,92,_ZN7subsdk110sub_39dd90Ev!
0x000000000039ddf0,sub_39ddf0,92,_ZN7subsdk110sub_39ddf0Ev!
0x000000000039de50,sub_39de50,92,_ZN7subsdk110sub_39de50Ev!
0x000000000039deb0,sub_39deb0,92,_ZN7subsdk110sub_39deb0Ev!
0x000000000039df10,sub_39df10,104,_ZN7subsdk110sub_39df10Ev!
0x000000000039df80,sub_39df80,104,_ZN7subsdk110sub_39df80Ev!
0x000000000039dff0,sub_39dff0,104,_ZN7subsdk110sub_39dff0Ev!
0x000000000039e060,sub_39e060,104,_ZN7subsdk110sub_39e060Ev!
0x000000000039e0d0,sub_39e0d0,76,_ZN7subsdk110sub_39e0d0Ev!
0x000000000039e120,sub_39e120,92,_ZN7subsdk110sub_39e120Ev!
0x000000000039e180,sub_39e180,92,_ZN7subsdk110sub_39e180Ev!
0x000000000039e1e0,sub_39e1e0,92,_ZN7subsdk110sub_39e1e0Ev!
0x000000000039e240,sub_39e240,92,_ZN7subsdk110sub_39e240Ev!
0x000000000039e2a0,sub_39e2a0,104,_ZN7subsdk110sub_39e2a0Ev!
0x000000000039e310,sub_39e310,104,_ZN7subsdk110sub_39e310Ev!
0x000000000039e380,sub_39e380,104,_ZN7subsdk110sub_39e380Ev!
0x000000000039e3f0,sub_39e3f0,104,_ZN7subsdk110sub_39e3f0Ev!
0x000000000039e460,sub_39e460,384,_ZN7subsdk110sub_39e460Ev!
0x000000000039e5e0,sub_39e5e0,380,_ZN7subsdk110sub_39e5e0Ev!
0x000000000039e760,sub_39e760,528,_ZN7subsdk125sub_39e760_subsdk1_39e760Ev!
0x000000000039e970,sub_39e970,364,_ZN7subsdk110sub_39e970Ev!
0x000000000039eae0,sub_39eae0,668,_ZN7subsdk110sub_39eae0Ev!
0x000000000039ed80,sub_39ed80,940,_ZN7subsdk110sub_39ed80Ev!
0x000000000039f130,sub_39f130,1212,_ZN7subsdk110sub_39f130Ev!
0x000000000039f5f0,sub_39f5f0,92,_ZN7subsdk110sub_39f5f0Ev!
0x000000000039f650,sub_39f650,92,_ZN7subsdk125sub_39f650_subsdk1_39f650Ev!
0x000000000039f6b0,sub_39f6b0,92,_ZN7subsdk110sub_39f6b0Ev!
0x000000000039f710,sub_39f710,92,_ZN7subsdk110sub_39f710Ev!
0x000000000039f770,sub_39f770,192,_ZN7subsdk110sub_39f770Ev!
0x000000000039f830,sub_39f830,216,_ZN7subsdk110sub_39f830Ev!
0x000000000039f910,sub_39f910,76,_ZN7subsdk110sub_39f910Ev!
0x000000000039f960,sub_39f960,192,_ZN7subsdk110sub_39f960Ev!
0x000000000039fa20,sub_39fa20,92,_ZN7subsdk125sub_39fa20_subsdk1_39fa20Ev!
0x000000000039fa80,sub_39fa80,92,_ZN7subsdk110sub_39fa80Ev!
0x000000000039fae0,sub_39fae0,92,_ZN7subsdk110sub_39fae0Ev!
0x000000000039fb40,sub_39fb40,92,_ZN7subsdk110sub_39fb40Ev!
0x000000000039fba0,sub_39fba0,120,_ZN7subsdk110sub_39fba0Ev!
0x000000000039fc20,sub_39fc20,120,_ZN7subsdk110sub_39fc20Ev!
0x000000000039fca0,sub_39fca0,120,_ZN7subsdk110sub_39fca0Ev!
0x000000000039fd20,sub_39fd20,120,_ZN7subsdk125sub_39fd20_subsdk1_39fd20Ev!
0x000000000039fda0,sub_39fda0,352,_ZN7subsdk110sub_39fda0Ev!
0x000000000039ff00,sub_39ff00,364,_ZN7subsdk110sub_39ff00Ev!
0x00000000003a0070,sub_3a0070,420,_ZN7subsdk110sub_3a0070Ev!
0x00000000003a0220,sub_3a0220,96,_ZN7subsdk110sub_3a0220Ev!
0x00000000003a0280,sub_3a0280,200,_ZN7subsdk110sub_3a0280Ev!
0x00000000003a0350,sub_3a0350,520,_ZN7subsdk110sub_3a0350Ev!
0x00000000003a0560,sub_3a0560,1424,_ZN7subsdk110sub_3a0560Ev!
0x00000000003a0af0,sub_3a0af0,144,_ZN7subsdk110sub_3a0af0Ev!
0x00000000003a0b80,sub_3a0b80,400,_ZN7subsdk110sub_3a0b80Ev!
0x00000000003a0d10,sub_3a0d10,544,_ZN7subsdk110sub_3a0d10Ev!
0x00000000003a0f30,sub_3a0f30,1456,_ZN7subsdk110sub_3a0f30Ev!
0x00000000003a14e0,sub_3a14e0,628,_ZN7subsdk110sub_3a14e0Ev!
0x00000000003a1760,sub_3a1760,604,_ZN7subsdk110sub_3a1760Ev!
0x00000000003a19c0,sub_3a19c0,316,_ZN7subsdk110sub_3a19c0Ev!
0x00000000003a1b00,sub_3a1b00,344,_ZN7subsdk110sub_3a1b00Ev!
0x00000000003a1c60,sub_3a1c60,104,_ZN7subsdk110sub_3a1c60Ev!
0x00000000003a1cd0,sub_3a1cd0,76,_ZN7subsdk110sub_3a1cd0Ev!
0x00000000003a1d20,sub_3a1d20,160,_ZN7subsdk110sub_3a1d20Ev!
0x00000000003a1dc0,sub_3a1dc0,92,_ZN7subsdk110sub_3a1dc0Ev!
0x00000000003a1e20,sub_3a1e20,92,_ZN7subsdk110sub_3a1e20Ev!
0x00000000003a1e80,sub_3a1e80,92,_ZN7subsdk110sub_3a1e80Ev!
0x00000000003a1ee0,sub_3a1ee0,92,_ZN7subsdk110sub_3a1ee0Ev!
0x00000000003a1f40,sub_3a1f40,92,_ZN7subsdk110sub_3a1f40Ev!
0x00000000003a1fa0,sub_3a1fa0,92,_ZN7subsdk110sub_3a1fa0Ev!
0x00000000003a2000,sub_3a2000,92,_ZN7subsdk110sub_3a2000Ev!
0x00000000003a2060,sub_3a2060,92,_ZN7subsdk110sub_3a2060Ev!
0x00000000003a20c0,sub_3a20c0,92,_ZN7subsdk110sub_3a20c0Ev!
0x00000000003a2120,sub_3a2120,92,_ZN7subsdk110sub_3a2120Ev!
0x00000000003a2180,sub_3a2180,92,_ZN7subsdk110sub_3a2180Ev!
0x00000000003a21e0,sub_3a21e0,92,_ZN7subsdk110sub_3a21e0Ev!
0x00000000003a2240,sub_3a2240,92,_ZN7subsdk110sub_3a2240Ev!
0x00000000003a22a0,sub_3a22a0,92,_ZN7subsdk125sub_3a22a0_subsdk1_3a22a0Ev!
0x00000000003a2300,sub_3a2300,92,_ZN7subsdk110sub_3a2300Ev!
0x00000000003a2360,sub_3a2360,92,_ZN7subsdk125sub_3a2360_subsdk1_3a2360Ev!
0x00000000003a23c0,sub_3a23c0,92,_ZN7subsdk125sub_3a23c0_subsdk1_3a23c0Ev!
0x00000000003a2420,sub_3a2420,92,_ZN7subsdk125sub_3a2420_subsdk1_3a2420Ev!
0x00000000003a2480,sub_3a2480,92,_ZN7subsdk110sub_3a2480Ev!
0x00000000003a24e0,sub_3a24e0,92,_ZN7subsdk110sub_3a24e0Ev!
0x00000000003a2540,sub_3a2540,92,_ZN7subsdk110sub_3a2540Ev!
0x00000000003a25a0,sub_3a25a0,92,_ZN7subsdk110sub_3a25a0Ev!
0x00000000003a2600,sub_3a2600,92,_ZN7subsdk110sub_3a2600Ev!
0x00000000003a2660,sub_3a2660,92,_ZN7subsdk110sub_3a2660Ev!
0x00000000003a26c0,sub_3a26c0,92,_ZN7subsdk110sub_3a26c0Ev!
0x00000000003a2720,sub_3a2720,92,_ZN7subsdk125sub_3a2720_subsdk1_3a2720Ev!
0x00000000003a2780,sub_3a2780,92,_ZN7subsdk110sub_3a2780Ev!
0x00000000003a27e0,sub_3a27e0,92,_ZN7subsdk110sub_3a27e0Ev!
0x00000000003a2840,sub_3a2840,316,_ZN7subsdk110sub_3a2840Ev!
0x00000000003a2980,sub_3a2980,1604,_ZN7subsdk110sub_3a2980Ev!
0x00000000003a2fd0,sub_3a2fd0,432,_ZN7subsdk110sub_3a2fd0Ev!
0x00000000003a3180,sub_3a3180,776,_ZN7subsdk110sub_3a3180Ev!
0x00000000003a3490,sub_3a3490,732,_ZN7subsdk110sub_3a3490Ev!
0x00000000003a3770,sub_3a3770,772,_ZN7subsdk125sub_3a3770_subsdk1_3a3770Ev!
0x00000000003a3a80,sub_3a3a80,1636,_ZN7subsdk110sub_3a3a80Ev!
0x00000000003a40f0,sub_3a40f0,328,_ZN7subsdk125sub_3a40f0_subsdk1_3a40f0Ev!
0x00000000003a4240,sub_3a4240,568,_ZN7subsdk110sub_3a4240Ev!
0x00000000003a4480,sub_3a4480,772,_ZN7subsdk110sub_3a4480Ev!
0x00000000003a4790,sub_3a4790,980,_ZN7subsdk110sub_3a4790Ev!
0x00000000003a4b70,sub_3a4b70,268,_ZN7subsdk110sub_3a4b70Ev!
0x00000000003a4c80,f_0_1,292,_ZN7subsdk15f_0_1Ev!
0x00000000003a4db0,sub_3a4db0,316,_ZN7subsdk110sub_3a4db0Ev!
0x00000000003a4ef0,f_0_1_3,344,_ZN7subsdk17f_0_1_3Ev!
0x00000000003a5050,sub_3a5050,184,_ZN7subsdk110sub_3a5050Ev!
0x00000000003a5110,sub_3a5110,120,_ZN7subsdk110sub_3a5110Ev!
0x00000000003a5190,sub_3a5190,104,_ZN7subsdk110sub_3a5190Ev!
0x00000000003a5200,sub_3a5200,72,_ZN7subsdk110sub_3a5200Ev!
0x00000000003a5250,sub_3a5250,328,_ZN7subsdk110sub_3a5250Ev!
0x00000000003a53a0,sub_3a53a0,284,_ZN7subsdk125sub_3a53a0_subsdk1_3a53a0Ev!
0x00000000003a54c0,sub_3a54c0,76,_ZN7subsdk110sub_3a54c0Ev!
0x00000000003a5510,sub_3a5510,76,_ZN7subsdk125sub_3a5510_subsdk1_3a5510Ev!
0x00000000003a5560,sub_3a5560,76,_ZN7subsdk125sub_3a5560_subsdk1_3a5560Ev!
0x00000000003a55b0,sub_3a55b0,76,_ZN7subsdk110sub_3a55b0Ev!
0x00000000003a5600,sub_3a5600,76,_ZN7subsdk125sub_3a5600_subsdk1_3a5600Ev!
0x00000000003a5650,sub_3a5650,76,_ZN7subsdk110sub_3a5650Ev!
0x00000000003a56a0,sub_3a56a0,76,_ZN7subsdk110sub_3a56a0Ev!
0x00000000003a56f0,sub_3a56f0,76,_ZN7subsdk125sub_3a56f0_subsdk1_3a56f0Ev!
0x00000000003a5740,sub_3a5740,76,_ZN7subsdk110sub_3a5740Ev!
0x00000000003a5790,sub_3a5790,76,_ZN7subsdk110sub_3a5790Ev!
0x00000000003a57e0,sub_3a57e0,1480,_ZN7subsdk125sub_3a57e0_subsdk1_3a57e0Ev!
0x00000000003a5db0,sub_3a5db0,1224,_ZN7subsdk125sub_3a5db0_subsdk1_3a5db0Ev!
0x00000000003a6280,sub_3a6280,1308,_ZN7subsdk110sub_3a6280Ev!
0x00000000003a67a0,sub_3a67a0,1064,_ZN7subsdk110sub_3a67a0Ev!
0x00000000003a6bd0,sub_3a6bd0,76,_ZN7subsdk110sub_3a6bd0Ev!
0x00000000003a6c20,sub_3a6c20,240,_ZN7subsdk110sub_3a6c20Ev!
0x00000000003a6d10,sub_3a6d10,944,_ZN7subsdk110sub_3a6d10Ev!
0x00000000003a70c0,sub_3a70c0,876,_ZN7subsdk110sub_3a70c0Ev!
0x00000000003a7430,sub_3a7430,860,_ZN7subsdk110sub_3a7430Ev!
0x00000000003a7790,sub_3a7790,732,_ZN7subsdk125sub_3a7790_subsdk1_3a7790Ev!
0x00000000003a7a70,sub_3a7a70,76,_ZN7subsdk125sub_3a7a70_subsdk1_3a7a70Ev!
0x00000000003a7ac0,sub_3a7ac0,76,_ZN7subsdk110sub_3a7ac0Ev!
0x00000000003a7b10,sub_3a7b10,92,_ZN7subsdk110sub_3a7b10Ev!
0x00000000003a7b70,sub_3a7b70,124,_ZN7subsdk125sub_3a7b70_subsdk1_3a7b70Ev!
0x00000000003a7bf0,sub_3a7bf0,120,_ZN7subsdk125sub_3a7bf0_subsdk1_3a7bf0Ev!
0x00000000003a7c70,sub_3a7c70,136,_ZN7subsdk110sub_3a7c70Ev!
0x00000000003a7d00,sub_3a7d00,92,_ZN7subsdk110sub_3a7d00Ev!
0x00000000003a7d60,sub_3a7d60,120,_ZN7subsdk110sub_3a7d60Ev!
0x00000000003a7de0,sub_3a7de0,76,_ZN7subsdk110sub_3a7de0Ev!
0x00000000003a7e30,sub_3a7e30,120,_ZN7subsdk110sub_3a7e30Ev!
0x00000000003a7eb0,sub_3a7eb0,124,_ZN7subsdk125sub_3a7eb0_subsdk1_3a7eb0Ev!
0x00000000003a7f30,sub_3a7f30,104,_ZN7subsdk110sub_3a7f30Ev!
0x00000000003a7fa0,sub_3a7fa0,92,_ZN7subsdk110sub_3a7fa0Ev!
0x00000000003a8000,sub_3a8000,136,_ZN7subsdk110sub_3a8000Ev!
0x00000000003a8090,sub_3a8090,92,_ZN7subsdk110sub_3a8090Ev!
0x00000000003a80f0,sub_3a80f0,120,_ZN7subsdk110sub_3a80f0Ev!
0x00000000003a8170,sub_3a8170,76,_ZN7subsdk110sub_3a8170Ev!
0x00000000003a81c0,sub_3a81c0,120,_ZN7subsdk110sub_3a81c0Ev!
0x00000000003a8240,sub_3a8240,124,_ZN7subsdk110sub_3a8240Ev!
0x00000000003a82c0,sub_3a82c0,104,_ZN7subsdk110sub_3a82c0Ev!
0x00000000003a8330,sub_3a8330,92,_ZN7subsdk110sub_3a8330Ev!
0x00000000003a8390,sub_3a8390,120,_ZN7subsdk110sub_3a8390Ev!
0x00000000003a8410,sub_3a8410,92,_ZN7subsdk110sub_3a8410Ev!
0x00000000003a8470,sub_3a8470,124,_ZN7subsdk110sub_3a8470Ev!
0x00000000003a84f0,sub_3a84f0,124,_ZN7subsdk110sub_3a84f0Ev!
0x00000000003a8570,sub_3a8570,120,_ZN7subsdk110sub_3a8570Ev!
0x00000000003a85f0,sub_3a85f0,120,_ZN7subsdk110sub_3a85f0Ev!
0x00000000003a8670,sub_3a8670,136,_ZN7subsdk110sub_3a8670Ev!
0x00000000003a8700,sub_3a8700,92,_ZN7subsdk125sub_3a8700_subsdk1_3a8700Ev!
0x00000000003a8760,sub_3a8760,92,_ZN7subsdk110sub_3a8760Ev!
0x00000000003a87c0,sub_3a87c0,92,_ZN7subsdk110sub_3a87c0Ev!
0x00000000003a8820,sub_3a8820,120,_ZN7subsdk110sub_3a8820Ev!
0x00000000003a88a0,sub_3a88a0,124,_ZN7subsdk110sub_3a88a0Ev!
0x00000000003a8920,sub_3a8920,120,_ZN7subsdk110sub_3a8920Ev!
0x00000000003a89a0,sub_3a89a0,120,_ZN7subsdk110sub_3a89a0Ev!
0x00000000003a8a20,sub_3a8a20,124,_ZN7subsdk110sub_3a8a20Ev!
0x00000000003a8aa0,sub_3a8aa0,120,_ZN7subsdk110sub_3a8aa0Ev!
0x00000000003a8b20,sub_3a8b20,92,_ZN7subsdk110sub_3a8b20Ev!
0x00000000003a8b80,sub_3a8b80,92,_ZN7subsdk125sub_3a8b80_subsdk1_3a8b80Ev!
0x00000000003a8be0,sub_3a8be0,124,_ZN7subsdk110sub_3a8be0Ev!
0x00000000003a8c60,sub_3a8c60,120,_ZN7subsdk110sub_3a8c60Ev!
0x00000000003a8ce0,sub_3a8ce0,120,_ZN7subsdk110sub_3a8ce0Ev!
0x00000000003a8d60,sub_3a8d60,120,_ZN7subsdk110sub_3a8d60Ev!
0x00000000003a8de0,sub_3a8de0,92,_ZN7subsdk110sub_3a8de0Ev!
0x00000000003a8e40,sub_3a8e40,124,_ZN7subsdk110sub_3a8e40Ev!
0x00000000003a8ec0,sub_3a8ec0,120,_ZN7subsdk110sub_3a8ec0Ev!
0x00000000003a8f40,sub_3a8f40,120,_ZN7subsdk110sub_3a8f40Ev!
0x00000000003a8fc0,sub_3a8fc0,92,_ZN7subsdk110sub_3a8fc0Ev!
0x00000000003a9020,sub_3a9020,120,_ZN7subsdk110sub_3a9020Ev!
0x00000000003a90a0,sub_3a90a0,124,_ZN7subsdk110sub_3a90a0Ev!
0x00000000003a9120,sub_3a9120,140,_ZN7subsdk110sub_3a9120Ev!
0x00000000003a91b0,sub_3a91b0,76,_ZN7subsdk110sub_3a91b0Ev!
0x00000000003a9200,sub_3a9200,124,_ZN7subsdk110sub_3a9200Ev!
0x00000000003a9280,sub_3a9280,140,_ZN7subsdk110sub_3a9280Ev!
0x00000000003a9310,sub_3a9310,120,_ZN7subsdk110sub_3a9310Ev!
0x00000000003a9390,sub_3a9390,136,_ZN7subsdk110sub_3a9390Ev!
0x00000000003a9420,sub_3a9420,124,_ZN7subsdk110sub_3a9420Ev!
0x00000000003a94a0,sub_3a94a0,124,_ZN7subsdk110sub_3a94a0Ev!
0x00000000003a9520,sub_3a9520,140,_ZN7subsdk110sub_3a9520Ev!
0x00000000003a95b0,sub_3a95b0,120,_ZN7subsdk110sub_3a95b0Ev!
0x00000000003a9630,sub_3a9630,136,_ZN7subsdk125sub_3a9630_subsdk1_3a9630Ev!
0x00000000003a96c0,sub_3a96c0,124,_ZN7subsdk110sub_3a96c0Ev!
0x00000000003a9740,sub_3a9740,140,_ZN7subsdk110sub_3a9740Ev!
0x00000000003a97d0,sub_3a97d0,140,_ZN7subsdk110sub_3a97d0Ev!
0x00000000003a9860,sub_3a9860,136,_ZN7subsdk110sub_3a9860Ev!
0x00000000003a98f0,sub_3a98f0,136,_ZN7subsdk110sub_3a98f0Ev!
0x00000000003a9980,sub_3a9980,140,_ZN7subsdk110sub_3a9980Ev!
0x00000000003a9a10,sub_3a9a10,396,_ZN7subsdk110sub_3a9a10Ev!
0x00000000003a9ba0,sub_3a9ba0,400,_ZN7subsdk110sub_3a9ba0Ev!
0x00000000003a9d30,sub_3a9d30,140,_ZN7subsdk110sub_3a9d30Ev!
0x00000000003a9dc0,sub_3a9dc0,444,_ZN7subsdk110sub_3a9dc0Ev!
0x00000000003a9f80,sub_3a9f80,456,_ZN7subsdk110sub_3a9f80Ev!
0x00000000003aa150,sub_3aa150,136,_ZN7subsdk110sub_3aa150Ev!
0x00000000003aa1e0,sub_3aa1e0,92,_ZN7subsdk125sub_3aa1e0_subsdk1_3aa1e0Ev!
0x00000000003aa240,sub_3aa240,92,_ZN7subsdk110sub_3aa240Ev!
0x00000000003aa2a0,sub_3aa2a0,560,_ZN7subsdk125sub_3aa2a0_subsdk1_3aa2a0Ev!
0x00000000003aa4d0,sub_3aa4d0,508,_ZN7subsdk110sub_3aa4d0Ev!
0x00000000003aa6d0,sub_3aa6d0,536,_ZN7subsdk110sub_3aa6d0Ev!
0x00000000003aa8f0,sub_3aa8f0,472,_ZN7subsdk125sub_3aa8f0_subsdk1_3aa8f0Ev!
0x00000000003aaad0,sub_3aaad0,120,_ZN7subsdk110sub_3aaad0Ev!
0x00000000003aab50,sub_3aab50,136,_ZN7subsdk110sub_3aab50Ev!
0x00000000003aabe0,sub_3aabe0,136,_ZN7subsdk125sub_3aabe0_subsdk1_3aabe0Ev!
0x00000000003aac70,sub_3aac70,120,_ZN7subsdk110sub_3aac70Ev!
0x00000000003aacf0,sub_3aacf0,120,_ZN7subsdk110sub_3aacf0Ev!
0x00000000003aad70,sub_3aad70,596,_ZN7subsdk110sub_3aad70Ev!
0x00000000003aafd0,sub_3aafd0,528,_ZN7subsdk110sub_3aafd0Ev!
0x00000000003ab1e0,sub_3ab1e0,496,_ZN7subsdk110sub_3ab1e0Ev!
0x00000000003ab3d0,sub_3ab3d0,92,_ZN7subsdk110sub_3ab3d0Ev!
0x00000000003ab430,sub_3ab430,140,_ZN7subsdk110sub_3ab430Ev!
0x00000000003ab4c0,sub_3ab4c0,140,_ZN7subsdk110sub_3ab4c0Ev!
0x00000000003ab550,sub_3ab550,140,_ZN7subsdk110sub_3ab550Ev!
0x00000000003ab5e0,sub_3ab5e0,140,_ZN7subsdk110sub_3ab5e0Ev!
0x00000000003ab670,sub_3ab670,92,_ZN7subsdk110sub_3ab670Ev!
0x00000000003ab6d0,sub_3ab6d0,136,_ZN7subsdk110sub_3ab6d0Ev!
0x00000000003ab760,sub_3ab760,120,_ZN7subsdk110sub_3ab760Ev!
0x00000000003ab7e0,sub_3ab7e0,92,_ZN7subsdk110sub_3ab7e0Ev!
0x00000000003ab840,sub_3ab840,140,_ZN7subsdk110sub_3ab840Ev!
0x00000000003ab8d0,sub_3ab8d0,92,_ZN7subsdk110sub_3ab8d0Ev!
0x00000000003ab930,sub_3ab930,136,_ZN7subsdk110sub_3ab930Ev!
0x00000000003ab9c0,sub_3ab9c0,120,_ZN7subsdk125sub_3ab9c0_subsdk1_3ab9c0Ev!
0x00000000003aba40,sub_3aba40,140,_ZN7subsdk110sub_3aba40Ev!
0x00000000003abad0,sub_3abad0,92,_ZN7subsdk110sub_3abad0Ev!
0x00000000003abb30,sub_3abb30,120,_ZN7subsdk125sub_3abb30_subsdk1_3abb30Ev!
0x00000000003abbb0,sub_3abbb0,92,_ZN7subsdk110sub_3abbb0Ev!
0x00000000003abc10,sub_3abc10,140,_ZN7subsdk110sub_3abc10Ev!
0x00000000003abca0,sub_3abca0,136,_ZN7subsdk110sub_3abca0Ev!
0x00000000003abd30,sub_3abd30,136,_ZN7subsdk125sub_3abd30_subsdk1_3abd30Ev!
0x00000000003abdc0,sub_3abdc0,92,_ZN7subsdk110sub_3abdc0Ev!
0x00000000003abe20,sub_3abe20,92,_ZN7subsdk110sub_3abe20Ev!
0x00000000003abe80,sub_3abe80,120,_ZN7subsdk110sub_3abe80Ev!
0x00000000003abf00,sub_3abf00,140,_ZN7subsdk110sub_3abf00Ev!
0x00000000003abf90,sub_3abf90,140,_ZN7subsdk110sub_3abf90Ev!
0x00000000003ac020,sub_3ac020,92,_ZN7subsdk110sub_3ac020Ev!
0x00000000003ac080,sub_3ac080,136,_ZN7subsdk110sub_3ac080Ev!
0x00000000003ac110,sub_3ac110,136,_ZN7subsdk110sub_3ac110Ev!
0x00000000003ac1a0,sub_3ac1a0,140,_ZN7subsdk110sub_3ac1a0Ev!
0x00000000003ac230,sub_3ac230,92,_ZN7subsdk110sub_3ac230Ev!
0x00000000003ac290,sub_3ac290,92,_ZN7subsdk110sub_3ac290Ev!
0x00000000003ac2f0,sub_3ac2f0,92,_ZN7subsdk110sub_3ac2f0Ev!
0x00000000003ac350,sub_3ac350,140,_ZN7subsdk110sub_3ac350Ev!
0x00000000003ac3e0,sub_3ac3e0,120,_ZN7subsdk110sub_3ac3e0Ev!
0x00000000003ac460,sub_3ac460,136,_ZN7subsdk110sub_3ac460Ev!
0x00000000003ac4f0,sub_3ac4f0,92,_ZN7subsdk110sub_3ac4f0Ev!
0x00000000003ac550,sub_3ac550,140,_ZN7subsdk110sub_3ac550Ev!
0x00000000003ac5e0,sub_3ac5e0,140,_ZN7subsdk110sub_3ac5e0Ev!
0x00000000003ac670,sub_3ac670,124,_ZN7subsdk110sub_3ac670Ev!
0x00000000003ac6f0,sub_3ac6f0,92,_ZN7subsdk110sub_3ac6f0Ev!
0x00000000003ac750,sub_3ac750,92,_ZN7subsdk110sub_3ac750Ev!
0x00000000003ac7b0,sub_3ac7b0,92,_ZN7subsdk110sub_3ac7b0Ev!
0x00000000003ac810,sub_3ac810,136,_ZN7subsdk110sub_3ac810Ev!
0x00000000003ac8a0,sub_3ac8a0,104,_ZN7subsdk110sub_3ac8a0Ev!
0x00000000003ac910,sub_3ac910,140,_ZN7subsdk110sub_3ac910Ev!
0x00000000003ac9a0,sub_3ac9a0,140,_ZN7subsdk110sub_3ac9a0Ev!
0x00000000003aca30,sub_3aca30,92,_ZN7subsdk110sub_3aca30Ev!
0x00000000003aca90,sub_3aca90,92,_ZN7subsdk110sub_3aca90Ev!
0x00000000003acaf0,sub_3acaf0,136,_ZN7subsdk110sub_3acaf0Ev!
0x00000000003acb80,sub_3acb80,140,_ZN7subsdk110sub_3acb80Ev!
0x00000000003acc10,sub_3acc10,124,_ZN7subsdk110sub_3acc10Ev!
0x00000000003acc90,sub_3acc90,136,_ZN7subsdk110sub_3acc90Ev!
0x00000000003acd20,sub_3acd20,120,_ZN7subsdk110sub_3acd20Ev!
0x00000000003acda0,sub_3acda0,92,_ZN7subsdk110sub_3acda0Ev!
0x00000000003ace00,sub_3ace00,136,_ZN7subsdk110sub_3ace00Ev!
0x00000000003ace90,sub_3ace90,76,_ZN7subsdk110sub_3ace90Ev!
0x00000000003acee0,sub_3acee0,140,_ZN7subsdk110sub_3acee0Ev!
0x00000000003acf70,sub_3acf70,104,_ZN7subsdk125sub_3acf70_subsdk1_3acf70Ev!
0x00000000003acfe0,sub_3acfe0,136,_ZN7subsdk110sub_3acfe0Ev!
0x00000000003ad070,sub_3ad070,136,_ZN7subsdk110sub_3ad070Ev!
0x00000000003ad100,sub_3ad100,124,_ZN7subsdk110sub_3ad100Ev!
0x00000000003ad180,sub_3ad180,124,_ZN7subsdk110sub_3ad180Ev!
0x00000000003ad200,sub_3ad200,136,_ZN7subsdk110sub_3ad200Ev!
0x00000000003ad290,sub_3ad290,92,_ZN7subsdk110sub_3ad290Ev!
0x00000000003ad2f0,sub_3ad2f0,124,_ZN7subsdk110sub_3ad2f0Ev!
0x00000000003ad370,sub_3ad370,120,_ZN7subsdk110sub_3ad370Ev!
0x00000000003ad3f0,sub_3ad3f0,136,_ZN7subsdk110sub_3ad3f0Ev!
0x00000000003ad480,sub_3ad480,92,_ZN7subsdk110sub_3ad480Ev!
0x00000000003ad4e0,sub_3ad4e0,120,_ZN7subsdk110sub_3ad4e0Ev!
0x00000000003ad560,sub_3ad560,76,_ZN7subsdk110sub_3ad560Ev!
0x00000000003ad5b0,sub_3ad5b0,120,_ZN7subsdk110sub_3ad5b0Ev!
0x00000000003ad630,sub_3ad630,124,_ZN7subsdk110sub_3ad630Ev!
0x00000000003ad6b0,sub_3ad6b0,104,_ZN7subsdk110sub_3ad6b0Ev!
0x00000000003ad720,sub_3ad720,92,_ZN7subsdk110sub_3ad720Ev!
0x00000000003ad780,sub_3ad780,136,_ZN7subsdk110sub_3ad780Ev!
0x00000000003ad810,sub_3ad810,92,_ZN7subsdk110sub_3ad810Ev!
0x00000000003ad870,sub_3ad870,120,_ZN7subsdk110sub_3ad870Ev!
0x00000000003ad8f0,sub_3ad8f0,76,_ZN7subsdk110sub_3ad8f0Ev!
0x00000000003ad940,sub_3ad940,120,_ZN7subsdk110sub_3ad940Ev!
0x00000000003ad9c0,sub_3ad9c0,124,_ZN7subsdk110sub_3ad9c0Ev!
0x00000000003ada40,sub_3ada40,104,_ZN7subsdk110sub_3ada40Ev!
0x00000000003adab0,sub_3adab0,92,_ZN7subsdk110sub_3adab0Ev!
0x00000000003adb10,sub_3adb10,500,_ZN7subsdk110sub_3adb10Ev!
0x00000000003add10,sub_3add10,120,_ZN7subsdk110sub_3add10Ev!
0x00000000003add90,sub_3add90,92,_ZN7subsdk110sub_3add90Ev!
0x00000000003addf0,sub_3addf0,124,_ZN7subsdk125sub_3addf0_subsdk1_3addf0Ev!
0x00000000003ade70,sub_3ade70,124,_ZN7subsdk110sub_3ade70Ev!
0x00000000003adef0,sub_3adef0,120,_ZN7subsdk110sub_3adef0Ev!
0x00000000003adf70,sub_3adf70,120,_ZN7subsdk110sub_3adf70Ev!
0x00000000003adff0,sub_3adff0,136,_ZN7subsdk110sub_3adff0Ev!
0x00000000003ae080,sub_3ae080,92,_ZN7subsdk110sub_3ae080Ev!
0x00000000003ae0e0,sub_3ae0e0,92,_ZN7subsdk110sub_3ae0e0Ev!
0x00000000003ae140,sub_3ae140,92,_ZN7subsdk110sub_3ae140Ev!
0x00000000003ae1a0,sub_3ae1a0,120,_ZN7subsdk110sub_3ae1a0Ev!
0x00000000003ae220,sub_3ae220,124,_ZN7subsdk110sub_3ae220Ev!
0x00000000003ae2a0,sub_3ae2a0,120,_ZN7subsdk110sub_3ae2a0Ev!
0x00000000003ae320,sub_3ae320,120,_ZN7subsdk110sub_3ae320Ev!
0x00000000003ae3a0,sub_3ae3a0,124,_ZN7subsdk110sub_3ae3a0Ev!
0x00000000003ae420,sub_3ae420,120,_ZN7subsdk110sub_3ae420Ev!
0x00000000003ae4a0,sub_3ae4a0,92,_ZN7subsdk110sub_3ae4a0Ev!
0x00000000003ae500,sub_3ae500,92,_ZN7subsdk110sub_3ae500Ev!
0x00000000003ae560,sub_3ae560,124,_ZN7subsdk110sub_3ae560Ev!
0x00000000003ae5e0,sub_3ae5e0,120,_ZN7subsdk110sub_3ae5e0Ev!
0x00000000003ae660,sub_3ae660,120,_ZN7subsdk110sub_3ae660Ev!
0x00000000003ae6e0,sub_3ae6e0,120,_ZN7subsdk110sub_3ae6e0Ev!
0x00000000003ae760,sub_3ae760,92,_ZN7subsdk125sub_3ae760_subsdk1_3ae760Ev!
0x00000000003ae7c0,sub_3ae7c0,124,_ZN7subsdk125sub_3ae7c0_subsdk1_3ae7c0Ev!
0x00000000003ae840,sub_3ae840,120,_ZN7subsdk125sub_3ae840_subsdk1_3ae840Ev!
0x00000000003ae8c0,sub_3ae8c0,120,_ZN7subsdk125sub_3ae8c0_subsdk1_3ae8c0Ev!
0x00000000003ae940,sub_3ae940,92,_ZN7subsdk110sub_3ae940Ev!
0x00000000003ae9a0,sub_3ae9a0,516,_ZN7subsdk125sub_3ae9a0_subsdk1_3ae9a0Ev!
0x00000000003aebb0,sub_3aebb0,120,_ZN7subsdk110sub_3aebb0Ev!
0x00000000003aec30,sub_3aec30,124,_ZN7subsdk110sub_3aec30Ev!
0x00000000003aecb0,sub_3aecb0,140,_ZN7subsdk125sub_3aecb0_subsdk1_3aecb0Ev!
0x00000000003aed40,sub_3aed40,76,_ZN7subsdk110sub_3aed40Ev!
0x00000000003aed90,sub_3aed90,124,_ZN7subsdk125sub_3aed90_subsdk1_3aed90Ev!
0x00000000003aee10,sub_3aee10,140,_ZN7subsdk110sub_3aee10Ev!
0x00000000003aeea0,sub_3aeea0,120,_ZN7subsdk110sub_3aeea0Ev!
0x00000000003aef20,sub_3aef20,136,_ZN7subsdk110sub_3aef20Ev!
0x00000000003aefb0,sub_3aefb0,124,_ZN7subsdk110sub_3aefb0Ev!
0x00000000003af030,sub_3af030,124,_ZN7subsdk110sub_3af030Ev!
0x00000000003af0b0,sub_3af0b0,140,_ZN7subsdk110sub_3af0b0Ev!
0x00000000003af140,sub_3af140,120,_ZN7subsdk110sub_3af140Ev!
0x00000000003af1c0,sub_3af1c0,136,_ZN7subsdk110sub_3af1c0Ev!
0x00000000003af250,sub_3af250,124,_ZN7subsdk125sub_3af250_subsdk1_3af250Ev!
0x00000000003af2d0,sub_3af2d0,140,_ZN7subsdk110sub_3af2d0Ev!
0x00000000003af360,sub_3af360,140,_ZN7subsdk110sub_3af360Ev!
0x00000000003af3f0,sub_3af3f0,136,_ZN7subsdk110sub_3af3f0Ev!
0x00000000003af480,sub_3af480,136,_ZN7subsdk110sub_3af480Ev!
0x00000000003af510,sub_3af510,140,_ZN7subsdk125sub_3af510_subsdk1_3af510Ev!
0x00000000003af5a0,sub_3af5a0,124,_ZN7subsdk110sub_3af5a0Ev!
0x00000000003af620,sub_3af620,124,_ZN7subsdk110sub_3af620Ev!
0x00000000003af6a0,sub_3af6a0,136,_ZN7subsdk110sub_3af6a0Ev!
0x00000000003af730,sub_3af730,396,_ZN7subsdk110sub_3af730Ev!
0x00000000003af8c0,sub_3af8c0,400,_ZN7subsdk110sub_3af8c0Ev!
0x00000000003afa50,sub_3afa50,140,_ZN7subsdk110sub_3afa50Ev!
0x00000000003afae0,sub_3afae0,444,_ZN7subsdk110sub_3afae0Ev!
0x00000000003afca0,sub_3afca0,456,_ZN7subsdk110sub_3afca0Ev!
0x00000000003afe70,sub_3afe70,136,_ZN7subsdk110sub_3afe70Ev!
0x00000000003aff00,sub_3aff00,92,_ZN7subsdk110sub_3aff00Ev!
0x00000000003aff60,sub_3aff60,92,_ZN7subsdk110sub_3aff60Ev!
0x00000000003affc0,sub_3affc0,560,_ZN7subsdk110sub_3affc0Ev!
0x00000000003b01f0,sub_3b01f0,508,_ZN7subsdk110sub_3b01f0Ev!
0x00000000003b03f0,sub_3b03f0,536,_ZN7subsdk110sub_3b03f0Ev!
0x00000000003b0610,sub_3b0610,472,_ZN7subsdk110sub_3b0610Ev!
0x00000000003b07f0,sub_3b07f0,120,_ZN7subsdk110sub_3b07f0Ev!
0x00000000003b0870,sub_3b0870,136,_ZN7subsdk110sub_3b0870Ev!
0x00000000003b0900,sub_3b0900,136,_ZN7subsdk110sub_3b0900Ev!
0x00000000003b0990,sub_3b0990,120,_ZN7subsdk125sub_3b0990_subsdk1_3b0990Ev!
0x00000000003b0a10,sub_3b0a10,120,_ZN7subsdk125sub_3b0a10_subsdk1_3b0a10Ev!
0x00000000003b0a90,sub_3b0a90,596,_ZN7subsdk110sub_3b0a90Ev!
0x00000000003b0cf0,sub_3b0cf0,528,_ZN7subsdk110sub_3b0cf0Ev!
0x00000000003b0f00,sub_3b0f00,496,_ZN7subsdk110sub_3b0f00Ev!
0x00000000003b10f0,sub_3b10f0,92,_ZN7subsdk125sub_3b10f0_subsdk1_3b10f0Ev!
0x00000000003b1150,sub_3b1150,140,_ZN7subsdk110sub_3b1150Ev!
0x00000000003b11e0,sub_3b11e0,140,_ZN7subsdk110sub_3b11e0Ev!
0x00000000003b1270,sub_3b1270,140,_ZN7subsdk110sub_3b1270Ev!
0x00000000003b1300,sub_3b1300,140,_ZN7subsdk110sub_3b1300Ev!
0x00000000003b1390,sub_3b1390,92,_ZN7subsdk110sub_3b1390Ev!
0x00000000003b13f0,sub_3b13f0,136,_ZN7subsdk110sub_3b13f0Ev!
0x00000000003b1480,sub_3b1480,120,_ZN7subsdk110sub_3b1480Ev!
0x00000000003b1500,sub_3b1500,92,_ZN7subsdk110sub_3b1500Ev!
0x00000000003b1560,sub_3b1560,140,_ZN7subsdk125sub_3b1560_subsdk1_3b1560Ev!
0x00000000003b15f0,sub_3b15f0,92,_ZN7subsdk110sub_3b15f0Ev!
0x00000000003b1650,sub_3b1650,136,_ZN7subsdk125sub_3b1650_subsdk1_3b1650Ev!
0x00000000003b16e0,sub_3b16e0,120,_ZN7subsdk110sub_3b16e0Ev!
0x00000000003b1760,sub_3b1760,140,_ZN7subsdk110sub_3b1760Ev!
0x00000000003b17f0,sub_3b17f0,92,_ZN7subsdk110sub_3b17f0Ev!
0x00000000003b1850,sub_3b1850,120,_ZN7subsdk110sub_3b1850Ev!
0x00000000003b18d0,sub_3b18d0,92,_ZN7subsdk110sub_3b18d0Ev!
0x00000000003b1930,sub_3b1930,140,_ZN7subsdk110sub_3b1930Ev!
0x00000000003b19c0,sub_3b19c0,136,_ZN7subsdk110sub_3b19c0Ev!
0x00000000003b1a50,sub_3b1a50,136,_ZN7subsdk125sub_3b1a50_subsdk1_3b1a50Ev!
0x00000000003b1ae0,sub_3b1ae0,92,_ZN7subsdk110sub_3b1ae0Ev!
0x00000000003b1b40,sub_3b1b40,92,_ZN7subsdk110sub_3b1b40Ev!
0x00000000003b1ba0,sub_3b1ba0,120,_ZN7subsdk110sub_3b1ba0Ev!
0x00000000003b1c20,sub_3b1c20,140,_ZN7subsdk110sub_3b1c20Ev!
0x00000000003b1cb0,sub_3b1cb0,140,_ZN7subsdk110sub_3b1cb0Ev!
0x00000000003b1d40,sub_3b1d40,92,_ZN7subsdk110sub_3b1d40Ev!
0x00000000003b1da0,sub_3b1da0,136,_ZN7subsdk110sub_3b1da0Ev!
0x00000000003b1e30,sub_3b1e30,136,_ZN7subsdk110sub_3b1e30Ev!
0x00000000003b1ec0,sub_3b1ec0,140,_ZN7subsdk110sub_3b1ec0Ev!
0x00000000003b1f50,sub_3b1f50,92,_ZN7subsdk110sub_3b1f50Ev!
0x00000000003b1fb0,sub_3b1fb0,92,_ZN7subsdk110sub_3b1fb0Ev!
0x00000000003b2010,sub_3b2010,92,_ZN7subsdk110sub_3b2010Ev!
0x00000000003b2070,sub_3b2070,140,_ZN7subsdk110sub_3b2070Ev!
0x00000000003b2100,sub_3b2100,120,_ZN7subsdk110sub_3b2100Ev!
0x00000000003b2180,sub_3b2180,136,_ZN7subsdk110sub_3b2180Ev!
0x00000000003b2210,sub_3b2210,92,_ZN7subsdk110sub_3b2210Ev!
0x00000000003b2270,sub_3b2270,140,_ZN7subsdk110sub_3b2270Ev!
0x00000000003b2300,sub_3b2300,140,_ZN7subsdk110sub_3b2300Ev!
0x00000000003b2390,sub_3b2390,124,_ZN7subsdk110sub_3b2390Ev!
0x00000000003b2410,sub_3b2410,92,_ZN7subsdk125sub_3b2410_subsdk1_3b2410Ev!
0x00000000003b2470,sub_3b2470,92,_ZN7subsdk110sub_3b2470Ev!
0x00000000003b24d0,sub_3b24d0,92,_ZN7subsdk110sub_3b24d0Ev!
0x00000000003b2530,sub_3b2530,136,_ZN7subsdk110sub_3b2530Ev!
0x00000000003b25c0,sub_3b25c0,104,_ZN7subsdk110sub_3b25c0Ev!
0x00000000003b2630,sub_3b2630,140,_ZN7subsdk125sub_3b2630_subsdk1_3b2630Ev!
0x00000000003b26c0,sub_3b26c0,140,_ZN7subsdk125sub_3b26c0_subsdk1_3b26c0Ev!
0x00000000003b2750,sub_3b2750,92,_ZN7subsdk125sub_3b2750_subsdk1_3b2750Ev!
0x00000000003b27b0,sub_3b27b0,92,_ZN7subsdk110sub_3b27b0Ev!
0x00000000003b2810,sub_3b2810,136,_ZN7subsdk110sub_3b2810Ev!
0x00000000003b28a0,sub_3b28a0,140,_ZN7subsdk110sub_3b28a0Ev!
0x00000000003b2930,sub_3b2930,124,_ZN7subsdk110sub_3b2930Ev!
0x00000000003b29b0,sub_3b29b0,136,_ZN7subsdk110sub_3b29b0Ev!
0x00000000003b2a40,sub_3b2a40,120,_ZN7subsdk110sub_3b2a40Ev!
0x00000000003b2ac0,sub_3b2ac0,92,_ZN7subsdk125sub_3b2ac0_subsdk1_3b2ac0Ev!
0x00000000003b2b20,sub_3b2b20,136,_ZN7subsdk125sub_3b2b20_subsdk1_3b2b20Ev!
0x00000000003b2bb0,sub_3b2bb0,76,_ZN7subsdk110sub_3b2bb0Ev!
0x00000000003b2c00,sub_3b2c00,140,_ZN7subsdk110sub_3b2c00Ev!
0x00000000003b2c90,sub_3b2c90,104,_ZN7subsdk110sub_3b2c90Ev!
0x00000000003b2d00,sub_3b2d00,136,_ZN7subsdk110sub_3b2d00Ev!
0x00000000003b2d90,sub_3b2d90,136,_ZN7subsdk110sub_3b2d90Ev!
0x00000000003b2e20,sub_3b2e20,272,_ZN7subsdk110sub_3b2e20Ev!
0x00000000003b2f30,sub_3b2f30,304,_ZN7subsdk110sub_3b2f30Ev!
0x00000000003b3060,sub_3b3060,544,_ZN7subsdk110sub_3b3060Ev!
0x00000000003b3280,sub_3b3280,748,_ZN7subsdk110sub_3b3280Ev!
0x00000000003b3570,sub_3b3570,952,_ZN7subsdk110sub_3b3570Ev!
0x00000000003b3930,sub_3b3930,316,_ZN7subsdk110sub_3b3930Ev!
0x00000000003b3a70,sub_3b3a70,552,_ZN7subsdk110sub_3b3a70Ev!
0x00000000003b3ca0,sub_3b3ca0,756,_ZN7subsdk110sub_3b3ca0Ev!
0x00000000003b3fa0,sub_3b3fa0,964,_ZN7subsdk110sub_3b3fa0Ev!
0x00000000003b4370,sub_3b4370,428,_ZN7subsdk110sub_3b4370Ev!
0x00000000003b4520,sub_3b4520,328,_ZN7subsdk110sub_3b4520Ev!
0x00000000003b4670,sub_3b4670,764,_ZN7subsdk110sub_3b4670Ev!
0x00000000003b4970,sub_3b4970,600,_ZN7subsdk110sub_3b4970Ev!
0x00000000003b4bd0,sub_3b4bd0,724,_ZN7subsdk110sub_3b4bd0Ev!
0x00000000003b4eb0,sub_3b4eb0,696,_ZN7subsdk110sub_3b4eb0Ev!
0x00000000003b5170,sub_3b5170,1384,_ZN7subsdk110sub_3b5170Ev!
0x00000000003b56e0,sub_3b56e0,1216,_ZN7subsdk110sub_3b56e0Ev!
0x00000000003b5ba0,sub_3b5ba0,1332,_ZN7subsdk110sub_3b5ba0Ev!
0x00000000003b60e0,sub_3b60e0,1320,_ZN7subsdk110sub_3b60e0Ev!
0x00000000003b6610,sub_3b6610,1368,_ZN7subsdk110sub_3b6610Ev!
0x00000000003b6b70,sub_3b6b70,1212,_ZN7subsdk110sub_3b6b70Ev!
0x00000000003b7030,sub_3b7030,1328,_ZN7subsdk110sub_3b7030Ev!
0x00000000003b7560,sub_3b7560,1312,_ZN7subsdk125sub_3b7560_subsdk1_3b7560Ev!
0x00000000003b7a80,sub_3b7a80,1084,_ZN7subsdk110sub_3b7a80Ev!
0x00000000003b7ec0,sub_3b7ec0,920,_ZN7subsdk125sub_3b7ec0_subsdk1_3b7ec0Ev!
0x00000000003b8260,sub_3b8260,1040,_ZN7subsdk110sub_3b8260Ev!
0x00000000003b8670,sub_3b8670,1016,_ZN7subsdk110sub_3b8670Ev!
0x00000000003b8a70,sub_3b8a70,792,_ZN7subsdk110sub_3b8a70Ev!
0x00000000003b8d90,sub_3b8d90,632,_ZN7subsdk110sub_3b8d90Ev!
0x00000000003b9010,sub_3b9010,752,_ZN7subsdk125sub_3b9010_subsdk1_3b9010Ev!
0x00000000003b9300,sub_3b9300,728,_ZN7subsdk110sub_3b9300Ev!
0x00000000003b95e0,sub_3b95e0,896,_ZN7subsdk110sub_3b95e0Ev!
0x00000000003b9960,sub_3b9960,732,_ZN7subsdk110sub_3b9960Ev!
0x00000000003b9c40,sub_3b9c40,852,_ZN7subsdk110sub_3b9c40Ev!
0x00000000003b9fa0,sub_3b9fa0,824,_ZN7subsdk110sub_3b9fa0Ev!
0x00000000003ba2e0,sub_3ba2e0,816,_ZN7subsdk110sub_3ba2e0Ev!
0x00000000003ba610,sub_3ba610,656,_ZN7subsdk110sub_3ba610Ev!
0x00000000003ba8a0,sub_3ba8a0,772,_ZN7subsdk125sub_3ba8a0_subsdk1_3ba8a0Ev!
0x00000000003babb0,sub_3babb0,748,_ZN7subsdk110sub_3babb0Ev!
0x00000000003baea0,sub_3baea0,740,_ZN7subsdk110sub_3baea0Ev!
0x00000000003bb190,sub_3bb190,576,_ZN7subsdk110sub_3bb190Ev!
0x00000000003bb3d0,sub_3bb3d0,700,_ZN7subsdk110sub_3bb3d0Ev!
0x00000000003bb690,sub_3bb690,672,_ZN7subsdk110sub_3bb690Ev!
0x00000000003bb930,sub_3bb930,852,_ZN7subsdk110sub_3bb930Ev!
0x00000000003bbc90,sub_3bbc90,688,_ZN7subsdk110sub_3bbc90Ev!
0x00000000003bbf40,sub_3bbf40,812,_ZN7subsdk110sub_3bbf40Ev!
0x00000000003bc270,sub_3bc270,784,_ZN7subsdk110sub_3bc270Ev!
0x00000000003bc580,sub_3bc580,880,_ZN7subsdk110sub_3bc580Ev!
0x00000000003bc8f0,sub_3bc8f0,716,_ZN7subsdk110sub_3bc8f0Ev!
0x00000000003bcbc0,sub_3bcbc0,836,_ZN7subsdk110sub_3bcbc0Ev!
0x00000000003bcf10,sub_3bcf10,812,_ZN7subsdk110sub_3bcf10Ev!
0x00000000003bd240,sub_3bd240,896,_ZN7subsdk110sub_3bd240Ev!
0x00000000003bd5c0,sub_3bd5c0,732,_ZN7subsdk110sub_3bd5c0Ev!
0x00000000003bd8a0,sub_3bd8a0,856,_ZN7subsdk110sub_3bd8a0Ev!
0x00000000003bdc00,sub_3bdc00,824,_ZN7subsdk125sub_3bdc00_subsdk1_3bdc00Ev!
0x00000000003bdf40,sub_3bdf40,816,_ZN7subsdk110sub_3bdf40Ev!
0x00000000003be270,sub_3be270,656,_ZN7subsdk110sub_3be270Ev!
0x00000000003be500,sub_3be500,776,_ZN7subsdk110sub_3be500Ev!
0x00000000003be810,sub_3be810,752,_ZN7subsdk110sub_3be810Ev!
0x00000000003beb00,sub_3beb00,740,_ZN7subsdk110sub_3beb00Ev!
0x00000000003bedf0,sub_3bedf0,576,_ZN7subsdk110sub_3bedf0Ev!
0x00000000003bf030,sub_3bf030,700,_ZN7subsdk110sub_3bf030Ev!
0x00000000003bf2f0,sub_3bf2f0,672,_ZN7subsdk110sub_3bf2f0Ev!
0x00000000003bf590,sub_3bf590,848,_ZN7subsdk110sub_3bf590Ev!
0x00000000003bf8e0,sub_3bf8e0,688,_ZN7subsdk110sub_3bf8e0Ev!
0x00000000003bfb90,sub_3bfb90,808,_ZN7subsdk110sub_3bfb90Ev!
0x00000000003bfec0,sub_3bfec0,784,_ZN7subsdk110sub_3bfec0Ev!
0x00000000003c01d0,sub_3c01d0,880,_ZN7subsdk110sub_3c01d0Ev!
0x00000000003c0540,sub_3c0540,716,_ZN7subsdk110sub_3c0540Ev!
0x00000000003c0810,sub_3c0810,836,_ZN7subsdk110sub_3c0810Ev!
0x00000000003c0b60,sub_3c0b60,812,_ZN7subsdk110sub_3c0b60Ev!
0x00000000003c0e90,sub_3c0e90,1532,_ZN7subsdk110sub_3c0e90Ev!
0x00000000003c1490,sub_3c1490,1344,_ZN7subsdk110sub_3c1490Ev!
0x00000000003c19d0,sub_3c19d0,1480,_ZN7subsdk110sub_3c19d0Ev!
0x00000000003c1fa0,sub_3c1fa0,1448,_ZN7subsdk110sub_3c1fa0Ev!
0x00000000003c2550,sub_3c2550,1372,_ZN7subsdk110sub_3c2550Ev!
0x00000000003c2ab0,sub_3c2ab0,1212,_ZN7subsdk110sub_3c2ab0Ev!
0x00000000003c2f70,sub_3c2f70,1332,_ZN7subsdk110sub_3c2f70Ev!
0x00000000003c34b0,sub_3c34b0,1308,_ZN7subsdk125sub_3c34b0_subsdk1_3c34b0Ev!
0x00000000003c39d0,sub_3c39d0,1400,_ZN7subsdk110sub_3c39d0Ev!
0x00000000003c3f50,sub_3c3f50,1240,_ZN7subsdk110sub_3c3f50Ev!
0x00000000003c4430,sub_3c4430,1360,_ZN7subsdk125sub_3c4430_subsdk1_3c4430Ev!
0x00000000003c4980,sub_3c4980,1336,_ZN7subsdk110sub_3c4980Ev!
0x00000000003c4ec0,sub_3c4ec0,664,_ZN7subsdk110sub_3c4ec0Ev!
0x00000000003c5160,sub_3c5160,484,_ZN7subsdk110sub_3c5160Ev!
0x00000000003c5350,sub_3c5350,620,_ZN7subsdk110sub_3c5350Ev!
0x00000000003c55c0,sub_3c55c0,592,_ZN7subsdk110sub_3c55c0Ev!
0x00000000003c5810,sub_3c5810,600,_ZN7subsdk110sub_3c5810Ev!
0x00000000003c5a70,sub_3c5a70,412,_ZN7subsdk125sub_3c5a70_subsdk1_3c5a70Ev!
0x00000000003c5c10,sub_3c5c10,548,_ZN7subsdk110sub_3c5c10Ev!
0x00000000003c5e40,sub_3c5e40,520,_ZN7subsdk110sub_3c5e40Ev!
0x00000000003c6050,sub_3c6050,140,_ZN7subsdk110sub_3c6050Ev!
0x00000000003c60e0,sub_3c60e0,120,_ZN7subsdk110sub_3c60e0Ev!
0x00000000003c6160,sub_3c6160,140,_ZN7subsdk110sub_3c6160Ev!
0x00000000003c61f0,sub_3c61f0,140,_ZN7subsdk110sub_3c61f0Ev!
0x00000000003c6280,sub_3c6280,136,_ZN7subsdk110sub_3c6280Ev!
0x00000000003c6310,sub_3c6310,124,_ZN7subsdk110sub_3c6310Ev!
0x00000000003c6390,sub_3c6390,136,_ZN7subsdk125sub_3c6390_subsdk1_3c6390Ev!
0x00000000003c6420,sub_3c6420,136,_ZN7subsdk110sub_3c6420Ev!
0x00000000003c64b0,sub_3c64b0,136,_ZN7subsdk110sub_3c64b0Ev!
0x00000000003c6540,sub_3c6540,124,_ZN7subsdk110sub_3c6540Ev!
0x00000000003c65c0,sub_3c65c0,136,_ZN7subsdk110sub_3c65c0Ev!
0x00000000003c6650,sub_3c6650,136,_ZN7subsdk110sub_3c6650Ev!
0x00000000003c66e0,sub_3c66e0,140,_ZN7subsdk110sub_3c66e0Ev!
0x00000000003c6770,sub_3c6770,120,_ZN7subsdk110sub_3c6770Ev!
0x00000000003c67f0,sub_3c67f0,140,_ZN7subsdk110sub_3c67f0Ev!
0x00000000003c6880,sub_3c6880,140,_ZN7subsdk110sub_3c6880Ev!
0x00000000003c6910,sub_3c6910,136,_ZN7subsdk110sub_3c6910Ev!
0x00000000003c69a0,sub_3c69a0,124,_ZN7subsdk125sub_3c69a0_subsdk1_3c69a0Ev!
0x00000000003c6a20,sub_3c6a20,136,_ZN7subsdk110sub_3c6a20Ev!
0x00000000003c6ab0,sub_3c6ab0,136,_ZN7subsdk110sub_3c6ab0Ev!
0x00000000003c6b40,sub_3c6b40,140,_ZN7subsdk110sub_3c6b40Ev!
0x00000000003c6bd0,sub_3c6bd0,120,_ZN7subsdk110sub_3c6bd0Ev!
0x00000000003c6c50,sub_3c6c50,140,_ZN7subsdk110sub_3c6c50Ev!
0x00000000003c6ce0,sub_3c6ce0,140,_ZN7subsdk110sub_3c6ce0Ev!
0x00000000003c6d70,sub_3c6d70,136,_ZN7subsdk110sub_3c6d70Ev!
0x00000000003c6e00,sub_3c6e00,124,_ZN7subsdk110sub_3c6e00Ev!
0x00000000003c6e80,sub_3c6e80,136,_ZN7subsdk110sub_3c6e80Ev!
0x00000000003c6f10,sub_3c6f10,136,_ZN7subsdk110sub_3c6f10Ev!
0x00000000003c6fa0,sub_3c6fa0,136,_ZN7subsdk110sub_3c6fa0Ev!
0x00000000003c7030,sub_3c7030,124,_ZN7subsdk110sub_3c7030Ev!
0x00000000003c70b0,sub_3c70b0,136,_ZN7subsdk110sub_3c70b0Ev!
0x00000000003c7140,sub_3c7140,136,_ZN7subsdk110sub_3c7140Ev!
0x00000000003c71d0,sub_3c71d0,136,_ZN7subsdk110sub_3c71d0Ev!
0x00000000003c7260,sub_3c7260,124,_ZN7subsdk110sub_3c7260Ev!
0x00000000003c72e0,sub_3c72e0,136,_ZN7subsdk110sub_3c72e0Ev!
0x00000000003c7370,sub_3c7370,136,_ZN7subsdk110sub_3c7370Ev!
0x00000000003c7400,sub_3c7400,140,_ZN7subsdk110sub_3c7400Ev!
0x00000000003c7490,sub_3c7490,120,_ZN7subsdk110sub_3c7490Ev!
0x00000000003c7510,sub_3c7510,140,_ZN7subsdk110sub_3c7510Ev!
0x00000000003c75a0,sub_3c75a0,140,_ZN7subsdk110sub_3c75a0Ev!
0x00000000003c7630,sub_3c7630,136,_ZN7subsdk110sub_3c7630Ev!
0x00000000003c76c0,sub_3c76c0,124,_ZN7subsdk110sub_3c76c0Ev!
0x00000000003c7740,sub_3c7740,136,_ZN7subsdk110sub_3c7740Ev!
0x00000000003c77d0,sub_3c77d0,136,_ZN7subsdk110sub_3c77d0Ev!
0x00000000003c7860,sub_3c7860,692,_ZN7subsdk110sub_3c7860Ev!
0x00000000003c7b20,sub_3c7b20,504,_ZN7subsdk110sub_3c7b20Ev!
0x00000000003c7d20,sub_3c7d20,640,_ZN7subsdk110sub_3c7d20Ev!
0x00000000003c7fa0,sub_3c7fa0,612,_ZN7subsdk125sub_3c7fa0_subsdk1_3c7fa0Ev!
0x00000000003c8210,sub_3c8210,92,_ZN7subsdk110sub_3c8210Ev!
0x00000000003c8270,sub_3c8270,92,_ZN7subsdk110sub_3c8270Ev!
0x00000000003c82d0,sub_3c82d0,140,_ZN7subsdk110sub_3c82d0Ev!
0x00000000003c8360,sub_3c8360,124,_ZN7subsdk110sub_3c8360Ev!
0x00000000003c83e0,sub_3c83e0,140,_ZN7subsdk110sub_3c83e0Ev!
0x00000000003c8470,sub_3c8470,140,_ZN7subsdk110sub_3c8470Ev!
0x00000000003c8500,sub_3c8500,140,_ZN7subsdk110sub_3c8500Ev!
0x00000000003c8590,sub_3c8590,124,_ZN7subsdk110sub_3c8590Ev!
0x00000000003c8610,sub_3c8610,140,_ZN7subsdk110sub_3c8610Ev!
0x00000000003c86a0,sub_3c86a0,140,_ZN7subsdk110sub_3c86a0Ev!
0x00000000003c8730,sub_3c8730,376,_ZN7subsdk110sub_3c8730Ev!
0x00000000003c88b0,sub_3c88b0,224,_ZN7subsdk110sub_3c88b0Ev!
0x00000000003c8990,sub_3c8990,908,_ZN7subsdk110sub_3c8990Ev!
0x00000000003c8d20,sub_3c8d20,740,_ZN7subsdk110sub_3c8d20Ev!
0x00000000003c9010,sub_3c9010,868,_ZN7subsdk110sub_3c9010Ev!
0x00000000003c9380,sub_3c9380,836,_ZN7subsdk125sub_3c9380_subsdk1_3c9380Ev!
0x00000000003c96d0,sub_3c96d0,936,_ZN7subsdk110sub_3c96d0Ev!
0x00000000003c9a80,sub_3c9a80,772,_ZN7subsdk110sub_3c9a80Ev!
0x00000000003c9d90,sub_3c9d90,892,_ZN7subsdk110sub_3c9d90Ev!
0x00000000003ca110,sub_3ca110,868,_ZN7subsdk110sub_3ca110Ev!
0x00000000003ca480,sub_3ca480,928,_ZN7subsdk110sub_3ca480Ev!
0x00000000003ca820,sub_3ca820,760,_ZN7subsdk110sub_3ca820Ev!
0x00000000003cab20,sub_3cab20,888,_ZN7subsdk110sub_3cab20Ev!
0x00000000003caea0,sub_3caea0,856,_ZN7subsdk110sub_3caea0Ev!
0x00000000003cb200,sub_3cb200,1532,_ZN7subsdk110sub_3cb200Ev!
0x00000000003cb800,sub_3cb800,1380,_ZN7subsdk110sub_3cb800Ev!
0x00000000003cbd70,sub_3cbd70,1492,_ZN7subsdk110sub_3cbd70Ev!
0x00000000003cc350,sub_3cc350,1468,_ZN7subsdk125sub_3cc350_subsdk1_3cc350Ev!
0x00000000003cc910,sub_3cc910,1524,_ZN7subsdk110sub_3cc910Ev!
0x00000000003ccf10,sub_3ccf10,1368,_ZN7subsdk110sub_3ccf10Ev!
0x00000000003cd470,sub_3cd470,1484,_ZN7subsdk125sub_3cd470_subsdk1_3cd470Ev!
0x00000000003cda40,sub_3cda40,1460,_ZN7subsdk110sub_3cda40Ev!
0x00000000003ce000,sub_3ce000,1236,_ZN7subsdk110sub_3ce000Ev!
0x00000000003ce4e0,sub_3ce4e0,1072,_ZN7subsdk110sub_3ce4e0Ev!
0x00000000003ce910,sub_3ce910,1192,_ZN7subsdk110sub_3ce910Ev!
0x00000000003cedc0,sub_3cedc0,1168,_ZN7subsdk110sub_3cedc0Ev!
0x00000000003cf250,sub_3cf250,956,_ZN7subsdk110sub_3cf250Ev!
0x00000000003cf610,sub_3cf610,792,_ZN7subsdk110sub_3cf610Ev!
0x00000000003cf930,sub_3cf930,912,_ZN7subsdk110sub_3cf930Ev!
0x00000000003cfcc0,sub_3cfcc0,888,_ZN7subsdk110sub_3cfcc0Ev!
0x00000000003d0040,sub_3d0040,1032,_ZN7subsdk110sub_3d0040Ev!
0x00000000003d0450,sub_3d0450,868,_ZN7subsdk110sub_3d0450Ev!
0x00000000003d07c0,sub_3d07c0,992,_ZN7subsdk125sub_3d07c0_subsdk1_3d07c0Ev!
0x00000000003d0ba0,sub_3d0ba0,960,_ZN7subsdk110sub_3d0ba0Ev!
0x00000000003d0f60,sub_3d0f60,956,_ZN7subsdk110sub_3d0f60Ev!
0x00000000003d1320,sub_3d1320,796,_ZN7subsdk125sub_3d1320_subsdk1_3d1320Ev!
0x00000000003d1640,sub_3d1640,912,_ZN7subsdk110sub_3d1640Ev!
0x00000000003d19d0,sub_3d19d0,888,_ZN7subsdk110sub_3d19d0Ev!
0x00000000003d1d50,sub_3d1d50,876,_ZN7subsdk110sub_3d1d50Ev!
0x00000000003d20c0,sub_3d20c0,716,_ZN7subsdk110sub_3d20c0Ev!
0x00000000003d2390,sub_3d2390,836,_ZN7subsdk110sub_3d2390Ev!
0x00000000003d26e0,sub_3d26e0,808,_ZN7subsdk110sub_3d26e0Ev!
0x00000000003d2a10,sub_3d2a10,984,_ZN7subsdk110sub_3d2a10Ev!
0x00000000003d2df0,sub_3d2df0,828,_ZN7subsdk110sub_3d2df0Ev!
0x00000000003d3130,sub_3d3130,944,_ZN7subsdk110sub_3d3130Ev!
0x00000000003d34e0,sub_3d34e0,920,_ZN7subsdk110sub_3d34e0Ev!
0x00000000003d3880,sub_3d3880,1016,_ZN7subsdk110sub_3d3880Ev!
0x00000000003d3c80,sub_3d3c80,856,_ZN7subsdk110sub_3d3c80Ev!
0x00000000003d3fe0,sub_3d3fe0,976,_ZN7subsdk110sub_3d3fe0Ev!
0x00000000003d43b0,sub_3d43b0,952,_ZN7subsdk110sub_3d43b0Ev!
0x00000000003d4770,sub_3d4770,1676,_ZN7subsdk125sub_3d4770_subsdk1_3d4770Ev!
0x00000000003d4e00,sub_3d4e00,1480,_ZN7subsdk125sub_3d4e00_subsdk1_3d4e00Ev!
0x00000000003d53d0,sub_3d53d0,1636,_ZN7subsdk110sub_3d53d0Ev!
0x00000000003d5a40,sub_3d5a40,1592,_ZN7subsdk110sub_3d5a40Ev!
0x00000000003d6080,sub_3d6080,1528,_ZN7subsdk110sub_3d6080Ev!
0x00000000003d6680,sub_3d6680,1368,_ZN7subsdk110sub_3d6680Ev!
0x00000000003d6be0,sub_3d6be0,1488,_ZN7subsdk110sub_3d6be0Ev!
0x00000000003d71b0,sub_3d71b0,1464,_ZN7subsdk110sub_3d71b0Ev!
0x00000000003d7770,sub_3d7770,1548,_ZN7subsdk110sub_3d7770Ev!
0x00000000003d7d80,sub_3d7d80,1384,_ZN7subsdk110sub_3d7d80Ev!
0x00000000003d82f0,sub_3d82f0,1508,_ZN7subsdk110sub_3d82f0Ev!
0x00000000003d88e0,sub_3d88e0,1480,_ZN7subsdk110sub_3d88e0Ev!
0x00000000003d8eb0,sub_3d8eb0,800,_ZN7subsdk110sub_3d8eb0Ev!
0x00000000003d91d0,sub_3d91d0,624,_ZN7subsdk110sub_3d91d0Ev!
0x00000000003d9440,sub_3d9440,756,_ZN7subsdk110sub_3d9440Ev!
0x00000000003d9740,sub_3d9740,728,_ZN7subsdk110sub_3d9740Ev!
0x00000000003d9a20,sub_3d9a20,824,_ZN7subsdk110sub_3d9a20Ev!
0x00000000003d9d60,sub_3d9d60,644,_ZN7subsdk110sub_3d9d60Ev!
0x00000000003d9ff0,sub_3d9ff0,780,_ZN7subsdk110sub_3d9ff0Ev!
0x00000000003da300,sub_3da300,752,_ZN7subsdk110sub_3da300Ev!
0x00000000003da5f0,sub_3da5f0,92,_ZN7subsdk110sub_3da5f0Ev!
0x00000000003da650,sub_3da650,92,_ZN7subsdk110sub_3da650Ev!
0x00000000003da6b0,sub_3da6b0,92,_ZN7subsdk110sub_3da6b0Ev!
0x00000000003da710,sub_3da710,680,_ZN7subsdk110sub_3da710Ev!
0x00000000003da9c0,sub_3da9c0,3912,_ZN7subsdk110sub_3da9c0Ev!
0x00000000003db910,sub_3db910,12880,_ZN7subsdk110sub_3db910Ev!
0x00000000003deb60,sub_3deb60,400,_ZN7subsdk110sub_3deb60Ev!
0x00000000003decf0,sub_3decf0,76,_ZN7subsdk110sub_3decf0Ev!
0x00000000003ded40,sub_3ded40,76,_ZN7subsdk110sub_3ded40Ev!
0x00000000003ded90,sub_3ded90,280,_ZN7subsdk110sub_3ded90Ev!
0x00000000003deeb0,sub_3deeb0,220,_ZN7subsdk110sub_3deeb0Ev!
0x00000000003def90,sub_3def90,244,_ZN7subsdk110sub_3def90Ev!
0x00000000003df090,sub_3df090,584,_ZN7subsdk110sub_3df090Ev!
0x00000000003df2e0,sub_3df2e0,3244,_ZN7subsdk110sub_3df2e0Ev!
0x00000000003dff90,sub_3dff90,304,_ZN7subsdk110sub_3dff90Ev!
0x00000000003e00c0,sub_3e00c0,544,_ZN7subsdk110sub_3e00c0Ev!
0x00000000003e02e0,sub_3e02e0,748,_ZN7subsdk110sub_3e02e0Ev!
0x00000000003e05d0,sub_3e05d0,956,_ZN7subsdk125sub_3e05d0_subsdk1_3e05d0Ev!
0x00000000003e0990,sub_3e0990,104,_ZN7subsdk125sub_3e0990_subsdk1_3e0990Ev!
0x00000000003e0a00,sub_3e0a00,120,_ZN7subsdk110sub_3e0a00Ev!
0x00000000003e0a80,sub_3e0a80,384,_ZN7subsdk125sub_3e0a80_subsdk1_3e0a80Ev!
0x00000000003e0c00,sub_3e0c00,120,_ZN7subsdk110sub_3e0c00Ev!
0x00000000003e0c80,sub_3e0c80,72,_ZN7subsdk110sub_3e0c80Ev!
0x00000000003e0cd0,sub_3e0cd0,304,_ZN7subsdk125sub_3e0cd0_subsdk1_3e0cd0Ev!
0x00000000003e0e00,sub_3e0e00,1160,_ZN7subsdk110sub_3e0e00Ev!
0x00000000003e1290,sub_3e1290,1064,_ZN7subsdk110sub_3e1290Ev!
0x00000000003e16c0,sub_3e16c0,936,_ZN7subsdk110sub_3e16c0Ev!
0x00000000003e1a70,sub_3e1a70,904,_ZN7subsdk110sub_3e1a70Ev!
0x00000000003e1e00,sub_3e1e00,836,_ZN7subsdk110sub_3e1e00Ev!
0x00000000003e2150,sub_3e2150,744,_ZN7subsdk110sub_3e2150Ev!
0x00000000003e2440,sub_3e2440,668,_ZN7subsdk125sub_3e2440_subsdk1_3e2440Ev!
0x00000000003e26e0,sub_3e26e0,616,_ZN7subsdk110sub_3e26e0Ev!
0x00000000003e2950,sub_3e2950,560,_ZN7subsdk110sub_3e2950Ev!
0x00000000003e2b80,sub_3e2b80,392,_ZN7subsdk125sub_3e2b80_subsdk1_3e2b80Ev!
0x00000000003e2d10,sub_3e2d10,372,_ZN7subsdk125sub_3e2d10_subsdk1_3e2d10Ev!
0x00000000003e2e90,sub_3e2e90,336,_ZN7subsdk110sub_3e2e90Ev!
0x00000000003e2fe0,sub_3e2fe0,1108,_ZN7subsdk110sub_3e2fe0Ev!
0x00000000003e3440,sub_3e3440,852,_ZN7subsdk110sub_3e3440Ev!
0x00000000003e37a0,sub_3e37a0,608,_ZN7subsdk110sub_3e37a0Ev!
0x00000000003e3a00,sub_3e3a00,348,_ZN7subsdk110sub_3e3a00Ev!
0x00000000003e3b60,sub_3e3b60,304,_ZN7subsdk110sub_3e3b60Ev!
0x00000000003e3c90,sub_3e3c90,732,_ZN7subsdk110sub_3e3c90Ev!
0x00000000003e3f70,sub_3e3f70,996,_ZN7subsdk110sub_3e3f70Ev!
0x00000000003e4360,sub_3e4360,1780,_ZN7subsdk110sub_3e4360Ev!
0x00000000003e4a60,sub_3e4a60,1284,_ZN7subsdk110sub_3e4a60Ev!
0x00000000003e4f70,sub_3e4f70,2428,_ZN7subsdk110sub_3e4f70Ev!
0x00000000003e58f0,sub_3e58f0,400,_ZN7subsdk110sub_3e58f0Ev!
0x00000000003e5a80,sub_3e5a80,608,_ZN7subsdk110sub_3e5a80Ev!
0x00000000003e5ce0,sub_3e5ce0,796,_ZN7subsdk110sub_3e5ce0Ev!
0x00000000003e6000,sub_3e6000,980,_ZN7subsdk110sub_3e6000Ev!
0x00000000003e63e0,sub_3e63e0,780,_ZN7subsdk110sub_3e63e0Ev!
0x00000000003e66f0,sub_3e66f0,672,_ZN7subsdk110sub_3e66f0Ev!
0x00000000003e6990,sub_3e6990,1032,_ZN7subsdk110sub_3e6990Ev!
0x00000000003e6da0,sub_3e6da0,1412,_ZN7subsdk125sub_3e6da0_subsdk1_3e6da0Ev!
0x00000000003e7330,sub_3e7330,732,_ZN7subsdk110sub_3e7330Ev!
0x00000000003e7610,sub_3e7610,1792,_ZN7subsdk110sub_3e7610Ev!
0x00000000003e7d10,sub_3e7d10,1084,_ZN7subsdk110sub_3e7d10Ev!
0x00000000003e8150,sub_3e8150,920,_ZN7subsdk110sub_3e8150Ev!
0x00000000003e84f0,sub_3e84f0,1480,_ZN7subsdk110sub_3e84f0Ev!
0x00000000003e8ac0,sub_3e8ac0,2028,_ZN7subsdk110sub_3e8ac0Ev!
0x00000000003e92b0,sub_3e92b0,1004,_ZN7subsdk110sub_3e92b0Ev!
0x00000000003e96a0,sub_3e96a0,1860,_ZN7subsdk125sub_3e96a0_subsdk1_3e96a0Ev!
0x00000000003e9df0,sub_3e9df0,2684,_ZN7subsdk110sub_3e9df0Ev!
0x00000000003ea870,sub_3ea870,1392,_ZN7subsdk110sub_3ea870Ev!
0x00000000003eade0,sub_3eade0,1168,_ZN7subsdk110sub_3eade0Ev!
0x00000000003eb270,sub_3eb270,1912,_ZN7subsdk125sub_3eb270_subsdk1_3eb270Ev!
0x00000000003eb9f0,sub_3eb9f0,2712,_ZN7subsdk110sub_3eb9f0Ev!
0x00000000003ec490,sub_3ec490,1276,_ZN7subsdk110sub_3ec490Ev!
0x00000000003ec990,sub_3ec990,2440,_ZN7subsdk110sub_3ec990Ev!
0x00000000003ed320,sub_3ed320,3424,_ZN7subsdk110sub_3ed320Ev!
0x00000000003ee080,sub_3ee080,60,_ZN7subsdk125sub_3ee080_subsdk1_3ee080Ev!
0x00000000003ee0c0,sub_3ee0c0,60,_ZN7subsdk110sub_3ee0c0Ev!
0x00000000003ee100,sub_3ee100,60,_ZN7subsdk110sub_3ee100Ev!
0x00000000003ee140,sub_3ee140,60,_ZN7subsdk110sub_3ee140Ev!
0x00000000003ee180,sub_3ee180,60,_ZN7subsdk110sub_3ee180Ev!
0x00000000003ee1c0,sub_3ee1c0,564,_ZN7subsdk110sub_3ee1c0Ev!
0x00000000003ee400,sub_3ee400,756,_ZN7subsdk110sub_3ee400Ev!
0x00000000003ee700,sub_3ee700,952,_ZN7subsdk110sub_3ee700Ev!
0x00000000003eeac0,sub_3eeac0,96,_ZN7subsdk125sub_3eeac0_subsdk1_3eeac0Ev!
0x00000000003eeb20,sub_3eeb20,364,_ZN7subsdk110sub_3eeb20Ev!
0x00000000003eec90,sub_3eec90,368,_ZN7subsdk110sub_3eec90Ev!
0x00000000003eee00,sub_3eee00,352,_ZN7subsdk110sub_3eee00Ev!
0x00000000003eef60,sub_3eef60,364,_ZN7subsdk125sub_3eef60_subsdk1_3eef60Ev!
0x00000000003ef0d0,sub_3ef0d0,660,_ZN7subsdk125sub_3ef0d0_subsdk1_3ef0d0Ev!
0x00000000003ef370,sub_3ef370,736,_ZN7subsdk125sub_3ef370_subsdk1_3ef370Ev!
0x00000000003ef650,sub_3ef650,592,_ZN7subsdk110sub_3ef650Ev!
0x00000000003ef8a0,sub_3ef8a0,632,_ZN7subsdk110sub_3ef8a0Ev!
0x00000000003efb20,sub_3efb20,168,_ZN7subsdk110sub_3efb20Ev!
0x00000000003efbd0,sub_3efbd0,196,_ZN7subsdk110sub_3efbd0Ev!
0x00000000003efca0,sub_3efca0,372,_ZN7subsdk125sub_3efca0_subsdk1_3efca0Ev!
0x00000000003efe20,sub_3efe20,464,_ZN7subsdk125sub_3efe20_subsdk1_3efe20Ev!
0x00000000003efff0,sub_3efff0,2244,_ZN7subsdk125sub_3efff0_subsdk1_3efff0Ev!
0x00000000003f08c0,sub_3f08c0,76,_ZN7subsdk110sub_3f08c0Ev!
0x00000000003f0910,sub_3f0910,120,_ZN7subsdk110sub_3f0910Ev!
0x00000000003f0990,sub_3f0990,120,_ZN7subsdk110sub_3f0990Ev!
0x00000000003f0a10,sub_3f0a10,120,_ZN7subsdk110sub_3f0a10Ev!
0x00000000003f0a90,sub_3f0a90,120,_ZN7subsdk110sub_3f0a90Ev!
0x00000000003f0b10,sub_3f0b10,996,_ZN7subsdk110sub_3f0b10Ev!
0x00000000003f0f00,sub_3f0f00,92,_ZN7subsdk110sub_3f0f00Ev!
0x00000000003f0f60,sub_3f0f60,92,_ZN7subsdk110sub_3f0f60Ev!
0x00000000003f0fc0,sub_3f0fc0,92,_ZN7subsdk110sub_3f0fc0Ev!
0x00000000003f1020,sub_3f1020,92,_ZN7subsdk110sub_3f1020Ev!
0x00000000003f1080,sub_3f1080,92,_ZN7subsdk110sub_3f1080Ev!
0x00000000003f10e0,sub_3f10e0,92,_ZN7subsdk110sub_3f10e0Ev!
0x00000000003f1140,sub_3f1140,92,_ZN7subsdk125sub_3f1140_subsdk1_3f1140Ev!
0x00000000003f11a0,sub_3f11a0,92,_ZN7subsdk110sub_3f11a0Ev!
0x00000000003f1200,sub_3f1200,92,_ZN7subsdk125sub_3f1200_subsdk1_3f1200Ev!
0x00000000003f1260,sub_3f1260,92,_ZN7subsdk110sub_3f1260Ev!
0x00000000003f12c0,sub_3f12c0,92,_ZN7subsdk110sub_3f12c0Ev!
0x00000000003f1320,sub_3f1320,92,_ZN7subsdk110sub_3f1320Ev!
0x00000000003f1380,sub_3f1380,132,_ZN7subsdk110sub_3f1380Ev!
0x00000000003f1410,sub_3f1410,76,_ZN7subsdk110sub_3f1410Ev!
0x00000000003f1460,sub_3f1460,104,_ZN7subsdk110sub_3f1460Ev!
0x00000000003f14d0,sub_3f14d0,120,_ZN7subsdk110sub_3f14d0Ev!
0x00000000003f1550,sub_3f1550,104,_ZN7subsdk110sub_3f1550Ev!
0x00000000003f15c0,sub_3f15c0,120,_ZN7subsdk110sub_3f15c0Ev!
0x00000000003f1640,sub_3f1640,104,_ZN7subsdk110sub_3f1640Ev!
0x00000000003f16b0,sub_3f16b0,120,_ZN7subsdk110sub_3f16b0Ev!
0x00000000003f1730,sub_3f1730,104,_ZN7subsdk110sub_3f1730Ev!
0x00000000003f17a0,sub_3f17a0,120,_ZN7subsdk110sub_3f17a0Ev!
0x00000000003f1820,sub_3f1820,104,_ZN7subsdk110sub_3f1820Ev!
0x00000000003f1890,sub_3f1890,120,_ZN7subsdk110sub_3f1890Ev!
0x00000000003f1910,sub_3f1910,104,_ZN7subsdk110sub_3f1910Ev!
0x00000000003f1980,sub_3f1980,120,_ZN7subsdk110sub_3f1980Ev!
0x00000000003f1a00,sub_3f1a00,92,_ZN7subsdk110sub_3f1a00Ev!
0x00000000003f1a60,sub_3f1a60,92,_ZN7subsdk110sub_3f1a60Ev!
0x00000000003f1ac0,sub_3f1ac0,92,_ZN7subsdk110sub_3f1ac0Ev!
0x00000000003f1b20,sub_3f1b20,92,_ZN7subsdk110sub_3f1b20Ev!
0x00000000003f1b80,sub_3f1b80,120,_ZN7subsdk110sub_3f1b80Ev!
0x00000000003f1c00,sub_3f1c00,120,_ZN7subsdk110sub_3f1c00Ev!
0x00000000003f1c80,sub_3f1c80,120,_ZN7subsdk110sub_3f1c80Ev!
0x00000000003f1d00,sub_3f1d00,120,_ZN7subsdk110sub_3f1d00Ev!
0x00000000003f1d80,sub_3f1d80,120,_ZN7subsdk110sub_3f1d80Ev!
0x00000000003f1e00,sub_3f1e00,120,_ZN7subsdk110sub_3f1e00Ev!
0x00000000003f1e80,sub_3f1e80,120,_ZN7subsdk110sub_3f1e80Ev!
0x00000000003f1f00,sub_3f1f00,120,_ZN7subsdk110sub_3f1f00Ev!
0x00000000003f1f80,sub_3f1f80,92,_ZN7subsdk110sub_3f1f80Ev!
0x00000000003f1fe0,sub_3f1fe0,120,_ZN7subsdk110sub_3f1fe0Ev!
0x00000000003f2060,sub_3f2060,92,_ZN7subsdk110sub_3f2060Ev!
0x00000000003f20c0,sub_3f20c0,120,_ZN7subsdk110sub_3f20c0Ev!
0x00000000003f2140,sub_3f2140,92,_ZN7subsdk125sub_3f2140_subsdk1_3f2140Ev!
0x00000000003f21a0,sub_3f21a0,120,_ZN7subsdk110sub_3f21a0Ev!
0x00000000003f2220,sub_3f2220,92,_ZN7subsdk110sub_3f2220Ev!
0x00000000003f2280,sub_3f2280,120,_ZN7subsdk110sub_3f2280Ev!
0x00000000003f2300,sub_3f2300,736,_ZN7subsdk110sub_3f2300Ev!
0x00000000003f25e0,sub_3f25e0,1268,_ZN7subsdk110sub_3f25e0Ev!
0x00000000003f2ae0,sub_3f2ae0,1688,_ZN7subsdk110sub_3f2ae0Ev!
0x00000000003f3180,sub_3f3180,2088,_ZN7subsdk110sub_3f3180Ev!
0x00000000003f39b0,sub_3f39b0,720,_ZN7subsdk110sub_3f39b0Ev!
0x00000000003f3c80,sub_3f3c80,520,_ZN7subsdk110sub_3f3c80Ev!
0x00000000003f3e90,sub_3f3e90,1232,_ZN7subsdk110sub_3f3e90Ev!
0x00000000003f4360,sub_3f4360,1048,_ZN7subsdk110sub_3f4360Ev!
0x00000000003f4780,sub_3f4780,1632,_ZN7subsdk110sub_3f4780Ev!
0x00000000003f4de0,sub_3f4de0,1420,_ZN7subsdk110sub_3f4de0Ev!
0x00000000003f5370,sub_3f5370,2032,_ZN7subsdk110sub_3f5370Ev!
0x00000000003f5b60,sub_3f5b60,1820,_ZN7subsdk110sub_3f5b60Ev!
0x00000000003f6280,sub_3f6280,712,_ZN7subsdk110sub_3f6280Ev!
0x00000000003f6550,sub_3f6550,540,_ZN7subsdk110sub_3f6550Ev!
0x00000000003f6770,sub_3f6770,1244,_ZN7subsdk110sub_3f6770Ev!
0x00000000003f6c50,sub_3f6c50,1088,_ZN7subsdk110sub_3f6c50Ev!
0x00000000003f7090,sub_3f7090,1664,_ZN7subsdk110sub_3f7090Ev!
0x00000000003f7710,sub_3f7710,1480,_ZN7subsdk110sub_3f7710Ev!
0x00000000003f7ce0,sub_3f7ce0,2068,_ZN7subsdk110sub_3f7ce0Ev!
0x00000000003f8500,sub_3f8500,1900,_ZN7subsdk110sub_3f8500Ev!
0x00000000003f8c70,sub_3f8c70,92,_ZN7subsdk110sub_3f8c70Ev!
0x00000000003f8cd0,sub_3f8cd0,92,_ZN7subsdk110sub_3f8cd0Ev!
0x00000000003f8d30,sub_3f8d30,92,_ZN7subsdk110sub_3f8d30Ev!
0x00000000003f8d90,sub_3f8d90,92,_ZN7subsdk110sub_3f8d90Ev!
0x00000000003f8df0,sub_3f8df0,120,_ZN7subsdk110sub_3f8df0Ev!
0x00000000003f8e70,sub_3f8e70,120,_ZN7subsdk110sub_3f8e70Ev!
0x00000000003f8ef0,sub_3f8ef0,120,_ZN7subsdk110sub_3f8ef0Ev!
0x00000000003f8f70,sub_3f8f70,120,_ZN7subsdk110sub_3f8f70Ev!
0x00000000003f8ff0,sub_3f8ff0,120,_ZN7subsdk110sub_3f8ff0Ev!
0x00000000003f9070,sub_3f9070,120,_ZN7subsdk110sub_3f9070Ev!
0x00000000003f90f0,sub_3f90f0,120,_ZN7subsdk110sub_3f90f0Ev!
0x00000000003f9170,sub_3f9170,120,_ZN7subsdk110sub_3f9170Ev!
0x00000000003f91f0,sub_3f91f0,92,_ZN7subsdk125sub_3f91f0_subsdk1_3f91f0Ev!
0x00000000003f9250,sub_3f9250,120,_ZN7subsdk110sub_3f9250Ev!
0x00000000003f92d0,sub_3f92d0,92,_ZN7subsdk110sub_3f92d0Ev!
0x00000000003f9330,sub_3f9330,120,_ZN7subsdk110sub_3f9330Ev!
0x00000000003f93b0,sub_3f93b0,92,_ZN7subsdk110sub_3f93b0Ev!
0x00000000003f9410,sub_3f9410,120,_ZN7subsdk125sub_3f9410_subsdk1_3f9410Ev!
0x00000000003f9490,sub_3f9490,92,_ZN7subsdk110sub_3f9490Ev!
0x00000000003f94f0,sub_3f94f0,120,_ZN7subsdk110sub_3f94f0Ev!
0x00000000003f9570,sub_3f9570,92,_ZN7subsdk125sub_3f9570_subsdk1_3f9570Ev!
0x00000000003f95d0,sub_3f95d0,92,_ZN7subsdk110sub_3f95d0Ev!
0x00000000003f9630,sub_3f9630,92,_ZN7subsdk110sub_3f9630Ev!
0x00000000003f9690,sub_3f9690,92,_ZN7subsdk110sub_3f9690Ev!
0x00000000003f96f0,sub_3f96f0,120,_ZN7subsdk110sub_3f96f0Ev!
0x00000000003f9770,sub_3f9770,120,_ZN7subsdk110sub_3f9770Ev!
0x00000000003f97f0,sub_3f97f0,120,_ZN7subsdk110sub_3f97f0Ev!
0x00000000003f9870,sub_3f9870,120,_ZN7subsdk125sub_3f9870_subsdk1_3f9870Ev!
0x00000000003f98f0,sub_3f98f0,120,_ZN7subsdk110sub_3f98f0Ev!
0x00000000003f9970,sub_3f9970,120,_ZN7subsdk110sub_3f9970Ev!
0x00000000003f99f0,sub_3f99f0,120,_ZN7subsdk110sub_3f99f0Ev!
0x00000000003f9a70,sub_3f9a70,120,_ZN7subsdk110sub_3f9a70Ev!
0x00000000003f9af0,sub_3f9af0,92,_ZN7subsdk110sub_3f9af0Ev!
0x00000000003f9b50,sub_3f9b50,120,_ZN7subsdk110sub_3f9b50Ev!
0x00000000003f9bd0,sub_3f9bd0,92,_ZN7subsdk110sub_3f9bd0Ev!
0x00000000003f9c30,sub_3f9c30,120,_ZN7subsdk110sub_3f9c30Ev!
0x00000000003f9cb0,sub_3f9cb0,92,_ZN7subsdk125sub_3f9cb0_subsdk1_3f9cb0Ev!
0x00000000003f9d10,sub_3f9d10,120,_ZN7subsdk125sub_3f9d10_subsdk1_3f9d10Ev!
0x00000000003f9d90,sub_3f9d90,92,_ZN7subsdk110sub_3f9d90Ev!
0x00000000003f9df0,sub_3f9df0,120,_ZN7subsdk110sub_3f9df0Ev!
0x00000000003f9e70,sub_3f9e70,160,_ZN7subsdk125sub_3f9e70_subsdk1_3f9e70Ev!
0x00000000003f9f10,sub_3f9f10,120,_ZN7subsdk110sub_3f9f10Ev!
0x00000000003f9f90,sub_3f9f90,372,_ZN7subsdk125sub_3f9f90_subsdk1_3f9f90Ev!
0x00000000003fa110,sub_3fa110,748,_ZN7subsdk125sub_3fa110_subsdk1_3fa110Ev!
0x00000000003fa400,sub_3fa400,608,_ZN7subsdk110sub_3fa400Ev!
0x00000000003fa660,sub_3fa660,464,_ZN7subsdk110sub_3fa660Ev!
0x00000000003fa830,sub_3fa830,300,_ZN7subsdk110sub_3fa830Ev!
0x00000000003fa960,sub_3fa960,736,_ZN7subsdk110sub_3fa960Ev!
0x00000000003fac40,sub_3fac40,596,_ZN7subsdk125sub_3fac40_subsdk1_3fac40Ev!
0x00000000003faea0,sub_3faea0,456,_ZN7subsdk110sub_3faea0Ev!
0x00000000003fb070,sub_3fb070,196,_ZN7subsdk110sub_3fb070Ev!
0x00000000003fb140,sub_3fb140,104,_ZN7subsdk110sub_3fb140Ev!
0x00000000003fb1b0,sub_3fb1b0,72,_ZN7subsdk110sub_3fb1b0Ev!
0x00000000003fb200,sub_3fb200,88,_ZN7subsdk110sub_3fb200Ev!
0x00000000003fb260,sub_3fb260,200,_ZN7subsdk110sub_3fb260Ev!
0x00000000003fb330,sub_3fb330,284,_ZN7subsdk110sub_3fb330Ev!
0x00000000003fb450,sub_3fb450,336,_ZN7subsdk110sub_3fb450Ev!
0x00000000003fb5a0,sub_3fb5a0,284,_ZN7subsdk125sub_3fb5a0_subsdk1_3fb5a0Ev!
0x00000000003fb6c0,sub_3fb6c0,296,_ZN7subsdk110sub_3fb6c0Ev!
0x00000000003fb7f0,sub_3fb7f0,204,_ZN7subsdk110sub_3fb7f0Ev!
0x00000000003fb8c0,sub_3fb8c0,296,_ZN7subsdk125sub_3fb8c0_subsdk1_3fb8c0Ev!
0x00000000003fb9f0,sub_3fb9f0,400,_ZN7subsdk110sub_3fb9f0Ev!
0x00000000003fbb80,sub_3fbb80,364,_ZN7subsdk125sub_3fbb80_subsdk1_3fbb80Ev!
0x00000000003fbcf0,sub_3fbcf0,344,_ZN7subsdk125sub_3fbcf0_subsdk1_3fbcf0Ev!
0x00000000003fbe50,sub_3fbe50,76,_ZN7subsdk110sub_3fbe50Ev!
0x00000000003fbea0,sub_3fbea0,180,_ZN7subsdk110sub_3fbea0Ev!
0x00000000003fbf60,sub_3fbf60,148,_ZN7subsdk110sub_3fbf60Ev!
0x00000000003fc000,sub_3fc000,204,_ZN7subsdk110sub_3fc000Ev!
0x00000000003fc0d0,sub_3fc0d0,272,_ZN7subsdk110sub_3fc0d0Ev!
0x00000000003fc1e0,sub_3fc1e0,104,_ZN7subsdk110sub_3fc1e0Ev!
0x00000000003fc250,sub_3fc250,104,_ZN7subsdk110sub_3fc250Ev!
0x00000000003fc2c0,sub_3fc2c0,72,_ZN7subsdk110sub_3fc2c0Ev!
0x00000000003fc310,sub_3fc310,316,_ZN7subsdk110sub_3fc310Ev!
0x00000000003fc450,sub_3fc450,408,_ZN7subsdk110sub_3fc450Ev!
0x00000000003fc5f0,sub_3fc5f0,408,_ZN7subsdk125sub_3fc5f0_subsdk1_3fc5f0Ev!
0x00000000003fc790,sub_3fc790,388,_ZN7subsdk110sub_3fc790Ev!
0x00000000003fc920,sub_3fc920,448,_ZN7subsdk110sub_3fc920Ev!
0x00000000003fcae0,sub_3fcae0,376,_ZN7subsdk110sub_3fcae0Ev!
0x00000000003fcc60,sub_3fcc60,1300,_ZN7subsdk125sub_3fcc60_subsdk1_3fcc60Ev!
0x00000000003fd180,sub_3fd180,1336,_ZN7subsdk110sub_3fd180Ev!
0x00000000003fd6c0,sub_3fd6c0,1364,_ZN7subsdk110sub_3fd6c0Ev!
0x00000000003fdc20,sub_3fdc20,1392,_ZN7subsdk110sub_3fdc20Ev!
0x00000000003fe190,sub_3fe190,1168,_ZN7subsdk110sub_3fe190Ev!
0x00000000003fe620,sub_3fe620,1332,_ZN7subsdk110sub_3fe620Ev!
0x00000000003feb60,sub_3feb60,136,_ZN7subsdk110sub_3feb60Ev!
0x00000000003febf0,sub_3febf0,120,_ZN7subsdk110sub_3febf0Ev!
0x00000000003fec70,sub_3fec70,104,_ZN7subsdk110sub_3fec70Ev!
0x00000000003fece0,sub_3fece0,104,_ZN7subsdk110sub_3fece0Ev!
0x00000000003fed50,sub_3fed50,104,_ZN7subsdk110sub_3fed50Ev!
0x00000000003fedc0,sub_3fedc0,104,_ZN7subsdk110sub_3fedc0Ev!
0x00000000003fee30,sub_3fee30,120,_ZN7subsdk110sub_3fee30Ev!
0x00000000003feeb0,sub_3feeb0,104,_ZN7subsdk110sub_3feeb0Ev!
0x00000000003fef20,sub_3fef20,104,_ZN7subsdk110sub_3fef20Ev!
0x00000000003fef90,sub_3fef90,104,_ZN7subsdk110sub_3fef90Ev!
0x00000000003ff000,sub_3ff000,104,_ZN7subsdk110sub_3ff000Ev!
0x00000000003ff070,sub_3ff070,104,_ZN7subsdk110sub_3ff070Ev!
0x00000000003ff0e0,sub_3ff0e0,400,_ZN7subsdk110sub_3ff0e0Ev!
0x00000000003ff270,sub_3ff270,104,_ZN7subsdk110sub_3ff270Ev!
0x00000000003ff2e0,sub_3ff2e0,104,_ZN7subsdk110sub_3ff2e0Ev!
0x00000000003ff350,sub_3ff350,92,_ZN7subsdk110sub_3ff350Ev!
0x00000000003ff3b0,sub_3ff3b0,396,_ZN7subsdk110sub_3ff3b0Ev!
0x00000000003ff540,sub_3ff540,92,_ZN7subsdk110sub_3ff540Ev!
0x00000000003ff5a0,sub_3ff5a0,92,_ZN7subsdk110sub_3ff5a0Ev!
0x00000000003ff600,sub_3ff600,92,_ZN7subsdk110sub_3ff600Ev!
0x00000000003ff660,sub_3ff660,92,_ZN7subsdk110sub_3ff660Ev!
0x00000000003ff6c0,sub_3ff6c0,76,_ZN7subsdk110sub_3ff6c0Ev!
0x00000000003ff710,sub_3ff710,76,_ZN7subsdk110sub_3ff710Ev!
0x00000000003ff760,sub_3ff760,76,_ZN7subsdk110sub_3ff760Ev!
0x00000000003ff7b0,sub_3ff7b0,120,_ZN7subsdk110sub_3ff7b0Ev!
0x00000000003ff830,sub_3ff830,76,_ZN7subsdk110sub_3ff830Ev!
0x00000000003ff880,sub_3ff880,120,_ZN7subsdk110sub_3ff880Ev!
0x00000000003ff900,sub_3ff900,76,_ZN7subsdk125sub_3ff900_subsdk1_3ff900Ev!
0x00000000003ff950,sub_3ff950,120,_ZN7subsdk110sub_3ff950Ev!
0x00000000003ff9d0,sub_3ff9d0,76,_ZN7subsdk125sub_3ff9d0_subsdk1_3ff9d0Ev!
0x00000000003ffa20,sub_3ffa20,328,_ZN7subsdk110sub_3ffa20Ev!
0x00000000003ffb70,sub_3ffb70,92,_ZN7subsdk110sub_3ffb70Ev!
0x00000000003ffbd0,sub_3ffbd0,288,_ZN7subsdk110sub_3ffbd0Ev!
0x00000000003ffcf0,sub_3ffcf0,76,_ZN7subsdk125sub_3ffcf0_subsdk1_3ffcf0Ev!
0x00000000003ffd40,sub_3ffd40,76,_ZN7subsdk110sub_3ffd40Ev!
0x00000000003ffd90,sub_3ffd90,76,_ZN7subsdk125sub_3ffd90_subsdk1_3ffd90Ev!
0x00000000003ffde0,sub_3ffde0,76,_ZN7subsdk125sub_3ffde0_subsdk1_3ffde0Ev!
0x00000000003ffe30,sub_3ffe30,76,_ZN7subsdk110sub_3ffe30Ev!
0x00000000003ffe80,sub_3ffe80,76,_ZN7subsdk125sub_3ffe80_subsdk1_3ffe80Ev!
0x00000000003ffed0,sub_3ffed0,76,_ZN7subsdk125sub_3ffed0_subsdk1_3ffed0Ev!
0x00000000003fff20,sub_3fff20,76,_ZN7subsdk125sub_3fff20_subsdk1_3fff20Ev!
0x00000000003fff70,sub_3fff70,76,_ZN7subsdk125sub_3fff70_subsdk1_3fff70Ev!
0x00000000003fffc0,sub_3fffc0,76,_ZN7subsdk110sub_3fffc0Ev!
0x0000000000400010,sub_400010,76,_ZN7subsdk110sub_400010Ev!
0x0000000000400060,sub_400060,2700,_ZN7subsdk125sub_400060_subsdk1_400060Ev!
0x0000000000400af0,sub_400af0,2992,_ZN7subsdk110sub_400af0Ev!
0x00000000004016a0,sub_4016a0,120,_ZN7subsdk110sub_4016a0Ev!
0x0000000000401720,sub_401720,92,_ZN7subsdk110sub_401720Ev!
0x0000000000401780,sub_401780,120,_ZN7subsdk125sub_401780_subsdk1_401780Ev!
0x0000000000401800,sub_401800,92,_ZN7subsdk110sub_401800Ev!
0x0000000000401860,sub_401860,120,_ZN7subsdk110sub_401860Ev!
0x00000000004018e0,sub_4018e0,92,_ZN7subsdk110sub_4018e0Ev!
0x0000000000401940,sub_401940,120,_ZN7subsdk110sub_401940Ev!
0x00000000004019c0,sub_4019c0,92,_ZN7subsdk110sub_4019c0Ev!
0x0000000000401a20,sub_401a20,120,_ZN7subsdk110sub_401a20Ev!
0x0000000000401aa0,sub_401aa0,92,_ZN7subsdk110sub_401aa0Ev!
0x0000000000401b00,sub_401b00,120,_ZN7subsdk110sub_401b00Ev!
0x0000000000401b80,sub_401b80,92,_ZN7subsdk110sub_401b80Ev!
0x0000000000401be0,sub_401be0,2700,_ZN7subsdk110sub_401be0Ev!
0x0000000000402670,sub_402670,2992,_ZN7subsdk125sub_402670_subsdk1_402670Ev!
0x0000000000403220,sub_403220,440,_ZN7subsdk110sub_403220Ev!
0x00000000004033e0,sub_4033e0,596,_ZN7subsdk110sub_4033e0Ev!
0x0000000000403640,sub_403640,752,_ZN7subsdk110sub_403640Ev!
0x0000000000403930,sub_403930,148,_ZN7subsdk125sub_403930_subsdk1_403930Ev!
0x00000000004039d0,sub_4039d0,148,_ZN7subsdk110sub_4039d0Ev!
0x0000000000403a70,sub_403a70,108,_ZN7subsdk125sub_403a70_subsdk1_403a70Ev!
0x0000000000403ae0,sub_403ae0,148,_ZN7subsdk110sub_403ae0Ev!
0x0000000000403b80,sub_403b80,148,_ZN7subsdk125sub_403b80_subsdk1_403b80Ev!
0x0000000000403c20,sub_403c20,148,_ZN7subsdk110sub_403c20Ev!
0x0000000000403cc0,sub_403cc0,148,_ZN7subsdk110sub_403cc0Ev!
0x0000000000403d60,sub_403d60,76,_ZN7subsdk110sub_403d60Ev!
0x0000000000403db0,sub_403db0,92,_ZN7subsdk110sub_403db0Ev!
0x0000000000403e10,sub_403e10,104,_ZN7subsdk110sub_403e10Ev!
0x0000000000403e80,sub_403e80,120,_ZN7subsdk110sub_403e80Ev!
0x0000000000403f00,sub_403f00,76,_ZN7subsdk110sub_403f00Ev!
0x0000000000403f50,sub_403f50,92,_ZN7subsdk110sub_403f50Ev!
0x0000000000403fb0,sub_403fb0,136,_ZN7subsdk110sub_403fb0Ev!
0x0000000000404040,sub_404040,104,_ZN7subsdk110sub_404040Ev!
0x00000000004040b0,sub_4040b0,120,_ZN7subsdk125sub_4040b0_subsdk1_4040b0Ev!
0x0000000000404130,sub_404130,140,_ZN7subsdk110sub_404130Ev!
0x00000000004041c0,sub_4041c0,92,_ZN7subsdk110sub_4041c0Ev!
0x0000000000404220,sub_404220,120,_ZN7subsdk125sub_404220_subsdk1_404220Ev!
0x00000000004042a0,sub_4042a0,136,_ZN7subsdk110sub_4042a0Ev!
0x0000000000404330,sub_404330,140,_ZN7subsdk110sub_404330Ev!
0x00000000004043c0,sub_4043c0,76,_ZN7subsdk110sub_4043c0Ev!
0x0000000000404410,sub_404410,92,_ZN7subsdk110sub_404410Ev!
0x0000000000404470,sub_404470,104,_ZN7subsdk110sub_404470Ev!
0x00000000004044e0,sub_4044e0,120,_ZN7subsdk110sub_4044e0Ev!
0x0000000000404560,sub_404560,244,_ZN7subsdk125sub_404560_subsdk1_404560Ev!
0x0000000000404660,sub_404660,412,_ZN7subsdk110sub_404660Ev!
0x0000000000404800,sub_404800,672,_ZN7subsdk110sub_404800Ev!
0x0000000000404aa0,sub_404aa0,376,_ZN7subsdk110sub_404aa0Ev!
0x0000000000404c20,sub_404c20,408,_ZN7subsdk110sub_404c20Ev!
0x0000000000404dc0,sub_404dc0,1524,_ZN7subsdk125sub_404dc0_subsdk1_404dc0Ev!
0x00000000004053c0,sub_4053c0,1200,_ZN7subsdk110sub_4053c0Ev!
0x0000000000405870,sub_405870,92,_ZN7subsdk110sub_405870Ev!
0x00000000004058d0,sub_4058d0,6360,_ZN7subsdk110sub_4058d0Ev!
0x00000000004071b0,sub_4071b0,76,_ZN7subsdk125sub_4071b0_subsdk1_4071b0Ev!
0x0000000000407200,sub_407200,92,_ZN7subsdk110sub_407200Ev!
0x0000000000407260,sub_407260,136,_ZN7subsdk110sub_407260Ev!
0x00000000004072f0,sub_4072f0,104,_ZN7subsdk110sub_4072f0Ev!
0x0000000000407360,sub_407360,140,_ZN7subsdk110sub_407360Ev!
0x00000000004073f0,sub_4073f0,268,_ZN7subsdk110sub_4073f0Ev!
0x0000000000407500,sub_407500,436,_ZN7subsdk110sub_407500Ev!
0x00000000004076c0,sub_4076c0,696,_ZN7subsdk110sub_4076c0Ev!
0x0000000000407980,sub_407980,376,_ZN7subsdk110sub_407980Ev!
0x0000000000407b00,sub_407b00,412,_ZN7subsdk110sub_407b00Ev!
0x0000000000407ca0,sub_407ca0,1564,_ZN7subsdk110sub_407ca0Ev!
0x00000000004082c0,sub_4082c0,1256,_ZN7subsdk110sub_4082c0Ev!
0x00000000004087b0,sub_4087b0,92,_ZN7subsdk110sub_4087b0Ev!
0x0000000000408810,sub_408810,336,_ZN7subsdk110sub_408810Ev!
0x0000000000408960,sub_408960,6292,_ZN7subsdk110sub_408960Ev!
0x000000000040a200,sub_40a200,264,_ZN7subsdk110sub_40a200Ev!
0x000000000040a310,sub_40a310,92,_ZN7subsdk110sub_40a310Ev!
0x000000000040a370,sub_40a370,120,_ZN7subsdk110sub_40a370Ev!
0x000000000040a3f0,sub_40a3f0,136,_ZN7subsdk110sub_40a3f0Ev!
0x000000000040a480,sub_40a480,140,_ZN7subsdk110sub_40a480Ev!
0x000000000040a510,sub_40a510,76,_ZN7subsdk110sub_40a510Ev!
0x000000000040a560,sub_40a560,104,_ZN7subsdk110sub_40a560Ev!
0x000000000040a5d0,sub_40a5d0,76,_ZN7subsdk110sub_40a5d0Ev!
0x000000000040a620,sub_40a620,92,_ZN7subsdk110sub_40a620Ev!
0x000000000040a680,sub_40a680,104,_ZN7subsdk110sub_40a680Ev!
0x000000000040a6f0,sub_40a6f0,120,_ZN7subsdk110sub_40a6f0Ev!
0x000000000040a770,sub_40a770,76,_ZN7subsdk110sub_40a770Ev!
0x000000000040a7c0,sub_40a7c0,76,_ZN7subsdk110sub_40a7c0Ev!
0x000000000040a810,sub_40a810,92,_ZN7subsdk110sub_40a810Ev!
0x000000000040a870,sub_40a870,76,_ZN7subsdk110sub_40a870Ev!
0x000000000040a8c0,sub_40a8c0,76,_ZN7subsdk110sub_40a8c0Ev!
0x000000000040a910,sub_40a910,104,_ZN7subsdk110sub_40a910Ev!
0x000000000040a980,sub_40a980,104,_ZN7subsdk110sub_40a980Ev!
0x000000000040a9f0,sub_40a9f0,76,_ZN7subsdk125sub_40a9f0_subsdk1_40a9f0Ev!
0x000000000040aa40,sub_40aa40,92,_ZN7subsdk110sub_40aa40Ev!
0x000000000040aaa0,sub_40aaa0,104,_ZN7subsdk110sub_40aaa0Ev!
0x000000000040ab10,sub_40ab10,120,_ZN7subsdk110sub_40ab10Ev!
0x000000000040ab90,sub_40ab90,76,_ZN7subsdk110sub_40ab90Ev!
0x000000000040abe0,sub_40abe0,104,_ZN7subsdk110sub_40abe0Ev!
0x000000000040ac50,sub_40ac50,92,_ZN7subsdk110sub_40ac50Ev!
0x000000000040acb0,sub_40acb0,120,_ZN7subsdk110sub_40acb0Ev!
0x000000000040ad30,sub_40ad30,76,_ZN7subsdk110sub_40ad30Ev!
0x000000000040ad80,sub_40ad80,104,_ZN7subsdk110sub_40ad80Ev!
0x000000000040adf0,sub_40adf0,104,_ZN7subsdk110sub_40adf0Ev!
0x000000000040ae60,sub_40ae60,76,_ZN7subsdk110sub_40ae60Ev!
0x000000000040aeb0,sub_40aeb0,76,_ZN7subsdk110sub_40aeb0Ev!
0x000000000040af00,sub_40af00,104,_ZN7subsdk110sub_40af00Ev!
0x000000000040af70,sub_40af70,92,_ZN7subsdk110sub_40af70Ev!
0x000000000040afd0,sub_40afd0,136,_ZN7subsdk110sub_40afd0Ev!
0x000000000040b060,sub_40b060,76,_ZN7subsdk110sub_40b060Ev!
0x000000000040b0b0,sub_40b0b0,76,_ZN7subsdk110sub_40b0b0Ev!
0x000000000040b100,sub_40b100,136,_ZN7subsdk110sub_40b100Ev!
0x000000000040b190,sub_40b190,76,_ZN7subsdk110sub_40b190Ev!
0x000000000040b1e0,sub_40b1e0,92,_ZN7subsdk110sub_40b1e0Ev!
0x000000000040b240,sub_40b240,92,_ZN7subsdk110sub_40b240Ev!
0x000000000040b2a0,sub_40b2a0,76,_ZN7subsdk110sub_40b2a0Ev!
0x000000000040b2f0,sub_40b2f0,76,_ZN7subsdk110sub_40b2f0Ev!
0x000000000040b340,sub_40b340,76,_ZN7subsdk110sub_40b340Ev!
0x000000000040b390,sub_40b390,76,_ZN7subsdk110sub_40b390Ev!
0x000000000040b3e0,sub_40b3e0,92,_ZN7subsdk110sub_40b3e0Ev!
0x000000000040b440,sub_40b440,92,_ZN7subsdk110sub_40b440Ev!
0x000000000040b4a0,sub_40b4a0,76,_ZN7subsdk110sub_40b4a0Ev!
0x000000000040b4f0,sub_40b4f0,92,_ZN7subsdk110sub_40b4f0Ev!
0x000000000040b550,sub_40b550,76,_ZN7subsdk110sub_40b550Ev!
0x000000000040b5a0,sub_40b5a0,76,_ZN7subsdk125sub_40b5a0_subsdk1_40b5a0Ev!
0x000000000040b5f0,sub_40b5f0,92,_ZN7subsdk110sub_40b5f0Ev!
0x000000000040b650,sub_40b650,76,_ZN7subsdk110sub_40b650Ev!
0x000000000040b6a0,sub_40b6a0,92,_ZN7subsdk110sub_40b6a0Ev!
0x000000000040b700,sub_40b700,92,_ZN7subsdk125sub_40b700_subsdk1_40b700Ev!
0x000000000040b760,sub_40b760,104,_ZN7subsdk125sub_40b760_subsdk1_40b760Ev!
0x000000000040b7d0,sub_40b7d0,140,_ZN7subsdk125sub_40b7d0_subsdk1_40b7d0Ev!
0x000000000040b860,sub_40b860,104,_ZN7subsdk125sub_40b860_subsdk1_40b860Ev!
0x000000000040b8d0,sub_40b8d0,140,_ZN7subsdk110sub_40b8d0Ev!
0x000000000040b960,sub_40b960,104,_ZN7subsdk110sub_40b960Ev!
0x000000000040b9d0,sub_40b9d0,464,_ZN7subsdk110sub_40b9d0Ev!
0x000000000040bba0,sub_40bba0,104,_ZN7subsdk125sub_40bba0_subsdk1_40bba0Ev!
0x000000000040bc10,sub_40bc10,104,_ZN7subsdk110sub_40bc10Ev!
0x000000000040bc80,sub_40bc80,140,_ZN7subsdk110sub_40bc80Ev!
0x000000000040bd10,sub_40bd10,92,_ZN7subsdk110sub_40bd10Ev!
0x000000000040bd70,sub_40bd70,92,_ZN7subsdk110sub_40bd70Ev!
0x000000000040bdd0,sub_40bdd0,76,_ZN7subsdk110sub_40bdd0Ev!
0x000000000040be20,sub_40be20,92,_ZN7subsdk110sub_40be20Ev!
0x000000000040be80,sub_40be80,76,_ZN7subsdk110sub_40be80Ev!
0x000000000040bed0,sub_40bed0,92,_ZN7subsdk110sub_40bed0Ev!
0x000000000040bf30,sub_40bf30,76,_ZN7subsdk110sub_40bf30Ev!
0x000000000040bf80,sub_40bf80,76,_ZN7subsdk110sub_40bf80Ev!
0x000000000040bfd0,sub_40bfd0,136,_ZN7subsdk110sub_40bfd0Ev!
0x000000000040c060,sub_40c060,76,_ZN7subsdk125sub_40c060_subsdk1_40c060Ev!
0x000000000040c0b0,sub_40c0b0,136,_ZN7subsdk125sub_40c0b0_subsdk1_40c0b0Ev!
0x000000000040c140,sub_40c140,76,_ZN7subsdk110sub_40c140Ev!
0x000000000040c190,sub_40c190,440,_ZN7subsdk110sub_40c190Ev!
0x000000000040c350,sub_40c350,76,_ZN7subsdk110sub_40c350Ev!
0x000000000040c3a0,sub_40c3a0,76,_ZN7subsdk110sub_40c3a0Ev!
0x000000000040c3f0,sub_40c3f0,136,_ZN7subsdk110sub_40c3f0Ev!
0x000000000040c480,sub_40c480,92,_ZN7subsdk110sub_40c480Ev!
0x000000000040c4e0,sub_40c4e0,92,_ZN7subsdk110sub_40c4e0Ev!
0x000000000040c540,sub_40c540,76,_ZN7subsdk110sub_40c540Ev!
0x000000000040c590,sub_40c590,92,_ZN7subsdk110sub_40c590Ev!
0x000000000040c5f0,sub_40c5f0,76,_ZN7subsdk110sub_40c5f0Ev!
0x000000000040c640,sub_40c640,92,_ZN7subsdk110sub_40c640Ev!
0x000000000040c6a0,sub_40c6a0,76,_ZN7subsdk125sub_40c6a0_subsdk1_40c6a0Ev!
0x000000000040c6f0,sub_40c6f0,120,_ZN7subsdk110sub_40c6f0Ev!
0x000000000040c770,sub_40c770,120,_ZN7subsdk110sub_40c770Ev!
0x000000000040c7f0,sub_40c7f0,104,_ZN7subsdk110sub_40c7f0Ev!
0x000000000040c860,sub_40c860,120,_ZN7subsdk110sub_40c860Ev!
0x000000000040c8e0,sub_40c8e0,120,_ZN7subsdk110sub_40c8e0Ev!
0x000000000040c960,sub_40c960,104,_ZN7subsdk110sub_40c960Ev!
0x000000000040c9d0,sub_40c9d0,120,_ZN7subsdk110sub_40c9d0Ev!
0x000000000040ca50,sub_40ca50,388,_ZN7subsdk110sub_40ca50Ev!
0x000000000040cbe0,sub_40cbe0,348,_ZN7subsdk110sub_40cbe0Ev!
0x000000000040cd40,sub_40cd40,120,_ZN7subsdk110sub_40cd40Ev!
0x000000000040cdc0,sub_40cdc0,388,_ZN7subsdk110sub_40cdc0Ev!
0x000000000040cf50,sub_40cf50,104,_ZN7subsdk110sub_40cf50Ev!
0x000000000040cfc0,sub_40cfc0,104,_ZN7subsdk110sub_40cfc0Ev!
0x000000000040d030,sub_40d030,120,_ZN7subsdk110sub_40d030Ev!
0x000000000040d0b0,sub_40d0b0,120,_ZN7subsdk110sub_40d0b0Ev!
0x000000000040d130,sub_40d130,120,_ZN7subsdk110sub_40d130Ev!
0x000000000040d1b0,sub_40d1b0,120,_ZN7subsdk110sub_40d1b0Ev!
0x000000000040d230,sub_40d230,120,_ZN7subsdk110sub_40d230Ev!
0x000000000040d2b0,sub_40d2b0,120,_ZN7subsdk110sub_40d2b0Ev!
0x000000000040d330,sub_40d330,120,_ZN7subsdk110sub_40d330Ev!
0x000000000040d3b0,sub_40d3b0,104,_ZN7subsdk110sub_40d3b0Ev!
0x000000000040d420,sub_40d420,104,_ZN7subsdk110sub_40d420Ev!
0x000000000040d490,sub_40d490,120,_ZN7subsdk125sub_40d490_subsdk1_40d490Ev!
0x000000000040d510,sub_40d510,120,_ZN7subsdk110sub_40d510Ev!
0x000000000040d590,sub_40d590,104,_ZN7subsdk110sub_40d590Ev!
0x000000000040d600,sub_40d600,104,_ZN7subsdk110sub_40d600Ev!
0x000000000040d670,sub_40d670,104,_ZN7subsdk125sub_40d670_subsdk1_40d670Ev!
0x000000000040d6e0,sub_40d6e0,104,_ZN7subsdk125sub_40d6e0_subsdk1_40d6e0Ev!
0x000000000040d750,sub_40d750,104,_ZN7subsdk125sub_40d750_subsdk1_40d750Ev!
0x000000000040d7c0,sub_40d7c0,104,_ZN7subsdk110sub_40d7c0Ev!
0x000000000040d830,sub_40d830,120,_ZN7subsdk110sub_40d830Ev!
0x000000000040d8b0,sub_40d8b0,104,_ZN7subsdk110sub_40d8b0Ev!
0x000000000040d920,sub_40d920,120,_ZN7subsdk110sub_40d920Ev!
0x000000000040d9a0,sub_40d9a0,104,_ZN7subsdk110sub_40d9a0Ev!
0x000000000040da10,sub_40da10,104,_ZN7subsdk125sub_40da10_subsdk1_40da10Ev!
0x000000000040da80,sub_40da80,104,_ZN7subsdk110sub_40da80Ev!
0x000000000040daf0,sub_40daf0,104,_ZN7subsdk110sub_40daf0Ev!
0x000000000040db60,sub_40db60,92,_ZN7subsdk125sub_40db60_subsdk1_40db60Ev!
0x000000000040dbc0,sub_40dbc0,76,_ZN7subsdk110sub_40dbc0Ev!
0x000000000040dc10,sub_40dc10,76,_ZN7subsdk110sub_40dc10Ev!
0x000000000040dc60,sub_40dc60,76,_ZN7subsdk110sub_40dc60Ev!
0x000000000040dcb0,sub_40dcb0,76,_ZN7subsdk125sub_40dcb0_subsdk1_40dcb0Ev!
0x000000000040dd00,sub_40dd00,76,_ZN7subsdk110sub_40dd00Ev!
0x000000000040dd50,sub_40dd50,76,_ZN7subsdk110sub_40dd50Ev!
0x000000000040dda0,sub_40dda0,76,_ZN7subsdk125sub_40dda0_subsdk1_40dda0Ev!
0x000000000040ddf0,sub_40ddf0,76,_ZN7subsdk110sub_40ddf0Ev!
0x000000000040de40,sub_40de40,76,_ZN7subsdk110sub_40de40Ev!
0x000000000040de90,sub_40de90,76,_ZN7subsdk110sub_40de90Ev!
0x000000000040dee0,sub_40dee0,76,_ZN7subsdk110sub_40dee0Ev!
0x000000000040df30,sub_40df30,76,_ZN7subsdk110sub_40df30Ev!
0x000000000040df80,sub_40df80,76,_ZN7subsdk110sub_40df80Ev!
0x000000000040dfd0,sub_40dfd0,264,_ZN7subsdk125sub_40dfd0_subsdk1_40dfd0Ev!
0x000000000040e0e0,sub_40e0e0,104,_ZN7subsdk125sub_40e0e0_subsdk1_40e0e0Ev!
0x000000000040e150,sub_40e150,120,_ZN7subsdk110sub_40e150Ev!
0x000000000040e1d0,sub_40e1d0,104,_ZN7subsdk110sub_40e1d0Ev!
0x000000000040e240,sub_40e240,120,_ZN7subsdk110sub_40e240Ev!
0x000000000040e2c0,sub_40e2c0,140,_ZN7subsdk110sub_40e2c0Ev!
0x000000000040e350,sub_40e350,120,_ZN7subsdk110sub_40e350Ev!
0x000000000040e3d0,sub_40e3d0,140,_ZN7subsdk125sub_40e3d0_subsdk1_40e3d0Ev!
0x000000000040e460,sub_40e460,104,_ZN7subsdk125sub_40e460_subsdk1_40e460Ev!
0x000000000040e4d0,sub_40e4d0,140,_ZN7subsdk110sub_40e4d0Ev!
0x000000000040e560,sub_40e560,104,_ZN7subsdk110sub_40e560Ev!
0x000000000040e5d0,sub_40e5d0,120,_ZN7subsdk110sub_40e5d0Ev!
0x000000000040e650,sub_40e650,104,_ZN7subsdk125sub_40e650_subsdk1_40e650Ev!
0x000000000040e6c0,sub_40e6c0,120,_ZN7subsdk125sub_40e6c0_subsdk1_40e6c0Ev!
0x000000000040e740,sub_40e740,140,_ZN7subsdk110sub_40e740Ev!
0x000000000040e7d0,sub_40e7d0,120,_ZN7subsdk110sub_40e7d0Ev!
0x000000000040e850,sub_40e850,140,_ZN7subsdk110sub_40e850Ev!
0x000000000040e8e0,sub_40e8e0,104,_ZN7subsdk110sub_40e8e0Ev!
0x000000000040e950,sub_40e950,140,_ZN7subsdk125sub_40e950_subsdk1_40e950Ev!
0x000000000040e9e0,sub_40e9e0,104,_ZN7subsdk125sub_40e9e0_subsdk1_40e9e0Ev!
0x000000000040ea50,sub_40ea50,104,_ZN7subsdk125sub_40ea50_subsdk1_40ea50Ev!
0x000000000040eac0,sub_40eac0,104,_ZN7subsdk110sub_40eac0Ev!
0x000000000040eb30,sub_40eb30,120,_ZN7subsdk110sub_40eb30Ev!
0x000000000040ebb0,sub_40ebb0,104,_ZN7subsdk125sub_40ebb0_subsdk1_40ebb0Ev!
0x000000000040ec20,sub_40ec20,120,_ZN7subsdk110sub_40ec20Ev!
0x000000000040eca0,sub_40eca0,104,_ZN7subsdk110sub_40eca0Ev!
0x000000000040ed10,sub_40ed10,512,_ZN7subsdk110sub_40ed10Ev!
0x000000000040ef10,sub_40ef10,104,_ZN7subsdk110sub_40ef10Ev!
0x000000000040ef80,sub_40ef80,104,_ZN7subsdk110sub_40ef80Ev!
0x000000000040eff0,sub_40eff0,120,_ZN7subsdk110sub_40eff0Ev!
0x000000000040f070,sub_40f070,104,_ZN7subsdk110sub_40f070Ev!
0x000000000040f0e0,sub_40f0e0,140,_ZN7subsdk110sub_40f0e0Ev!
0x000000000040f170,sub_40f170,92,_ZN7subsdk110sub_40f170Ev!
0x000000000040f1d0,sub_40f1d0,92,_ZN7subsdk110sub_40f1d0Ev!
0x000000000040f230,sub_40f230,76,_ZN7subsdk110sub_40f230Ev!
0x000000000040f280,sub_40f280,92,_ZN7subsdk110sub_40f280Ev!
0x000000000040f2e0,sub_40f2e0,92,_ZN7subsdk110sub_40f2e0Ev!
0x000000000040f340,sub_40f340,92,_ZN7subsdk110sub_40f340Ev!
0x000000000040f3a0,sub_40f3a0,76,_ZN7subsdk110sub_40f3a0Ev!
0x000000000040f3f0,sub_40f3f0,92,_ZN7subsdk110sub_40f3f0Ev!
0x000000000040f450,sub_40f450,400,_ZN7subsdk125sub_40f450_subsdk1_40f450Ev!
0x000000000040f5e0,sub_40f5e0,76,_ZN7subsdk110sub_40f5e0Ev!
0x000000000040f630,sub_40f630,504,_ZN7subsdk110sub_40f630Ev!
0x000000000040f830,sub_40f830,92,_ZN7subsdk110sub_40f830Ev!
0x000000000040f890,sub_40f890,76,_ZN7subsdk110sub_40f890Ev!
0x000000000040f8e0,sub_40f8e0,76,_ZN7subsdk110sub_40f8e0Ev!
0x000000000040f930,sub_40f930,404,_ZN7subsdk110sub_40f930Ev!
0x000000000040fad0,sub_40fad0,92,_ZN7subsdk110sub_40fad0Ev!
0x000000000040fb30,sub_40fb30,76,_ZN7subsdk125sub_40fb30_subsdk1_40fb30Ev!
0x000000000040fb80,sub_40fb80,92,_ZN7subsdk110sub_40fb80Ev!
0x000000000040fbe0,sub_40fbe0,76,_ZN7subsdk110sub_40fbe0Ev!
0x000000000040fc30,sub_40fc30,92,_ZN7subsdk110sub_40fc30Ev!
0x000000000040fc90,unnamed_39,268,_ZN7subsdk125unnamed_39_subsdk1_40fc90Ev!
0x000000000040fda0,sub_40fda0,104,_ZN7subsdk110sub_40fda0Ev!
0x000000000040fe10,sub_40fe10,76,_ZN7subsdk110sub_40fe10Ev!
0x000000000040fe60,sub_40fe60,76,_ZN7subsdk110sub_40fe60Ev!
0x000000000040feb0,sub_40feb0,76,_ZN7subsdk110sub_40feb0Ev!
0x000000000040ff00,sub_40ff00,76,_ZN7subsdk110sub_40ff00Ev!
0x000000000040ff50,sub_40ff50,76,_ZN7subsdk110sub_40ff50Ev!
0x000000000040ffa0,sub_40ffa0,76,_ZN7subsdk110sub_40ffa0Ev!
0x000000000040fff0,sub_40fff0,76,_ZN7subsdk110sub_40fff0Ev!
0x0000000000410040,sub_410040,76,_ZN7subsdk110sub_410040Ev!
0x0000000000410090,sub_410090,76,_ZN7subsdk110sub_410090Ev!
0x00000000004100e0,sub_4100e0,76,_ZN7subsdk110sub_4100e0Ev!
0x0000000000410130,sub_410130,76,_ZN7subsdk125sub_410130_subsdk1_410130Ev!
0x0000000000410180,sub_410180,516,_ZN7subsdk110sub_410180Ev!
0x0000000000410390,sub_410390,92,_ZN7subsdk110sub_410390Ev!
0x00000000004103f0,sub_4103f0,76,_ZN7subsdk110sub_4103f0Ev!
0x0000000000410440,sub_410440,92,_ZN7subsdk110sub_410440Ev!
0x00000000004104a0,sub_4104a0,92,_ZN7subsdk110sub_4104a0Ev!
0x0000000000410500,sub_410500,92,_ZN7subsdk110sub_410500Ev!
0x0000000000410560,sub_410560,120,_ZN7subsdk110sub_410560Ev!
0x00000000004105e0,sub_4105e0,104,_ZN7subsdk110sub_4105e0Ev!
0x0000000000410650,sub_410650,208,_ZN7subsdk110sub_410650Ev!
0x0000000000410720,sub_410720,228,_ZN7subsdk110sub_410720Ev!
0x0000000000410810,sub_410810,240,_ZN7subsdk110sub_410810Ev!
0x0000000000410900,sub_410900,264,_ZN7subsdk110sub_410900Ev!
0x0000000000410a10,sub_410a10,92,_ZN7subsdk110sub_410a10Ev!
0x0000000000410a70,sub_410a70,284,_ZN7subsdk110sub_410a70Ev!
0x0000000000410b90,sub_410b90,276,_ZN7subsdk110sub_410b90Ev!
0x0000000000410cb0,sub_410cb0,120,_ZN7subsdk110sub_410cb0Ev!
0x0000000000410d30,sub_410d30,120,_ZN7subsdk110sub_410d30Ev!
0x0000000000410db0,sub_410db0,136,_ZN7subsdk125sub_410db0_subsdk1_410db0Ev!
0x0000000000410e40,sub_410e40,120,_ZN7subsdk110sub_410e40Ev!
0x0000000000410ec0,sub_410ec0,104,_ZN7subsdk110sub_410ec0Ev!
0x0000000000410f30,sub_410f30,92,_ZN7subsdk110sub_410f30Ev!
0x0000000000410f90,sub_410f90,92,_ZN7subsdk125sub_410f90_subsdk1_410f90Ev!
0x0000000000410ff0,sub_410ff0,92,_ZN7subsdk110sub_410ff0Ev!
0x0000000000411050,sub_411050,124,_ZN7subsdk110sub_411050Ev!
0x00000000004110d0,sub_4110d0,120,_ZN7subsdk110sub_4110d0Ev!
0x0000000000411150,sub_411150,92,_ZN7subsdk110sub_411150Ev!
0x00000000004111b0,sub_4111b0,92,_ZN7subsdk110sub_4111b0Ev!
0x0000000000411210,sub_411210,92,_ZN7subsdk110sub_411210Ev!
0x0000000000411270,sub_411270,140,_ZN7subsdk110sub_411270Ev!
0x0000000000411300,sub_411300,120,_ZN7subsdk110sub_411300Ev!
0x0000000000411380,sub_411380,336,_ZN7subsdk110sub_411380Ev!
0x00000000004114d0,sub_4114d0,120,_ZN7subsdk110sub_4114d0Ev!
0x0000000000411550,sub_411550,92,_ZN7subsdk110sub_411550Ev!
0x00000000004115b0,sub_4115b0,292,_ZN7subsdk110sub_4115b0Ev!
0x00000000004116e0,sub_4116e0,92,_ZN7subsdk110sub_4116e0Ev!
0x0000000000411740,sub_411740,92,_ZN7subsdk110sub_411740Ev!
0x00000000004117a0,sub_4117a0,104,_ZN7subsdk110sub_4117a0Ev!
0x0000000000411810,sub_411810,332,_ZN7subsdk110sub_411810Ev!
0x0000000000411960,sub_411960,92,_ZN7subsdk110sub_411960Ev!
0x00000000004119c0,sub_4119c0,76,_ZN7subsdk110sub_4119c0Ev!
0x0000000000411a10,sub_411a10,92,_ZN7subsdk110sub_411a10Ev!
0x0000000000411a70,sub_411a70,136,_ZN7subsdk110sub_411a70Ev!
0x0000000000411b00,sub_411b00,136,_ZN7subsdk125sub_411b00_subsdk1_411b00Ev!
0x0000000000411b90,sub_411b90,268,_ZN7subsdk110sub_411b90Ev!
0x0000000000411ca0,sub_411ca0,124,_ZN7subsdk125sub_411ca0_subsdk1_411ca0Ev!
0x0000000000411d20,sub_411d20,92,_ZN7subsdk125sub_411d20_subsdk1_411d20Ev!
0x0000000000411d80,sub_411d80,92,_ZN7subsdk125sub_411d80_subsdk1_411d80Ev!
0x0000000000411de0,sub_411de0,92,_ZN7subsdk110sub_411de0Ev!
0x0000000000411e40,sub_411e40,92,_ZN7subsdk125sub_411e40_subsdk1_411e40Ev!
0x0000000000411ea0,sub_411ea0,140,_ZN7subsdk125sub_411ea0_subsdk1_411ea0Ev!
0x0000000000411f30,sub_411f30,140,_ZN7subsdk125sub_411f30_subsdk1_411f30Ev!
0x0000000000411fc0,sub_411fc0,140,_ZN7subsdk125sub_411fc0_subsdk1_411fc0Ev!
0x0000000000412050,sub_412050,268,_ZN7subsdk125sub_412050_subsdk1_412050Ev!
0x0000000000412160,sub_412160,92,_ZN7subsdk125sub_412160_subsdk1_412160Ev!
0x00000000004121c0,sub_4121c0,120,_ZN7subsdk125sub_4121c0_subsdk1_4121c0Ev!
0x0000000000412240,sub_412240,76,_ZN7subsdk125sub_412240_subsdk1_412240Ev!
0x0000000000412290,sub_412290,284,_ZN7subsdk125sub_412290_subsdk1_412290Ev!
0x00000000004123b0,sub_4123b0,520,_ZN7subsdk125sub_4123b0_subsdk1_4123b0Ev!
0x00000000004125c0,sub_4125c0,92,_ZN7subsdk125sub_4125c0_subsdk1_4125c0Ev!
0x0000000000412620,sub_412620,92,_ZN7subsdk110sub_412620Ev!
0x0000000000412680,sub_412680,120,_ZN7subsdk110sub_412680Ev!
0x0000000000412700,sub_412700,92,_ZN7subsdk110sub_412700Ev!
0x0000000000412760,sub_412760,92,_ZN7subsdk110sub_412760Ev!
0x00000000004127c0,sub_4127c0,120,_ZN7subsdk110sub_4127c0Ev!
0x0000000000412840,sub_412840,136,_ZN7subsdk110sub_412840Ev!
0x00000000004128d0,sub_4128d0,120,_ZN7subsdk110sub_4128d0Ev!
0x0000000000412950,sub_412950,92,_ZN7subsdk110sub_412950Ev!
0x00000000004129b0,sub_4129b0,104,_ZN7subsdk110sub_4129b0Ev!
0x0000000000412a20,sub_412a20,336,_ZN7subsdk110sub_412a20Ev!
0x0000000000412b70,sub_412b70,92,_ZN7subsdk110sub_412b70Ev!
0x0000000000412bd0,sub_412bd0,136,_ZN7subsdk110sub_412bd0Ev!
0x0000000000412c60,sub_412c60,136,_ZN7subsdk110sub_412c60Ev!
0x0000000000412cf0,sub_412cf0,92,_ZN7subsdk125sub_412cf0_subsdk1_412cf0Ev!
0x0000000000412d50,sub_412d50,92,_ZN7subsdk110sub_412d50Ev!
0x0000000000412db0,sub_412db0,92,_ZN7subsdk110sub_412db0Ev!
0x0000000000412e10,sub_412e10,140,_ZN7subsdk110sub_412e10Ev!
0x0000000000412ea0,sub_412ea0,140,_ZN7subsdk110sub_412ea0Ev!
0x0000000000412f30,sub_412f30,120,_ZN7subsdk110sub_412f30Ev!
0x0000000000412fb0,sub_412fb0,404,_ZN7subsdk110sub_412fb0Ev!
0x0000000000413150,sub_413150,328,_ZN7subsdk110sub_413150Ev!
0x00000000004132a0,sub_4132a0,396,_ZN7subsdk110sub_4132a0Ev!
0x0000000000413430,sub_413430,304,_ZN7subsdk110sub_413430Ev!
0x0000000000413560,sub_413560,552,_ZN7subsdk110sub_413560Ev!
0x0000000000413790,sub_413790,452,_ZN7subsdk110sub_413790Ev!
0x0000000000413960,sub_413960,472,_ZN7subsdk125sub_413960_subsdk1_413960Ev!
0x0000000000413b40,sub_413b40,120,_ZN7subsdk110sub_413b40Ev!
0x0000000000413bc0,sub_413bc0,120,_ZN7subsdk110sub_413bc0Ev!
0x0000000000413c40,sub_413c40,140,_ZN7subsdk110sub_413c40Ev!
0x0000000000413cd0,sub_413cd0,124,_ZN7subsdk110sub_413cd0Ev!
0x0000000000413d50,sub_413d50,372,_ZN7subsdk110sub_413d50Ev!
0x0000000000413ed0,sub_413ed0,120,_ZN7subsdk110sub_413ed0Ev!
0x0000000000413f50,sub_413f50,380,_ZN7subsdk110sub_413f50Ev!
0x00000000004140d0,sub_4140d0,124,_ZN7subsdk110sub_4140d0Ev!
0x0000000000414150,sub_414150,88,_ZN7subsdk110sub_414150Ev!
0x00000000004141b0,sub_4141b0,92,_ZN7subsdk110sub_4141b0Ev!
0x0000000000414210,sub_414210,92,_ZN7subsdk110sub_414210Ev!
0x0000000000414270,sub_414270,412,_ZN7subsdk110sub_414270Ev!
0x0000000000414410,sub_414410,344,_ZN7subsdk110sub_414410Ev!
0x0000000000414570,sub_414570,356,_ZN7subsdk110sub_414570Ev!
0x00000000004146e0,sub_4146e0,452,_ZN7subsdk110sub_4146e0Ev!
0x00000000004148b0,sub_4148b0,444,_ZN7subsdk125sub_4148b0_subsdk1_4148b0Ev!
0x0000000000414a70,sub_414a70,120,_ZN7subsdk110sub_414a70Ev!
0x0000000000414af0,sub_414af0,140,_ZN7subsdk125sub_414af0_subsdk1_414af0Ev!
0x0000000000414b80,sub_414b80,124,_ZN7subsdk125sub_414b80_subsdk1_414b80Ev!
0x0000000000414c00,sub_414c00,92,_ZN7subsdk125sub_414c00_subsdk1_414c00Ev!
0x0000000000414c60,sub_414c60,400,_ZN7subsdk125sub_414c60_subsdk1_414c60Ev!
0x0000000000414df0,sub_414df0,352,_ZN7subsdk110sub_414df0Ev!
0x0000000000414f50,sub_414f50,140,_ZN7subsdk125sub_414f50_subsdk1_414f50Ev!
0x0000000000414fe0,sub_414fe0,140,_ZN7subsdk125sub_414fe0_subsdk1_414fe0Ev!
0x0000000000415070,sub_415070,120,_ZN7subsdk110sub_415070Ev!
0x00000000004150f0,sub_4150f0,88,_ZN7subsdk125sub_4150f0_subsdk1_4150f0Ev!
0x0000000000415150,sub_415150,312,_ZN7subsdk125sub_415150_subsdk1_415150Ev!
0x0000000000415290,sub_415290,92,_ZN7subsdk125sub_415290_subsdk1_415290Ev!
0x00000000004152f0,sub_4152f0,92,_ZN7subsdk110sub_4152f0Ev!
0x0000000000415350,sub_415350,92,_ZN7subsdk110sub_415350Ev!
0x00000000004153b0,sub_4153b0,344,_ZN7subsdk110sub_4153b0Ev!
0x0000000000415510,sub_415510,140,_ZN7subsdk110sub_415510Ev!
0x00000000004155a0,sub_4155a0,140,_ZN7subsdk110sub_4155a0Ev!
0x0000000000415630,sub_415630,120,_ZN7subsdk110sub_415630Ev!
0x00000000004156b0,sub_4156b0,92,_ZN7subsdk110sub_4156b0Ev!
0x0000000000415710,sub_415710,92,_ZN7subsdk110sub_415710Ev!
0x0000000000415770,sub_415770,500,_ZN7subsdk110sub_415770Ev!
0x0000000000415970,sub_415970,600,_ZN7subsdk125sub_415970_subsdk1_415970Ev!
0x0000000000415bd0,sub_415bd0,224,_ZN7subsdk110sub_415bd0Ev!
0x0000000000415cb0,sub_415cb0,248,_ZN7subsdk110sub_415cb0Ev!
0x0000000000415db0,sub_415db0,92,_ZN7subsdk125sub_415db0_subsdk1_415db0Ev!
0x0000000000415e10,sub_415e10,120,_ZN7subsdk125sub_415e10_subsdk1_415e10Ev!
0x0000000000415e90,sub_415e90,88,_ZN7subsdk125sub_415e90_subsdk1_415e90Ev!
0x0000000000415ef0,sub_415ef0,124,_ZN7subsdk125sub_415ef0_subsdk1_415ef0Ev!
0x0000000000415f70,sub_415f70,92,_ZN7subsdk125sub_415f70_subsdk1_415f70Ev!
0x0000000000415fd0,sub_415fd0,120,_ZN7subsdk125sub_415fd0_subsdk1_415fd0Ev!
0x0000000000416050,sub_416050,88,_ZN7subsdk110sub_416050Ev!
0x00000000004160b0,sub_4160b0,124,_ZN7subsdk125sub_4160b0_subsdk1_4160b0Ev!
0x0000000000416130,sub_416130,256,_ZN7subsdk110sub_416130Ev!
0x0000000000416230,sub_416230,276,_ZN7subsdk110sub_416230Ev!
0x0000000000416350,sub_416350,76,_ZN7subsdk110sub_416350Ev!
0x00000000004163a0,sub_4163a0,316,_ZN7subsdk110sub_4163a0Ev!
0x00000000004164e0,sub_4164e0,104,_ZN7subsdk125sub_4164e0_subsdk1_4164e0Ev!
0x0000000000416550,sub_416550,308,_ZN7subsdk110sub_416550Ev!
0x0000000000416690,sub_416690,324,_ZN7subsdk110sub_416690Ev!
0x00000000004167e0,sub_4167e0,364,_ZN7subsdk125sub_4167e0_subsdk1_4167e0Ev!
0x0000000000416950,sub_416950,1216,_ZN7subsdk110sub_416950Ev!
0x0000000000416e10,sub_416e10,1256,_ZN7subsdk110sub_416e10Ev!
0x0000000000417300,sub_417300,120,_ZN7subsdk110sub_417300Ev!
0x0000000000417380,sub_417380,192,_ZN7subsdk110sub_417380Ev!
0x0000000000417440,sub_417440,76,_ZN7subsdk125sub_417440_subsdk1_417440Ev!
0x0000000000417490,sub_417490,376,_ZN7subsdk110sub_417490Ev!
0x0000000000417610,sub_417610,408,_ZN7subsdk110sub_417610Ev!
0x00000000004177b0,sub_4177b0,1352,_ZN7subsdk110sub_4177b0Ev!
0x0000000000417d00,sub_417d00,92,_ZN7subsdk110sub_417d00Ev!
0x0000000000417d60,sub_417d60,92,_ZN7subsdk110sub_417d60Ev!
0x0000000000417dc0,sub_417dc0,92,_ZN7subsdk110sub_417dc0Ev!
0x0000000000417e20,sub_417e20,92,_ZN7subsdk110sub_417e20Ev!
0x0000000000417e80,sub_417e80,120,_ZN7subsdk110sub_417e80Ev!
0x0000000000417f00,sub_417f00,120,_ZN7subsdk110sub_417f00Ev!
0x0000000000417f80,sub_417f80,456,_ZN7subsdk125sub_417f80_subsdk1_417f80Ev!
0x0000000000418150,sub_418150,364,_ZN7subsdk110sub_418150Ev!
0x00000000004182c0,f_0_1_2_2,72,_ZN7subsdk19f_0_1_2_2Ev!
0x0000000000418310,sub_418310,72,_ZN7subsdk125sub_418310_subsdk1_418310Ev!
0x0000000000418360,sub_418360,76,_ZN7subsdk125sub_418360_subsdk1_418360Ev!
0x00000000004183b0,sub_4183b0,288,_ZN7subsdk125sub_4183b0_subsdk1_4183b0Ev!
0x00000000004184d0,sub_4184d0,592,_ZN7subsdk125sub_4184d0_subsdk1_4184d0Ev!
0x0000000000418720,sub_418720,268,_ZN7subsdk125sub_418720_subsdk1_418720Ev!
0x0000000000418830,sub_418830,1000,_ZN7subsdk125sub_418830_subsdk1_418830Ev!
0x0000000000418c20,sub_418c20,752,_ZN7subsdk110sub_418c20Ev!
0x0000000000418f10,sub_418f10,980,_ZN7subsdk110sub_418f10Ev!
0x00000000004192f0,sub_4192f0,1308,_ZN7subsdk110sub_4192f0Ev!
0x0000000000419810,sub_419810,980,_ZN7subsdk110sub_419810Ev!
0x0000000000419bf0,sub_419bf0,960,_ZN7subsdk110sub_419bf0Ev!
0x0000000000419fb0,sub_419fb0,744,_ZN7subsdk110sub_419fb0Ev!
0x000000000041a2a0,sub_41a2a0,492,_ZN7subsdk110sub_41a2a0Ev!
0x000000000041a490,sub_41a490,772,_ZN7subsdk110sub_41a490Ev!
0x000000000041a7a0,sub_41a7a0,312,_ZN7subsdk110sub_41a7a0Ev!
0x000000000041a8e0,sub_41a8e0,600,_ZN7subsdk110sub_41a8e0Ev!
0x000000000041ab40,sub_41ab40,500,_ZN7subsdk125sub_41ab40_subsdk1_41ab40Ev!
0x000000000041ad40,sub_41ad40,76,_ZN7subsdk110sub_41ad40Ev!
0x000000000041ad90,sub_41ad90,76,_ZN7subsdk110sub_41ad90Ev!
0x000000000041ade0,sub_41ade0,76,_ZN7subsdk125sub_41ade0_subsdk1_41ade0Ev!
0x000000000041ae30,sub_41ae30,76,_ZN7subsdk110sub_41ae30Ev!
0x000000000041ae80,sub_41ae80,92,_ZN7subsdk110sub_41ae80Ev!
0x000000000041aee0,sub_41aee0,76,_ZN7subsdk110sub_41aee0Ev!
0x000000000041af30,sub_41af30,92,_ZN7subsdk110sub_41af30Ev!
0x000000000041af90,sub_41af90,76,_ZN7subsdk110sub_41af90Ev!
0x000000000041afe0,sub_41afe0,92,_ZN7subsdk110sub_41afe0Ev!
0x000000000041b040,sub_41b040,76,_ZN7subsdk110sub_41b040Ev!
0x000000000041b090,sub_41b090,92,_ZN7subsdk110sub_41b090Ev!
0x000000000041b0f0,sub_41b0f0,76,_ZN7subsdk110sub_41b0f0Ev!
0x000000000041b140,sub_41b140,76,_ZN7subsdk110sub_41b140Ev!
0x000000000041b190,sub_41b190,76,_ZN7subsdk110sub_41b190Ev!
0x000000000041b1e0,sub_41b1e0,92,_ZN7subsdk110sub_41b1e0Ev!
0x000000000041b240,sub_41b240,76,_ZN7subsdk110sub_41b240Ev!
0x000000000041b290,sub_41b290,92,_ZN7subsdk110sub_41b290Ev!
0x000000000041b2f0,sub_41b2f0,76,_ZN7subsdk110sub_41b2f0Ev!
0x000000000041b340,sub_41b340,76,_ZN7subsdk110sub_41b340Ev!
0x000000000041b390,sub_41b390,76,_ZN7subsdk110sub_41b390Ev!
0x000000000041b3e0,sub_41b3e0,76,_ZN7subsdk110sub_41b3e0Ev!
0x000000000041b430,sub_41b430,76,_ZN7subsdk110sub_41b430Ev!
0x000000000041b480,sub_41b480,92,_ZN7subsdk110sub_41b480Ev!
0x000000000041b4e0,sub_41b4e0,92,_ZN7subsdk110sub_41b4e0Ev!
0x000000000041b540,sub_41b540,92,_ZN7subsdk110sub_41b540Ev!
0x000000000041b5a0,sub_41b5a0,92,_ZN7subsdk110sub_41b5a0Ev!
0x000000000041b600,sub_41b600,92,_ZN7subsdk110sub_41b600Ev!
0x000000000041b660,sub_41b660,92,_ZN7subsdk110sub_41b660Ev!
0x000000000041b6c0,sub_41b6c0,92,_ZN7subsdk110sub_41b6c0Ev!
0x000000000041b720,sub_41b720,92,_ZN7subsdk110sub_41b720Ev!
0x000000000041b780,sub_41b780,92,_ZN7subsdk110sub_41b780Ev!
0x000000000041b7e0,sub_41b7e0,92,_ZN7subsdk110sub_41b7e0Ev!
0x000000000041b840,sub_41b840,92,_ZN7subsdk110sub_41b840Ev!
0x000000000041b8a0,sub_41b8a0,92,_ZN7subsdk110sub_41b8a0Ev!
0x000000000041b900,sub_41b900,92,_ZN7subsdk110sub_41b900Ev!
0x000000000041b960,sub_41b960,92,_ZN7subsdk110sub_41b960Ev!
0x000000000041b9c0,sub_41b9c0,268,_ZN7subsdk110sub_41b9c0Ev!
0x000000000041bad0,sub_41bad0,248,_ZN7subsdk110sub_41bad0Ev!
0x000000000041bbd0,sub_41bbd0,588,_ZN7subsdk110sub_41bbd0Ev!
0x000000000041be20,sub_41be20,548,_ZN7subsdk110sub_41be20Ev!
0x000000000041c050,sub_41c050,120,_ZN7subsdk110sub_41c050Ev!
0x000000000041c0d0,sub_41c0d0,120,_ZN7subsdk110sub_41c0d0Ev!
0x000000000041c150,sub_41c150,124,_ZN7subsdk110sub_41c150Ev!
0x000000000041c1d0,sub_41c1d0,136,_ZN7subsdk110sub_41c1d0Ev!
0x000000000041c260,sub_41c260,140,_ZN7subsdk110sub_41c260Ev!
0x000000000041c2f0,sub_41c2f0,120,_ZN7subsdk110sub_41c2f0Ev!
0x000000000041c370,sub_41c370,120,_ZN7subsdk110sub_41c370Ev!
0x000000000041c3f0,sub_41c3f0,124,_ZN7subsdk110sub_41c3f0Ev!
0x000000000041c470,sub_41c470,136,_ZN7subsdk110sub_41c470Ev!
0x000000000041c500,sub_41c500,140,_ZN7subsdk110sub_41c500Ev!
0x000000000041c590,sub_41c590,120,_ZN7subsdk110sub_41c590Ev!
0x000000000041c610,sub_41c610,120,_ZN7subsdk110sub_41c610Ev!
0x000000000041c690,sub_41c690,124,_ZN7subsdk110sub_41c690Ev!
0x000000000041c710,sub_41c710,136,_ZN7subsdk110sub_41c710Ev!
0x000000000041c7a0,sub_41c7a0,140,_ZN7subsdk110sub_41c7a0Ev!
0x000000000041c830,sub_41c830,120,_ZN7subsdk110sub_41c830Ev!
0x000000000041c8b0,sub_41c8b0,120,_ZN7subsdk110sub_41c8b0Ev!
0x000000000041c930,sub_41c930,120,_ZN7subsdk110sub_41c930Ev!
0x000000000041c9b0,sub_41c9b0,120,_ZN7subsdk110sub_41c9b0Ev!
0x000000000041ca30,sub_41ca30,120,_ZN7subsdk110sub_41ca30Ev!
0x000000000041cab0,sub_41cab0,120,_ZN7subsdk110sub_41cab0Ev!
0x000000000041cb30,sub_41cb30,120,_ZN7subsdk110sub_41cb30Ev!
0x000000000041cbb0,sub_41cbb0,120,_ZN7subsdk110sub_41cbb0Ev!
0x000000000041cc30,sub_41cc30,124,_ZN7subsdk110sub_41cc30Ev!
0x000000000041ccb0,sub_41ccb0,136,_ZN7subsdk110sub_41ccb0Ev!
0x000000000041cd40,sub_41cd40,140,_ZN7subsdk110sub_41cd40Ev!
0x000000000041cdd0,sub_41cdd0,92,_ZN7subsdk110sub_41cdd0Ev!
0x000000000041ce30,sub_41ce30,120,_ZN7subsdk110sub_41ce30Ev!
0x000000000041ceb0,sub_41ceb0,92,_ZN7subsdk110sub_41ceb0Ev!
0x000000000041cf10,sub_41cf10,120,_ZN7subsdk110sub_41cf10Ev!
0x000000000041cf90,sub_41cf90,344,_ZN7subsdk110sub_41cf90Ev!
0x000000000041d0f0,sub_41d0f0,364,_ZN7subsdk110sub_41d0f0Ev!
0x000000000041d260,sub_41d260,76,_ZN7subsdk110sub_41d260Ev!
0x000000000041d2b0,sub_41d2b0,76,_ZN7subsdk110sub_41d2b0Ev!
0x000000000041d300,sub_41d300,76,_ZN7subsdk110sub_41d300Ev!
0x000000000041d350,sub_41d350,76,_ZN7subsdk110sub_41d350Ev!
0x000000000041d3a0,sub_41d3a0,76,_ZN7subsdk110sub_41d3a0Ev!
0x000000000041d3f0,sub_41d3f0,76,_ZN7subsdk110sub_41d3f0Ev!
0x000000000041d440,sub_41d440,144,_ZN7subsdk110sub_41d440Ev!
0x000000000041d4d0,sub_41d4d0,76,_ZN7subsdk110sub_41d4d0Ev!
0x000000000041d520,sub_41d520,76,_ZN7subsdk110sub_41d520Ev!
0x000000000041d570,sub_41d570,76,_ZN7subsdk110sub_41d570Ev!
0x000000000041d5c0,sub_41d5c0,76,_ZN7subsdk110sub_41d5c0Ev!
0x000000000041d610,sub_41d610,188,_ZN7subsdk110sub_41d610Ev!
0x000000000041d6d0,sub_41d6d0,408,_ZN7subsdk110sub_41d6d0Ev!
0x000000000041d870,sub_41d870,76,_ZN7subsdk110sub_41d870Ev!
0x000000000041d8c0,sub_41d8c0,76,_ZN7subsdk110sub_41d8c0Ev!
0x000000000041d910,sub_41d910,744,_ZN7subsdk110sub_41d910Ev!
0x000000000041dc00,sub_41dc00,176,_ZN7subsdk110sub_41dc00Ev!
0x000000000041dcb0,sub_41dcb0,76,_ZN7subsdk110sub_41dcb0Ev!
0x000000000041dd00,sub_41dd00,92,_ZN7subsdk110sub_41dd00Ev!
0x000000000041dd60,sub_41dd60,124,_ZN7subsdk110sub_41dd60Ev!
0x000000000041dde0,sub_41dde0,76,_ZN7subsdk110sub_41dde0Ev!
0x000000000041de30,sub_41de30,92,_ZN7subsdk110sub_41de30Ev!
0x000000000041de90,sub_41de90,124,_ZN7subsdk110sub_41de90Ev!
0x000000000041df10,sub_41df10,104,_ZN7subsdk110sub_41df10Ev!
0x000000000041df80,sub_41df80,76,_ZN7subsdk110sub_41df80Ev!
0x000000000041dfd0,sub_41dfd0,92,_ZN7subsdk110sub_41dfd0Ev!
0x000000000041e030,sub_41e030,124,_ZN7subsdk110sub_41e030Ev!
0x000000000041e0b0,sub_41e0b0,76,_ZN7subsdk110sub_41e0b0Ev!
0x000000000041e100,sub_41e100,92,_ZN7subsdk110sub_41e100Ev!
0x000000000041e160,sub_41e160,124,_ZN7subsdk110sub_41e160Ev!
0x000000000041e1e0,sub_41e1e0,104,_ZN7subsdk110sub_41e1e0Ev!
0x000000000041e250,sub_41e250,320,_ZN7subsdk110sub_41e250Ev!
0x000000000041e390,sub_41e390,76,_ZN7subsdk110sub_41e390Ev!
0x000000000041e3e0,sub_41e3e0,92,_ZN7subsdk110sub_41e3e0Ev!
0x000000000041e440,sub_41e440,124,_ZN7subsdk110sub_41e440Ev!
0x000000000041e4c0,sub_41e4c0,76,_ZN7subsdk110sub_41e4c0Ev!
0x000000000041e510,sub_41e510,92,_ZN7subsdk110sub_41e510Ev!
0x000000000041e570,sub_41e570,124,_ZN7subsdk110sub_41e570Ev!
0x000000000041e5f0,sub_41e5f0,104,_ZN7subsdk110sub_41e5f0Ev!
0x000000000041e660,sub_41e660,76,_ZN7subsdk110sub_41e660Ev!
0x000000000041e6b0,sub_41e6b0,92,_ZN7subsdk110sub_41e6b0Ev!
0x000000000041e710,sub_41e710,124,_ZN7subsdk110sub_41e710Ev!
0x000000000041e790,sub_41e790,76,_ZN7subsdk110sub_41e790Ev!
0x000000000041e7e0,sub_41e7e0,92,_ZN7subsdk110sub_41e7e0Ev!
0x000000000041e840,sub_41e840,124,_ZN7subsdk110sub_41e840Ev!
0x000000000041e8c0,sub_41e8c0,104,_ZN7subsdk110sub_41e8c0Ev!
0x000000000041e930,sub_41e930,76,_ZN7subsdk110sub_41e930Ev!
0x000000000041e980,sub_41e980,76,_ZN7subsdk110sub_41e980Ev!
0x000000000041e9d0,sub_41e9d0,76,_ZN7subsdk110sub_41e9d0Ev!
0x000000000041ea20,sub_41ea20,76,_ZN7subsdk110sub_41ea20Ev!
0x000000000041ea70,sub_41ea70,264,_ZN7subsdk110sub_41ea70Ev!
0x000000000041eb80,sub_41eb80,260,_ZN7subsdk110sub_41eb80Ev!
0x000000000041ec90,sub_41ec90,208,_ZN7subsdk110sub_41ec90Ev!
0x000000000041ed60,sub_41ed60,272,_ZN7subsdk110sub_41ed60Ev!
0x000000000041ee70,sub_41ee70,92,_ZN7subsdk110sub_41ee70Ev!
0x000000000041eed0,sub_41eed0,92,_ZN7subsdk110sub_41eed0Ev!
0x000000000041ef30,sub_41ef30,92,_ZN7subsdk110sub_41ef30Ev!
0x000000000041ef90,sub_41ef90,92,_ZN7subsdk110sub_41ef90Ev!
0x000000000041eff0,sub_41eff0,200,_ZN7subsdk110sub_41eff0Ev!
0x000000000041f0c0,sub_41f0c0,120,_ZN7subsdk110sub_41f0c0Ev!
0x000000000041f140,sub_41f140,372,_ZN7subsdk110sub_41f140Ev!
0x000000000041f2c0,sub_41f2c0,76,_ZN7subsdk110sub_41f2c0Ev!
0x000000000041f310,sub_41f310,76,_ZN7subsdk110sub_41f310Ev!
0x000000000041f360,sub_41f360,76,_ZN7subsdk110sub_41f360Ev!
0x000000000041f3b0,sub_41f3b0,348,_ZN7subsdk110sub_41f3b0Ev!
0x000000000041f510,sub_41f510,200,_ZN7subsdk110sub_41f510Ev!
0x000000000041f5e0,sub_41f5e0,220,_ZN7subsdk110sub_41f5e0Ev!
0x000000000041f6c0,sub_41f6c0,296,_ZN7subsdk110sub_41f6c0Ev!
0x000000000041f7f0,sub_41f7f0,260,_ZN7subsdk110sub_41f7f0Ev!
0x000000000041f900,sub_41f900,92,_ZN7subsdk110sub_41f900Ev!
0x000000000041f960,sub_41f960,104,_ZN7subsdk110sub_41f960Ev!
0x000000000041f9d0,sub_41f9d0,564,_ZN7subsdk110sub_41f9d0Ev!
0x000000000041fc10,sub_41fc10,728,_ZN7subsdk110sub_41fc10Ev!
0x000000000041fef0,sub_41fef0,288,_ZN7subsdk110sub_41fef0Ev!
0x0000000000420010,sub_420010,396,_ZN7subsdk110sub_420010Ev!
0x00000000004201a0,sub_4201a0,332,_ZN7subsdk110sub_4201a0Ev!
0x00000000004202f0,sub_4202f0,348,_ZN7subsdk110sub_4202f0Ev!
0x0000000000420450,sub_420450,92,_ZN7subsdk110sub_420450Ev!
0x00000000004204b0,sub_4204b0,104,_ZN7subsdk110sub_4204b0Ev!
0x0000000000420520,sub_420520,564,_ZN7subsdk110sub_420520Ev!
0x0000000000420760,sub_420760,120,_ZN7subsdk110sub_420760Ev!
0x00000000004207e0,sub_4207e0,120,_ZN7subsdk110sub_4207e0Ev!
0x0000000000420860,sub_420860,120,_ZN7subsdk110sub_420860Ev!
0x00000000004208e0,sub_4208e0,120,_ZN7subsdk110sub_4208e0Ev!
0x0000000000420960,sub_420960,120,_ZN7subsdk110sub_420960Ev!
0x00000000004209e0,sub_4209e0,288,_ZN7subsdk110sub_4209e0Ev!
0x0000000000420b00,sub_420b00,120,_ZN7subsdk110sub_420b00Ev!
0x0000000000420b80,sub_420b80,120,_ZN7subsdk110sub_420b80Ev!
0x0000000000420c00,sub_420c00,120,_ZN7subsdk110sub_420c00Ev!
0x0000000000420c80,sub_420c80,484,_ZN7subsdk110sub_420c80Ev!
0x0000000000420e70,sub_420e70,148,_ZN7subsdk110sub_420e70Ev!
0x0000000000420f10,sub_420f10,72,_ZN7subsdk110sub_420f10Ev!
0x0000000000420f60,f_0_1_4,148,_ZN7subsdk17f_0_1_4Ev!
0x0000000000421000,sub_421000,148,_ZN7subsdk125sub_421000_subsdk1_421000Ev!
0x00000000004210a0,f_0_1_5,148,_ZN7subsdk17f_0_1_5Ev!
0x0000000000421140,sub_421140,148,_ZN7subsdk110sub_421140Ev!
0x00000000004211e0,f_0_1_6,148,_ZN7subsdk17f_0_1_6Ev!
0x0000000000421280,sub_421280,148,_ZN7subsdk110sub_421280Ev!
0x0000000000421320,sub_421320,580,_ZN7subsdk110sub_421320Ev!
0x0000000000421570,sub_421570,140,_ZN7subsdk110sub_421570Ev!
0x0000000000421600,sub_421600,120,_ZN7subsdk110sub_421600Ev!
0x0000000000421680,sub_421680,140,_ZN7subsdk110sub_421680Ev!
0x0000000000421710,sub_421710,120,_ZN7subsdk110sub_421710Ev!
0x0000000000421790,sub_421790,140,_ZN7subsdk110sub_421790Ev!
0x0000000000421820,sub_421820,5688,_ZN7subsdk110sub_421820Ev!
0x0000000000422e60,sub_422e60,120,_ZN7subsdk125sub_422e60_subsdk1_422e60Ev!
0x0000000000422ee0,sub_422ee0,140,_ZN7subsdk110sub_422ee0Ev!
0x0000000000422f70,sub_422f70,5688,_ZN7subsdk110sub_422f70Ev!
0x00000000004245b0,sub_4245b0,120,_ZN7subsdk110sub_4245b0Ev!
0x0000000000424630,sub_424630,140,_ZN7subsdk110sub_424630Ev!
0x00000000004246c0,sub_4246c0,120,_ZN7subsdk110sub_4246c0Ev!
0x0000000000424740,sub_424740,140,_ZN7subsdk125sub_424740_subsdk1_424740Ev!
0x00000000004247d0,sub_4247d0,120,_ZN7subsdk110sub_4247d0Ev!
0x0000000000424850,sub_424850,140,_ZN7subsdk110sub_424850Ev!
0x00000000004248e0,sub_4248e0,120,_ZN7subsdk110sub_4248e0Ev!
0x0000000000424960,sub_424960,136,_ZN7subsdk110sub_424960Ev!
0x00000000004249f0,sub_4249f0,120,_ZN7subsdk110sub_4249f0Ev!
0x0000000000424a70,sub_424a70,136,_ZN7subsdk110sub_424a70Ev!
0x0000000000424b00,sub_424b00,120,_ZN7subsdk125sub_424b00_subsdk1_424b00Ev!
0x0000000000424b80,sub_424b80,136,_ZN7subsdk110sub_424b80Ev!
0x0000000000424c10,sub_424c10,120,_ZN7subsdk110sub_424c10Ev!
0x0000000000424c90,sub_424c90,136,_ZN7subsdk110sub_424c90Ev!
0x0000000000424d20,sub_424d20,120,_ZN7subsdk110sub_424d20Ev!
0x0000000000424da0,sub_424da0,136,_ZN7subsdk110sub_424da0Ev!
0x0000000000424e30,sub_424e30,120,_ZN7subsdk110sub_424e30Ev!
0x0000000000424eb0,sub_424eb0,120,_ZN7subsdk110sub_424eb0Ev!
0x0000000000424f30,sub_424f30,136,_ZN7subsdk110sub_424f30Ev!
0x0000000000424fc0,sub_424fc0,120,_ZN7subsdk110sub_424fc0Ev!
0x0000000000425040,sub_425040,120,_ZN7subsdk110sub_425040Ev!
0x00000000004250c0,sub_4250c0,136,_ZN7subsdk110sub_4250c0Ev!
0x0000000000425150,sub_425150,120,_ZN7subsdk110sub_425150Ev!
0x00000000004251d0,sub_4251d0,136,_ZN7subsdk110sub_4251d0Ev!
0x0000000000425260,sub_425260,120,_ZN7subsdk110sub_425260Ev!
0x00000000004252e0,sub_4252e0,136,_ZN7subsdk110sub_4252e0Ev!
0x0000000000425370,sub_425370,120,_ZN7subsdk110sub_425370Ev!
0x00000000004253f0,sub_4253f0,136,_ZN7subsdk110sub_4253f0Ev!
0x0000000000425480,sub_425480,136,_ZN7subsdk110sub_425480Ev!
0x0000000000425510,sub_425510,120,_ZN7subsdk110sub_425510Ev!
0x0000000000425590,sub_425590,136,_ZN7subsdk110sub_425590Ev!
0x0000000000425620,sub_425620,136,_ZN7subsdk125sub_425620_subsdk1_425620Ev!
0x00000000004256b0,sub_4256b0,120,_ZN7subsdk110sub_4256b0Ev!
0x0000000000425730,sub_425730,136,_ZN7subsdk125sub_425730_subsdk1_425730Ev!
0x00000000004257c0,sub_4257c0,120,_ZN7subsdk110sub_4257c0Ev!
0x0000000000425840,sub_425840,136,_ZN7subsdk110sub_425840Ev!
0x00000000004258d0,sub_4258d0,120,_ZN7subsdk110sub_4258d0Ev!
0x0000000000425950,sub_425950,136,_ZN7subsdk125sub_425950_subsdk1_425950Ev!
0x00000000004259e0,sub_4259e0,120,_ZN7subsdk110sub_4259e0Ev!
0x0000000000425a60,sub_425a60,120,_ZN7subsdk110sub_425a60Ev!
0x0000000000425ae0,sub_425ae0,120,_ZN7subsdk110sub_425ae0Ev!
0x0000000000425b60,sub_425b60,120,_ZN7subsdk110sub_425b60Ev!
0x0000000000425be0,sub_425be0,120,_ZN7subsdk110sub_425be0Ev!
0x0000000000425c60,sub_425c60,120,_ZN7subsdk110sub_425c60Ev!
0x0000000000425ce0,sub_425ce0,120,_ZN7subsdk110sub_425ce0Ev!
0x0000000000425d60,sub_425d60,120,_ZN7subsdk110sub_425d60Ev!
0x0000000000425de0,sub_425de0,120,_ZN7subsdk110sub_425de0Ev!
0x0000000000425e60,sub_425e60,120,_ZN7subsdk110sub_425e60Ev!
0x0000000000425ee0,sub_425ee0,120,_ZN7subsdk110sub_425ee0Ev!
0x0000000000425f60,sub_425f60,120,_ZN7subsdk110sub_425f60Ev!
0x0000000000425fe0,sub_425fe0,120,_ZN7subsdk110sub_425fe0Ev!
0x0000000000426060,f_0_1_7,120,_ZN7subsdk17f_0_1_7Ev!
0x00000000004260e0,f_0_1_8,120,_ZN7subsdk17f_0_1_8Ev!
0x0000000000426160,sub_426160,120,_ZN7subsdk110sub_426160Ev!
0x00000000004261e0,sub_4261e0,120,_ZN7subsdk110sub_4261e0Ev!
0x0000000000426260,sub_426260,120,_ZN7subsdk110sub_426260Ev!
0x00000000004262e0,sub_4262e0,120,_ZN7subsdk110sub_4262e0Ev!
0x0000000000426360,sub_426360,120,_ZN7subsdk110sub_426360Ev!
0x00000000004263e0,sub_4263e0,120,_ZN7subsdk110sub_4263e0Ev!
0x0000000000426460,sub_426460,120,_ZN7subsdk110sub_426460Ev!
0x00000000004264e0,sub_4264e0,120,_ZN7subsdk110sub_4264e0Ev!
0x0000000000426560,sub_426560,120,_ZN7subsdk110sub_426560Ev!
0x00000000004265e0,sub_4265e0,120,_ZN7subsdk110sub_4265e0Ev!
0x0000000000426660,sub_426660,120,_ZN7subsdk110sub_426660Ev!
0x00000000004266e0,sub_4266e0,120,_ZN7subsdk110sub_4266e0Ev!
0x0000000000426760,sub_426760,120,_ZN7subsdk110sub_426760Ev!
0x00000000004267e0,sub_4267e0,120,_ZN7subsdk110sub_4267e0Ev!
0x0000000000426860,sub_426860,176,_ZN7subsdk110sub_426860Ev!
0x0000000000426910,sub_426910,268,_ZN7subsdk110sub_426910Ev!
0x0000000000426a20,sub_426a20,228,_ZN7subsdk110sub_426a20Ev!
0x0000000000426b10,sub_426b10,196,_ZN7subsdk110sub_426b10Ev!
0x0000000000426be0,sub_426be0,180,_ZN7subsdk110sub_426be0Ev!
0x0000000000426ca0,sub_426ca0,180,_ZN7subsdk110sub_426ca0Ev!
0x0000000000426d60,sub_426d60,324,_ZN7subsdk110sub_426d60Ev!
0x0000000000426eb0,sub_426eb0,456,_ZN7subsdk110sub_426eb0Ev!
0x0000000000427080,sub_427080,580,_ZN7subsdk110sub_427080Ev!
0x00000000004272d0,sub_4272d0,180,_ZN7subsdk110sub_4272d0Ev!
0x0000000000427390,sub_427390,320,_ZN7subsdk110sub_427390Ev!
0x00000000004274d0,sub_4274d0,444,_ZN7subsdk110sub_4274d0Ev!
0x0000000000427690,sub_427690,568,_ZN7subsdk110sub_427690Ev!
0x00000000004278d0,sub_4278d0,160,_ZN7subsdk110sub_4278d0Ev!
0x0000000000427970,sub_427970,120,_ZN7subsdk110sub_427970Ev!
0x00000000004279f0,sub_4279f0,120,_ZN7subsdk110sub_4279f0Ev!
0x0000000000427a70,sub_427a70,160,_ZN7subsdk110sub_427a70Ev!
0x0000000000427b10,sub_427b10,320,_ZN7subsdk110sub_427b10Ev!
0x0000000000427c50,sub_427c50,444,_ZN7subsdk110sub_427c50Ev!
0x0000000000427e10,sub_427e10,568,_ZN7subsdk110sub_427e10Ev!
0x0000000000428050,sub_428050,180,_ZN7subsdk110sub_428050Ev!
0x0000000000428110,sub_428110,320,_ZN7subsdk110sub_428110Ev!
0x0000000000428250,sub_428250,444,_ZN7subsdk110sub_428250Ev!
0x0000000000428410,sub_428410,568,_ZN7subsdk110sub_428410Ev!
0x0000000000428650,sub_428650,160,_ZN7subsdk110sub_428650Ev!
0x00000000004286f0,sub_4286f0,160,_ZN7subsdk110sub_4286f0Ev!
0x0000000000428790,sub_428790,56,_ZN7subsdk110sub_428790Ev!
0x00000000004287d0,sub_4287d0,88,_ZN7subsdk110sub_4287d0Ev!
0x0000000000428830,sub_428830,120,_ZN7subsdk110sub_428830Ev!
0x00000000004288b0,sub_4288b0,176,_ZN7subsdk110sub_4288b0Ev!
0x0000000000428960,sub_428960,160,_ZN7subsdk110sub_428960Ev!
0x0000000000428a00,sub_428a00,88,_ZN7subsdk110sub_428a00Ev!
0x0000000000428a60,sub_428a60,16,_ZN7subsdk110sub_428a60Ev!
0x0000000000428a70,sub_428a70,180,_ZN7subsdk110sub_428a70Ev!
0x0000000000428b30,sub_428b30,320,_ZN7subsdk110sub_428b30Ev!
0x0000000000428c70,sub_428c70,444,_ZN7subsdk110sub_428c70Ev!
0x0000000000428e30,sub_428e30,568,_ZN7subsdk110sub_428e30Ev!
0x0000000000429070,sub_429070,120,_ZN7subsdk110sub_429070Ev!
0x00000000004290f0,sub_4290f0,200,_ZN7subsdk110sub_4290f0Ev!
0x00000000004291c0,sub_4291c0,200,_ZN7subsdk125sub_4291c0_subsdk1_4291c0Ev!
0x0000000000429290,sub_429290,88,_ZN7subsdk110sub_429290Ev!
0x00000000004292f0,sub_4292f0,328,_ZN7subsdk110sub_4292f0Ev!
0x0000000000429440,sub_429440,348,_ZN7subsdk110sub_429440Ev!
0x00000000004295a0,sub_4295a0,380,_ZN7subsdk110sub_4295a0Ev!
0x0000000000429720,sub_429720,420,_ZN7subsdk110sub_429720Ev!
0x00000000004298d0,sub_4298d0,396,_ZN7subsdk110sub_4298d0Ev!
0x0000000000429a60,sub_429a60,360,_ZN7subsdk110sub_429a60Ev!
0x0000000000429bd0,sub_429bd0,444,_ZN7subsdk110sub_429bd0Ev!
0x0000000000429d90,sub_429d90,416,_ZN7subsdk110sub_429d90Ev!
0x0000000000429f30,sub_429f30,392,_ZN7subsdk110sub_429f30Ev!
0x000000000042a0c0,sub_42a0c0,440,_ZN7subsdk110sub_42a0c0Ev!
0x000000000042a280,sub_42a280,428,_ZN7subsdk110sub_42a280Ev!
0x000000000042a430,sub_42a430,376,_ZN7subsdk110sub_42a430Ev!
0x000000000042a5b0,sub_42a5b0,468,_ZN7subsdk110sub_42a5b0Ev!
0x000000000042a790,sub_42a790,444,_ZN7subsdk110sub_42a790Ev!
0x000000000042a950,sub_42a950,396,_ZN7subsdk110sub_42a950Ev!
0x000000000042aae0,sub_42aae0,492,_ZN7subsdk110sub_42aae0Ev!
0x000000000042acd0,sub_42acd0,464,_ZN7subsdk110sub_42acd0Ev!
0x000000000042aea0,sub_42aea0,428,_ZN7subsdk110sub_42aea0Ev!
0x000000000042b050,sub_42b050,680,_ZN7subsdk110sub_42b050Ev!
0x000000000042b300,sub_42b300,420,_ZN7subsdk110sub_42b300Ev!
0x000000000042b4b0,sub_42b4b0,400,_ZN7subsdk110sub_42b4b0Ev!
0x000000000042b640,sub_42b640,396,_ZN7subsdk110sub_42b640Ev!
0x000000000042b7d0,sub_42b7d0,376,_ZN7subsdk110sub_42b7d0Ev!
0x000000000042b950,sub_42b950,444,_ZN7subsdk110sub_42b950Ev!
0x000000000042bb10,sub_42bb10,424,_ZN7subsdk110sub_42bb10Ev!
0x000000000042bcc0,sub_42bcc0,416,_ZN7subsdk110sub_42bcc0Ev!
0x000000000042be60,sub_42be60,396,_ZN7subsdk110sub_42be60Ev!
0x000000000042bff0,sub_42bff0,468,_ZN7subsdk110sub_42bff0Ev!
0x000000000042c1d0,sub_42c1d0,448,_ZN7subsdk110sub_42c1d0Ev!
0x000000000042c390,sub_42c390,444,_ZN7subsdk110sub_42c390Ev!
0x000000000042c550,sub_42c550,492,_ZN7subsdk110sub_42c550Ev!
0x000000000042c740,sub_42c740,472,_ZN7subsdk110sub_42c740Ev!
0x000000000042c920,sub_42c920,464,_ZN7subsdk110sub_42c920Ev!
0x000000000042caf0,sub_42caf0,488,_ZN7subsdk110sub_42caf0Ev!
0x000000000042cce0,sub_42cce0,424,_ZN7subsdk110sub_42cce0Ev!
0x000000000042ce90,sub_42ce90,444,_ZN7subsdk110sub_42ce90Ev!
0x000000000042d050,sub_42d050,476,_ZN7subsdk110sub_42d050Ev!
0x000000000042d230,sub_42d230,380,_ZN7subsdk110sub_42d230Ev!
0x000000000042d3b0,sub_42d3b0,360,_ZN7subsdk110sub_42d3b0Ev!
0x000000000042d520,sub_42d520,380,_ZN7subsdk110sub_42d520Ev!
0x000000000042d6a0,sub_42d6a0,416,_ZN7subsdk110sub_42d6a0Ev!
0x000000000042d840,sub_42d840,424,_ZN7subsdk110sub_42d840Ev!
0x000000000042d9f0,sub_42d9f0,408,_ZN7subsdk110sub_42d9f0Ev!
0x000000000042db90,sub_42db90,444,_ZN7subsdk110sub_42db90Ev!
0x000000000042dd50,sub_42dd50,428,_ZN7subsdk110sub_42dd50Ev!
0x000000000042df00,sub_42df00,464,_ZN7subsdk110sub_42df00Ev!
0x000000000042e0d0,sub_42e0d0,1264,_ZN7subsdk110sub_42e0d0Ev!
0x000000000042e5c0,sub_42e5c0,1244,_ZN7subsdk110sub_42e5c0Ev!
0x000000000042eaa0,sub_42eaa0,1284,_ZN7subsdk110sub_42eaa0Ev!
0x000000000042efb0,sub_42efb0,1264,_ZN7subsdk110sub_42efb0Ev!
0x000000000042f4a0,sub_42f4a0,1304,_ZN7subsdk110sub_42f4a0Ev!
0x000000000042f9c0,sub_42f9c0,348,_ZN7subsdk110sub_42f9c0Ev!
0x000000000042fb20,sub_42fb20,396,_ZN7subsdk110sub_42fb20Ev!
0x000000000042fcb0,sub_42fcb0,420,_ZN7subsdk110sub_42fcb0Ev!
0x000000000042fe60,sub_42fe60,424,_ZN7subsdk110sub_42fe60Ev!
0x0000000000430010,sub_430010,488,_ZN7subsdk110sub_430010Ev!
0x0000000000430200,sub_430200,460,_ZN7subsdk110sub_430200Ev!
0x00000000004303d0,sub_4303d0,432,_ZN7subsdk110sub_4303d0Ev!
0x0000000000430580,sub_430580,364,_ZN7subsdk110sub_430580Ev!
0x00000000004306f0,sub_4306f0,356,_ZN7subsdk110sub_4306f0Ev!
0x0000000000430860,sub_430860,536,_ZN7subsdk110sub_430860Ev!
0x0000000000430a80,sub_430a80,480,_ZN7subsdk110sub_430a80Ev!
0x0000000000430c60,sub_430c60,416,_ZN7subsdk110sub_430c60Ev!
0x0000000000430e00,sub_430e00,416,_ZN7subsdk110sub_430e00Ev!
0x0000000000430fa0,sub_430fa0,484,_ZN7subsdk110sub_430fa0Ev!
0x0000000000431190,sub_431190,480,_ZN7subsdk110sub_431190Ev!
0x0000000000431370,sub_431370,504,_ZN7subsdk110sub_431370Ev!
0x0000000000431570,sub_431570,512,_ZN7subsdk110sub_431570Ev!
0x0000000000431770,sub_431770,524,_ZN7subsdk110sub_431770Ev!
0x0000000000431980,sub_431980,536,_ZN7subsdk110sub_431980Ev!
0x0000000000431ba0,sub_431ba0,572,_ZN7subsdk110sub_431ba0Ev!
0x0000000000431de0,sub_431de0,552,_ZN7subsdk110sub_431de0Ev!
0x0000000000432010,sub_432010,604,_ZN7subsdk110sub_432010Ev!
0x0000000000432270,sub_432270,580,_ZN7subsdk110sub_432270Ev!
0x00000000004324c0,sub_4324c0,496,_ZN7subsdk110sub_4324c0Ev!
0x00000000004326b0,sub_4326b0,528,_ZN7subsdk110sub_4326b0Ev!
0x00000000004328c0,sub_4328c0,592,_ZN7subsdk110sub_4328c0Ev!
0x0000000000432b10,sub_432b10,552,_ZN7subsdk110sub_432b10Ev!
0x0000000000432d40,sub_432d40,392,_ZN7subsdk110sub_432d40Ev!
0x0000000000432ed0,sub_432ed0,440,_ZN7subsdk110sub_432ed0Ev!
0x0000000000433090,sub_433090,440,_ZN7subsdk110sub_433090Ev!
0x0000000000433250,sub_433250,468,_ZN7subsdk110sub_433250Ev!
0x0000000000433430,sub_433430,516,_ZN7subsdk110sub_433430Ev!
0x0000000000433640,sub_433640,488,_ZN7subsdk110sub_433640Ev!
0x0000000000433830,sub_433830,460,_ZN7subsdk110sub_433830Ev!
0x0000000000433a00,sub_433a00,564,_ZN7subsdk110sub_433a00Ev!
0x0000000000433c40,sub_433c40,508,_ZN7subsdk110sub_433c40Ev!
0x0000000000433e40,sub_433e40,532,_ZN7subsdk110sub_433e40Ev!
0x0000000000434060,sub_434060,552,_ZN7subsdk110sub_434060Ev!
0x0000000000434290,sub_434290,572,_ZN7subsdk110sub_434290Ev!
0x00000000004344d0,sub_4344d0,576,_ZN7subsdk110sub_4344d0Ev!
0x0000000000434710,sub_434710,620,_ZN7subsdk110sub_434710Ev!
0x0000000000434980,sub_434980,608,_ZN7subsdk110sub_434980Ev!
0x0000000000434be0,sub_434be0,652,_ZN7subsdk110sub_434be0Ev!
0x0000000000434e70,sub_434e70,628,_ZN7subsdk110sub_434e70Ev!
0x00000000004350f0,sub_4350f0,640,_ZN7subsdk110sub_4350f0Ev!
0x0000000000435370,sub_435370,412,_ZN7subsdk125sub_435370_subsdk1_435370Ev!
0x0000000000435510,sub_435510,384,_ZN7subsdk110sub_435510Ev!
0x0000000000435690,sub_435690,344,_ZN7subsdk110sub_435690Ev!
0x00000000004357f0,sub_4357f0,488,_ZN7subsdk110sub_4357f0Ev!
0x00000000004359e0,sub_4359e0,400,_ZN7subsdk110sub_4359e0Ev!
0x0000000000435b70,sub_435b70,456,_ZN7subsdk110sub_435b70Ev!
0x0000000000435d40,sub_435d40,432,_ZN7subsdk110sub_435d40Ev!
0x0000000000435ef0,sub_435ef0,392,_ZN7subsdk110sub_435ef0Ev!
0x0000000000436080,sub_436080,460,_ZN7subsdk110sub_436080Ev!
0x0000000000436250,sub_436250,432,_ZN7subsdk110sub_436250Ev!
0x0000000000436400,sub_436400,536,_ZN7subsdk110sub_436400Ev!
0x0000000000436620,sub_436620,504,_ZN7subsdk125sub_436620_subsdk1_436620Ev!
0x0000000000436820,sub_436820,480,_ZN7subsdk110sub_436820Ev!
0x0000000000436a00,sub_436a00,524,_ZN7subsdk110sub_436a00Ev!
0x0000000000436c10,sub_436c10,492,_ZN7subsdk110sub_436c10Ev!
0x0000000000436e00,sub_436e00,544,_ZN7subsdk110sub_436e00Ev!
0x0000000000437020,sub_437020,512,_ZN7subsdk110sub_437020Ev!
0x0000000000437220,sub_437220,536,_ZN7subsdk110sub_437220Ev!
0x0000000000437440,sub_437440,572,_ZN7subsdk110sub_437440Ev!
0x0000000000437680,sub_437680,532,_ZN7subsdk110sub_437680Ev!
0x00000000004378a0,sub_4378a0,572,_ZN7subsdk110sub_4378a0Ev!
0x0000000000437ae0,sub_437ae0,556,_ZN7subsdk125sub_437ae0_subsdk1_437ae0Ev!
0x0000000000437d10,sub_437d10,592,_ZN7subsdk110sub_437d10Ev!
0x0000000000437f60,sub_437f60,620,_ZN7subsdk110sub_437f60Ev!
0x00000000004381d0,sub_4381d0,472,_ZN7subsdk110sub_4381d0Ev!
0x00000000004383b0,sub_4383b0,492,_ZN7subsdk125sub_4383b0_subsdk1_4383b0Ev!
0x00000000004385a0,sub_4385a0,524,_ZN7subsdk125sub_4385a0_subsdk1_4385a0Ev!
0x00000000004387b0,sub_4387b0,52,_ZN7subsdk110sub_4387b0Ev!
0x00000000004387f0,sub_4387f0,640,_ZN7subsdk110sub_4387f0Ev!
0x0000000000438a70,sub_438a70,480,_ZN7subsdk110sub_438a70Ev!
0x0000000000438c50,sub_438c50,608,_ZN7subsdk110sub_438c50Ev!
0x0000000000438eb0,sub_438eb0,580,_ZN7subsdk110sub_438eb0Ev!
0x0000000000439100,sub_439100,540,_ZN7subsdk110sub_439100Ev!
0x0000000000439320,sub_439320,372,_ZN7subsdk110sub_439320Ev!
0x00000000004394a0,sub_4394a0,500,_ZN7subsdk110sub_4394a0Ev!
0x00000000004396a0,sub_4396a0,472,_ZN7subsdk110sub_4396a0Ev!
0x0000000000439880,sub_439880,540,_ZN7subsdk110sub_439880Ev!
0x0000000000439aa0,sub_439aa0,372,_ZN7subsdk110sub_439aa0Ev!
0x0000000000439c20,sub_439c20,500,_ZN7subsdk110sub_439c20Ev!
0x0000000000439e20,sub_439e20,472,_ZN7subsdk110sub_439e20Ev!
0x000000000043a000,sub_43a000,228,_ZN7subsdk125sub_43a000_subsdk1_43a000Ev!
0x000000000043a0f0,sub_43a0f0,16,_ZN7subsdk110sub_43a0f0Ev!
0x000000000043a100,sub_43a100,160,_ZN7subsdk110sub_43a100Ev!
0x000000000043a1a0,sub_43a1a0,708,_ZN7subsdk125sub_43a1a0_subsdk1_43a1a0Ev!
0x000000000043a470,sub_43a470,1232,_ZN7subsdk125sub_43a470_subsdk1_43a470Ev!
0x000000000043a940,sub_43a940,1612,_ZN7subsdk110sub_43a940Ev!
0x000000000043af90,sub_43af90,1996,_ZN7subsdk110sub_43af90Ev!
0x000000000043b760,sub_43b760,672,_ZN7subsdk110sub_43b760Ev!
0x000000000043ba00,sub_43ba00,492,_ZN7subsdk110sub_43ba00Ev!
0x000000000043bbf0,sub_43bbf0,1172,_ZN7subsdk110sub_43bbf0Ev!
0x000000000043c090,sub_43c090,1000,_ZN7subsdk125sub_43c090_subsdk1_43c090Ev!
0x000000000043c480,sub_43c480,1532,_ZN7subsdk110sub_43c480Ev!
0x000000000043ca80,sub_43ca80,1360,_ZN7subsdk110sub_43ca80Ev!
0x000000000043cfd0,sub_43cfd0,1896,_ZN7subsdk110sub_43cfd0Ev!
0x000000000043d740,sub_43d740,1724,_ZN7subsdk110sub_43d740Ev!
0x000000000043de00,sub_43de00,688,_ZN7subsdk110sub_43de00Ev!
0x000000000043e0b0,sub_43e0b0,512,_ZN7subsdk110sub_43e0b0Ev!
0x000000000043e2b0,sub_43e2b0,1212,_ZN7subsdk125sub_43e2b0_subsdk1_43e2b0Ev!
0x000000000043e770,sub_43e770,1040,_ZN7subsdk110sub_43e770Ev!
0x000000000043eb80,sub_43eb80,1592,_ZN7subsdk110sub_43eb80Ev!
0x000000000043f1c0,sub_43f1c0,1420,_ZN7subsdk110sub_43f1c0Ev!
0x000000000043f750,sub_43f750,1976,_ZN7subsdk110sub_43f750Ev!
0x000000000043ff10,sub_43ff10,1804,_ZN7subsdk110sub_43ff10Ev!
0x0000000000440620,sub_440620,212,_ZN7subsdk110sub_440620Ev!
0x0000000000440700,sub_440700,336,_ZN7subsdk125sub_440700_subsdk1_440700Ev!
0x0000000000440850,sub_440850,304,_ZN7subsdk110sub_440850Ev!
0x0000000000440980,sub_440980,276,_ZN7subsdk110sub_440980Ev!
0x0000000000440aa0,sub_440aa0,324,_ZN7subsdk110sub_440aa0Ev!
0x0000000000440bf0,sub_440bf0,244,_ZN7subsdk125sub_440bf0_subsdk1_440bf0Ev!
0x0000000000440cf0,sub_440cf0,292,_ZN7subsdk125sub_440cf0_subsdk1_440cf0Ev!
0x0000000000440e20,sub_440e20,180,_ZN7subsdk110sub_440e20Ev!
0x0000000000440ee0,sub_440ee0,272,_ZN7subsdk110sub_440ee0Ev!
0x0000000000440ff0,sub_440ff0,244,_ZN7subsdk125sub_440ff0_subsdk1_440ff0Ev!
0x00000000004410f0,sub_4410f0,176,_ZN7subsdk125sub_4410f0_subsdk1_4410f0Ev!
0x00000000004411a0,sub_4411a0,2488,_ZN7subsdk110sub_4411a0Ev!
0x0000000000441b60,sub_441b60,2788,_ZN7subsdk110sub_441b60Ev!
0x0000000000442650,sub_442650,180,_ZN7subsdk110sub_442650Ev!
0x0000000000442710,sub_442710,308,_ZN7subsdk110sub_442710Ev!
0x0000000000442850,sub_442850,208,_ZN7subsdk110sub_442850Ev!
0x0000000000442920,sub_442920,436,_ZN7subsdk110sub_442920Ev!
0x0000000000442ae0,sub_442ae0,212,_ZN7subsdk110sub_442ae0Ev!
0x0000000000442bc0,sub_442bc0,436,_ZN7subsdk125sub_442bc0_subsdk1_442bc0Ev!
0x0000000000442d80,sub_442d80,436,_ZN7subsdk110sub_442d80Ev!
0x0000000000442f40,sub_442f40,436,_ZN7subsdk110sub_442f40Ev!
0x0000000000443100,sub_443100,280,_ZN7subsdk110sub_443100Ev!
0x0000000000443220,sub_443220,276,_ZN7subsdk110sub_443220Ev!
0x0000000000443340,sub_443340,408,_ZN7subsdk110sub_443340Ev!
0x00000000004434e0,sub_4434e0,408,_ZN7subsdk110sub_4434e0Ev!
0x0000000000443680,sub_443680,248,_ZN7subsdk110sub_443680Ev!
0x0000000000443780,sub_443780,364,_ZN7subsdk110sub_443780Ev!
0x00000000004438f0,sub_4438f0,368,_ZN7subsdk125sub_4438f0_subsdk1_4438f0Ev!
0x0000000000443a60,sub_443a60,272,_ZN7subsdk125sub_443a60_subsdk1_443a60Ev!
0x0000000000443b70,sub_443b70,408,_ZN7subsdk110sub_443b70Ev!
0x0000000000443d10,sub_443d10,228,_ZN7subsdk110sub_443d10Ev!
0x0000000000443e00,sub_443e00,324,_ZN7subsdk110sub_443e00Ev!
0x0000000000443f50,sub_443f50,196,_ZN7subsdk110sub_443f50Ev!
0x0000000000444020,sub_444020,264,_ZN7subsdk110sub_444020Ev!
0x0000000000444130,sub_444130,412,_ZN7subsdk110sub_444130Ev!
0x00000000004442d0,sub_4442d0,384,_ZN7subsdk110sub_4442d0Ev!
0x0000000000444450,sub_444450,276,_ZN7subsdk110sub_444450Ev!
0x0000000000444570,sub_444570,408,_ZN7subsdk110sub_444570Ev!
0x0000000000444710,sub_444710,324,_ZN7subsdk110sub_444710Ev!
0x0000000000444860,sub_444860,412,_ZN7subsdk110sub_444860Ev!
0x0000000000444a00,sub_444a00,292,_ZN7subsdk110sub_444a00Ev!
0x0000000000444b30,sub_444b30,260,_ZN7subsdk110sub_444b30Ev!
0x0000000000444c40,sub_444c40,356,_ZN7subsdk110sub_444c40Ev!
0x0000000000444db0,sub_444db0,308,_ZN7subsdk110sub_444db0Ev!
0x0000000000444ef0,sub_444ef0,296,_ZN7subsdk110sub_444ef0Ev!
0x0000000000445020,sub_445020,212,_ZN7subsdk110sub_445020Ev!
0x0000000000445100,sub_445100,188,_ZN7subsdk110sub_445100Ev!
0x00000000004451c0,sub_4451c0,276,_ZN7subsdk110sub_4451c0Ev!
0x00000000004452e0,sub_4452e0,228,_ZN7subsdk110sub_4452e0Ev!
0x00000000004453d0,sub_4453d0,328,_ZN7subsdk110sub_4453d0Ev!
0x0000000000445520,sub_445520,324,_ZN7subsdk110sub_445520Ev!
0x0000000000445670,sub_445670,228,_ZN7subsdk110sub_445670Ev!
0x0000000000445760,sub_445760,196,_ZN7subsdk110sub_445760Ev!
0x0000000000445830,sub_445830,264,_ZN7subsdk110sub_445830Ev!
0x0000000000445940,sub_445940,244,_ZN7subsdk110sub_445940Ev!
0x0000000000445a40,sub_445a40,312,_ZN7subsdk110sub_445a40Ev!
0x0000000000445b80,sub_445b80,340,_ZN7subsdk110sub_445b80Ev!
0x0000000000445ce0,sub_445ce0,356,_ZN7subsdk110sub_445ce0Ev!
0x0000000000445e50,sub_445e50,260,_ZN7subsdk110sub_445e50Ev!
0x0000000000445f60,sub_445f60,484,_ZN7subsdk125sub_445f60_subsdk1_445f60Ev!
0x0000000000446150,sub_446150,484,_ZN7subsdk110sub_446150Ev!
0x0000000000446340,sub_446340,324,_ZN7subsdk110sub_446340Ev!
0x0000000000446490,sub_446490,456,_ZN7subsdk110sub_446490Ev!
0x0000000000446660,sub_446660,456,_ZN7subsdk125sub_446660_subsdk1_446660Ev!
0x0000000000446830,sub_446830,416,_ZN7subsdk110sub_446830Ev!
0x00000000004469d0,sub_4469d0,276,_ZN7subsdk110sub_4469d0Ev!
0x0000000000446af0,sub_446af0,344,_ZN7subsdk110sub_446af0Ev!
0x0000000000446c50,sub_446c50,432,_ZN7subsdk110sub_446c50Ev!
0x0000000000446e00,sub_446e00,460,_ZN7subsdk110sub_446e00Ev!
0x0000000000446fd0,sub_446fd0,176,_ZN7subsdk110sub_446fd0Ev!
0x0000000000447080,sub_447080,244,_ZN7subsdk110sub_447080Ev!
0x0000000000447180,sub_447180,528,_ZN7subsdk110sub_447180Ev!
0x0000000000447390,sub_447390,228,_ZN7subsdk110sub_447390Ev!
0x0000000000447480,sub_447480,120,_ZN7subsdk110sub_447480Ev!
0x0000000000447500,sub_447500,280,_ZN7subsdk110sub_447500Ev!
0x0000000000447620,sub_447620,248,_ZN7subsdk110sub_447620Ev!
0x0000000000447720,sub_447720,324,_ZN7subsdk110sub_447720Ev!
0x0000000000447870,sub_447870,176,_ZN7subsdk110sub_447870Ev!
0x0000000000447920,sub_447920,248,_ZN7subsdk110sub_447920Ev!
0x0000000000447a20,sub_447a20,260,_ZN7subsdk110sub_447a20Ev!
0x0000000000447b30,sub_447b30,364,_ZN7subsdk110sub_447b30Ev!
0x0000000000447ca0,sub_447ca0,304,_ZN7subsdk110sub_447ca0Ev!
0x0000000000447dd0,sub_447dd0,232,_ZN7subsdk110sub_447dd0Ev!
0x0000000000447ec0,sub_447ec0,304,_ZN7subsdk110sub_447ec0Ev!
0x0000000000447ff0,sub_447ff0,176,_ZN7subsdk110sub_447ff0Ev!
0x00000000004480a0,sub_4480a0,352,_ZN7subsdk110sub_4480a0Ev!
0x0000000000448200,sub_448200,224,_ZN7subsdk110sub_448200Ev!
0x00000000004482e0,sub_4482e0,440,_ZN7subsdk110sub_4482e0Ev!
0x00000000004484a0,sub_4484a0,412,_ZN7subsdk110sub_4484a0Ev!
0x0000000000448640,sub_448640,336,_ZN7subsdk110sub_448640Ev!
0x0000000000448790,sub_448790,304,_ZN7subsdk110sub_448790Ev!
0x00000000004488c0,sub_4488c0,224,_ZN7subsdk110sub_4488c0Ev!
0x00000000004489a0,sub_4489a0,324,_ZN7subsdk110sub_4489a0Ev!
0x0000000000448af0,sub_448af0,412,_ZN7subsdk110sub_448af0Ev!
0x0000000000448c90,sub_448c90,488,_ZN7subsdk110sub_448c90Ev!
0x0000000000448e80,sub_448e80,460,_ZN7subsdk110sub_448e80Ev!
0x0000000000449050,sub_449050,228,_ZN7subsdk110sub_449050Ev!
0x0000000000449140,sub_449140,196,_ZN7subsdk110sub_449140Ev!
0x0000000000449210,sub_449210,248,_ZN7subsdk110sub_449210Ev!
0x0000000000449310,sub_449310,348,_ZN7subsdk110sub_449310Ev!
0x0000000000449470,sub_449470,196,_ZN7subsdk110sub_449470Ev!
0x0000000000449540,sub_449540,208,_ZN7subsdk110sub_449540Ev!
0x0000000000449610,sub_449610,468,_ZN7subsdk110sub_449610Ev!
0x00000000004497f0,sub_4497f0,536,_ZN7subsdk110sub_4497f0Ev!
0x0000000000449a10,sub_449a10,640,_ZN7subsdk110sub_449a10Ev!
0x0000000000449c90,sub_449c90,428,_ZN7subsdk110sub_449c90Ev!
0x0000000000449e40,sub_449e40,592,_ZN7subsdk110sub_449e40Ev!
0x000000000044a090,sub_44a090,736,_ZN7subsdk110sub_44a090Ev!
0x000000000044a370,sub_44a370,288,_ZN7subsdk110sub_44a370Ev!
0x000000000044a490,sub_44a490,208,_ZN7subsdk110sub_44a490Ev!
0x000000000044a560,sub_44a560,228,_ZN7subsdk110sub_44a560Ev!
0x000000000044a650,sub_44a650,292,_ZN7subsdk125sub_44a650_subsdk1_44a650Ev!
0x000000000044a780,sub_44a780,332,_ZN7subsdk110sub_44a780Ev!
0x000000000044a8d0,sub_44a8d0,352,_ZN7subsdk110sub_44a8d0Ev!
0x000000000044aa30,sub_44aa30,208,_ZN7subsdk110sub_44aa30Ev!
0x000000000044ab00,sub_44ab00,232,_ZN7subsdk110sub_44ab00Ev!
0x000000000044abf0,sub_44abf0,64,_ZN7subsdk110sub_44abf0Ev!
0x000000000044ac30,sub_44ac30,120,_ZN7subsdk110sub_44ac30Ev!
0x000000000044acb0,sub_44acb0,332,_ZN7subsdk110sub_44acb0Ev!
0x000000000044ae00,sub_44ae00,512,_ZN7subsdk110sub_44ae00Ev!
0x000000000044b000,sub_44b000,524,_ZN7subsdk110sub_44b000Ev!
0x000000000044b210,sub_44b210,380,_ZN7subsdk110sub_44b210Ev!
0x000000000044b390,sub_44b390,608,_ZN7subsdk110sub_44b390Ev!
0x000000000044b5f0,sub_44b5f0,620,_ZN7subsdk110sub_44b5f0Ev!
0x000000000044b860,sub_44b860,228,_ZN7subsdk110sub_44b860Ev!
0x000000000044b950,sub_44b950,228,_ZN7subsdk110sub_44b950Ev!
0x000000000044ba40,sub_44ba40,376,_ZN7subsdk110sub_44ba40Ev!
0x000000000044bbc0,sub_44bbc0,152,_ZN7subsdk110sub_44bbc0Ev!
0x000000000044bc60,sub_44bc60,160,_ZN7subsdk110sub_44bc60Ev!
0x000000000044bd00,sub_44bd00,5432,_ZN7subsdk110sub_44bd00Ev!
0x000000000044d240,sub_44d240,216,_ZN7subsdk110sub_44d240Ev!
0x000000000044d320,sub_44d320,1200,_ZN7subsdk110sub_44d320Ev!
0x000000000044d7d0,sub_44d7d0,1232,_ZN7subsdk110sub_44d7d0Ev!
0x000000000044dca0,sub_44dca0,2932,_ZN7subsdk125sub_44dca0_subsdk1_44dca0Ev!
0x000000000044e820,sub_44e820,2932,_ZN7subsdk110sub_44e820Ev!
0x000000000044f3a0,sub_44f3a0,268,_ZN7subsdk110sub_44f3a0Ev!
0x000000000044f4b0,sub_44f4b0,240,_ZN7subsdk110sub_44f4b0Ev!
0x000000000044f5a0,sub_44f5a0,248,_ZN7subsdk110sub_44f5a0Ev!
0x000000000044f6a0,sub_44f6a0,16,_ZN7subsdk110sub_44f6a0Ev!
0x000000000044f6b0,sub_44f6b0,324,_ZN7subsdk110sub_44f6b0Ev!
0x000000000044f800,sub_44f800,244,_ZN7subsdk110sub_44f800Ev!
0x000000000044f900,sub_44f900,48,_ZN7subsdk110sub_44f900Ev!
0x000000000044f930,sub_44f930,44,_ZN7subsdk110sub_44f930Ev!
0x000000000044f960,sub_44f960,40,_ZN7subsdk110sub_44f960Ev!
0x000000000044f990,sub_44f990,40,_ZN7subsdk110sub_44f990Ev!
0x000000000044f9c0,sub_44f9c0,40,_ZN7subsdk110sub_44f9c0Ev!
0x000000000044f9f0,sub_44f9f0,40,_ZN7subsdk110sub_44f9f0Ev!
0x000000000044fa20,sub_44fa20,168,_ZN7subsdk110sub_44fa20Ev!
0x000000000044fad0,sub_44fad0,4,_ZN7subsdk125sub_44fad0_subsdk1_44fad0Ev!
0x000000000044fae0,sub_44fae0,72,_ZN7subsdk125sub_44fae0_subsdk1_44fae0Ev!
0x000000000044fb30,sub_44fb30,76,_ZN7subsdk125sub_44fb30_subsdk1_44fb30Ev!
0x000000000044fb80,sub_44fb80,64,_ZN7subsdk110sub_44fb80Ev!
0x000000000044fbc0,sub_44fbc0,312,_ZN7subsdk125sub_44fbc0_subsdk1_44fbc0Ev!
0x000000000044fd00,sub_44fd00,8,_Z16subsdk1_f_44fd00v
0x000000000044fd10,sub_44fd10,208,_ZN7subsdk110sub_44fd10Ev!
0x000000000044fde0,sub_44fde0,36,_ZN7subsdk110sub_44fde0Ev!
0x000000000044fe10,sub_44fe10,152,_ZN7subsdk110sub_44fe10Ev!
0x000000000044feb0,sub_44feb0,292,_ZN7subsdk110sub_44feb0Ev!
0x000000000044ffe0,sub_44ffe0,280,_ZN7subsdk110sub_44ffe0Ev!
0x0000000000450100,sub_450100,72,_ZN7subsdk110sub_450100Ev!
0x0000000000450150,sub_450150,312,_ZN7subsdk110sub_450150Ev!
0x0000000000450290,sub_450290,88,_ZN7subsdk110sub_450290Ev!
0x00000000004502f0,sub_4502f0,412,_ZN7subsdk110sub_4502f0Ev!
0x0000000000450490,sub_450490,32,_ZN7subsdk125sub_450490_subsdk1_450490Ev!
0x00000000004504b0,sub_4504b0,100,_ZN7subsdk110sub_4504b0Ev!
0x0000000000450520,sub_450520,396,_ZN7subsdk110sub_450520Ev!
0x00000000004506b0,sub_4506b0,412,_ZN7subsdk110sub_4506b0Ev!
0x0000000000450850,sub_450850,428,_ZN7subsdk110sub_450850Ev!
0x0000000000450a00,sub_450a00,328,_ZN7subsdk110sub_450a00Ev!
0x0000000000450b50,sub_450b50,220,_ZN7subsdk125sub_450b50_subsdk1_450b50Ev!
0x0000000000450c30,sub_450c30,312,_ZN7subsdk110sub_450c30Ev!
0x0000000000450d70,sub_450d70,364,_ZN7subsdk110sub_450d70Ev!
0x0000000000450ee0,sub_450ee0,372,_ZN7subsdk110sub_450ee0Ev!
0x0000000000451060,sub_451060,8,_Z16subsdk1_f_451060Pv
0x0000000000451070,sub_451070,72,_ZN7subsdk125sub_451070_subsdk1_451070Ev!
0x00000000004510c0,sub_4510c0,80,_ZN7subsdk110sub_4510c0Ev!
0x0000000000451110,sub_451110,80,_ZN7subsdk110sub_451110Ev!
0x0000000000451160,sub_451160,8,_ZN7subsdk110sub_451160Ev!
0x0000000000451170,sub_451170,16,_ZN7subsdk110sub_451170Ev!
0x0000000000451180,sub_451180,108,_ZN7subsdk110sub_451180Ev!
0x00000000004511f0,sub_4511f0,8,_Z16subsdk1_f_4511f0Pv
0x0000000000451200,sub_451200,8,_Z16subsdk1_f_451200Pv
0x0000000000451210,sub_451210,216,_ZN7subsdk110sub_451210Ev!
0x00000000004512f0,FSIE_specified_in_dead_code,21980,_ZN7subsdk127FSIE_specified_in_dead_codeEv!
0x00000000004568d0,line_d_column_d_s,284,_ZN7subsdk117line_d_column_d_sEv!
0x00000000004569f0,sub_4569f0,48,_ZN7subsdk110sub_4569f0Ev!
0x0000000000456a20,invalid_character,1236,_ZN7subsdk117invalid_characterEv!
0x0000000000456f00,NV_texture_multisample,12476,_ZN7subsdk122NV_texture_multisampleEv!
0x0000000000459fc0,warning,236,_ZN7subsdk122warning_subsdk1_459fc0Ev!
0x000000000045a0b0,invalid_suffix_on_number,1252,_ZN7subsdk124invalid_suffix_on_numberEv!
0x000000000045a5a0,sub_45a5a0,628,_ZN7subsdk110sub_45a5a0Ev!
0x000000000045a820,internal_error,1040,_ZN7subsdk114internal_errorEv!
0x000000000045ac30,invalid_writemask_specifier,416,_ZN7subsdk127invalid_writemask_specifierEv!
0x000000000045add0,reserved_keyword,576,_ZN7subsdk116reserved_keywordEv!
0x000000000045b010,too_many_array_initializers,304,_ZN7subsdk127too_many_array_initializersEv!
0x000000000045b140,result_binding_not_supported_in_an_array,1264,_ZN7subsdk140result_binding_not_supported_in_an_arrayEv!
0x000000000045b630,secondary_color_not_supported_on_this_output,696,_ZN7subsdk144secondary_color_not_supported_on_this_outputEv!
0x000000000045b8f0,result_binding_not_supported_in_an_array_2,1168,_ZN7subsdk142result_binding_not_supported_in_an_array_2Ev!
0x000000000045bd80,result_binding_not_supported_in_an_array_3,1392,_ZN7subsdk142result_binding_not_supported_in_an_array_3Ev!
0x000000000045c2f0,result_binding_not_supported_in_an_array_4,1152,_ZN7subsdk142result_binding_not_supported_in_an_array_4Ev!
0x000000000045c770,invalid_vertex_result_name,372,_ZN7subsdk126invalid_vertex_result_nameEv!
0x000000000045c8f0,invalid_result_binding,244,_ZN7subsdk122invalid_result_bindingEv!
0x000000000045c9f0,vertex_state_programs_can_t_write_to_vertex_outputs,12,_ZN7subsdk151vertex_state_programs_can_t_write_to_vertex_outputsEv!
0x000000000045ca00,relative_offset_must_be_an_integer_constant,764,_ZN7subsdk143relative_offset_must_be_an_integer_constantEv!
0x000000000045cd00,invalid_index_in_binding,1112,_ZN7subsdk124invalid_index_in_bindingEv!
0x000000000045d160,sub_45d160,336,_ZN7subsdk110sub_45d160Ev!
0x000000000045d2b0,invalid_component_selector,536,_ZN7subsdk126invalid_component_selectorEv!
0x000000000045d4d0,invalid_component_selector_2,68,_ZN7subsdk128invalid_component_selector_2Ev!
0x000000000045d520,sub_45d520,480,_ZN7subsdk110sub_45d520Ev!
0x000000000045d700,REP_parameter_must_be_a_constant,9696,_ZN7subsdk132REP_parameter_must_be_a_constantEv!
0x000000000045fce0,type_modifiers_not_valid_on_aliases,10188,_ZN7subsdk135type_modifiers_not_valid_on_aliasesEv!
0x00000000004624b0,label_already_defined,764,_ZN7subsdk121label_already_definedEv!
0x00000000004627b0,internal_error_2,1124,_ZN7subsdk116internal_error_2Ev!
0x0000000000462c20,viewcount,26932,_ZN7subsdk19viewcountEv!
0x0000000000469560,unnamed_40,4724,_ZN7subsdk125unnamed_40_subsdk1_469560Ev!
0x000000000046a7e0,variable_not_valid_as_a_destination_register,752,_ZN7subsdk144variable_not_valid_as_a_destination_registerEv!
0x000000000046aad0,internal_error_3,332,_ZN7subsdk116internal_error_3Ev!
0x000000000046ac20,out_of_bounds_array_access,7260,_ZN7subsdk126out_of_bounds_array_accessEv!
0x000000000046c880,internal_error_4,496,_ZN7subsdk116internal_error_4Ev!
0x000000000046ca70,internal_error_5,900,_ZN7subsdk116internal_error_5Ev!
0x000000000046ce00,fatal_error_out_of_memory,308,_ZN7subsdk125fatal_error_out_of_memoryEv!
0x000000000046cf40,invalid_integer_constant,1064,_ZN7subsdk124invalid_integer_constantEv!
0x000000000046d370,invalid_swizzle_suffix,292,_ZN7subsdk122invalid_swizzle_suffixEv!
0x000000000046d4a0,invalid_component_selector_3,248,_ZN7subsdk128invalid_component_selector_3Ev!
0x000000000046d5a0,invalid_environment_parameter_number,80,_ZN7subsdk136invalid_environment_parameter_numberEv!
0x000000000046d5f0,invalid_local_parameter_number,80,_ZN7subsdk130invalid_local_parameter_numberEv!
0x000000000046d640,invalid_shader_storage_buffer_binding_number,84,_ZN7subsdk144invalid_shader_storage_buffer_binding_numberEv!
0x000000000046d6a0,invalid_RGBA_component_selector,104,_ZN7subsdk131invalid_RGBA_component_selectorEv!
0x000000000046d710,invalid_condition_code_mask_rule,356,_ZN7subsdk132invalid_condition_code_mask_ruleEv!
0x000000000046d880,variable_not_valid_as_a_source_register,1196,_ZN7subsdk139variable_not_valid_as_a_source_registerEv!
0x000000000046dd30,internal_error_6,1032,_ZN7subsdk116internal_error_6Ev!
0x000000000046e140,parameter_buffer_offsets_in_an_array_must_be_contiguous,1876,_ZN7subsdk155parameter_buffer_offsets_in_an_array_must_be_contiguousEv!
0x000000000046e8a0,unnamed_41,1596,_ZN7subsdk125unnamed_41_subsdk1_46e8a0Ev!
0x000000000046eee0,unnamed_42,1000,_ZN7subsdk125unnamed_42_subsdk1_46eee0Ev!
0x000000000046f2d0,unnamed_43,996,_ZN7subsdk125unnamed_43_subsdk1_46f2d0Ev!
0x000000000046f6c0,only_vertex_weight_zero_supported,1628,_ZN7subsdk133only_vertex_weight_zero_supportedEv!
0x000000000046fd20,invalid_texture_coordinate_reference,1804,_ZN7subsdk136invalid_texture_coordinate_referenceEv!
0x0000000000470430,invalid_vertex_number,1988,_ZN7subsdk121invalid_vertex_numberEv!
0x0000000000470c00,invalid_vertex_number_2,2440,_ZN7subsdk123invalid_vertex_number_2Ev!
0x0000000000471590,tesscoord_binding_may_not_include_a_vertex_number,2196,_ZN7subsdk149tesscoord_binding_may_not_include_a_vertex_numberEv!
0x0000000000471e30,invalid_compute_attribute,764,_ZN7subsdk125invalid_compute_attributeEv!
0x0000000000472130,invalid_vertex_attribute_number,424,_ZN7subsdk131invalid_vertex_attribute_numberEv!
0x00000000004722e0,invalid_texture_coordinate_attribute,288,_ZN7subsdk136invalid_texture_coordinate_attributeEv!
0x0000000000472400,invalid_attribute_binding,168,_ZN7subsdk125invalid_attribute_bindingEv!
0x00000000004724b0,invalid_extended_swizzle_selector,332,_ZN7subsdk133invalid_extended_swizzle_selectorEv!
0x0000000000472600,invalid_address_destination_variable,432,_ZN7subsdk136invalid_address_destination_variableEv!
0x00000000004727b0,R_must_be_zero_for_1D_textures,2684,_ZN7subsdk130R_must_be_zero_for_1D_texturesEv!
0x0000000000473230,TXGO,1776,_ZN7subsdk14TXGOEv!
0x0000000000473920,invalid_variable_for_handle_access,460,_ZN7subsdk134invalid_variable_for_handle_accessEv!
0x0000000000473af0,texel_offset_too_large_for_implementation,180,_ZN7subsdk141texel_offset_too_large_for_implementationEv!
0x0000000000473bb0,invalid_image_target_type,496,_ZN7subsdk125invalid_image_target_typeEv!
0x0000000000473da0,invalid_image_unit_specifier,844,_ZN7subsdk128invalid_image_unit_specifierEv!
0x00000000004740f0,invalid_program_counter_binding_number,1148,_ZN7subsdk138invalid_program_counter_binding_numberEv!
0x0000000000474570,out_of_memory,2620,_ZN7subsdk113out_of_memoryEv!
0x0000000000474fb0,f_0_1_2_3_4_5_6_7,1552,_ZN7subsdk117f_0_1_2_3_4_5_6_7Ev!
0x00000000004755c0,astack,1056,_ZN7subsdk16astackEv!
0x00000000004759e0,out_of_memory_2,1056,_ZN7subsdk115out_of_memory_2Ev!
0x0000000000475e00,internal_error_7,1916,_ZN7subsdk116internal_error_7Ev!
0x0000000000476580,multiple_program_parameters_not_allowed_in_one_instructi,372,_ZN7subsdk156multiple_program_parameters_not_allowed_in_one_instructiEv!
0x0000000000476700,sub_476700,476,_ZN7subsdk110sub_476700Ev!
0x00000000004768e0,sub_4768e0,288,_ZN7subsdk110sub_4768e0Ev!
0x0000000000476a00,invalid_local_initialization,448,_ZN7subsdk128invalid_local_initializationEv!
0x0000000000476bc0,size_of_temp_array_must_be_integer,396,_ZN7subsdk134size_of_temp_array_must_be_integerEv!
0x0000000000476d50,invalid_subroutine_number,268,_ZN7subsdk125invalid_subroutine_numberEv!
0x0000000000476e60,out_of_memory_3,876,_ZN7subsdk115out_of_memory_3Ev!
0x00000000004771d0,too_many_program_parameters,668,_ZN7subsdk127too_many_program_parametersEv!
0x0000000000477470,internal_error_8,972,_ZN7subsdk116internal_error_8Ev!
0x0000000000477840,sub_477840,400,_ZN7subsdk110sub_477840Ev!
0x00000000004779d0,sub_4779d0,324,_ZN7subsdk110sub_4779d0Ev!
0x0000000000477b20,sub_477b20,448,_ZN7subsdk110sub_477b20Ev!
0x0000000000477ce0,sub_477ce0,176,_ZN7subsdk110sub_477ce0Ev!
0x0000000000477d90,sub_477d90,608,_ZN7subsdk110sub_477d90Ev!
0x0000000000477ff0,sub_477ff0,136,_ZN7subsdk110sub_477ff0Ev!
0x0000000000478080,sub_478080,280,_ZN7subsdk110sub_478080Ev!
0x00000000004781a0,sub_4781a0,436,_ZN7subsdk110sub_4781a0Ev!
0x0000000000478360,sub_478360,48,_ZN7subsdk110sub_478360Ev!
0x0000000000478390,sub_478390,96,_ZN7subsdk110sub_478390Ev!
0x00000000004783f0,sub_4783f0,28,_ZN7subsdk110sub_4783f0Ev!
0x0000000000478410,sub_478410,12,_ZN7subsdk110sub_478410Ev!
0x0000000000478420,sub_478420,764,_ZN7subsdk110sub_478420Ev!
0x0000000000478720,sub_478720,232,_ZN7subsdk110sub_478720Ev!
0x0000000000478810,sub_478810,180,_ZN7subsdk110sub_478810Ev!
0x00000000004788d0,PerVertex_gl,396,_ZN7subsdk112PerVertex_glEv!
0x0000000000478a60,sub_478a60,116,_ZN7subsdk110sub_478a60Ev!
0x0000000000478ae0,sub_478ae0,1164,_ZN7subsdk110sub_478ae0Ev!
0x0000000000478f70,sub_478f70,100,_ZN7subsdk110sub_478f70Ev!
0x0000000000478fe0,sub_478fe0,256,_ZN7subsdk110sub_478fe0Ev!
0x00000000004790e0,sub_4790e0,148,_ZN7subsdk110sub_4790e0Ev!
0x0000000000479180,sub_479180,156,_ZN7subsdk110sub_479180Ev!
0x0000000000479220,sub_479220,72,_ZN7subsdk110sub_479220Ev!
0x0000000000479270,sub_479270,28,_ZN7subsdk110sub_479270Ev!
0x0000000000479290,sub_479290,48,_ZN7subsdk110sub_479290Ev!
0x00000000004792c0,sub_4792c0,232,_ZN7subsdk110sub_4792c0Ev!
0x00000000004793b0,sub_4793b0,20,_ZN7subsdk110sub_4793b0Ev!
0x00000000004793d0,sub_4793d0,228,_ZN7subsdk110sub_4793d0Ev!
0x00000000004794c0,NV_shader_atomic_float64_2,1728,_ZN7subsdk126NV_shader_atomic_float64_2Ev!
0x0000000000479b80,NV_shader_atomic_float64_3,1856,_ZN7subsdk126NV_shader_atomic_float64_3Ev!
0x000000000047a2c0,vulkan,112,_ZN7subsdk16vulkanEv!
0x000000000047a330,store_required_start_2,176,_ZN7subsdk122store_required_start_2Ev!
0x000000000047a3e0,sub_47a3e0,1584,_ZN7subsdk110sub_47a3e0Ev!
0x000000000047aa10,gl_SecondaryFragDataEXT,26188,_ZN7subsdk123gl_SecondaryFragDataEXTEv!
0x0000000000481060,sub_481060,272,_ZN7subsdk110sub_481060Ev!
0x0000000000481170,EXT_bindless_texture_2,5144,_ZN7subsdk122EXT_bindless_texture_2Ev!
0x0000000000482590,sub_482590,4108,_ZN7subsdk110sub_482590Ev!
0x00000000004835a0,ilog__u__u,2456,_ZN7subsdk110ilog__u__uEv!
0x0000000000483f40,sub_483f40,236,_ZN7subsdk110sub_483f40Ev!
0x0000000000484030,sub_484030,1260,_ZN7subsdk110sub_484030Ev!
0x0000000000484520,sub_484520,404,_ZN7subsdk110sub_484520Ev!
0x00000000004846c0,SRC1COL,2148,_ZN7subsdk17SRC1COLEv!
0x0000000000484f30,sub_484f30,376,_ZN7subsdk110sub_484f30Ev!
0x00000000004850b0,gl_PrivateDriverBlock,20112,_ZN7subsdk121gl_PrivateDriverBlockEv!
0x0000000000489f40,gl_PerFragment,1204,_ZN7subsdk114gl_PerFragmentEv!
0x000000000048a400,gl_PerVertex_s,228,_ZN7subsdk114gl_PerVertex_sEv!
0x000000000048a4f0,samplerExternalBindless,412,_ZN7subsdk123samplerExternalBindlessEv!
0x000000000048a690,r11_g11_b10,1228,_ZN7subsdk111r11_g11_b10Ev!
0x000000000048ab60,sub_48ab60,176,_ZN7subsdk125sub_48ab60_subsdk1_48ab60Ev!
0x000000000048ac10,sub_48ac10,304,_ZN7subsdk110sub_48ac10Ev!
0x000000000048ad40,sub_48ad40,1028,_ZN7subsdk110sub_48ad40Ev!
0x000000000048b150,Failed_to_allocate_required_internal_memory,552,_ZN7subsdk143Failed_to_allocate_required_internal_memoryEv!
0x000000000048b380,sub_48b380,116,_ZN7subsdk110sub_48b380Ev!
0x000000000048b400,out_of_memory_4,1160,_ZN7subsdk115out_of_memory_4Ev!
0x000000000048b890,sub_48b890,380,_ZN7subsdk110sub_48b890Ev!
0x000000000048ba10,sub_48ba10,660,_ZN7subsdk125sub_48ba10_subsdk1_48ba10Ev!
0x000000000048bcb0,sub_48bcb0,228,_ZN7subsdk110sub_48bcb0Ev!
0x000000000048bda0,sub_48bda0,300,_ZN7subsdk110sub_48bda0Ev!
0x000000000048bed0,samplerExternalBindless_2,1336,_ZN7subsdk125samplerExternalBindless_2Ev!
0x000000000048c410,unnamed_44,492,_ZN7subsdk125unnamed_44_subsdk1_48c410Ev!
0x000000000048c600,sub_48c600,156,_ZN7subsdk110sub_48c600Ev!
0x000000000048c6a0,error_type_mismatch_between_shaders_for_uniform_named_s,444,_ZN7subsdk155error_type_mismatch_between_shaders_for_uniform_named_sEv!
0x000000000048c860,error_layout_mismatch_between_shaders_for_uniform_named,648,_ZN7subsdk155error_layout_mismatch_between_shaders_for_uniform_namedEv!
0x000000000048caf0,sub_48caf0,240,_ZN7subsdk110sub_48caf0Ev!
0x000000000048cbe0,sub_48cbe0,76,_ZN7subsdk110sub_48cbe0Ev!
0x000000000048cc30,sub_48cc30,540,_ZN7subsdk125sub_48cc30_subsdk1_48cc30Ev!
0x000000000048ce50,sub_48ce50,780,_ZN7subsdk110sub_48ce50Ev!
0x000000000048d160,sub_48d160,248,_ZN7subsdk110sub_48d160Ev!
0x000000000048d260,sub_48d260,380,_ZN7subsdk110sub_48d260Ev!
0x000000000048d3e0,sub_48d3e0,452,_ZN7subsdk110sub_48d3e0Ev!
0x000000000048d5b0,sub_48d5b0,660,_ZN7subsdk110sub_48d5b0Ev!
0x000000000048d850,sub_48d850,56,_ZN7subsdk110sub_48d850Ev!
0x000000000048d890,sub_48d890,380,_ZN7subsdk110sub_48d890Ev!
0x000000000048da10,sub_48da10,660,_ZN7subsdk110sub_48da10Ev!
0x000000000048dcb0,sub_48dcb0,56,_ZN7subsdk110sub_48dcb0Ev!
0x000000000048dcf0,sub_48dcf0,56,_ZN7subsdk110sub_48dcf0Ev!
0x000000000048dd30,sub_48dd30,132,_ZN7subsdk110sub_48dd30Ev!
0x000000000048ddc0,sub_48ddc0,64,_ZN7subsdk110sub_48ddc0Ev!
0x000000000048de00,sub_48de00,120,_ZN7subsdk125sub_48de00_subsdk1_48de00Ev!
0x000000000048de80,sub_48de80,348,_ZN7subsdk110sub_48de80Ev!
0x000000000048dfe0,sub_48dfe0,1172,_ZN7subsdk110sub_48dfe0Ev!
0x000000000048e480,sub_48e480,280,_ZN7subsdk110sub_48e480Ev!
0x000000000048e5a0,sub_48e5a0,772,_ZN7subsdk110sub_48e5a0Ev!
0x000000000048e8b0,sub_48e8b0,124,_ZN7subsdk110sub_48e8b0Ev!
0x000000000048e930,sub_48e930,1048,_ZN7subsdk110sub_48e930Ev!
0x000000000048ed50,sub_48ed50,136,_ZN7subsdk110sub_48ed50Ev!
0x000000000048ede0,sub_48ede0,332,_ZN7subsdk110sub_48ede0Ev!
0x000000000048ef30,sub_48ef30,184,_ZN7subsdk110sub_48ef30Ev!
0x000000000048eff0,sub_48eff0,184,_ZN7subsdk110sub_48eff0Ev!
0x000000000048f0b0,sub_48f0b0,164,_ZN7subsdk110sub_48f0b0Ev!
0x000000000048f160,sub_48f160,592,_ZN7subsdk110sub_48f160Ev!
0x000000000048f3b0,sub_48f3b0,68,_ZN7subsdk110sub_48f3b0Ev!
0x000000000048f400,sub_48f400,864,_ZN7subsdk110sub_48f400Ev!
0x000000000048f760,sub_48f760,316,_ZN7subsdk110sub_48f760Ev!
0x000000000048f8a0,sub_48f8a0,648,_ZN7subsdk110sub_48f8a0Ev!
0x000000000048fb30,sub_48fb30,324,_ZN7subsdk110sub_48fb30Ev!
0x000000000048fc80,sub_48fc80,560,_ZN7subsdk110sub_48fc80Ev!
0x000000000048feb0,sub_48feb0,324,_ZN7subsdk110sub_48feb0Ev!
0x0000000000490000,sub_490000,324,_ZN7subsdk110sub_490000Ev!
0x0000000000490150,sub_490150,284,_ZN7subsdk110sub_490150Ev!
0x0000000000490270,sub_490270,1800,_ZN7subsdk110sub_490270Ev!
0x0000000000490980,sub_490980,352,_ZN7subsdk110sub_490980Ev!
0x0000000000490ae0,sub_490ae0,352,_ZN7subsdk110sub_490ae0Ev!
0x0000000000490c40,sub_490c40,352,_ZN7subsdk110sub_490c40Ev!
0x0000000000490da0,sub_490da0,352,_ZN7subsdk110sub_490da0Ev!
0x0000000000490f00,sub_490f00,408,_ZN7subsdk110sub_490f00Ev!
0x00000000004910a0,sub_4910a0,408,_ZN7subsdk110sub_4910a0Ev!
0x0000000000491240,sub_491240,400,_ZN7subsdk110sub_491240Ev!
0x00000000004913d0,sub_4913d0,160,_ZN7subsdk110sub_4913d0Ev!
0x0000000000491470,sub_491470,68,_ZN7subsdk110sub_491470Ev!
0x00000000004914c0,sub_4914c0,24,_ZN7subsdk110sub_4914c0Ev!
0x00000000004914e0,sub_4914e0,2940,_ZN7subsdk110sub_4914e0Ev!
0x0000000000492060,sub_492060,304,_ZN7subsdk110sub_492060Ev!
0x0000000000492190,sub_492190,504,_ZN7subsdk125sub_492190_subsdk1_492190Ev!
0x0000000000492390,sub_492390,76,_ZN7subsdk110sub_492390Ev!
0x00000000004923e0,sub_4923e0,276,_ZN7subsdk110sub_4923e0Ev!
0x0000000000492500,sub_492500,120,_ZN7subsdk110sub_492500Ev!
0x0000000000492580,sub_492580,44,_ZN7subsdk110sub_492580Ev!
0x00000000004925b0,sub_4925b0,224,_ZN7subsdk110sub_4925b0Ev!
0x0000000000492690,sub_492690,704,_ZN7subsdk110sub_492690Ev!
0x0000000000492950,sub_492950,296,_ZN7subsdk110sub_492950Ev!
0x0000000000492a80,sub_492a80,1232,_ZN7subsdk110sub_492a80Ev!
0x0000000000492f50,sub_492f50,168,_ZN7subsdk110sub_492f50Ev!
0x0000000000493000,sub_493000,64,_ZN7subsdk110sub_493000Ev!
0x0000000000493040,sub_493040,416,_ZN7subsdk110sub_493040Ev!
0x00000000004931e0,sub_4931e0,120,_ZN7subsdk110sub_4931e0Ev!
0x0000000000493260,sub_493260,804,_ZN7subsdk110sub_493260Ev!
0x0000000000493590,sub_493590,52,_ZN7subsdk110sub_493590Ev!
0x00000000004935d0,sub_4935d0,364,_ZN7subsdk110sub_4935d0Ev!
0x0000000000493740,sub_493740,96,_ZN7subsdk110sub_493740Ev!
0x00000000004937a0,sub_4937a0,356,_ZN7subsdk110sub_4937a0Ev!
0x0000000000493910,sub_493910,100,_ZN7subsdk110sub_493910Ev!
0x0000000000493980,sub_493980,352,_ZN7subsdk110sub_493980Ev!
0x0000000000493ae0,sub_493ae0,84,_ZN7subsdk110sub_493ae0Ev!
0x0000000000493b40,sub_493b40,984,_ZN7subsdk110sub_493b40Ev!
0x0000000000493f20,sub_493f20,72,_ZN7subsdk110sub_493f20Ev!
0x0000000000493f70,sub_493f70,804,_ZN7subsdk110sub_493f70Ev!
0x00000000004942a0,sub_4942a0,60,_ZN7subsdk110sub_4942a0Ev!
0x00000000004942e0,sub_4942e0,420,_ZN7subsdk110sub_4942e0Ev!
0x0000000000494490,sub_494490,1616,_ZN7subsdk125sub_494490_subsdk1_494490Ev!
0x0000000000494ae0,sub_494ae0,152,_ZN7subsdk110sub_494ae0Ev!
0x0000000000494b80,sub_494b80,1208,_ZN7subsdk110sub_494b80Ev!
0x0000000000495040,sub_495040,60,_ZN7subsdk125sub_495040_subsdk1_495040Ev!
0x0000000000495080,sub_495080,512,_ZN7subsdk110sub_495080Ev!
0x0000000000495280,sub_495280,692,_ZN7subsdk110sub_495280Ev!
0x0000000000495540,sub_495540,36,_ZN7subsdk110sub_495540Ev!
0x0000000000495570,sub_495570,232,_ZN7subsdk110sub_495570Ev!
0x0000000000495660,sub_495660,84,_ZN7subsdk110sub_495660Ev!
0x00000000004956c0,sub_4956c0,3896,_ZN7subsdk110sub_4956c0Ev!
0x0000000000496600,sub_496600,120,_ZN7subsdk110sub_496600Ev!
0x0000000000496680,sub_496680,1832,_ZN7subsdk110sub_496680Ev!
0x0000000000496db0,sub_496db0,160,_ZN7subsdk110sub_496db0Ev!
0x0000000000496e50,sub_496e50,340,_ZN7subsdk125sub_496e50_subsdk1_496e50Ev!
0x0000000000496fb0,sub_496fb0,4,_Z16subsdk1_f_496fb0v
0x0000000000496fc0,sub_496fc0,76,_ZN7subsdk110sub_496fc0Ev!
0x0000000000497010,sub_497010,196,_ZN7subsdk110sub_497010Ev!
0x00000000004970e0,sub_4970e0,12,_Z16subsdk1_f_4970e0Pv
0x00000000004970f0,sub_4970f0,432,_ZN7subsdk110sub_4970f0Ev!
0x00000000004972a0,sub_4972a0,176,_ZN7subsdk110sub_4972a0Ev!
0x0000000000497350,sub_497350,296,_ZN7subsdk110sub_497350Ev!
0x0000000000497480,sub_497480,1452,_ZN7subsdk110sub_497480Ev!
0x0000000000497a30,sub_497a30,92,_ZN7subsdk110sub_497a30Ev!
0x0000000000497a90,sub_497a90,572,_ZN7subsdk110sub_497a90Ev!
0x0000000000497cd0,sub_497cd0,112,_ZN7subsdk110sub_497cd0Ev!
0x0000000000497d40,sub_497d40,384,_ZN7subsdk125sub_497d40_subsdk1_497d40Ev!
0x0000000000497ec0,sub_497ec0,644,_ZN7subsdk110sub_497ec0Ev!
0x0000000000498150,sub_498150,480,_ZN7subsdk110sub_498150Ev!
0x0000000000498330,sub_498330,824,_ZN7subsdk110sub_498330Ev!
0x0000000000498670,sub_498670,56,_ZN7subsdk110sub_498670Ev!
0x00000000004986b0,sub_4986b0,2796,_ZN7subsdk110sub_4986b0Ev!
0x00000000004991a0,sub_4991a0,424,_ZN7subsdk110sub_4991a0Ev!
0x0000000000499350,sub_499350,1820,_ZN7subsdk110sub_499350Ev!
0x0000000000499a70,sub_499a70,10456,_ZN7subsdk110sub_499a70Ev!
0x000000000049c350,sub_49c350,56,_ZN7subsdk110sub_49c350Ev!
0x000000000049c390,sub_49c390,4912,_ZN7subsdk110sub_49c390Ev!
0x000000000049d6c0,sub_49d6c0,40,_ZN7subsdk110sub_49d6c0Ev!
0x000000000049d6f0,sub_49d6f0,1292,_ZN7subsdk110sub_49d6f0Ev!
0x000000000049dc00,sub_49dc00,60,_ZN7subsdk110sub_49dc00Ev!
0x000000000049dc40,sub_49dc40,140,_ZN7subsdk110sub_49dc40Ev!
0x000000000049dcd0,sub_49dcd0,1512,_ZN7subsdk110sub_49dcd0Ev!
0x000000000049e2c0,sub_49e2c0,1228,_ZN7subsdk110sub_49e2c0Ev!
0x000000000049e790,sub_49e790,176,_ZN7subsdk125sub_49e790_subsdk1_49e790Ev!
0x000000000049e840,sub_49e840,632,_ZN7subsdk110sub_49e840Ev!
0x000000000049eac0,sub_49eac0,364,_ZN7subsdk125sub_49eac0_subsdk1_49eac0Ev!
0x000000000049ec30,sub_49ec30,452,_ZN7subsdk125sub_49ec30_subsdk1_49ec30Ev!
0x000000000049ee00,sub_49ee00,36,_ZN7subsdk110sub_49ee00Ev!
0x000000000049ee30,sub_49ee30,1908,_ZN7subsdk110sub_49ee30Ev!
0x000000000049f5b0,sub_49f5b0,204,_ZN7subsdk110sub_49f5b0Ev!
0x000000000049f680,sub_49f680,12,_Z16subsdk1_f_49f680Pv
0x000000000049f690,sub_49f690,60,_ZN7subsdk110sub_49f690Ev!
0x000000000049f6d0,sub_49f6d0,1744,_ZN7subsdk110sub_49f6d0Ev!
0x000000000049fda0,sub_49fda0,284,_ZN7subsdk110sub_49fda0Ev!
0x000000000049fec0,sub_49fec0,20,_ZN7subsdk110sub_49fec0Ev!
0x000000000049fee0,sub_49fee0,40,_ZN7subsdk110sub_49fee0Ev!
0x000000000049ff10,sub_49ff10,40,_ZN7subsdk110sub_49ff10Ev!
0x000000000049ff40,sub_49ff40,20,_Z16subsdk1_f_49ff40Pv
0x000000000049ff60,sub_49ff60,820,_ZN7subsdk110sub_49ff60Ev!
0x00000000004a02a0,sub_4a02a0,84,_ZN7subsdk110sub_4a02a0Ev!
0x00000000004a0300,sub_4a0300,12,_Z16subsdk1_f_4a0300Pv
0x00000000004a0310,sub_4a0310,2736,_ZN7subsdk110sub_4a0310Ev!
0x00000000004a0dc0,sub_4a0dc0,384,_ZN7subsdk110sub_4a0dc0Ev!
0x00000000004a0f40,sub_4a0f40,44,_ZN7subsdk110sub_4a0f40Ev!
0x00000000004a0f70,sub_4a0f70,1396,_ZN7subsdk110sub_4a0f70Ev!
0x00000000004a14f0,sub_4a14f0,88,_ZN7subsdk110sub_4a14f0Ev!
0x00000000004a1550,sub_4a1550,380,_ZN7subsdk110sub_4a1550Ev!
0x00000000004a16d0,sub_4a16d0,144,_ZN7subsdk110sub_4a16d0Ev!
0x00000000004a1760,sub_4a1760,424,_ZN7subsdk110sub_4a1760Ev!
0x00000000004a1910,sub_4a1910,144,_ZN7subsdk110sub_4a1910Ev!
0x00000000004a19a0,sub_4a19a0,108,_ZN7subsdk110sub_4a19a0Ev!
0x00000000004a1a10,sub_4a1a10,420,_ZN7subsdk110sub_4a1a10Ev!
0x00000000004a1bc0,sub_4a1bc0,108,_ZN7subsdk110sub_4a1bc0Ev!
0x00000000004a1c30,sub_4a1c30,60,_ZN7subsdk110sub_4a1c30Ev!
0x00000000004a1c70,sub_4a1c70,1712,_ZN7subsdk110sub_4a1c70Ev!
0x00000000004a2320,sub_4a2320,2644,_ZN7subsdk110sub_4a2320Ev!
0x00000000004a2d80,sub_4a2d80,156,_ZN7subsdk110sub_4a2d80Ev!
0x00000000004a2e20,sub_4a2e20,60,_ZN7subsdk125sub_4a2e20_subsdk1_4a2e20Ev!
0x00000000004a2e60,sub_4a2e60,740,_ZN7subsdk110sub_4a2e60Ev!
0x00000000004a3150,sub_4a3150,28,_ZN7subsdk110sub_4a3150Ev!
0x00000000004a3170,sub_4a3170,28,_ZN7subsdk110sub_4a3170Ev!
0x00000000004a3190,sub_4a3190,992,_ZN7subsdk110sub_4a3190Ev!
0x00000000004a3570,sub_4a3570,12,_ZN7subsdk110sub_4a3570Ev!
0x00000000004a3580,sub_4a3580,11064,_ZN7subsdk110sub_4a3580Ev!
0x00000000004a60c0,sub_4a60c0,6292,_ZN7subsdk110sub_4a60c0Ev!
0x00000000004a7960,sub_4a7960,616,_ZN7subsdk110sub_4a7960Ev!
0x00000000004a7bd0,sub_4a7bd0,7956,_ZN7subsdk110sub_4a7bd0Ev!
0x00000000004a9af0,sub_4a9af0,508,_ZN7subsdk110sub_4a9af0Ev!
0x00000000004a9cf0,sub_4a9cf0,11632,_ZN7subsdk110sub_4a9cf0Ev!
0x00000000004aca60,sub_4aca60,1412,_ZN7subsdk110sub_4aca60Ev!
0x00000000004acff0,sub_4acff0,664,_ZN7subsdk110sub_4acff0Ev!
0x00000000004ad290,sub_4ad290,1076,_ZN7subsdk110sub_4ad290Ev!
0x00000000004ad6d0,sub_4ad6d0,116,_ZN7subsdk110sub_4ad6d0Ev!
0x00000000004ad750,sub_4ad750,2644,_ZN7subsdk110sub_4ad750Ev!
0x00000000004ae1b0,sub_4ae1b0,380,_ZN7subsdk110sub_4ae1b0Ev!
0x00000000004ae330,sub_4ae330,660,_ZN7subsdk110sub_4ae330Ev!
0x00000000004ae5d0,sub_4ae5d0,300,_ZN7subsdk110sub_4ae5d0Ev!
0x00000000004ae700,sub_4ae700,596,_ZN7subsdk110sub_4ae700Ev!
0x00000000004ae960,sub_4ae960,416,_ZN7subsdk110sub_4ae960Ev!
0x00000000004aeb00,sub_4aeb00,4784,_ZN7subsdk110sub_4aeb00Ev!
0x00000000004afdb0,sub_4afdb0,56,_ZN7subsdk110sub_4afdb0Ev!
0x00000000004afdf0,sub_4afdf0,260,_ZN7subsdk125sub_4afdf0_subsdk1_4afdf0Ev!
0x00000000004aff00,sub_4aff00,472,_ZN7subsdk110sub_4aff00Ev!
0x00000000004b00e0,sub_4b00e0,120,_ZN7subsdk110sub_4b00e0Ev!
0x00000000004b0160,sub_4b0160,676,_ZN7subsdk110sub_4b0160Ev!
0x00000000004b0410,sub_4b0410,6512,_ZN7subsdk110sub_4b0410Ev!
0x00000000004b1d80,sub_4b1d80,236,_ZN7subsdk110sub_4b1d80Ev!
0x00000000004b1e70,sub_4b1e70,696,_ZN7subsdk110sub_4b1e70Ev!
0x00000000004b2130,sub_4b2130,152,_ZN7subsdk110sub_4b2130Ev!
0x00000000004b21d0,sub_4b21d0,1052,_ZN7subsdk110sub_4b21d0Ev!
0x00000000004b25f0,sub_4b25f0,772,_ZN7subsdk110sub_4b25f0Ev!
0x00000000004b2900,sub_4b2900,236,_ZN7subsdk110sub_4b2900Ev!
0x00000000004b29f0,sub_4b29f0,236,_ZN7subsdk110sub_4b29f0Ev!
0x00000000004b2ae0,sub_4b2ae0,120,_ZN7subsdk110sub_4b2ae0Ev!
0x00000000004b2b60,sub_4b2b60,380,_ZN7subsdk110sub_4b2b60Ev!
0x00000000004b2ce0,sub_4b2ce0,16,_ZN7subsdk110sub_4b2ce0Ev!
0x00000000004b2cf0,sub_4b2cf0,424,_ZN7subsdk110sub_4b2cf0Ev!
0x00000000004b2ea0,sub_4b2ea0,208,_ZN7subsdk110sub_4b2ea0Ev!
0x00000000004b2f70,sub_4b2f70,696,_ZN7subsdk110sub_4b2f70Ev!
0x00000000004b3230,sub_4b3230,208,_ZN7subsdk110sub_4b3230Ev!
0x00000000004b3300,sub_4b3300,236,_ZN7subsdk110sub_4b3300Ev!
0x00000000004b33f0,sub_4b33f0,480,_ZN7subsdk110sub_4b33f0Ev!
0x00000000004b35d0,sub_4b35d0,1512,_ZN7subsdk110sub_4b35d0Ev!
0x00000000004b3bc0,sub_4b3bc0,968,_ZN7subsdk110sub_4b3bc0Ev!
0x00000000004b3f90,sub_4b3f90,1104,_ZN7subsdk110sub_4b3f90Ev!
0x00000000004b43e0,sub_4b43e0,308,_ZN7subsdk110sub_4b43e0Ev!
0x00000000004b4520,sub_4b4520,180,_ZN7subsdk110sub_4b4520Ev!
0x00000000004b45e0,sub_4b45e0,324,_ZN7subsdk110sub_4b45e0Ev!
0x00000000004b4730,sub_4b4730,440,_ZN7subsdk110sub_4b4730Ev!
0x00000000004b48f0,sub_4b48f0,916,_ZN7subsdk110sub_4b48f0Ev!
0x00000000004b4c90,sub_4b4c90,120,_ZN7subsdk110sub_4b4c90Ev!
0x00000000004b4d10,sub_4b4d10,4,_Z16subsdk1_f_4b4d10v
0x00000000004b4d20,sub_4b4d20,4,_Z16subsdk1_f_4b4d20v
0x00000000004b4d30,sub_4b4d30,24,_ZN7subsdk110sub_4b4d30Ev!
0x00000000004b4d50,sub_4b4d50,80,_ZN7subsdk110sub_4b4d50Ev!
0x00000000004b4da0,sub_4b4da0,4,_Z16subsdk1_f_4b4da0v
0x00000000004b4db0,sub_4b4db0,416,_ZN7subsdk110sub_4b4db0Ev!
0x00000000004b4f50,sub_4b4f50,304,_ZN7subsdk110sub_4b4f50Ev!
0x00000000004b5080,sub_4b5080,16912,_ZN7subsdk110sub_4b5080Ev!
0x00000000004b9290,sub_4b9290,1620,_ZN7subsdk110sub_4b9290Ev!
0x00000000004b98f0,sub_4b98f0,772,_ZN7subsdk110sub_4b98f0Ev!
0x00000000004b9c00,sub_4b9c00,1796,_ZN7subsdk110sub_4b9c00Ev!
0x00000000004ba310,sub_4ba310,220,_ZN7subsdk110sub_4ba310Ev!
0x00000000004ba3f0,sub_4ba3f0,1764,_ZN7subsdk110sub_4ba3f0Ev!
0x00000000004baae0,sub_4baae0,1620,_ZN7subsdk110sub_4baae0Ev!
0x00000000004bb140,sub_4bb140,244,_ZN7subsdk110sub_4bb140Ev!
0x00000000004bb240,LightSource_specular,1040,_ZN7subsdk120LightSource_specularEv!
0x00000000004bb650,sub_4bb650,232,_ZN7subsdk110sub_4bb650Ev!
0x00000000004bb740,sub_4bb740,484,_ZN7subsdk110sub_4bb740Ev!
0x00000000004bb930,sub_4bb930,976,_ZN7subsdk110sub_4bb930Ev!
0x00000000004bbd00,sub_4bbd00,696,_ZN7subsdk110sub_4bbd00Ev!
0x00000000004bbfc0,sub_4bbfc0,660,_ZN7subsdk110sub_4bbfc0Ev!
0x00000000004bc260,sub_4bc260,356,_ZN7subsdk110sub_4bc260Ev!
0x00000000004bc3d0,sub_4bc3d0,648,_ZN7subsdk110sub_4bc3d0Ev!
0x00000000004bc660,sub_4bc660,304,_ZN7subsdk110sub_4bc660Ev!
0x00000000004bc790,sub_4bc790,536,_ZN7subsdk110sub_4bc790Ev!
0x00000000004bc9b0,sub_4bc9b0,324,_ZN7subsdk110sub_4bc9b0Ev!
0x00000000004bcb00,sub_4bcb00,340,_ZN7subsdk110sub_4bcb00Ev!
0x00000000004bcc60,sub_4bcc60,684,_ZN7subsdk110sub_4bcc60Ev!
0x00000000004bcf10,sub_4bcf10,1344,_ZN7subsdk110sub_4bcf10Ev!
0x00000000004bd450,f_333333_2,1020,_ZN7subsdk110f_333333_2Ev!
0x00000000004bd850,sub_4bd850,640,_ZN7subsdk110sub_4bd850Ev!
0x00000000004bdad0,sub_4bdad0,204,_ZN7subsdk110sub_4bdad0Ev!
0x00000000004bdba0,sub_4bdba0,268,_ZN7subsdk110sub_4bdba0Ev!
0x00000000004bdcb0,sub_4bdcb0,8,_Z16subsdk1_f_4bdcb0v
0x00000000004bdcc0,sub_4bdcc0,52,_ZN7subsdk110sub_4bdcc0Ev!
0x00000000004bdd00,sub_4bdd00,56,_ZN7subsdk110sub_4bdd00Ev!
0x00000000004bdd40,sub_4bdd40,52,_ZN7subsdk110sub_4bdd40Ev!
0x00000000004bdd80,sub_4bdd80,100,_ZN7subsdk110sub_4bdd80Ev!
0x00000000004bddf0,sub_4bddf0,16,_ZN7subsdk110sub_4bddf0Ev!
0x00000000004bde00,sub_4bde00,100,_ZN7subsdk110sub_4bde00Ev!
0x00000000004bde70,sub_4bde70,80,_ZN7subsdk110sub_4bde70Ev!
0x00000000004bdec0,sub_4bdec0,80,_ZN7subsdk125sub_4bdec0_subsdk1_4bdec0Ev!
0x00000000004bdf10,sub_4bdf10,80,_ZN7subsdk125sub_4bdf10_subsdk1_4bdf10Ev!
0x00000000004bdf60,sub_4bdf60,72,_ZN7subsdk110sub_4bdf60Ev!
0x00000000004bdfb0,sub_4bdfb0,12,_ZN7subsdk125sub_4bdfb0_subsdk1_4bdfb0Ev!
0x00000000004bdfc0,sub_4bdfc0,56,_ZN7subsdk125sub_4bdfc0_subsdk1_4bdfc0Ev!
0x00000000004be000,sub_4be000,8,_Z16subsdk1_f_4be000v
0x00000000004be010,sub_4be010,3944,_ZN7subsdk110sub_4be010Ev!
0x00000000004bef80,sub_4bef80,364,_ZN7subsdk110sub_4bef80Ev!
0x00000000004bf0f0,sub_4bf0f0,432,_ZN7subsdk110sub_4bf0f0Ev!
0x00000000004bf2a0,sub_4bf2a0,32,_ZN7subsdk110sub_4bf2a0Ev!
0x00000000004bf2c0,sub_4bf2c0,216,_ZN7subsdk110sub_4bf2c0Ev!
0x00000000004bf3a0,sub_4bf3a0,284,_ZN7subsdk110sub_4bf3a0Ev!
0x00000000004bf4c0,sub_4bf4c0,408,_ZN7subsdk110sub_4bf4c0Ev!
0x00000000004bf660,sub_4bf660,408,_ZN7subsdk125sub_4bf660_subsdk1_4bf660Ev!
0x00000000004bf800,sub_4bf800,408,_ZN7subsdk110sub_4bf800Ev!
0x00000000004bf9a0,sub_4bf9a0,368,_ZN7subsdk110sub_4bf9a0Ev!
0x00000000004bfb10,sub_4bfb10,368,_ZN7subsdk110sub_4bfb10Ev!
0x00000000004bfc80,sub_4bfc80,368,_ZN7subsdk110sub_4bfc80Ev!
0x00000000004bfdf0,sub_4bfdf0,4,_Z16subsdk1_f_4bfdf0v
0x00000000004bfe00,sub_4bfe00,4,_Z16subsdk1_f_4bfe00v
0x00000000004bfe10,sub_4bfe10,8,_Z16subsdk1_f_4bfe10Pv
0x00000000004bfe20,sub_4bfe20,64,_ZN7subsdk110sub_4bfe20Ev!
0x00000000004bfe60,sub_4bfe60,112,_ZN7subsdk110sub_4bfe60Ev!
0x00000000004bfed0,sub_4bfed0,76,_ZN7subsdk110sub_4bfed0Ev!
0x00000000004bff20,sub_4bff20,172,_ZN7subsdk110sub_4bff20Ev!
0x00000000004bffd0,sub_4bffd0,840,_ZN7subsdk110sub_4bffd0Ev!
0x00000000004c0320,sub_4c0320,192,_ZN7subsdk110sub_4c0320Ev!
0x00000000004c03e0,sub_4c03e0,204,_ZN7subsdk110sub_4c03e0Ev!
0x00000000004c04b0,sub_4c04b0,208,_ZN7subsdk110sub_4c04b0Ev!
0x00000000004c0580,sub_4c0580,184,_ZN7subsdk110sub_4c0580Ev!
0x00000000004c0640,sub_4c0640,140,_ZN7subsdk110sub_4c0640Ev!
0x00000000004c06d0,sub_4c06d0,264,_ZN7subsdk110sub_4c06d0Ev!
0x00000000004c07e0,sub_4c07e0,884,_ZN7subsdk125sub_4c07e0_subsdk1_4c07e0Ev!
0x00000000004c0b60,sub_4c0b60,72,_ZN7subsdk110sub_4c0b60Ev!
0x00000000004c0bb0,sub_4c0bb0,28,_ZN7subsdk110sub_4c0bb0Ev!
0x00000000004c0bd0,sub_4c0bd0,28,_ZN7subsdk110sub_4c0bd0Ev!
0x00000000004c0bf0,sub_4c0bf0,120,_ZN7subsdk110sub_4c0bf0Ev!
0x00000000004c0c70,sub_4c0c70,12,_ZN7subsdk110sub_4c0c70Ev!
0x00000000004c0c80,sub_4c0c80,8,_ZN7subsdk110sub_4c0c80Ev!
0x00000000004c0c90,sub_4c0c90,8,_ZN7subsdk110sub_4c0c90Ev!
0x00000000004c0ca0,sub_4c0ca0,8,_ZN7subsdk110sub_4c0ca0Ev!
0x00000000004c0cb0,sub_4c0cb0,4,_Z16subsdk1_f_4c0cb0v
0x00000000004c0cc0,sub_4c0cc0,4,_Z16subsdk1_f_4c0cc0v
0x00000000004c0cd0,sub_4c0cd0,4,_Z16subsdk1_f_4c0cd0v
0x00000000004c0ce0,sub_4c0ce0,4,_Z16subsdk1_f_4c0ce0v
0x00000000004c0cf0,sub_4c0cf0,4,_Z16subsdk1_f_4c0cf0v
0x00000000004c0d00,sub_4c0d00,4,_Z16subsdk1_f_4c0d00v
0x00000000004c0d10,sub_4c0d10,88,_ZN7subsdk110sub_4c0d10Ev!
0x00000000004c0d70,sub_4c0d70,396,_ZN7subsdk110sub_4c0d70Ev!
0x00000000004c0f00,sub_4c0f00,136,_ZN7subsdk110sub_4c0f00Ev!
0x00000000004c0f90,sub_4c0f90,140,_ZN7subsdk110sub_4c0f90Ev!
0x00000000004c1020,sub_4c1020,768,_ZN7subsdk110sub_4c1020Ev!
0x00000000004c1320,sub_4c1320,1632,_ZN7subsdk110sub_4c1320Ev!
0x00000000004c1980,sub_4c1980,464,_ZN7subsdk110sub_4c1980Ev!
0x00000000004c1b50,sub_4c1b50,284,_ZN7subsdk110sub_4c1b50Ev!
0x00000000004c1c70,sub_4c1c70,356,_ZN7subsdk110sub_4c1c70Ev!
0x00000000004c1de0,sub_4c1de0,1360,_ZN7subsdk110sub_4c1de0Ev!
0x00000000004c2330,sub_4c2330,1616,_ZN7subsdk125sub_4c2330_subsdk1_4c2330Ev!
0x00000000004c2980,sub_4c2980,8,_ZN7subsdk110sub_4c2980Ev!
0x00000000004c2990,sub_4c2990,8,_ZN7subsdk110sub_4c2990Ev!
0x00000000004c29a0,sub_4c29a0,64,_ZN7subsdk110sub_4c29a0Ev!
0x00000000004c29e0,sub_4c29e0,8,_ZN7subsdk125sub_4c29e0_subsdk1_4c29e0Ev!
0x00000000004c29f0,sub_4c29f0,8,_Z16subsdk1_f_4c29f0v
0x00000000004c2a00,sub_4c2a00,4,_Z16subsdk1_f_4c2a00v
0x00000000004c2a10,sub_4c2a10,368,_ZN7subsdk110sub_4c2a10Ev!
0x00000000004c2b80,sub_4c2b80,4,_Z16subsdk1_f_4c2b80v
0x00000000004c2b90,r11_g11_b10_2,2148,_ZN7subsdk113r11_g11_b10_2Ev!
0x00000000004c3400,contiguous,1420,_ZN7subsdk110contiguousEv!
0x00000000004c3990,contiguous_2,512,_ZN7subsdk112contiguous_2Ev!
0x00000000004c3b90,sub_4c3b90,144,_ZN7subsdk110sub_4c3b90Ev!
0x00000000004c3c20,sub_4c3c20,336,_ZN7subsdk110sub_4c3c20Ev!
0x00000000004c3d70,sub_4c3d70,296,_ZN7subsdk110sub_4c3d70Ev!
0x00000000004c3ea0,sub_4c3ea0,476,_ZN7subsdk110sub_4c3ea0Ev!
0x00000000004c4080,sub_4c4080,132,_ZN7subsdk125sub_4c4080_subsdk1_4c4080Ev!
0x00000000004c4110,sub_4c4110,168,_ZN7subsdk110sub_4c4110Ev!
0x00000000004c41c0,sub_4c41c0,156,_ZN7subsdk110sub_4c41c0Ev!
0x00000000004c4260,sub_4c4260,180,_ZN7subsdk110sub_4c4260Ev!
0x00000000004c4320,sub_4c4320,152,_ZN7subsdk110sub_4c4320Ev!
0x00000000004c43c0,sub_4c43c0,1212,_ZN7subsdk110sub_4c43c0Ev!
0x00000000004c4880,sub_4c4880,524,_ZN7subsdk110sub_4c4880Ev!
0x00000000004c4a90,sub_4c4a90,24,_Z16subsdk1_f_4c4a90j
0x00000000004c4ab0,sub_4c4ab0,40,_ZN7subsdk110sub_4c4ab0Ev!
0x00000000004c4ae0,sub_4c4ae0,8,_Z16subsdk1_f_4c4ae0v
0x00000000004c4af0,sub_4c4af0,84,_ZN7subsdk110sub_4c4af0Ev!
0x00000000004c4b50,sub_4c4b50,1864,_ZN7subsdk110sub_4c4b50Ev!
0x00000000004c52a0,sub_4c52a0,248,_ZN7subsdk110sub_4c52a0Ev!
0x00000000004c53a0,sub_4c53a0,8,_ZN7subsdk110sub_4c53a0Ev!
0x00000000004c53b0,sub_4c53b0,12,_ZN7subsdk110sub_4c53b0Ev!
0x00000000004c53c0,Error_allocating_memory_for_debug_data,1160,_ZN7subsdk138Error_allocating_memory_for_debug_dataEv!
0x00000000004c5850,Error_allocating_memory,576,_ZN7subsdk123Error_allocating_memoryEv!
0x00000000004c5a90,Error_allocating_internal_memory_for_string_pool,7468,_ZN7subsdk148Error_allocating_internal_memory_for_string_poolEv!
0x00000000004c77c0,sub_4c77c0,164,_ZN7subsdk110sub_4c77c0Ev!
0x00000000004c7870,Error_storing_GPU_machine_code,568,_ZN7subsdk130Error_storing_GPU_machine_codeEv!
0x00000000004c7ab0,sub_4c7ab0,1112,_ZN7subsdk110sub_4c7ab0Ev!
0x00000000004c7f10,Too_many_pragmas_specified_in_the_shader,732,_ZN7subsdk140Too_many_pragmas_specified_in_the_shaderEv!
0x00000000004c81f0,prioritizeConsecutiveTextureInstructions,928,_ZN7subsdk140prioritizeConsecutiveTextureInstructionsEv!
0x00000000004c8590,Could_not_find_include_file_s,1036,_ZN7subsdk129Could_not_find_include_file_sEv!
0x00000000004c89a0,Invalid_option_for_debug_level,456,_ZN7subsdk130Invalid_option_for_debug_levelEv!
0x00000000004c8b70,Geometry,740,_ZN7subsdk123Geometry_subsdk1_4c8b70Ev!
0x00000000004c8e60,binding_7,2464,_ZN7subsdk19binding_7Ev!
0x00000000004c9800,Error_allocating_internal_memory,668,_ZN7subsdk132Error_allocating_internal_memoryEv!
0x00000000004c9aa0,sub_4c9aa0,68,_ZN7subsdk110sub_4c9aa0Ev!
0x00000000004c9af0,sub_4c9af0,104,_ZN7subsdk110sub_4c9af0Ev!
0x00000000004c9b60,sub_4c9b60,68,_ZN7subsdk110sub_4c9b60Ev!
0x00000000004c9bb0,sub_4c9bb0,288,_ZN7subsdk110sub_4c9bb0Ev!
0x00000000004c9cd0,sub_4c9cd0,492,_ZN7subsdk110sub_4c9cd0Ev!
0x00000000004c9ec0,sub_4c9ec0,308,_ZN7subsdk125sub_4c9ec0_subsdk1_4c9ec0Ev!
0x00000000004ca000,include_s,560,_ZN7subsdk19include_sEv!
0x00000000004ca230,sub_4ca230,244,_ZN7subsdk110sub_4ca230Ev!
0x00000000004ca330,Maximum_number_of_include_paths_is_d,932,_ZN7subsdk136Maximum_number_of_include_paths_is_dEv!
0x00000000004ca6e0,Can_t_have_duplicate_stages_in_the_input_GLSL_source_str,612,_ZN7subsdk156Can_t_have_duplicate_stages_in_the_input_GLSL_source_strEv!
0x00000000004ca950,Failed_to_compile_from_intermediate_form,788,_ZN7subsdk140Failed_to_compile_from_intermediate_formEv!
0x00000000004cac70,Shader_uses_scratch_memory,6712,_ZN7subsdk126Shader_uses_scratch_memoryEv!
0x00000000004cc6b0,sub_4cc6b0,312,_ZN7subsdk110sub_4cc6b0Ev!
0x00000000004cc7f0,sub_4cc7f0,188,_ZN7subsdk110sub_4cc7f0Ev!
0x00000000004cc8b0,sub_4cc8b0,616,_ZN7subsdk125sub_4cc8b0_subsdk1_4cc8b0Ev!
0x00000000004ccb20,sub_4ccb20,284,_ZN7subsdk110sub_4ccb20Ev!
0x00000000004ccc40,sub_4ccc40,36,_ZN7subsdk110sub_4ccc40Ev!
0x00000000004ccc70,sub_4ccc70,176,_ZN7subsdk110sub_4ccc70Ev!
0x00000000004ccd20,sub_4ccd20,28,_ZN7subsdk110sub_4ccd20Ev!
0x00000000004ccd40,sub_4ccd40,24,_ZN7subsdk110sub_4ccd40Ev!
0x00000000004ccd60,sub_4ccd60,24,_ZN7subsdk110sub_4ccd60Ev!
0x00000000004ccd80,sub_4ccd80,32,_ZN7subsdk110sub_4ccd80Ev!
0x00000000004ccda0,sub_4ccda0,4,_Z16subsdk1_f_4ccda0v
0x00000000004ccdb0,f_08x_08x_glslcoutput,412,_ZN7subsdk121f_08x_08x_glslcoutputEv!
0x00000000004ccf50,Failed_to_compile_all_specialization_entries_from_interm,608,_ZN7subsdk156Failed_to_compile_all_specialization_entries_from_intermEv!
0x00000000004cd1b0,sub_4cd1b0,168,_ZN7subsdk125sub_4cd1b0_subsdk1_4cd1b0Ev!
0x00000000004cd260,sub_4cd260,580,_ZN7subsdk110sub_4cd260Ev!
0x00000000004cd4b0,sub_4cd4b0,436,_ZN7subsdk110sub_4cd4b0Ev!
0x00000000004cd670,sub_4cd670,72,_ZN7subsdk110sub_4cd670Ev!
0x00000000004cd6c0,sub_4cd6c0,64,_ZN7subsdk110sub_4cd6c0Ev!
0x00000000004cd700,sub_4cd700,232,_ZN7subsdk110sub_4cd700Ev!
0x00000000004cd7f0,sub_4cd7f0,8,_Z16subsdk1_f_4cd7f0Pv
0x00000000004cd800,sub_4cd800,8,_Z16subsdk1_f_4cd800v
0x00000000004cd810,sub_4cd810,12,_Z16subsdk1_f_4cd810Pv
0x00000000004cd820,sub_4cd820,12,_Z16subsdk1_f_4cd820Pv
0x00000000004cd830,sub_4cd830,12,_Z16subsdk1_f_4cd830Pv
0x00000000004cd840,sub_4cd840,12,_Z16subsdk1_f_4cd840Pv
0x00000000004cd850,sub_4cd850,12,_Z16subsdk1_f_4cd850Pv
0x00000000004cd860,sub_4cd860,12,_Z16subsdk1_f_4cd860Pv
0x00000000004cd870,sub_4cd870,12,_Z16subsdk1_f_4cd870Pv
0x00000000004cd880,sub_4cd880,12,_Z16subsdk1_f_4cd880Pv
0x00000000004cd890,sub_4cd890,12,_Z16subsdk1_f_4cd890Pv
0x00000000004cd8a0,sub_4cd8a0,12,_Z16subsdk1_f_4cd8a0Pv
0x00000000004cd8b0,sub_4cd8b0,12,_Z16subsdk1_f_4cd8b0Pv
0x00000000004cd8c0,sub_4cd8c0,12,_Z16subsdk1_f_4cd8c0Pv
0x00000000004cd8d0,sub_4cd8d0,12,_Z16subsdk1_f_4cd8d0Pv
0x00000000004cd8e0,sub_4cd8e0,12,_Z16subsdk1_f_4cd8e0Pv
0x00000000004cd8f0,sub_4cd8f0,12,_Z16subsdk1_f_4cd8f0Pv
0x00000000004cd900,sub_4cd900,12,_Z16subsdk1_f_4cd900Pv
0x00000000004cd910,sub_4cd910,12,_Z16subsdk1_f_4cd910Pv
0x00000000004cd920,sub_4cd920,12,_Z16subsdk1_f_4cd920Pv
0x00000000004cd930,sub_4cd930,12,_Z16subsdk1_f_4cd930Pv
0x00000000004cd940,sub_4cd940,12,_Z16subsdk1_f_4cd940Pv
0x00000000004cd950,sub_4cd950,12,_Z16subsdk1_f_4cd950Pv
0x00000000004cd960,sub_4cd960,12,_Z16subsdk1_f_4cd960Pv
0x00000000004cd970,sub_4cd970,12,_Z16subsdk1_f_4cd970Pv
0x00000000004cd980,sub_4cd980,12,_Z16subsdk1_f_4cd980Pv
0x00000000004cd990,sub_4cd990,12,_Z16subsdk1_f_4cd990Pv
0x00000000004cd9a0,sub_4cd9a0,12,_Z16subsdk1_f_4cd9a0Pv
0x00000000004cd9b0,sub_4cd9b0,12,_Z16subsdk1_f_4cd9b0Pv
0x00000000004cd9c0,sub_4cd9c0,8,_Z16subsdk1_f_4cd9c0v
0x00000000004cd9d0,sub_4cd9d0,8,_Z16subsdk1_f_4cd9d0v
0x00000000004cd9e0,sub_4cd9e0,24,_ZN7subsdk125sub_4cd9e0_subsdk1_4cd9e0Ev!
0x00000000004cda00,sub_4cda00,24,_ZN7subsdk110sub_4cda00Ev!
0x00000000004cda20,sub_4cda20,24,_ZN7subsdk110sub_4cda20Ev!
0x00000000004cda40,sub_4cda40,16,_ZN7subsdk110sub_4cda40Ev!
0x00000000004cda50,sub_4cda50,16,_ZN7subsdk110sub_4cda50Ev!
0x00000000004cda60,sub_4cda60,16,_ZN7subsdk110sub_4cda60Ev!
0x00000000004cda70,sub_4cda70,12,_Z16subsdk1_f_4cda70Pv
0x00000000004cda80,sub_4cda80,12,_Z16subsdk1_f_4cda80Pv
0x00000000004cda90,sub_4cda90,12,_Z16subsdk1_f_4cda90Pv
0x00000000004cdaa0,sub_4cdaa0,12,_Z16subsdk1_f_4cdaa0Pv
0x00000000004cdab0,sub_4cdab0,12,_Z16subsdk1_f_4cdab0Pv
0x00000000004cdac0,sub_4cdac0,12,_Z16subsdk1_f_4cdac0Pv
0x00000000004cdad0,sub_4cdad0,12,_Z16subsdk1_f_4cdad0Pv
0x00000000004cdae0,sub_4cdae0,12,_Z16subsdk1_f_4cdae0Pv
0x00000000004cdaf0,sub_4cdaf0,12,_Z16subsdk1_f_4cdaf0Pv
0x00000000004cdb00,sub_4cdb00,12,_Z16subsdk1_f_4cdb00Pv
0x00000000004cdb10,sub_4cdb10,12,_Z16subsdk1_f_4cdb10Pv
0x00000000004cdb20,sub_4cdb20,12,_Z16subsdk1_f_4cdb20Pv
0x00000000004cdb30,sub_4cdb30,12,_Z16subsdk1_f_4cdb30Pv
0x00000000004cdb40,sub_4cdb40,12,_Z16subsdk1_f_4cdb40Pv
0x00000000004cdb50,sub_4cdb50,12,_Z16subsdk1_f_4cdb50Pv
0x00000000004cdb60,sub_4cdb60,12,_Z16subsdk1_f_4cdb60Pv
0x00000000004cdb70,sub_4cdb70,12,_Z16subsdk1_f_4cdb70Pv
0x00000000004cdb80,sub_4cdb80,12,_Z16subsdk1_f_4cdb80Pv
0x00000000004cdb90,sub_4cdb90,12,_Z16subsdk1_f_4cdb90Pv
0x00000000004cdba0,sub_4cdba0,12,_Z16subsdk1_f_4cdba0Pv
0x00000000004cdbb0,sub_4cdbb0,12,_Z16subsdk1_f_4cdbb0Pv
0x00000000004cdbc0,sub_4cdbc0,12,_Z16subsdk1_f_4cdbc0Pv
0x00000000004cdbd0,sub_4cdbd0,12,_Z16subsdk1_f_4cdbd0Pv
0x00000000004cdbe0,sub_4cdbe0,12,_Z16subsdk1_f_4cdbe0Pv
0x00000000004cdbf0,sub_4cdbf0,12,_Z16subsdk1_f_4cdbf0Pv
0x00000000004cdc00,sub_4cdc00,12,_Z16subsdk1_f_4cdc00Pv
0x00000000004cdc10,sub_4cdc10,12,_Z16subsdk1_f_4cdc10Pv
0x00000000004cdc20,sub_4cdc20,12,_Z16subsdk1_f_4cdc20Pv
0x00000000004cdc30,sub_4cdc30,12,_Z16subsdk1_f_4cdc30Pv
0x00000000004cdc40,sub_4cdc40,12,_Z16subsdk1_f_4cdc40Pv
0x00000000004cdc50,sub_4cdc50,16,_ZN7subsdk110sub_4cdc50Ev!
0x00000000004cdc60,sub_4cdc60,12,_Z16subsdk1_f_4cdc60Pv
0x00000000004cdc70,sub_4cdc70,12,_Z16subsdk1_f_4cdc70Pv
0x00000000004cdc80,sub_4cdc80,12,_Z16subsdk1_f_4cdc80Pv
0x00000000004cdc90,sub_4cdc90,12,_Z16subsdk1_f_4cdc90Pv
0x00000000004cdca0,sub_4cdca0,8,_Z16subsdk1_f_4cdca0v
0x00000000004cdcb0,sub_4cdcb0,8,_Z16subsdk1_f_4cdcb0v
0x00000000004cdcc0,sub_4cdcc0,8,_Z16subsdk1_f_4cdcc0v
0x00000000004cdcd0,sub_4cdcd0,12,_Z16subsdk1_f_4cdcd0Pv
0x00000000004cdce0,sub_4cdce0,12,_Z16subsdk1_f_4cdce0Pv
0x00000000004cdcf0,sub_4cdcf0,12,_Z16subsdk1_f_4cdcf0Pv
0x00000000004cdd00,sub_4cdd00,12,_Z16subsdk1_f_4cdd00Pv
0x00000000004cdd10,sub_4cdd10,12,_Z16subsdk1_f_4cdd10Pv
0x00000000004cdd20,sub_4cdd20,12,_Z16subsdk1_f_4cdd20Pv
0x00000000004cdd30,sub_4cdd30,8,_Z16subsdk1_f_4cdd30v
0x00000000004cdd40,sub_4cdd40,8,_Z16subsdk1_f_4cdd40v
0x00000000004cdd50,sub_4cdd50,8,_Z16subsdk1_f_4cdd50v
0x00000000004cdd60,sub_4cdd60,8,_Z16subsdk1_f_4cdd60v
0x00000000004cdd70,sub_4cdd70,8,_Z16subsdk1_f_4cdd70v
0x00000000004cdd80,sub_4cdd80,8,_Z16subsdk1_f_4cdd80v
0x00000000004cdd90,sub_4cdd90,8,_Z16subsdk1_f_4cdd90v
0x00000000004cdda0,sub_4cdda0,8,_Z16subsdk1_f_4cdda0v
0x00000000004cddb0,sub_4cddb0,8,_Z16subsdk1_f_4cddb0v
0x00000000004cddc0,sub_4cddc0,8,_Z16subsdk1_f_4cddc0v
0x00000000004cddd0,sub_4cddd0,8,_Z16subsdk1_f_4cddd0v
0x00000000004cdde0,sub_4cdde0,8,_Z16subsdk1_f_4cdde0v
0x00000000004cddf0,sub_4cddf0,8,_Z16subsdk1_f_4cddf0v
0x00000000004cde00,sub_4cde00,8,_Z16subsdk1_f_4cde00v
0x00000000004cde10,sub_4cde10,8,_Z16subsdk1_f_4cde10v
0x00000000004cde20,sub_4cde20,8,_Z16subsdk1_f_4cde20v
0x00000000004cde30,sub_4cde30,8,_Z16subsdk1_f_4cde30v
0x00000000004cde40,sub_4cde40,8,_Z16subsdk1_f_4cde40v
0x00000000004cde50,sub_4cde50,8,_Z16subsdk1_f_4cde50v
0x00000000004cde60,sub_4cde60,8,_Z16subsdk1_f_4cde60v
0x00000000004cde70,sub_4cde70,8,_Z16subsdk1_f_4cde70v
0x00000000004cde80,sub_4cde80,8,_Z16subsdk1_f_4cde80v
0x00000000004cde90,sub_4cde90,8,_Z16subsdk1_f_4cde90v
0x00000000004cdea0,sub_4cdea0,8,_Z16subsdk1_f_4cdea0v
0x00000000004cdeb0,sub_4cdeb0,8,_Z16subsdk1_f_4cdeb0v
0x00000000004cdec0,sub_4cdec0,8,_Z16subsdk1_f_4cdec0v
0x00000000004cded0,sub_4cded0,4,_Z16subsdk1_f_4cded0v
0x00000000004cdee0,sub_4cdee0,4,_Z16subsdk1_f_4cdee0v
0x00000000004cdef0,sub_4cdef0,8,_Z16subsdk1_f_4cdef0v
0x00000000004cdf00,sub_4cdf00,12,_Z16subsdk1_f_4cdf00Pv
0x00000000004cdf10,sub_4cdf10,4,_Z16subsdk1_f_4cdf10v
0x00000000004cdf20,sub_4cdf20,8,_Z16subsdk1_f_4cdf20v
0x00000000004cdf30,sub_4cdf30,12,_Z16subsdk1_f_4cdf30Pv
0x00000000004cdf40,sub_4cdf40,12,_Z16subsdk1_f_4cdf40Pv
0x00000000004cdf50,sub_4cdf50,4,_Z16subsdk1_f_4cdf50v
0x00000000004cdf60,sub_4cdf60,8,_Z16subsdk1_f_4cdf60v
0x00000000004cdf70,sub_4cdf70,12,_Z16subsdk1_f_4cdf70Pv
0x00000000004cdf80,sub_4cdf80,12,_Z16subsdk1_f_4cdf80Pv
0x00000000004cdf90,sub_4cdf90,12,_Z16subsdk1_f_4cdf90Pv
0x00000000004cdfa0,sub_4cdfa0,12,_Z16subsdk1_f_4cdfa0Pv
0x00000000004cdfb0,sub_4cdfb0,8,_Z16subsdk1_f_4cdfb0mPv
0x00000000004cdfc0,sub_4cdfc0,16,_Z16subsdk1_f_4cdfc0mPv
0x00000000004cdfd0,sub_4cdfd0,8,_Z16subsdk1_f_4cdfd0mPv
0x00000000004cdfe0,sub_4cdfe0,8,_Z16subsdk1_f_4cdfe0mPv
0x00000000004cdff0,sub_4cdff0,8,_Z16subsdk1_f_4cdff0mPv
0x00000000004ce000,sub_4ce000,12,_Z16subsdk1_f_4ce000Pv
0x00000000004ce010,sub_4ce010,12,_Z16subsdk1_f_4ce010Pv
0x00000000004ce020,sub_4ce020,12,_Z16subsdk1_f_4ce020Pv
0x00000000004ce030,sub_4ce030,12,_Z16subsdk1_f_4ce030Pv
0x00000000004ce040,sub_4ce040,12,_Z16subsdk1_f_4ce040Pv
0x00000000004ce050,sub_4ce050,12,_Z16subsdk1_f_4ce050Pv
0x00000000004ce060,sub_4ce060,12,_Z16subsdk1_f_4ce060Pv
0x00000000004ce070,sub_4ce070,20,_Z16subsdk1_f_4ce070Pv
0x00000000004ce090,sub_4ce090,36,_ZN7subsdk110sub_4ce090Ev!
0x00000000004ce0c0,sub_4ce0c0,4,_Z16subsdk1_f_4ce0c0v
0x00000000004ce0d0,sub_4ce0d0,8,_Z16subsdk1_f_4ce0d0v
0x00000000004ce0e0,sub_4ce0e0,12,_Z16subsdk1_f_4ce0e0Pv
0x00000000004ce0f0,sub_4ce0f0,4,_Z16subsdk1_f_4ce0f0v
0x00000000004ce100,sub_4ce100,8,_Z16subsdk1_f_4ce100v
0x00000000004ce110,sub_4ce110,12,_Z16subsdk1_f_4ce110Pv
0x00000000004ce120,sub_4ce120,12,_Z16subsdk1_f_4ce120Pv
0x00000000004ce130,sub_4ce130,12,_Z16subsdk1_f_4ce130Pv
0x00000000004ce140,sub_4ce140,4,_Z16subsdk1_f_4ce140v
0x00000000004ce150,sub_4ce150,8,_Z16subsdk1_f_4ce150v
0x00000000004ce160,sub_4ce160,12,_Z16subsdk1_f_4ce160Pv
0x00000000004ce170,sub_4ce170,12,_Z16subsdk1_f_4ce170Pv
0x00000000004ce180,sub_4ce180,4,_Z16subsdk1_f_4ce180v
0x00000000004ce190,sub_4ce190,8,_Z16subsdk1_f_4ce190v
0x00000000004ce1a0,sub_4ce1a0,12,_Z16subsdk1_f_4ce1a0Pv
0x00000000004ce1b0,sub_4ce1b0,12,_Z16subsdk1_f_4ce1b0Pv
0x00000000004ce1c0,sub_4ce1c0,4,_Z16subsdk1_f_4ce1c0v
0x00000000004ce1d0,sub_4ce1d0,52,_ZN7subsdk110sub_4ce1d0Ev!
0x00000000004ce210,sub_4ce210,24,_ZN7subsdk125sub_4ce210_subsdk1_4ce210Ev!
0x00000000004ce230,sub_4ce230,20,_ZN7subsdk110sub_4ce230Ev!
0x00000000004ce250,sub_4ce250,2852,_ZN7subsdk110sub_4ce250Ev!
0x00000000004ced80,sub_4ced80,680,_ZN7subsdk110sub_4ced80Ev!
0x00000000004cf030,sub_4cf030,748,_ZN7subsdk110sub_4cf030Ev!
0x00000000004cf320,sub_4cf320,528,_ZN7subsdk110sub_4cf320Ev!
0x00000000004cf530,sub_4cf530,1792,_ZN7subsdk110sub_4cf530Ev!
