0x0000000000000030,_start,316,_ZN7subsdk017_start_subsdk0_30Ev!
0x0000000000000170,sub_170,52,_ZN7subsdk019sub_170_subsdk0_170Ev!
0x00000000000001b0,sub_1b0,8,_Z13subsdk0_f_1b0v
0x00000000000001c0,sub_1c0,8,_Z13subsdk0_f_1c0v
0x00000000000001d0,sub_1d0,8,_Z13subsdk0_f_1d0v
0x00000000000001e0,sub_1e0,4,_ZN7subsdk019sub_1e0_subsdk0_1e0Ev!
0x00000000000001f0,sub_1f0,12,_ZN7subsdk019sub_1f0_subsdk0_1f0Ev!
0x0000000000000200,sub_200,12,_ZN7subsdk019sub_200_subsdk0_200Ev!
0x0000000000000210,sub_210,24,_ZN7subsdk019sub_210_subsdk0_210Ev!
0x0000000000000230,sub_230,276,_ZN7subsdk019sub_230_subsdk0_230Ev!
0x0000000000000350,sub_350,28,_ZN7subsdk019sub_350_subsdk0_350Ev!
0x0000000000000370,sub_370,144,_ZN7subsdk07sub_370Ev!
0x0000000000000400,sub_400,56,_ZN7subsdk07sub_400Ev!
0x0000000000000440,sub_440,48,_ZN7subsdk07sub_440Ev!
0x0000000000000470,sub_470,12,_Z13subsdk0_f_470Pv
0x0000000000000480,sub_480,212,_ZN7subsdk019sub_480_subsdk0_480Ev!
0x0000000000000560,sub_560,4,_Z13subsdk0_f_560v
0x0000000000000570,sub_570,32,_ZN7subsdk07sub_570Ev!
0x0000000000000590,sub_590,200,_ZN7subsdk07sub_590Ev!
0x0000000000000660,sub_660,8,_ZN7subsdk07sub_660Ev!
0x0000000000000670,sub_670,188,_ZN7subsdk019sub_670_subsdk0_670Ev!
0x0000000000000730,sub_730,8,_Z13subsdk0_f_730Pv
0x0000000000000740,sub_740,8,_Z13subsdk0_f_740v
0x0000000000000750,sub_750,44,_ZN7subsdk019sub_750_subsdk0_750Ev!
0x0000000000000780,sub_780,36,_ZN7subsdk07sub_780Ev!
0x00000000000007b0,sub_7b0,44,_ZN7subsdk07sub_7b0Ev!
0x00000000000007e0,sub_7e0,36,_ZN7subsdk07sub_7e0Ev!
0x0000000000000810,sub_810,44,_ZN7subsdk019sub_810_subsdk0_810Ev!
0x0000000000000840,sub_840,36,_ZN7subsdk07sub_840Ev!
0x0000000000000870,sub_870,44,_ZN7subsdk07sub_870Ev!
0x00000000000008a0,sub_8a0,36,_ZN7subsdk07sub_8a0Ev!
0x00000000000008d0,sub_8d0,8,_Z13subsdk0_f_8d0Pv
0x00000000000008e0,sub_8e0,8,_Z13subsdk0_f_8e0Pv
0x00000000000008f0,sub_8f0,264,_ZN7subsdk07sub_8f0Ev!
0x0000000000000a00,sub_a00,396,_ZN7subsdk019sub_a00_subsdk0_a00Ev!
0x0000000000000b90,sub_b90,252,_ZN7subsdk07sub_b90Ev!
0x0000000000000c90,sub_c90,268,_ZN7subsdk07sub_c90Ev!
0x0000000000000da0,sub_da0,288,_ZN7subsdk07sub_da0Ev!
0x0000000000000ec0,sub_ec0,72,_ZN7subsdk07sub_ec0Ev!
0x0000000000000f10,sub_f10,4,_ZN7subsdk07sub_f10Ev!
0x0000000000000f20,sub_f20,136,_ZN7subsdk019sub_f20_subsdk0_f20Ev!
0x0000000000000fb0,sub_fb0,36,_ZN7subsdk019sub_fb0_subsdk0_fb0Ev!
0x0000000000000fe0,sub_fe0,20,_ZN7subsdk07sub_fe0Ev!
0x0000000000001000,sub_1000,4,_Z14subsdk0_f_1000v
0x0000000000001010,sub_1010,4,_ZN7subsdk08sub_1010Ev!
0x0000000000001020,sub_1020,72,_ZN7subsdk021sub_1020_subsdk0_1020Ev!
0x0000000000001070,sub_1070,24,_Z14subsdk0_f_1070Pv
0x0000000000001090,sub_1090,168,_ZN7subsdk08sub_1090Ev!
0x0000000000001140,sub_1140,176,_ZN7subsdk08sub_1140Ev!
0x00000000000011f0,sub_11f0,36,_ZN7subsdk08sub_11f0Ev!
0x0000000000001220,vorbis,756,_ZN7subsdk06vorbisEv!
0x0000000000001520,sub_1520,8,_Z14subsdk0_f_1520v
0x0000000000001530,sub_1530,36,_ZN7subsdk08sub_1530Ev!
0x0000000000001560,sub_1560,48,_ZN7subsdk08sub_1560Ev!
0x0000000000001590,sub_1590,4,_ZN7subsdk08sub_1590Ev!
0x00000000000015a0,sub_15a0,4,_ZN7subsdk08sub_15a0Ev!
0x00000000000015b0,sub_15b0,264,_ZN7subsdk08sub_15b0Ev!
0x00000000000016c0,sub_16c0,84,_ZN7subsdk08sub_16c0Ev!
0x0000000000001720,sub_1720,76,_ZN7subsdk08sub_1720Ev!
0x0000000000001770,sub_1770,84,_ZN7subsdk08sub_1770Ev!
0x00000000000017d0,sub_17d0,8,_Z14subsdk0_f_17d0v
0x00000000000017e0,sub_17e0,8,_Z14subsdk0_f_17e0v
0x00000000000017f0,sub_17f0,8,_ZN7subsdk08sub_17f0Ev!
0x0000000000001800,sub_1800,16,_ZN7subsdk08sub_1800Ev!
0x0000000000001810,sub_1810,8,_ZN7subsdk021sub_1810_subsdk0_1810Ev!
0x0000000000001820,sub_1820,8,_ZN7subsdk08sub_1820Ev!
0x0000000000001830,sub_1830,20,_ZN7subsdk08sub_1830Ev!
0x0000000000001850,sub_1850,24,_ZN7subsdk08sub_1850Ev!
0x0000000000001870,sub_1870,8,_Z14subsdk0_f_1870v
0x0000000000001880,sub_1880,148,_ZN7subsdk08sub_1880Ev!
0x0000000000001920,sub_1920,8,_Z14subsdk0_f_1920v
0x0000000000001930,sub_1930,8,_Z14subsdk0_f_1930v
0x0000000000001940,sub_1940,8,_Z14subsdk0_f_1940v
0x0000000000001950,sub_1950,8,_Z14subsdk0_f_1950v
0x0000000000001960,sub_1960,120,_ZN7subsdk08sub_1960Ev!
0x00000000000019e0,AudioCallback,644,_ZN5audio13AudioCallbackEv!
0x0000000000001c70,sub_1c70,200,_ZN7subsdk08sub_1c70Ev!
0x0000000000001d40,sub_1d40,64,_ZN7subsdk08sub_1d40Ev!
0x0000000000001d80,sub_1d80,4,_Z14subsdk0_f_1d80v
0x0000000000001d90,sub_1d90,136,_ZN7subsdk08sub_1d90Ev!
0x0000000000001e20,sub_1e20,72,_ZN7subsdk08sub_1e20Ev!
0x0000000000001e70,sub_1e70,164,_ZN7subsdk08sub_1e70Ev!
0x0000000000001f20,sub_1f20,156,_ZN7subsdk08sub_1f20Ev!
0x0000000000001fc0,sub_1fc0,8,_Z14subsdk0_f_1fc0v
0x0000000000001fd0,sub_1fd0,8,_Z14subsdk0_f_1fd0v
0x0000000000001fe0,sub_1fe0,8,_Z14subsdk0_f_1fe0v
0x0000000000001ff0,sub_1ff0,8,_ZN7subsdk08sub_1ff0Ev!
0x0000000000002000,sub_2000,8,_Z14subsdk0_f_2000v
0x0000000000002010,sub_2010,8,_Z14subsdk0_f_2010v
0x0000000000002020,sub_2020,48,_ZN7subsdk021sub_2020_subsdk0_2020Ev!
0x0000000000002050,sub_2050,56,_ZN7subsdk08sub_2050Ev!
0x0000000000002090,sub_2090,60,_ZN7subsdk08sub_2090Ev!
0x00000000000020d0,sub_20d0,68,_ZN7subsdk021sub_20d0_subsdk0_20d0Ev!
0x0000000000002120,sub_2120,156,_ZN7subsdk08sub_2120Ev!
0x00000000000021c0,sub_21c0,208,_ZN7subsdk021sub_21c0_subsdk0_21c0Ev!
0x0000000000002290,sub_2290,40,_ZN7subsdk08sub_2290Ev!
0x00000000000022c0,sub_22c0,20,_ZN7subsdk08sub_22c0Ev!
0x00000000000022e0,sub_22e0,20,_ZN7subsdk08sub_22e0Ev!
0x0000000000002300,sub_2300,120,_ZN7subsdk08sub_2300Ev!
0x0000000000002380,sub_2380,84,_ZN7subsdk08sub_2380Ev!
0x00000000000023e0,sub_23e0,152,_ZN7subsdk08sub_23e0Ev!
0x0000000000002480,sub_2480,36,_ZN7subsdk08sub_2480Ev!
0x00000000000024b0,sub_24b0,4,_Z14subsdk0_f_24b0v
0x00000000000024c0,sub_24c0,64,_ZN7subsdk08sub_24c0Ev!
0x0000000000002500,sub_2500,16,_ZN7subsdk08sub_2500Ev!
0x0000000000002510,sub_2510,128,_ZN7subsdk08sub_2510Ev!
0x0000000000002590,sub_2590,164,_ZN7subsdk021sub_2590_subsdk0_2590Ev!
0x0000000000002640,sub_2640,168,_ZN7subsdk021sub_2640_subsdk0_2640Ev!
0x00000000000026f0,sub_26f0,128,_ZN7subsdk08sub_26f0Ev!
0x0000000000002770,sub_2770,60,_ZN7subsdk021sub_2770_subsdk0_2770Ev!
0x00000000000027b0,sub_27b0,152,_ZN7subsdk08sub_27b0Ev!
0x0000000000002850,sub_2850,148,_ZN7subsdk08sub_2850Ev!
0x00000000000028f0,sub_28f0,80,_ZN7subsdk08sub_28f0Ev!
0x0000000000002940,sub_2940,80,_ZN7subsdk08sub_2940Ev!
0x0000000000002990,sub_2990,124,_ZN7subsdk08sub_2990Ev!
0x0000000000002a10,sub_2a10,76,_ZN7subsdk021sub_2a10_subsdk0_2a10Ev!
0x0000000000002a60,sub_2a60,288,_ZN7subsdk08sub_2a60Ev!
0x0000000000002b80,sub_2b80,76,_ZN7subsdk08sub_2b80Ev!
0x0000000000002bd0,sub_2bd0,76,_ZN7subsdk021sub_2bd0_subsdk0_2bd0Ev!
0x0000000000002c20,sub_2c20,76,_ZN7subsdk08sub_2c20Ev!
0x0000000000002c70,sub_2c70,164,_ZN7subsdk08sub_2c70Ev!
0x0000000000002d20,sub_2d20,188,_ZN7subsdk08sub_2d20Ev!
0x0000000000002de0,sub_2de0,52,_ZN7subsdk08sub_2de0Ev!
0x0000000000002e20,sub_2e20,68,_ZN7subsdk08sub_2e20Ev!
0x0000000000002e70,sub_2e70,68,_ZN7subsdk08sub_2e70Ev!
0x0000000000002ec0,sub_2ec0,16,_ZN7subsdk08sub_2ec0Ev!
0x0000000000002ed0,sub_2ed0,68,_ZN7subsdk08sub_2ed0Ev!
0x0000000000002f20,sub_2f20,16,_ZN7subsdk08sub_2f20Ev!
0x0000000000002f30,sub_2f30,144,_ZN7subsdk08sub_2f30Ev!
0x0000000000002fc0,sub_2fc0,16,_ZN7subsdk021sub_2fc0_subsdk0_2fc0Ev!
0x0000000000002fd0,sub_2fd0,16,_ZN7subsdk08sub_2fd0Ev!
0x0000000000002fe0,sub_2fe0,8,_Z14subsdk0_f_2fe0v
0x0000000000002ff0,sub_2ff0,8,_Z14subsdk0_f_2ff0v
0x0000000000003000,sub_3000,4,_Z14subsdk0_f_3000v
0x0000000000003010,sub_3010,4,_ZN7subsdk08sub_3010Ev!
0x0000000000003020,sub_3020,72,_ZN7subsdk021sub_3020_subsdk0_3020Ev!
0x0000000000003070,sub_3070,160,_ZN7subsdk08sub_3070Ev!
0x0000000000003110,MovieHLSExtractorLooper,348,_ZN7subsdk023MovieHLSExtractorLooperEv!
0x0000000000003270,sub_3270,220,_ZN7subsdk021sub_3270_subsdk0_3270Ev!
0x0000000000003350,sub_3350,496,_ZN7subsdk08sub_3350Ev!
0x0000000000003540,sub_3540,124,_ZN7subsdk08sub_3540Ev!
0x00000000000035c0,sub_35c0,160,_ZN7subsdk08sub_35c0Ev!
0x0000000000003660,sub_3660,36,_ZN7subsdk08sub_3660Ev!
0x0000000000003690,unnamed,788,_ZN7subsdk020unnamed_subsdk0_3690Ev!
0x00000000000039b0,sub_39b0,8,_Z14subsdk0_f_39b0v
0x00000000000039c0,sub_39c0,84,_ZN7subsdk021sub_39c0_subsdk0_39c0Ev!
0x0000000000003a20,durationUs,484,_ZN7subsdk023durationUs_subsdk0_3a20Ev!
0x0000000000003c10,sub_3c10,244,_ZN7subsdk08sub_3c10Ev!
0x0000000000003d10,x_mpegURL,68,_ZN7subsdk09x_mpegURLEv!
0x0000000000003d60,sub_3d60,148,_ZN7subsdk08sub_3d60Ev!
0x0000000000003e00,sub_3e00,144,_ZN7subsdk08sub_3e00Ev!
0x0000000000003e90,sub_3e90,372,_ZN7subsdk08sub_3e90Ev!
0x0000000000004010,sub_4010,500,_ZN7subsdk08sub_4010Ev!
0x0000000000004210,sub_4210,12,_ZN7subsdk08sub_4210Ev!
0x0000000000004220,sub_4220,352,_ZN7subsdk021sub_4220_subsdk0_4220Ev!
0x0000000000004380,sub_4380,156,_ZN7subsdk08sub_4380Ev!
0x0000000000004420,sub_4420,132,_ZN7subsdk021sub_4420_subsdk0_4420Ev!
0x00000000000044b0,sub_44b0,8,_Z14subsdk0_f_44b0v
0x00000000000044c0,sub_44c0,8,_Z14subsdk0_f_44c0v
0x00000000000044d0,sub_44d0,120,_ZN7subsdk021sub_44d0_subsdk0_44d0Ev!
0x0000000000004550,sub_4550,164,_ZN7subsdk08sub_4550Ev!
0x0000000000004600,sub_4600,60,_ZN7subsdk08sub_4600Ev!
0x0000000000004640,format,740,_ZN7subsdk06formatEv!
0x0000000000004930,sub_4930,1608,_ZN7subsdk08sub_4930Ev!
0x0000000000004f80,sub_4f80,1420,_ZN7subsdk08sub_4f80Ev!
0x0000000000005510,sub_5510,176,_ZN7subsdk08sub_5510Ev!
0x00000000000055c0,sub_55c0,8,_Z14subsdk0_f_55c0v
0x00000000000055d0,sub_55d0,12,_Z14subsdk0_f_55d0mPv
0x00000000000055e0,sub_55e0,32,_ZN7subsdk021sub_55e0_subsdk0_55e0Ev!
0x0000000000005600,sub_5600,68,_ZN7subsdk08sub_5600Ev!
0x0000000000005650,AvOffsetDiffCountLt1Mb,148,_ZN7subsdk022AvOffsetDiffCountLt1MbEv!
0x00000000000056f0,sub_56f0,12,_Z14subsdk0_f_56f0Pv
0x0000000000005700,sub_5700,36,_ZN7subsdk08sub_5700Ev!
0x0000000000005730,sub_5730,64,_ZN7subsdk08sub_5730Ev!
0x0000000000005770,sub_5770,72,_ZN7subsdk021sub_5770_subsdk0_5770Ev!
0x00000000000057c0,timeUs,340,_ZN7subsdk06timeUsEv!
0x0000000000005920,sub_5920,152,_ZN7subsdk08sub_5920Ev!
0x00000000000059c0,sub_59c0,72,_ZN7subsdk021sub_59c0_subsdk0_59c0Ev!
0x0000000000005a10,sub_5a10,128,_ZN7subsdk08sub_5a10Ev!
0x0000000000005a90,MovieNnVideoCodecLooper,432,_ZN7subsdk023MovieNnVideoCodecLooperEv!
0x0000000000005c40,sub_5c40,92,_ZN7subsdk08sub_5c40Ev!
0x0000000000005ca0,sub_5ca0,72,_ZN7subsdk021sub_5ca0_subsdk0_5ca0Ev!
0x0000000000005cf0,sub_5cf0,20,_ZN7subsdk08sub_5cf0Ev!
0x0000000000005d10,sub_5d10,4,_Z14subsdk0_f_5d10v
0x0000000000005d20,sub_5d20,4,_ZN7subsdk08sub_5d20Ev!
0x0000000000005d30,MovieNnCodecCallback,304,_ZN7subsdk020MovieNnCodecCallbackEv!
0x0000000000005e60,sub_5e60,320,_ZN7subsdk08sub_5e60Ev!
0x0000000000005fa0,sub_5fa0,36,_ZN7subsdk08sub_5fa0Ev!
0x0000000000005fd0,ShimCodecConsumer,1956,_ZN7subsdk017ShimCodecConsumerEv!
0x0000000000006780,sub_6780,8,_ZN7subsdk08sub_6780Ev!
0x0000000000006790,sub_6790,28,_ZN7subsdk08sub_6790Ev!
0x00000000000067b0,sub_67b0,164,_ZN7subsdk021sub_67b0_subsdk0_67b0Ev!
0x0000000000006860,sub_6860,8,_Z14subsdk0_f_6860v
0x0000000000006870,sub_6870,64,_ZN7subsdk08sub_6870Ev!
0x00000000000068b0,sub_68b0,64,_ZN7subsdk08sub_68b0Ev!
0x00000000000068f0,sub_68f0,104,_ZN7subsdk08sub_68f0Ev!
0x0000000000006960,sub_6960,92,_ZN7subsdk08sub_6960Ev!
0x00000000000069c0,sub_69c0,84,_ZN7subsdk08sub_69c0Ev!
0x0000000000006a20,sub_6a20,476,_ZN7subsdk08sub_6a20Ev!
0x0000000000006c00,sub_6c00,68,_ZN7subsdk08sub_6c00Ev!
0x0000000000006c50,sub_6c50,68,_ZN7subsdk08sub_6c50Ev!
0x0000000000006ca0,sub_6ca0,88,_ZN7subsdk021sub_6ca0_subsdk0_6ca0Ev!
0x0000000000006d00,sub_6d00,84,_ZN7subsdk08sub_6d00Ev!
0x0000000000006d60,sub_6d60,196,_ZN7subsdk08sub_6d60Ev!
0x0000000000006e30,sub_6e30,48,_ZN7subsdk021sub_6e30_subsdk0_6e30Ev!
0x0000000000006e60,sub_6e60,68,_ZN7subsdk021sub_6e60_subsdk0_6e60Ev!
0x0000000000006eb0,sub_6eb0,64,_ZN7subsdk021sub_6eb0_subsdk0_6eb0Ev!
0x0000000000006ef0,sub_6ef0,136,_ZN7subsdk08sub_6ef0Ev!
0x0000000000006f80,sub_6f80,112,_ZN7subsdk08sub_6f80Ev!
0x0000000000006ff0,sub_6ff0,160,_ZN7subsdk08sub_6ff0Ev!
0x0000000000007090,stride,1024,_ZN7subsdk06strideEv!
0x0000000000007490,sub_7490,192,_ZN7subsdk08sub_7490Ev!
0x0000000000007550,sub_7550,64,_ZN7subsdk021sub_7550_subsdk0_7550Ev!
0x0000000000007590,sub_7590,208,_ZN7subsdk08sub_7590Ev!
0x0000000000007660,sub_7660,60,_ZN7subsdk08sub_7660Ev!
0x00000000000076a0,sub_76a0,4,_ZN7subsdk021sub_76a0_subsdk0_76a0Ev!
0x00000000000076b0,sub_76b0,36,_ZN7subsdk08sub_76b0Ev!
0x00000000000076e0,callbackID,944,_ZN7subsdk010callbackIDEv!
0x0000000000007a90,sub_7a90,72,_ZN7subsdk08sub_7a90Ev!
0x0000000000007ae0,sub_7ae0,172,_ZN7subsdk08sub_7ae0Ev!
0x0000000000007b90,sub_7b90,120,_ZN7subsdk08sub_7b90Ev!
0x0000000000007c10,sub_7c10,40,_ZN7subsdk021sub_7c10_subsdk0_7c10Ev!
0x0000000000007c40,sub_7c40,20,_ZN7subsdk08sub_7c40Ev!
0x0000000000007c60,sub_7c60,4,_Z14subsdk0_f_7c60v
0x0000000000007c70,sub_7c70,4,_ZN7subsdk08sub_7c70Ev!
0x0000000000007c80,sub_7c80,20,_ZN7subsdk08sub_7c80Ev!
0x0000000000007ca0,sub_7ca0,36,_ZN7subsdk021sub_7ca0_subsdk0_7ca0Ev!
0x0000000000007cd0,sub_7cd0,4,_Z14subsdk0_f_7cd0v
0x0000000000007ce0,sub_7ce0,64,_ZN7subsdk08sub_7ce0Ev!
0x0000000000007d20,sub_7d20,104,_ZN7subsdk021sub_7d20_subsdk0_7d20Ev!
0x0000000000007d90,sub_7d90,64,_ZN7subsdk08sub_7d90Ev!
0x0000000000007dd0,sub_7dd0,64,_ZN7subsdk021sub_7dd0_subsdk0_7dd0Ev!
0x0000000000007e10,sub_7e10,64,_ZN7subsdk08sub_7e10Ev!
0x0000000000007e50,sub_7e50,100,_ZN7subsdk08sub_7e50Ev!
0x0000000000007ec0,sub_7ec0,72,_ZN7subsdk021sub_7ec0_subsdk0_7ec0Ev!
0x0000000000007f10,sub_7f10,136,_ZN7subsdk08sub_7f10Ev!
0x0000000000007fa0,sub_7fa0,808,_ZN7subsdk08sub_7fa0Ev!
0x00000000000082d0,sub_82d0,156,_ZN7subsdk08sub_82d0Ev!
0x0000000000008370,sub_8370,212,_ZN7subsdk08sub_8370Ev!
0x0000000000008450,sub_8450,332,_ZN7subsdk08sub_8450Ev!
0x00000000000085a0,sub_85a0,36,_ZN7subsdk08sub_85a0Ev!
0x00000000000085d0,sub_85d0,24,_ZN7subsdk08sub_85d0Ev!
0x00000000000085f0,sub_85f0,40,_ZN7subsdk08sub_85f0Ev!
0x0000000000008620,sub_8620,100,_ZN7subsdk08sub_8620Ev!
0x0000000000008690,sub_8690,60,_ZN7subsdk021sub_8690_subsdk0_8690Ev!
0x00000000000086d0,sub_86d0,60,_ZN7subsdk08sub_86d0Ev!
0x0000000000008710,durationUs_2,296,_ZN7subsdk012durationUs_2Ev!
0x0000000000008840,sub_8840,576,_ZN7subsdk08sub_8840Ev!
0x0000000000008a80,sub_8a80,476,_ZN7subsdk08sub_8a80Ev!
0x0000000000008c60,sub_8c60,196,_ZN7subsdk08sub_8c60Ev!
0x0000000000008d30,profile,1324,_ZN7subsdk07profileEv!
0x0000000000009260,durationUs_3,996,_ZN7subsdk012durationUs_3Ev!
0x0000000000009650,sub_9650,56,_ZN7subsdk021sub_9650_subsdk0_9650Ev!
0x0000000000009690,sub_9690,168,_ZN7subsdk08sub_9690Ev!
0x0000000000009740,sub_9740,168,_ZN7subsdk08sub_9740Ev!
0x00000000000097f0,sub_97f0,56,_ZN7subsdk08sub_97f0Ev!
0x0000000000009830,sub_9830,128,_ZN7subsdk08sub_9830Ev!
0x00000000000098b0,sub_98b0,28,_ZN7subsdk08sub_98b0Ev!
0x00000000000098d0,sub_98d0,72,_ZN7subsdk08sub_98d0Ev!
0x0000000000009920,sub_9920,16,_Z14subsdk0_f_9920PvS_
0x0000000000009930,height,1616,_ZN7subsdk019height_subsdk0_9930Ev!
0x0000000000009f80,sub_9f80,56,_ZN7subsdk021sub_9f80_subsdk0_9f80Ev!
0x0000000000009fc0,sub_9fc0,180,_ZN7subsdk08sub_9fc0Ev!
0x000000000000a080,sub_a080,612,_ZN7subsdk08sub_a080Ev!
0x000000000000a2f0,sub_a2f0,88,_ZN7subsdk08sub_a2f0Ev!
0x000000000000a350,sub_a350,20,_ZN7subsdk08sub_a350Ev!
0x000000000000a370,sub_a370,620,_ZN7subsdk08sub_a370Ev!
0x000000000000a5e0,sub_a5e0,428,_ZN7subsdk08sub_a5e0Ev!
0x000000000000a790,sub_a790,80,_ZN7subsdk08sub_a790Ev!
0x000000000000a7e0,sub_a7e0,160,_ZN7subsdk021sub_a7e0_subsdk0_a7e0Ev!
0x000000000000a880,sub_a880,420,_ZN7subsdk08sub_a880Ev!
0x000000000000aa30,sub_aa30,32,_ZN7subsdk08sub_aa30Ev!
0x000000000000aa50,sub_aa50,32,_ZN7subsdk08sub_aa50Ev!
0x000000000000aa70,sub_aa70,56,_ZN7subsdk08sub_aa70Ev!
0x000000000000aab0,sub_aab0,60,_ZN7subsdk08sub_aab0Ev!
0x000000000000aaf0,sub_aaf0,76,_ZN7subsdk08sub_aaf0Ev!
0x000000000000ab40,sub_ab40,124,_ZN7subsdk08sub_ab40Ev!
0x000000000000abc0,sub_abc0,76,_ZN7subsdk08sub_abc0Ev!
0x000000000000ac10,sub_ac10,76,_ZN7subsdk021sub_ac10_subsdk0_ac10Ev!
0x000000000000ac60,sub_ac60,52,_ZN7subsdk08sub_ac60Ev!
0x000000000000aca0,sub_aca0,24,_ZN7subsdk08sub_aca0Ev!
0x000000000000acc0,sub_acc0,196,_ZN7subsdk08sub_acc0Ev!
0x000000000000ad90,isaudio,284,_ZN7subsdk07isaudioEv!
0x000000000000aeb0,timestampNs,264,_ZN7subsdk011timestampNsEv!
0x000000000000afc0,sub_afc0,588,_ZN7subsdk08sub_afc0Ev!
0x000000000000b210,sample_rate,276,_ZN7subsdk011sample_rateEv!
0x000000000000b330,sub_b330,24,_ZN7subsdk021sub_b330_subsdk0_b330Ev!
0x000000000000b350,sub_b350,196,_ZN7subsdk021sub_b350_subsdk0_b350Ev!
0x000000000000b420,isaudio_2,288,_ZN7subsdk09isaudio_2Ev!
0x000000000000b540,timestampNs_2,264,_ZN7subsdk013timestampNs_2Ev!
0x000000000000b650,stride_2,764,_ZN7subsdk08stride_2Ev!
0x000000000000b950,sub_b950,88,_ZN7subsdk08sub_b950Ev!
0x000000000000b9b0,sub_b9b0,12,_Z14subsdk0_f_b9b0Pvm
0x000000000000b9c0,sub_b9c0,240,_ZN7subsdk08sub_b9c0Ev!
0x000000000000bab0,sub_bab0,16,_Z14subsdk0_f_bab0PvS_
0x000000000000bac0,sub_bac0,64,_ZN7subsdk08sub_bac0Ev!
0x000000000000bb00,sub_bb00,708,_ZN7subsdk08sub_bb00Ev!
0x000000000000bdd0,sub_bdd0,144,_ZN7subsdk021sub_bdd0_subsdk0_bdd0Ev!
0x000000000000be60,sub_be60,336,_ZN7subsdk021sub_be60_subsdk0_be60Ev!
0x000000000000bfb0,sub_bfb0,172,_ZN7subsdk08sub_bfb0Ev!
0x000000000000c060,nv12_width,236,_ZN7subsdk010nv12_widthEv!
0x000000000000c150,nv12_hw_bufSize,168,_ZN7subsdk015nv12_hw_bufSizeEv!
0x000000000000c200,sub_c200,164,_ZN7subsdk021sub_c200_subsdk0_c200Ev!
0x000000000000c2b0,durationUs_4,140,_ZN7subsdk012durationUs_4Ev!
0x000000000000c340,sub_c340,88,_ZN7subsdk021sub_c340_subsdk0_c340Ev!
0x000000000000c3a0,sub_c3a0,240,_ZN7subsdk08sub_c3a0Ev!
0x000000000000c490,sub_c490,240,_ZN7subsdk08sub_c490Ev!
0x000000000000c580,unnamed_2,368,_ZN7subsdk022unnamed_2_subsdk0_c580Ev!
0x000000000000c6f0,nv12_width_2,212,_ZN7subsdk012nv12_width_2Ev!
0x000000000000c7d0,sub_c7d0,40,_ZN7subsdk08sub_c7d0Ev!
0x000000000000c800,sub_c800,16,_Z14subsdk0_f_c800PvS_
0x000000000000c810,sub_c810,64,_ZN7subsdk08sub_c810Ev!
0x000000000000c850,sub_c850,152,_ZN7subsdk08sub_c850Ev!
0x000000000000c8f0,sub_c8f0,64,_ZN7subsdk08sub_c8f0Ev!
0x000000000000c930,sub_c930,72,_ZN7subsdk08sub_c930Ev!
0x000000000000c980,vorbis_2,1956,_ZN7subsdk08vorbis_2Ev!
0x000000000000d130,sub_d130,60,_ZN7subsdk08sub_d130Ev!
0x000000000000d170,sub_d170,260,_ZN7subsdk08sub_d170Ev!
0x000000000000d280,sub_d280,60,_ZN7subsdk08sub_d280Ev!
0x000000000000d2c0,sub_d2c0,60,_ZN7subsdk021sub_d2c0_subsdk0_d2c0Ev!
0x000000000000d300,pcm_alignment,316,_ZN7subsdk013pcm_alignmentEv!
0x000000000000d440,sub_d440,228,_ZN7subsdk021sub_d440_subsdk0_d440Ev!
0x000000000000d530,sub_d530,28,_ZN7subsdk08sub_d530Ev!
0x000000000000d550,sub_d550,28,_ZN7subsdk08sub_d550Ev!
0x000000000000d570,sub_d570,240,_ZN7subsdk08sub_d570Ev!
0x000000000000d660,sub_d660,32,_ZN7subsdk08sub_d660Ev!
0x000000000000d680,sub_d680,4,_ZN7subsdk021sub_d680_subsdk0_d680Ev!
0x000000000000d690,sub_d690,4,_ZN7subsdk08sub_d690Ev!
0x000000000000d6a0,sub_d6a0,36,_ZN7subsdk08sub_d6a0Ev!
0x000000000000d6d0,sub_d6d0,24,_ZN7subsdk08sub_d6d0Ev!
0x000000000000d6f0,sub_d6f0,24,_ZN7subsdk08sub_d6f0Ev!
0x000000000000d710,sub_d710,24,_ZN7subsdk08sub_d710Ev!
0x000000000000d730,sub_d730,24,_ZN7subsdk08sub_d730Ev!
0x000000000000d750,sub_d750,24,_ZN7subsdk08sub_d750Ev!
0x000000000000d770,sub_d770,24,_ZN7subsdk08sub_d770Ev!
0x000000000000d790,sub_d790,24,_ZN7subsdk08sub_d790Ev!
0x000000000000d7b0,sub_d7b0,24,_ZN7subsdk08sub_d7b0Ev!
0x000000000000d7d0,sub_d7d0,24,_ZN7subsdk08sub_d7d0Ev!
0x000000000000d7f0,sub_d7f0,24,_ZN7subsdk08sub_d7f0Ev!
0x000000000000d810,sub_d810,4,_Z14subsdk0_f_d810v
0x000000000000d820,sub_d820,4,_ZN7subsdk08sub_d820Ev!
0x000000000000d830,sub_d830,8,_Z14subsdk0_f_d830v
0x000000000000d840,sub_d840,8,_Z14subsdk0_f_d840v
0x000000000000d850,sub_d850,8,_Z14subsdk0_f_d850v
0x000000000000d860,sub_d860,8,_Z14subsdk0_f_d860v
0x000000000000d870,sub_d870,4,_Z14subsdk0_f_d870v
0x000000000000d880,sub_d880,308,_ZN7subsdk021sub_d880_subsdk0_d880Ev!
0x000000000000d9c0,sub_d9c0,72,_ZN7subsdk08sub_d9c0Ev!
0x000000000000da10,sub_da10,16,_ZN7subsdk08sub_da10Ev!
0x000000000000da20,sub_da20,8,_Z14subsdk0_f_da20Pv
0x000000000000da30,sub_da30,4,_ZN7subsdk08sub_da30Ev!
0x000000000000da40,sub_da40,160,_ZN7subsdk021sub_da40_subsdk0_da40Ev!
0x000000000000dae0,sub_dae0,92,_ZN7subsdk08sub_dae0Ev!
0x000000000000db40,sub_db40,384,_ZN7subsdk08sub_db40Ev!
0x000000000000dcc0,sub_dcc0,12,_ZN7subsdk08sub_dcc0Ev!
0x000000000000dcd0,sub_dcd0,52,_ZN7subsdk08sub_dcd0Ev!
0x000000000000dd10,sub_dd10,68,_ZN7subsdk021sub_dd10_subsdk0_dd10Ev!
0x000000000000dd60,sub_dd60,276,_ZN7subsdk08sub_dd60Ev!
0x000000000000de80,sub_de80,184,_ZN7subsdk08sub_de80Ev!
0x000000000000df40,sub_df40,140,_ZN7subsdk08sub_df40Ev!
0x000000000000dfd0,sub_dfd0,40,_ZN7subsdk08sub_dfd0Ev!
0x000000000000e000,sub_e000,204,_ZN7subsdk08sub_e000Ev!
0x000000000000e0d0,sub_e0d0,44,_ZN7subsdk08sub_e0d0Ev!
0x000000000000e100,sub_e100,208,_ZN7subsdk08sub_e100Ev!
0x000000000000e1d0,sub_e1d0,44,_ZN7subsdk08sub_e1d0Ev!
0x000000000000e200,sub_e200,208,_ZN7subsdk08sub_e200Ev!
0x000000000000e2d0,sub_e2d0,44,_ZN7subsdk08sub_e2d0Ev!
0x000000000000e300,sub_e300,208,_ZN7subsdk021sub_e300_subsdk0_e300Ev!
0x000000000000e3d0,sub_e3d0,44,_ZN7subsdk08sub_e3d0Ev!
0x000000000000e400,sub_e400,208,_ZN7subsdk08sub_e400Ev!
0x000000000000e4d0,sub_e4d0,44,_ZN7subsdk08sub_e4d0Ev!
0x000000000000e500,sub_e500,208,_ZN7subsdk08sub_e500Ev!
0x000000000000e5d0,sub_e5d0,120,_ZN7subsdk08sub_e5d0Ev!
0x000000000000e650,sub_e650,164,_ZN7subsdk08sub_e650Ev!
0x000000000000e700,sub_e700,68,_ZN7subsdk08sub_e700Ev!
0x000000000000e750,sub_e750,208,_ZN7subsdk08sub_e750Ev!
0x000000000000e820,sub_e820,204,_ZN7subsdk08sub_e820Ev!
0x000000000000e8f0,sub_e8f0,256,_ZN7subsdk08sub_e8f0Ev!
0x000000000000e9f0,sub_e9f0,8,_Z14subsdk0_f_e9f0Pv
0x000000000000ea00,sub_ea00,48,_ZN7subsdk08sub_ea00Ev!
0x000000000000ea30,sub_ea30,304,_ZN7subsdk021sub_ea30_subsdk0_ea30Ev!
0x000000000000eb60,sub_eb60,472,_ZN7subsdk08sub_eb60Ev!
0x000000000000ed40,sub_ed40,228,_ZN7subsdk08sub_ed40Ev!
0x000000000000ee30,decodeTimeUs,548,_ZN7subsdk012decodeTimeUsEv!
0x000000000000f060,AvOffsetDiffCountLt1Mb_2,3032,_ZN7subsdk024AvOffsetDiffCountLt1Mb_2Ev!
0x000000000000fc40,durationUs_5,3588,_ZN7subsdk012durationUs_5Ev!
0x0000000000010a50,sub_10a50,324,_ZN7subsdk09sub_10a50Ev!
0x0000000000010ba0,mp4a_latm,664,_ZN7subsdk023mp4a_latm_subsdk0_10ba0Ev!
0x0000000000010e40,Extended,156,_ZN7subsdk08ExtendedEv!
0x0000000000010ee0,sub_10ee0,88,_ZN7subsdk09sub_10ee0Ev!
0x0000000000010f40,sub_10f40,108,_ZN7subsdk023sub_10f40_subsdk0_10f40Ev!
0x0000000000010fb0,sub_10fb0,1812,_ZN7subsdk023sub_10fb0_subsdk0_10fb0Ev!
0x00000000000116d0,height_2,588,_ZN7subsdk022height_2_subsdk0_116d0Ev!
0x0000000000011920,sub_11920,48,_ZN7subsdk09sub_11920Ev!
0x0000000000011950,sub_11950,20,_ZN7subsdk09sub_11950Ev!
0x0000000000011970,sub_11970,4,_Z15subsdk0_f_11970v
0x0000000000011980,sub_11980,4,_ZN7subsdk09sub_11980Ev!
0x0000000000011990,sub_11990,300,_ZN7subsdk09sub_11990Ev!
0x0000000000011ac0,sub_11ac0,68,_ZN7subsdk09sub_11ac0Ev!
0x0000000000011b10,sub_11b10,84,_ZN7subsdk09sub_11b10Ev!
0x0000000000011b70,sub_11b70,76,_ZN7subsdk09sub_11b70Ev!
0x0000000000011bc0,sub_11bc0,72,_ZN7subsdk09sub_11bc0Ev!
0x0000000000011c10,MovieNnCodecVideoOutputReceiver,552,_ZN7subsdk031MovieNnCodecVideoOutputReceiverEv!
0x0000000000011e40,sub_11e40,172,_ZN7subsdk09sub_11e40Ev!
0x0000000000011ef0,sub_11ef0,36,_ZN7subsdk09sub_11ef0Ev!
0x0000000000011f20,sub_11f20,52,_ZN7subsdk09sub_11f20Ev!
0x0000000000011f60,sub_11f60,44,_ZN7subsdk09sub_11f60Ev!
0x0000000000011f90,sub_11f90,48,_ZN7subsdk09sub_11f90Ev!
0x0000000000011fc0,sub_11fc0,48,_ZN7subsdk023sub_11fc0_subsdk0_11fc0Ev!
0x0000000000011ff0,sub_11ff0,16,_ZN7subsdk09sub_11ff0Ev!
0x0000000000012000,sub_12000,16,_ZN7subsdk09sub_12000Ev!
0x0000000000012010,sub_12010,52,_ZN7subsdk09sub_12010Ev!
0x0000000000012050,sub_12050,52,_ZN7subsdk09sub_12050Ev!
0x0000000000012090,sub_12090,44,_ZN7subsdk09sub_12090Ev!
0x00000000000120c0,sub_120c0,16,_ZN7subsdk023sub_120c0_subsdk0_120c0Ev!
0x00000000000120d0,sub_120d0,16,_ZN7subsdk09sub_120d0Ev!
0x00000000000120e0,sub_120e0,16,_ZN7subsdk09sub_120e0Ev!
0x00000000000120f0,sub_120f0,16,_ZN7subsdk09sub_120f0Ev!
0x0000000000012100,sub_12100,16,_ZN7subsdk09sub_12100Ev!
0x0000000000012110,sub_12110,16,_ZN7subsdk023sub_12110_subsdk0_12110Ev!
0x0000000000012120,sub_12120,16,_ZN7subsdk09sub_12120Ev!
0x0000000000012130,sub_12130,24,_ZN7subsdk09sub_12130Ev!
0x0000000000012150,sub_12150,24,_ZN7subsdk09sub_12150Ev!
0x0000000000012170,sub_12170,20,_ZN7subsdk023sub_12170_subsdk0_12170Ev!
0x0000000000012190,timestampNs_3,432,_ZN7subsdk013timestampNs_3Ev!
0x0000000000012340,sub_12340,20,_ZN7subsdk023sub_12340_subsdk0_12340Ev!
0x0000000000012360,sub_12360,20,_ZN7subsdk09sub_12360Ev!
0x0000000000012380,sub_12380,68,_ZN7subsdk023sub_12380_subsdk0_12380Ev!
0x00000000000123d0,sub_123d0,76,_ZN7subsdk09sub_123d0Ev!
0x0000000000012420,sub_12420,124,_ZN7subsdk09sub_12420Ev!
0x00000000000124a0,sub_124a0,72,_ZN7subsdk09sub_124a0Ev!
0x00000000000124f0,MovieNnCodecAudioOutputReceiver,488,_ZN5audio31MovieNnCodecAudioOutputReceiverEv!
0x00000000000126e0,sub_126e0,168,_ZN7subsdk023sub_126e0_subsdk0_126e0Ev!
0x0000000000012790,sub_12790,36,_ZN7subsdk09sub_12790Ev!
0x00000000000127c0,sub_127c0,16,_ZN7subsdk09sub_127c0Ev!
0x00000000000127d0,sub_127d0,44,_ZN7subsdk09sub_127d0Ev!
0x0000000000012800,sub_12800,48,_ZN7subsdk09sub_12800Ev!
0x0000000000012830,sub_12830,16,_ZN7subsdk09sub_12830Ev!
0x0000000000012840,sub_12840,48,_ZN7subsdk09sub_12840Ev!
0x0000000000012870,sub_12870,16,_ZN7subsdk09sub_12870Ev!
0x0000000000012880,sub_12880,52,_ZN7subsdk09sub_12880Ev!
0x00000000000128c0,sub_128c0,16,_Z15subsdk0_f_128c0PvS_
0x00000000000128d0,sub_128d0,52,_ZN7subsdk09sub_128d0Ev!
0x0000000000012910,sub_12910,44,_ZN7subsdk023sub_12910_subsdk0_12910Ev!
0x0000000000012940,sub_12940,16,_ZN7subsdk023sub_12940_subsdk0_12940Ev!
0x0000000000012950,sub_12950,16,_ZN7subsdk023sub_12950_subsdk0_12950Ev!
0x0000000000012960,sub_12960,32,_ZN7subsdk023sub_12960_subsdk0_12960Ev!
0x0000000000012980,sub_12980,16,_ZN7subsdk09sub_12980Ev!
0x0000000000012990,sub_12990,16,_ZN7subsdk09sub_12990Ev!
0x00000000000129a0,sub_129a0,16,_ZN7subsdk09sub_129a0Ev!
0x00000000000129b0,sub_129b0,20,_ZN7subsdk09sub_129b0Ev!
0x00000000000129d0,sub_129d0,16,_ZN7subsdk09sub_129d0Ev!
0x00000000000129e0,sub_129e0,16,_ZN7subsdk09sub_129e0Ev!
0x00000000000129f0,sub_129f0,24,_ZN7subsdk09sub_129f0Ev!
0x0000000000012a10,sub_12a10,24,_ZN7subsdk09sub_12a10Ev!
0x0000000000012a30,sub_12a30,20,_ZN7subsdk09sub_12a30Ev!
0x0000000000012a50,timestampNs_4,328,_ZN7subsdk013timestampNs_4Ev!
0x0000000000012ba0,sub_12ba0,68,_ZN7subsdk09sub_12ba0Ev!
0x0000000000012bf0,sub_12bf0,76,_ZN7subsdk023sub_12bf0_subsdk0_12bf0Ev!
0x0000000000012c40,sub_12c40,124,_ZN7subsdk09sub_12c40Ev!
0x0000000000012cc0,sub_12cc0,72,_ZN7subsdk023sub_12cc0_subsdk0_12cc0Ev!
0x0000000000012d10,MovieAudioRendererThread,1776,_ZN5audio24MovieAudioRendererThreadEv!
0x0000000000013400,sub_13400,148,_ZN7subsdk09sub_13400Ev!
0x00000000000134a0,sub_134a0,596,_ZN7subsdk09sub_134a0Ev!
0x0000000000013700,sub_13700,1348,_ZN7subsdk09sub_13700Ev!
0x0000000000013c50,sub_13c50,16,_ZN7subsdk09sub_13c50Ev!
0x0000000000013c60,sub_13c60,188,_ZN7subsdk09sub_13c60Ev!
0x0000000000013d20,sub_13d20,656,_ZN7subsdk09sub_13d20Ev!
0x0000000000013fb0,sub_13fb0,76,_ZN7subsdk09sub_13fb0Ev!
0x0000000000014000,sub_14000,92,_ZN7subsdk09sub_14000Ev!
0x0000000000014060,sub_14060,628,_ZN7subsdk09sub_14060Ev!
0x00000000000142e0,sub_142e0,92,_ZN7subsdk09sub_142e0Ev!
0x0000000000014340,sub_14340,92,_ZN7subsdk09sub_14340Ev!
0x00000000000143a0,sub_143a0,92,_ZN7subsdk09sub_143a0Ev!
0x0000000000014400,sub_14400,92,_ZN7subsdk023sub_14400_subsdk0_14400Ev!
0x0000000000014460,sub_14460,92,_ZN7subsdk09sub_14460Ev!
0x00000000000144c0,sub_144c0,92,_ZN7subsdk023sub_144c0_subsdk0_144c0Ev!
0x0000000000014520,sub_14520,12,_Z15subsdk0_f_14520Pv
0x0000000000014530,sub_14530,8,_Z15subsdk0_f_14530Pv
0x0000000000014540,sub_14540,20,_ZN7subsdk023sub_14540_subsdk0_14540Ev!
0x0000000000014560,sub_14560,76,_ZN7subsdk09sub_14560Ev!
0x00000000000145b0,sub_145b0,2884,_ZN7subsdk09sub_145b0Ev!
0x0000000000015100,sub_15100,8,_Z15subsdk0_f_15100Pv
0x0000000000015110,sub_15110,16,_ZN7subsdk09sub_15110Ev!
0x0000000000015120,sub_15120,1628,_ZN7subsdk09sub_15120Ev!
0x0000000000015780,sub_15780,68,_ZN7subsdk09sub_15780Ev!
0x00000000000157d0,sub_157d0,580,_ZN7subsdk09sub_157d0Ev!
0x0000000000015a20,sub_15a20,212,_ZN7subsdk09sub_15a20Ev!
0x0000000000015b00,sub_15b00,556,_ZN7subsdk09sub_15b00Ev!
0x0000000000015d30,sub_15d30,64,_ZN7subsdk023sub_15d30_subsdk0_15d30Ev!
0x0000000000015d70,sub_15d70,8,_Z15subsdk0_f_15d70Pv
0x0000000000015d80,sub_15d80,696,_ZN7subsdk09sub_15d80Ev!
0x0000000000016040,sub_16040,292,_ZN7subsdk09sub_16040Ev!
0x0000000000016170,sub_16170,56,_ZN7subsdk023sub_16170_subsdk0_16170Ev!
0x00000000000161b0,sub_161b0,16,_Z15subsdk0_f_161b0PvS_
0x00000000000161c0,sub_161c0,4,_Z15subsdk0_f_161c0v
0x00000000000161d0,sub_161d0,28,_ZN7subsdk09sub_161d0Ev!
0x00000000000161f0,pcm_alignment_2,300,_ZN7subsdk015pcm_alignment_2Ev!
0x0000000000016320,sub_16320,388,_ZN7subsdk09sub_16320Ev!
0x00000000000164b0,sub_164b0,532,_ZN7subsdk09sub_164b0Ev!
0x00000000000166d0,sub_166d0,384,_ZN7subsdk09sub_166d0Ev!
0x0000000000016850,sub_16850,60,_ZN7subsdk09sub_16850Ev!
0x0000000000016890,pcm_alignment_3,84,_ZN7subsdk015pcm_alignment_3Ev!
0x00000000000168f0,sub_168f0,12,_Z15subsdk0_f_168f0Pvm
0x0000000000016900,sub_16900,328,_ZN7subsdk09sub_16900Ev!
0x0000000000016a50,sub_16a50,12,_ZN7subsdk09sub_16a50Ev!
0x0000000000016a60,sub_16a60,8,_Z15subsdk0_f_16a60Pv
0x0000000000016a70,sub_16a70,408,_ZN7subsdk09sub_16a70Ev!
0x0000000000016c10,sub_16c10,408,_ZN7subsdk09sub_16c10Ev!
0x0000000000016db0,sub_16db0,72,_ZN7subsdk09sub_16db0Ev!
0x0000000000016e00,MovieVideoRendererThread,960,_ZN7subsdk024MovieVideoRendererThreadEv!
0x00000000000171c0,sub_171c0,156,_ZN7subsdk09sub_171c0Ev!
0x0000000000017260,sub_17260,556,_ZN7subsdk09sub_17260Ev!
0x0000000000017490,sub_17490,552,_ZN7subsdk09sub_17490Ev!
0x00000000000176c0,sub_176c0,12,_Z15subsdk0_f_176c0Pvm
0x00000000000176d0,sub_176d0,44,_ZN7subsdk09sub_176d0Ev!
0x0000000000017700,sub_17700,96,_ZN7subsdk09sub_17700Ev!
0x0000000000017760,sub_17760,64,_ZN7subsdk09sub_17760Ev!
0x00000000000177a0,sub_177a0,324,_ZN7subsdk09sub_177a0Ev!
0x00000000000178f0,sub_178f0,508,_ZN7subsdk09sub_178f0Ev!
0x0000000000017af0,sub_17af0,408,_ZN7subsdk09sub_17af0Ev!
0x0000000000017c90,sub_17c90,92,_ZN7subsdk09sub_17c90Ev!
0x0000000000017cf0,sub_17cf0,92,_ZN7subsdk09sub_17cf0Ev!
0x0000000000017d50,sub_17d50,92,_ZN7subsdk09sub_17d50Ev!
0x0000000000017db0,sub_17db0,76,_ZN7subsdk09sub_17db0Ev!
0x0000000000017e00,abgr_alignment,408,_ZN7subsdk014abgr_alignmentEv!
0x0000000000017fa0,sub_17fa0,344,_ZN7subsdk09sub_17fa0Ev!
0x0000000000018100,nv12_uv_alignment,504,_ZN7subsdk017nv12_uv_alignmentEv!
0x0000000000018300,sub_18300,752,_ZN7subsdk023sub_18300_subsdk0_18300Ev!
0x00000000000185f0,sub_185f0,520,_ZN7subsdk09sub_185f0Ev!
0x0000000000018800,crop_width,1096,_ZN7subsdk010crop_widthEv!
0x0000000000018c50,sub_18c50,1116,_ZN7subsdk09sub_18c50Ev!
0x00000000000190b0,sub_190b0,36,_ZN7subsdk09sub_190b0Ev!
0x00000000000190e0,sub_190e0,380,_ZN7subsdk09sub_190e0Ev!
0x0000000000019260,sub_19260,56,_ZN7subsdk09sub_19260Ev!
0x00000000000192a0,sub_192a0,504,_ZN7subsdk09sub_192a0Ev!
0x00000000000194a0,sub_194a0,336,_ZN7subsdk09sub_194a0Ev!
0x00000000000195f0,sub_195f0,344,_ZN7subsdk09sub_195f0Ev!
0x0000000000019750,sub_19750,60,_ZN7subsdk09sub_19750Ev!
0x0000000000019790,sub_19790,248,_ZN7subsdk09sub_19790Ev!
0x0000000000019890,sub_19890,276,_ZN7subsdk09sub_19890Ev!
0x00000000000199b0,sub_199b0,104,_ZN7subsdk09sub_199b0Ev!
0x0000000000019a20,sub_19a20,8,_Z15subsdk0_f_19a20Pv
0x0000000000019a30,sub_19a30,28,_ZN7subsdk09sub_19a30Ev!
0x0000000000019a50,sub_19a50,152,_ZN7subsdk09sub_19a50Ev!
0x0000000000019af0,sub_19af0,16,_ZN7subsdk09sub_19af0Ev!
0x0000000000019b00,sub_19b00,28,_ZN7subsdk09sub_19b00Ev!
0x0000000000019b20,sub_19b20,8,_Z15subsdk0_f_19b20Pv
0x0000000000019b30,sub_19b30,144,_ZN7subsdk09sub_19b30Ev!
0x0000000000019bc0,sub_19bc0,832,_ZN7subsdk09sub_19bc0Ev!
0x0000000000019f00,sub_19f00,12,_Z15subsdk0_f_19f00PvS_
0x0000000000019f10,sub_19f10,12,_Z15subsdk0_f_19f10Pv
0x0000000000019f20,abgr_alignment_2,300,_ZN7subsdk016abgr_alignment_2Ev!
0x000000000001a050,sub_1a050,12,_Z15subsdk0_f_1a050Pvm
0x000000000001a060,height_3,336,_ZN7subsdk022height_3_subsdk0_1a060Ev!
0x000000000001a1b0,sub_1a1b0,8,_Z15subsdk0_f_1a1b0Pv
0x000000000001a1c0,sub_1a1c0,536,_ZN7subsdk09sub_1a1c0Ev!
0x000000000001a3e0,sub_1a3e0,580,_ZN7subsdk09sub_1a3e0Ev!
0x000000000001a630,sub_1a630,72,_ZN7subsdk09sub_1a630Ev!
0x000000000001a680,MovieNnCodecInputReceiver,868,_ZN7subsdk025MovieNnCodecInputReceiverEv!
0x000000000001a9f0,sub_1a9f0,60,_ZN7subsdk09sub_1a9f0Ev!
0x000000000001aa30,sub_1aa30,376,_ZN7subsdk023sub_1aa30_subsdk0_1aa30Ev!
0x000000000001abb0,sub_1abb0,128,_ZN7subsdk09sub_1abb0Ev!
0x000000000001ac30,sub_1ac30,36,_ZN7subsdk023sub_1ac30_subsdk0_1ac30Ev!
0x000000000001ac60,sub_1ac60,252,_ZN7subsdk09sub_1ac60Ev!
0x000000000001ad60,sub_1ad60,72,_ZN7subsdk023sub_1ad60_subsdk0_1ad60Ev!
0x000000000001adb0,sub_1adb0,72,_ZN7subsdk023sub_1adb0_subsdk0_1adb0Ev!
0x000000000001ae00,sub_1ae00,64,_ZN7subsdk023sub_1ae00_subsdk0_1ae00Ev!
0x000000000001ae40,sub_1ae40,136,_ZN7subsdk023sub_1ae40_subsdk0_1ae40Ev!
0x000000000001aed0,sub_1aed0,144,_ZN7subsdk09sub_1aed0Ev!
0x000000000001af60,sub_1af60,228,_ZN7subsdk09sub_1af60Ev!
0x000000000001b050,sub_1b050,56,_ZN7subsdk09sub_1b050Ev!
0x000000000001b090,sub_1b090,16,_ZN7subsdk09sub_1b090Ev!
0x000000000001b0a0,sub_1b0a0,640,_ZN7subsdk09sub_1b0a0Ev!
0x000000000001b320,sub_1b320,896,_ZN7subsdk09sub_1b320Ev!
0x000000000001b6a0,sub_1b6a0,16,_ZN7subsdk09sub_1b6a0Ev!
0x000000000001b6b0,sub_1b6b0,324,_ZN7subsdk09sub_1b6b0Ev!
0x000000000001b800,sub_1b800,612,_ZN7subsdk09sub_1b800Ev!
0x000000000001ba70,sub_1ba70,232,_ZN7subsdk09sub_1ba70Ev!
0x000000000001bb60,sub_1bb60,144,_ZN7subsdk09sub_1bb60Ev!
0x000000000001bbf0,sub_1bbf0,820,_ZN7subsdk09sub_1bbf0Ev!
0x000000000001bf30,sub_1bf30,696,_ZN7subsdk09sub_1bf30Ev!
0x000000000001c1f0,isaudio_3,1212,_ZN7subsdk09isaudio_3Ev!
0x000000000001c6b0,sub_1c6b0,180,_ZN7subsdk09sub_1c6b0Ev!
0x000000000001c770,sub_1c770,8,_Z15subsdk0_f_1c770Pvm
0x000000000001c780,sub_1c780,68,_ZN7subsdk09sub_1c780Ev!
0x000000000001c7d0,sub_1c7d0,76,_ZN7subsdk09sub_1c7d0Ev!
0x000000000001c820,sub_1c820,116,_ZN7subsdk09sub_1c820Ev!
0x000000000001c8a0,sub_1c8a0,72,_ZN7subsdk09sub_1c8a0Ev!
0x000000000001c8f0,sub_1c8f0,108,_ZN7subsdk09sub_1c8f0Ev!
0x000000000001c960,sub_1c960,56,_ZN7subsdk09sub_1c960Ev!
0x000000000001c9a0,sub_1c9a0,4,_ZN7subsdk09sub_1c9a0Ev!
0x000000000001c9b0,sub_1c9b0,36,_ZN7subsdk09sub_1c9b0Ev!
0x000000000001c9e0,sub_1c9e0,44,_ZN7subsdk09sub_1c9e0Ev!
0x000000000001ca10,sub_1ca10,16,_ZN7subsdk09sub_1ca10Ev!
0x000000000001ca20,sub_1ca20,52,_ZN7subsdk09sub_1ca20Ev!
0x000000000001ca60,sub_1ca60,16,_Z15subsdk0_f_1ca60PvS_
0x000000000001ca70,sub_1ca70,4,_Z15subsdk0_f_1ca70v
0x000000000001ca80,sub_1ca80,8,_Z15subsdk0_f_1ca80v
0x000000000001ca90,sub_1ca90,8,_Z15subsdk0_f_1ca90v
0x000000000001caa0,sub_1caa0,8,_ZN7subsdk09sub_1caa0Ev!
0x000000000001cab0,sub_1cab0,4,_Z15subsdk0_f_1cab0v
0x000000000001cac0,sub_1cac0,8,_ZN7subsdk023sub_1cac0_subsdk0_1cac0Ev!
0x000000000001cad0,MovieVideoDecoderLooper,2448,_ZN7subsdk023MovieVideoDecoderLooperEv!
0x000000000001d460,x_vnd_on2,320,_ZN7subsdk09x_vnd_on2Ev!
0x000000000001d5a0,sub_1d5a0,288,_ZN7subsdk09sub_1d5a0Ev!
0x000000000001d6c0,sub_1d6c0,16,_ZN7subsdk09sub_1d6c0Ev!
0x000000000001d6d0,sub_1d6d0,124,_ZN7subsdk09sub_1d6d0Ev!
0x000000000001d750,sub_1d750,168,_ZN7subsdk09sub_1d750Ev!
0x000000000001d800,DecoderImpl,560,_ZN7subsdk011DecoderImplEv!
0x000000000001da30,sub_1da30,464,_ZN7subsdk09sub_1da30Ev!
0x000000000001dc00,ShimCodecConsumer_2,1156,_ZN7subsdk019ShimCodecConsumer_2Ev!
0x000000000001e090,x_vnd_on2_2,288,_ZN7subsdk011x_vnd_on2_2Ev!
0x000000000001e1b0,sub_1e1b0,12,_Z15subsdk0_f_1e1b0Pvm
0x000000000001e1c0,sub_1e1c0,120,_ZN7subsdk09sub_1e1c0Ev!
0x000000000001e240,sub_1e240,8,_Z15subsdk0_f_1e240v
0x000000000001e250,sub_1e250,128,_ZN7subsdk09sub_1e250Ev!
0x000000000001e2d0,sub_1e2d0,88,_ZN7subsdk09sub_1e2d0Ev!
0x000000000001e330,sub_1e330,252,_ZN7subsdk09sub_1e330Ev!
0x000000000001e430,sub_1e430,168,_ZN7subsdk09sub_1e430Ev!
0x000000000001e4e0,sub_1e4e0,84,_ZN7subsdk023sub_1e4e0_subsdk0_1e4e0Ev!
0x000000000001e540,sub_1e540,124,_ZN7subsdk023sub_1e540_subsdk0_1e540Ev!
0x000000000001e5c0,height_4,320,_ZN7subsdk08height_4Ev!
0x000000000001e700,stride_3,500,_ZN7subsdk08stride_3Ev!
0x000000000001e900,sub_1e900,220,_ZN7subsdk09sub_1e900Ev!
0x000000000001e9e0,stride_4,1056,_ZN7subsdk08stride_4Ev!
0x000000000001ee00,channel_count,372,_ZN7subsdk013channel_countEv!
0x000000000001ef80,sub_1ef80,388,_ZN7subsdk09sub_1ef80Ev!
0x000000000001f110,sub_1f110,264,_ZN7subsdk09sub_1f110Ev!
0x000000000001f220,sub_1f220,340,_ZN7subsdk09sub_1f220Ev!
0x000000000001f380,sub_1f380,176,_ZN7subsdk023sub_1f380_subsdk0_1f380Ev!
0x000000000001f430,stride_5,1260,_ZN7subsdk08stride_5Ev!
0x000000000001f920,stride_6,256,_ZN7subsdk08stride_6Ev!
0x000000000001fa20,sub_1fa20,188,_ZN7subsdk09sub_1fa20Ev!
0x000000000001fae0,sub_1fae0,180,_ZN7subsdk09sub_1fae0Ev!
0x000000000001fba0,sub_1fba0,200,_ZN7subsdk09sub_1fba0Ev!
0x000000000001fc70,sub_1fc70,8,_Z15subsdk0_f_1fc70Pv
0x000000000001fc80,sub_1fc80,120,_ZN7subsdk023sub_1fc80_subsdk0_1fc80Ev!
0x000000000001fd00,height_5,408,_ZN7subsdk08height_5Ev!
0x000000000001fea0,sub_1fea0,8,_Z15subsdk0_f_1fea0Pvj
0x000000000001feb0,sub_1feb0,24,_ZN7subsdk09sub_1feb0Ev!
0x000000000001fed0,sub_1fed0,24,_ZN7subsdk023sub_1fed0_subsdk0_1fed0Ev!
0x000000000001fef0,sub_1fef0,24,_ZN7subsdk09sub_1fef0Ev!
0x000000000001ff10,sub_1ff10,24,_ZN7subsdk09sub_1ff10Ev!
0x000000000001ff30,sub_1ff30,264,_ZN7subsdk09sub_1ff30Ev!
0x0000000000020040,sub_20040,292,_ZN7subsdk09sub_20040Ev!
0x0000000000020170,sub_20170,32,_ZN7subsdk023sub_20170_subsdk0_20170Ev!
0x0000000000020190,sub_20190,60,_ZN7subsdk023sub_20190_subsdk0_20190Ev!
0x00000000000201d0,sub_201d0,4,_ZN7subsdk09sub_201d0Ev!
0x00000000000201e0,sub_201e0,36,_ZN7subsdk09sub_201e0Ev!
0x0000000000020210,callbackID_2,1456,_ZN7subsdk012callbackID_2Ev!
0x00000000000207c0,sub_207c0,68,_ZN7subsdk09sub_207c0Ev!
0x0000000000020810,sub_20810,760,_ZN7subsdk09sub_20810Ev!
0x0000000000020b10,sub_20b10,576,_ZN7subsdk09sub_20b10Ev!
0x0000000000020d50,sub_20d50,72,_ZN7subsdk09sub_20d50Ev!
0x0000000000020da0,SDK_MW_Nintendo_NintendoSDK_movie_7_3_2_Release,128,_ZN7subsdk047SDK_MW_Nintendo_NintendoSDK_movie_7_3_2_ReleaseEv!
0x0000000000020e20,sub_20e20,72,_ZN7subsdk09sub_20e20Ev!
0x0000000000020e70,sub_20e70,72,_ZN7subsdk09sub_20e70Ev!
0x0000000000020ec0,sub_20ec0,20,_ZN7subsdk09sub_20ec0Ev!
0x0000000000020ee0,sub_20ee0,20,_ZN7subsdk09sub_20ee0Ev!
0x0000000000020f00,sub_20f00,20,_ZN7subsdk023sub_20f00_subsdk0_20f00Ev!
0x0000000000020f20,sub_20f20,20,_ZN7subsdk09sub_20f20Ev!
0x0000000000020f40,sub_20f40,20,_ZN7subsdk09sub_20f40Ev!
0x0000000000020f60,sub_20f60,20,_ZN7subsdk09sub_20f60Ev!
0x0000000000020f80,sub_20f80,20,_ZN7subsdk09sub_20f80Ev!
0x0000000000020fa0,sub_20fa0,20,_ZN7subsdk023sub_20fa0_subsdk0_20fa0Ev!
0x0000000000020fc0,sub_20fc0,20,_ZN7subsdk09sub_20fc0Ev!
0x0000000000020fe0,sub_20fe0,20,_ZN7subsdk023sub_20fe0_subsdk0_20fe0Ev!
0x0000000000021000,sub_21000,20,_ZN7subsdk09sub_21000Ev!
0x0000000000021020,sub_21020,20,_ZN7subsdk023sub_21020_subsdk0_21020Ev!
0x0000000000021040,sub_21040,20,_ZN7subsdk023sub_21040_subsdk0_21040Ev!
0x0000000000021060,sub_21060,20,_ZN7subsdk023sub_21060_subsdk0_21060Ev!
0x0000000000021080,sub_21080,20,_ZN7subsdk09sub_21080Ev!
0x00000000000210a0,sub_210a0,20,_ZN7subsdk023sub_210a0_subsdk0_210a0Ev!
0x00000000000210c0,sub_210c0,20,_ZN7subsdk023sub_210c0_subsdk0_210c0Ev!
0x00000000000210e0,sub_210e0,72,_ZN7subsdk023sub_210e0_subsdk0_210e0Ev!
0x0000000000021130,NnAudioEncoderLooper,832,_ZN5audio20NnAudioEncoderLooperEv!
0x0000000000021470,unknown,104,_ZN7subsdk021unknown_subsdk0_21470Ev!
0x00000000000214e0,sub_214e0,164,_ZN7subsdk09sub_214e0Ev!
0x0000000000021590,sub_21590,312,_ZN7subsdk09sub_21590Ev!
0x00000000000216d0,height_6,1412,_ZN7subsdk08height_6Ev!
0x0000000000021c60,sub_21c60,12,_Z15subsdk0_f_21c60Pvm
0x0000000000021c70,sub_21c70,92,_ZN7subsdk09sub_21c70Ev!
0x0000000000021cd0,sub_21cd0,68,_ZN7subsdk09sub_21cd0Ev!
0x0000000000021d20,sub_21d20,108,_ZN7subsdk09sub_21d20Ev!
0x0000000000021d90,sub_21d90,68,_ZN7subsdk09sub_21d90Ev!
0x0000000000021de0,sub_21de0,84,_ZN7subsdk09sub_21de0Ev!
0x0000000000021e40,sub_21e40,72,_ZN7subsdk09sub_21e40Ev!
0x0000000000021e90,sub_21e90,124,_ZN7subsdk09sub_21e90Ev!
0x0000000000021f10,sub_21f10,216,_ZN7subsdk09sub_21f10Ev!
0x0000000000021ff0,sub_21ff0,192,_ZN7subsdk09sub_21ff0Ev!
0x00000000000220b0,sub_220b0,196,_ZN7subsdk09sub_220b0Ev!
0x0000000000022180,sub_22180,176,_ZN7subsdk09sub_22180Ev!
0x0000000000022230,sub_22230,168,_ZN7subsdk09sub_22230Ev!
0x00000000000222e0,sub_222e0,196,_ZN7subsdk09sub_222e0Ev!
0x00000000000223b0,sub_223b0,8,_Z15subsdk0_f_223b0Pv
0x00000000000223c0,sub_223c0,8,_Z15subsdk0_f_223c0Pvj
0x00000000000223d0,sub_223d0,24,_ZN7subsdk09sub_223d0Ev!
0x00000000000223f0,sub_223f0,24,_ZN7subsdk09sub_223f0Ev!
0x0000000000022410,sub_22410,24,_ZN7subsdk09sub_22410Ev!
0x0000000000022430,sub_22430,24,_ZN7subsdk09sub_22430Ev!
0x0000000000022450,sub_22450,264,_ZN7subsdk09sub_22450Ev!
0x0000000000022560,sub_22560,292,_ZN7subsdk09sub_22560Ev!
0x0000000000022690,sub_22690,60,_ZN7subsdk09sub_22690Ev!
0x00000000000226d0,sub_226d0,4,_ZN7subsdk09sub_226d0Ev!
0x00000000000226e0,sub_226e0,36,_ZN7subsdk09sub_226e0Ev!
0x0000000000022710,callbackID_3,788,_ZN7subsdk012callbackID_3Ev!
0x0000000000022a30,sub_22a30,72,_ZN7subsdk09sub_22a30Ev!
0x0000000000022a80,sub_22a80,84,_ZN7subsdk09sub_22a80Ev!
0x0000000000022ae0,sub_22ae0,72,_ZN7subsdk023sub_22ae0_subsdk0_22ae0Ev!
0x0000000000022b30,sub_22b30,72,_ZN7subsdk023sub_22b30_subsdk0_22b30Ev!
0x0000000000022b80,sub_22b80,20,_ZN7subsdk023sub_22b80_subsdk0_22b80Ev!
0x0000000000022ba0,sub_22ba0,20,_ZN7subsdk09sub_22ba0Ev!
0x0000000000022bc0,sub_22bc0,20,_ZN7subsdk09sub_22bc0Ev!
0x0000000000022be0,sub_22be0,20,_ZN7subsdk09sub_22be0Ev!
0x0000000000022c00,sub_22c00,20,_ZN7subsdk09sub_22c00Ev!
0x0000000000022c20,sub_22c20,20,_ZN7subsdk023sub_22c20_subsdk0_22c20Ev!
0x0000000000022c40,sub_22c40,20,_ZN7subsdk09sub_22c40Ev!
0x0000000000022c60,sub_22c60,20,_ZN7subsdk023sub_22c60_subsdk0_22c60Ev!
0x0000000000022c80,sub_22c80,20,_ZN7subsdk09sub_22c80Ev!
0x0000000000022ca0,sub_22ca0,20,_ZN7subsdk023sub_22ca0_subsdk0_22ca0Ev!
0x0000000000022cc0,sub_22cc0,20,_ZN7subsdk023sub_22cc0_subsdk0_22cc0Ev!
0x0000000000022ce0,sub_22ce0,20,_ZN7subsdk023sub_22ce0_subsdk0_22ce0Ev!
0x0000000000022d00,sub_22d00,20,_ZN7subsdk09sub_22d00Ev!
0x0000000000022d20,sub_22d20,20,_ZN7subsdk09sub_22d20Ev!
0x0000000000022d40,sub_22d40,72,_ZN7subsdk023sub_22d40_subsdk0_22d40Ev!
0x0000000000022d90,sub_22d90,124,_ZN7subsdk09sub_22d90Ev!
0x0000000000022e10,sub_22e10,136,_ZN7subsdk09sub_22e10Ev!
0x0000000000022ea0,sub_22ea0,144,_ZN7subsdk09sub_22ea0Ev!
0x0000000000022f30,sub_22f30,56,_ZN7subsdk09sub_22f30Ev!
0x0000000000022f70,sub_22f70,72,_ZN7subsdk09sub_22f70Ev!
0x0000000000022fc0,sub_22fc0,84,_ZN7subsdk09sub_22fc0Ev!
0x0000000000023020,profile_2,1564,_ZN7subsdk09profile_2Ev!
0x0000000000023640,sub_23640,84,_ZN7subsdk09sub_23640Ev!
0x00000000000236a0,sub_236a0,84,_ZN7subsdk09sub_236a0Ev!
0x0000000000023700,sub_23700,32,_ZN7subsdk023sub_23700_subsdk0_23700Ev!
0x0000000000023720,sub_23720,28,_ZN7subsdk023sub_23720_subsdk0_23720Ev!
0x0000000000023740,sub_23740,28,_ZN7subsdk09sub_23740Ev!
0x0000000000023760,sub_23760,28,_ZN7subsdk09sub_23760Ev!
0x0000000000023780,sub_23780,32,_ZN7subsdk09sub_23780Ev!
0x00000000000237a0,sub_237a0,28,_ZN7subsdk09sub_237a0Ev!
0x00000000000237c0,sub_237c0,28,_ZN7subsdk09sub_237c0Ev!
0x00000000000237e0,sub_237e0,28,_ZN7subsdk09sub_237e0Ev!
0x0000000000023800,sub_23800,28,_ZN7subsdk09sub_23800Ev!
0x0000000000023820,sub_23820,28,_ZN7subsdk09sub_23820Ev!
0x0000000000023840,sub_23840,28,_ZN7subsdk09sub_23840Ev!
0x0000000000023860,sub_23860,72,_ZN7subsdk09sub_23860Ev!
0x00000000000238b0,sub_238b0,72,_ZN7subsdk09sub_238b0Ev!
0x0000000000023900,sub_23900,272,_ZN7subsdk09sub_23900Ev!
0x0000000000023a10,sub_23a10,68,_ZN7subsdk09sub_23a10Ev!
0x0000000000023a60,sub_23a60,24,_Z15subsdk0_f_23a60Pv
0x0000000000023a80,sub_23a80,64,_ZN7subsdk09sub_23a80Ev!
0x0000000000023ac0,sub_23ac0,28,_ZN7subsdk09sub_23ac0Ev!
0x0000000000023ae0,sub_23ae0,52,_ZN7subsdk023sub_23ae0_subsdk0_23ae0Ev!
0x0000000000023b20,sub_23b20,8,_ZN7subsdk09sub_23b20Ev!
0x0000000000023b30,sub_23b30,8,_Z15subsdk0_f_23b30Pv
0x0000000000023b40,sub_23b40,16,_Z15subsdk0_f_23b40Pv
0x0000000000023b50,sub_23b50,8,_Z15subsdk0_f_23b50Pv
0x0000000000023b60,sub_23b60,8,_Z15subsdk0_f_23b60Pv
0x0000000000023b70,sub_23b70,8,_Z15subsdk0_f_23b70Pv
0x0000000000023b80,sub_23b80,164,_ZN7subsdk09sub_23b80Ev!
0x0000000000023c30,sub_23c30,72,_ZN7subsdk09sub_23c30Ev!
0x0000000000023c80,sub_23c80,8,_Z15subsdk0_f_23c80Pvm
0x0000000000023c90,sub_23c90,8,_Z15subsdk0_f_23c90Pv
0x0000000000023ca0,sub_23ca0,8,_Z15subsdk0_f_23ca0Pvj
0x0000000000023cb0,sub_23cb0,8,_Z15subsdk0_f_23cb0Pv
0x0000000000023cc0,sub_23cc0,8,_Z15subsdk0_f_23cc0Pvm
0x0000000000023cd0,sub_23cd0,8,_Z15subsdk0_f_23cd0Pv
0x0000000000023ce0,sub_23ce0,8,_Z15subsdk0_f_23ce0Pvj
0x0000000000023cf0,sub_23cf0,8,_Z15subsdk0_f_23cf0Pvm
0x0000000000023d00,sub_23d00,8,_Z15subsdk0_f_23d00Pvm
0x0000000000023d10,sub_23d10,8,_Z15subsdk0_f_23d10Pv
0x0000000000023d20,sub_23d20,8,_Z15subsdk0_f_23d20Pv
0x0000000000023d30,sub_23d30,16,_ZN7subsdk09sub_23d30Ev!
0x0000000000023d40,sub_23d40,4,_Z15subsdk0_f_23d40v
0x0000000000023d50,sub_23d50,4,_ZN7subsdk09sub_23d50Ev!
0x0000000000023d60,sub_23d60,64,_ZN7subsdk09sub_23d60Ev!
0x0000000000023da0,sub_23da0,64,_ZN7subsdk09sub_23da0Ev!
0x0000000000023de0,sub_23de0,76,_ZN7subsdk09sub_23de0Ev!
0x0000000000023e30,sub_23e30,52,_ZN7subsdk09sub_23e30Ev!
0x0000000000023e70,sub_23e70,16,_ZN7subsdk09sub_23e70Ev!
0x0000000000023e80,sub_23e80,16,_ZN7subsdk09sub_23e80Ev!
0x0000000000023e90,sub_23e90,16,_ZN7subsdk09sub_23e90Ev!
0x0000000000023ea0,sub_23ea0,16,_ZN7subsdk09sub_23ea0Ev!
0x0000000000023eb0,sub_23eb0,16,_ZN7subsdk09sub_23eb0Ev!
0x0000000000023ec0,sub_23ec0,16,_ZN7subsdk09sub_23ec0Ev!
0x0000000000023ed0,sub_23ed0,16,_ZN7subsdk09sub_23ed0Ev!
0x0000000000023ee0,sub_23ee0,16,_ZN7subsdk09sub_23ee0Ev!
0x0000000000023ef0,sub_23ef0,16,_ZN7subsdk09sub_23ef0Ev!
0x0000000000023f00,sub_23f00,16,_ZN7subsdk09sub_23f00Ev!
0x0000000000023f10,sub_23f10,16,_ZN7subsdk09sub_23f10Ev!
0x0000000000023f20,sub_23f20,16,_ZN7subsdk09sub_23f20Ev!
0x0000000000023f30,sub_23f30,16,_ZN7subsdk09sub_23f30Ev!
0x0000000000023f40,sub_23f40,16,_ZN7subsdk09sub_23f40Ev!
0x0000000000023f50,sub_23f50,16,_ZN7subsdk09sub_23f50Ev!
0x0000000000023f60,sub_23f60,16,_ZN7subsdk09sub_23f60Ev!
0x0000000000023f70,sub_23f70,16,_ZN7subsdk09sub_23f70Ev!
0x0000000000023f80,sub_23f80,16,_ZN7subsdk09sub_23f80Ev!
0x0000000000023f90,sub_23f90,16,_ZN7subsdk09sub_23f90Ev!
0x0000000000023fa0,sub_23fa0,16,_ZN7subsdk09sub_23fa0Ev!
0x0000000000023fb0,sub_23fb0,16,_ZN7subsdk09sub_23fb0Ev!
0x0000000000023fc0,sub_23fc0,324,_ZN7subsdk09sub_23fc0Ev!
0x0000000000024110,mp4a_latm_2,676,_ZN7subsdk011mp4a_latm_2Ev!
0x00000000000243c0,sub_243c0,88,_ZN7subsdk09sub_243c0Ev!
0x0000000000024420,sub_24420,108,_ZN7subsdk09sub_24420Ev!
0x0000000000024490,sub_24490,2092,_ZN7subsdk09sub_24490Ev!
0x0000000000024cc0,sub_24cc0,152,_ZN7subsdk023sub_24cc0_subsdk0_24cc0Ev!
0x0000000000024d60,sub_24d60,256,_ZN7subsdk09sub_24d60Ev!
0x0000000000024e60,height_7,540,_ZN7subsdk08height_7Ev!
0x0000000000025080,height_8,172,_ZN7subsdk08height_8Ev!
0x0000000000025130,height_9,172,_ZN7subsdk08height_9Ev!
0x00000000000251e0,sub_251e0,4,_ZN7subsdk09sub_251e0Ev!
0x00000000000251f0,sub_251f0,12,_ZN7subsdk023sub_251f0_subsdk0_251f0Ev!
0x0000000000025200,sub_25200,4,_ZN7subsdk09sub_25200Ev!
0x0000000000025210,sub_25210,24,_ZN7subsdk09sub_25210Ev!
0x0000000000025230,Status_UnsupportedSampleRate,796,_ZN7subsdk028Status_UnsupportedSampleRateEv!
0x0000000000025550,sub_25550,72,_ZN7subsdk09sub_25550Ev!
0x00000000000255a0,sub_255a0,48,_ZN7subsdk09sub_255a0Ev!
0x00000000000255d0,sub_255d0,52,_ZN7subsdk023sub_255d0_subsdk0_255d0Ev!
0x0000000000025610,sub_25610,60,_ZN7subsdk09sub_25610Ev!
0x0000000000025650,sub_25650,56,_ZN7subsdk09sub_25650Ev!
0x0000000000025690,sub_25690,64,_ZN7subsdk09sub_25690Ev!
0x00000000000256d0,sub_256d0,68,_ZN7subsdk023sub_256d0_subsdk0_256d0Ev!
0x0000000000025720,sub_25720,232,_ZN7subsdk09sub_25720Ev!
0x0000000000025810,sub_25810,92,_ZN7subsdk023sub_25810_subsdk0_25810Ev!
0x0000000000025870,sub_25870,8,_Z15subsdk0_f_25870Pv
0x0000000000025880,sub_25880,36,_ZN7subsdk09sub_25880Ev!
0x00000000000258b0,sub_258b0,36,_ZN7subsdk09sub_258b0Ev!
0x00000000000258e0,sub_258e0,292,_ZN7subsdk09sub_258e0Ev!
0x0000000000025a10,sub_25a10,320,_ZN7subsdk09sub_25a10Ev!
0x0000000000025b50,sub_25b50,396,_ZN7subsdk09sub_25b50Ev!
0x0000000000025ce0,sub_25ce0,44,_ZN7subsdk09sub_25ce0Ev!
0x0000000000025d10,sub_25d10,56,_ZN7subsdk09sub_25d10Ev!
0x0000000000025d50,sub_25d50,52,_ZN7subsdk023sub_25d50_subsdk0_25d50Ev!
0x0000000000025d90,sub_25d90,64,_ZN7subsdk09sub_25d90Ev!
0x0000000000025dd0,sub_25dd0,76,_ZN7subsdk09sub_25dd0Ev!
0x0000000000025e20,sub_25e20,120,_ZN7subsdk09sub_25e20Ev!
0x0000000000025ea0,sub_25ea0,104,_ZN7subsdk09sub_25ea0Ev!
0x0000000000025f10,sub_25f10,292,_ZN7subsdk09sub_25f10Ev!
0x0000000000026040,NnCodecConsumer,524,_ZN7subsdk015NnCodecConsumerEv!
0x0000000000026250,sub_26250,120,_ZN7subsdk09sub_26250Ev!
0x00000000000262d0,sub_262d0,84,_ZN7subsdk09sub_262d0Ev!
0x0000000000026330,sub_26330,404,_ZN7subsdk09sub_26330Ev!
0x00000000000264d0,NnCodecConsumer_2,536,_ZN7subsdk017NnCodecConsumer_2Ev!
0x00000000000266f0,sub_266f0,80,_ZN7subsdk09sub_266f0Ev!
0x0000000000026740,sub_26740,256,_ZN7subsdk09sub_26740Ev!
0x0000000000026840,sub_26840,12,_Z15subsdk0_f_26840Pvm
0x0000000000026850,sub_26850,56,_ZN7subsdk09sub_26850Ev!
0x0000000000026890,sub_26890,8,_Z15subsdk0_f_26890Pv
0x00000000000268a0,sub_268a0,4,_ZN7subsdk09sub_268a0Ev!
0x00000000000268b0,sub_268b0,160,_ZN7subsdk09sub_268b0Ev!
0x0000000000026950,sub_26950,160,_ZN7subsdk09sub_26950Ev!
0x00000000000269f0,sub_269f0,8,_ZN7subsdk09sub_269f0Ev!
0x0000000000026a00,sub_26a00,4,_ZN7subsdk09sub_26a00Ev!
0x0000000000026a10,sub_26a10,4,_ZN7subsdk09sub_26a10Ev!
0x0000000000026a20,sub_26a20,4,_ZN7subsdk09sub_26a20Ev!
0x0000000000026a30,sub_26a30,4,_ZN7subsdk09sub_26a30Ev!
0x0000000000026a40,sub_26a40,4,_ZN7subsdk09sub_26a40Ev!
0x0000000000026a50,sub_26a50,4,_ZN7subsdk09sub_26a50Ev!
0x0000000000026a60,sub_26a60,4,_ZN7subsdk09sub_26a60Ev!
0x0000000000026a70,sub_26a70,4,_ZN7subsdk09sub_26a70Ev!
0x0000000000026a80,sub_26a80,4,_ZN7subsdk09sub_26a80Ev!
0x0000000000026a90,sub_26a90,4,_ZN7subsdk09sub_26a90Ev!
0x0000000000026aa0,sub_26aa0,4,_ZN7subsdk09sub_26aa0Ev!
0x0000000000026ab0,sub_26ab0,4,_ZN7subsdk09sub_26ab0Ev!
0x0000000000026ac0,sub_26ac0,16,_ZN7subsdk09sub_26ac0Ev!
0x0000000000026ad0,sub_26ad0,4,_Z15subsdk0_f_26ad0v
0x0000000000026ae0,sub_26ae0,4,_ZN7subsdk09sub_26ae0Ev!
0x0000000000026af0,sub_26af0,4,_ZN7subsdk09sub_26af0Ev!
0x0000000000026b00,sub_26b00,4,_ZN7subsdk023sub_26b00_subsdk0_26b00Ev!
0x0000000000026b10,sub_26b10,4,_ZN7subsdk09sub_26b10Ev!
0x0000000000026b20,sub_26b20,64,_ZN7subsdk023sub_26b20_subsdk0_26b20Ev!
0x0000000000026b60,sub_26b60,424,_ZN7subsdk023sub_26b60_subsdk0_26b60Ev!
0x0000000000026d10,sub_26d10,40,_ZN7subsdk023sub_26d10_subsdk0_26d10Ev!
0x0000000000026d40,sub_26d40,72,_ZN7subsdk023sub_26d40_subsdk0_26d40Ev!
0x0000000000026d90,sub_26d90,48,_ZN7subsdk09sub_26d90Ev!
0x0000000000026dc0,sub_26dc0,48,_ZN7subsdk09sub_26dc0Ev!
0x0000000000026df0,sub_26df0,100,_ZN7subsdk09sub_26df0Ev!
0x0000000000026e60,sub_26e60,332,_ZN7subsdk09sub_26e60Ev!
0x0000000000026fb0,sub_26fb0,124,_ZN7subsdk09sub_26fb0Ev!
0x0000000000027030,sub_27030,124,_ZN7subsdk09sub_27030Ev!
0x00000000000270b0,sub_270b0,868,_ZN7subsdk09sub_270b0Ev!
0x0000000000027420,sub_27420,136,_ZN7subsdk09sub_27420Ev!
0x00000000000274b0,sub_274b0,140,_ZN7subsdk09sub_274b0Ev!
0x0000000000027540,sub_27540,152,_ZN7subsdk09sub_27540Ev!
0x00000000000275e0,AudioSampleTable,408,_ZN5audio16AudioSampleTableEv!
0x0000000000027780,sub_27780,140,_ZN7subsdk09sub_27780Ev!
0x0000000000027810,sub_27810,140,_ZN7subsdk09sub_27810Ev!
0x00000000000278a0,sub_278a0,148,_ZN7subsdk09sub_278a0Ev!
0x0000000000027940,sub_27940,148,_ZN7subsdk09sub_27940Ev!
0x00000000000279e0,sub_279e0,148,_ZN7subsdk09sub_279e0Ev!
0x0000000000027a80,sub_27a80,156,_ZN7subsdk09sub_27a80Ev!
0x0000000000027b20,sub_27b20,64,_ZN7subsdk09sub_27b20Ev!
0x0000000000027b60,sub_27b60,72,_ZN7subsdk09sub_27b60Ev!
0x0000000000027bb0,sub_27bb0,340,_ZN7subsdk09sub_27bb0Ev!
0x0000000000027d10,sub_27d10,20,_ZN7subsdk09sub_27d10Ev!
0x0000000000027d30,sub_27d30,88,_ZN7subsdk09sub_27d30Ev!
0x0000000000027d90,sub_27d90,112,_ZN7subsdk09sub_27d90Ev!
0x0000000000027e00,sub_27e00,408,_ZN7subsdk09sub_27e00Ev!
0x0000000000027fa0,sub_27fa0,272,_ZN7subsdk09sub_27fa0Ev!
0x00000000000280b0,sub_280b0,368,_ZN7subsdk023sub_280b0_subsdk0_280b0Ev!
0x0000000000028220,sub_28220,340,_ZN7subsdk09sub_28220Ev!
0x0000000000028380,sub_28380,44,_ZN7subsdk09sub_28380Ev!
0x00000000000283b0,sub_283b0,4,_Z15subsdk0_f_283b0v
0x00000000000283c0,sub_283c0,8,_Z15subsdk0_f_283c0Pvm
0x00000000000283d0,sub_283d0,260,_ZN7subsdk09sub_283d0Ev!
0x00000000000284e0,sub_284e0,112,_ZN7subsdk09sub_284e0Ev!
0x0000000000028550,sub_28550,568,_ZN7subsdk09sub_28550Ev!
0x0000000000028790,SoftAAC2,464,_ZN7subsdk08SoftAAC2Ev!
0x0000000000028960,raw,164,_ZN7subsdk03rawEv!
0x0000000000028a10,aac_drc_reference_level,444,_ZN7subsdk023aac_drc_reference_levelEv!
0x0000000000028bd0,sub_28bd0,272,_ZN7subsdk09sub_28bd0Ev!
0x0000000000028ce0,sub_28ce0,52,_ZN7subsdk09sub_28ce0Ev!
0x0000000000028d20,sub_28d20,52,_ZN7subsdk09sub_28d20Ev!
0x0000000000028d60,sub_28d60,36,_ZN7subsdk09sub_28d60Ev!
0x0000000000028d90,sub_28d90,356,_ZN7subsdk09sub_28d90Ev!
0x0000000000028f00,sub_28f00,16,_Z15subsdk0_f_28f00Pv
0x0000000000028f10,audio_decoder,672,_ZN5audio13audio_decoderEv!
0x00000000000291b0,media_aac_51_output_enabled,116,_ZN7subsdk027media_aac_51_output_enabledEv!
0x0000000000029230,sub_29230,312,_ZN7subsdk09sub_29230Ev!
0x0000000000029370,sub_29370,16,_Z15subsdk0_f_29370Pv
0x0000000000029380,sub_29380,436,_ZN7subsdk09sub_29380Ev!
0x0000000000029540,sub_29540,8,_Z15subsdk0_f_29540Pv
0x0000000000029550,sub_29550,4092,_ZN7subsdk09sub_29550Ev!
0x000000000002a550,sub_2a550,388,_ZN7subsdk09sub_2a550Ev!
0x000000000002a6e0,sub_2a6e0,636,_ZN7subsdk09sub_2a6e0Ev!
0x000000000002a960,sub_2a960,96,_ZN7subsdk09sub_2a960Ev!
0x000000000002a9c0,SoftAAC2_2,348,_ZN7subsdk010SoftAAC2_2Ev!
0x000000000002ab20,sub_2ab20,92,_ZN7subsdk09sub_2ab20Ev!
0x000000000002ab80,sub_2ab80,52,_ZN7subsdk09sub_2ab80Ev!
0x000000000002abc0,sub_2abc0,60,_ZN7subsdk09sub_2abc0Ev!
0x000000000002ac00,sub_2ac00,120,_ZN7subsdk09sub_2ac00Ev!
0x000000000002ac80,sub_2ac80,188,_ZN7subsdk09sub_2ac80Ev!
0x000000000002ad40,sub_2ad40,280,_ZN7subsdk09sub_2ad40Ev!
0x000000000002ae60,sub_2ae60,280,_ZN7subsdk09sub_2ae60Ev!
0x000000000002af80,sub_2af80,16,_ZN7subsdk09sub_2af80Ev!
0x000000000002af90,sub_2af90,16,_ZN7subsdk09sub_2af90Ev!
0x000000000002afa0,sub_2afa0,52,_ZN7subsdk09sub_2afa0Ev!
0x000000000002afe0,sub_2afe0,60,_ZN7subsdk09sub_2afe0Ev!
0x000000000002b020,sub_2b020,4,_Z15subsdk0_f_2b020v
0x000000000002b030,sub_2b030,4,_Z15subsdk0_f_2b030v
0x000000000002b040,sub_2b040,100,_ZN7subsdk09sub_2b040Ev!
0x000000000002b0b0,sub_2b0b0,96,_ZN7subsdk09sub_2b0b0Ev!
0x000000000002b110,sub_2b110,128,_ZN7subsdk09sub_2b110Ev!
0x000000000002b190,sub_2b190,100,_ZN7subsdk023sub_2b190_subsdk0_2b190Ev!
0x000000000002b200,sub_2b200,128,_ZN7subsdk09sub_2b200Ev!
0x000000000002b280,sub_2b280,124,_ZN7subsdk023sub_2b280_subsdk0_2b280Ev!
0x000000000002b300,sub_2b300,444,_ZN7subsdk023sub_2b300_subsdk0_2b300Ev!
0x000000000002b4c0,sub_2b4c0,396,_ZN7subsdk09sub_2b4c0Ev!
0x000000000002b650,sub_2b650,60,_ZN7subsdk023sub_2b650_subsdk0_2b650Ev!
0x000000000002b690,sub_2b690,4,_Z15subsdk0_f_2b690v
0x000000000002b6a0,sub_2b6a0,4,_Z15subsdk0_f_2b6a0v
0x000000000002b6b0,sub_2b6b0,20,_ZN7subsdk09sub_2b6b0Ev!
0x000000000002b6d0,sub_2b6d0,96,_ZN7subsdk023sub_2b6d0_subsdk0_2b6d0Ev!
0x000000000002b730,sub_2b730,20,_ZN7subsdk023sub_2b730_subsdk0_2b730Ev!
0x000000000002b750,sub_2b750,20,_ZN7subsdk023sub_2b750_subsdk0_2b750Ev!
0x000000000002b770,sub_2b770,60,_ZN7subsdk023sub_2b770_subsdk0_2b770Ev!
0x000000000002b7b0,sub_2b7b0,4,_Z15subsdk0_f_2b7b0v
0x000000000002b7c0,sub_2b7c0,4,_Z15subsdk0_f_2b7c0v
0x000000000002b7d0,sub_2b7d0,20,_ZN7subsdk023sub_2b7d0_subsdk0_2b7d0Ev!
0x000000000002b7f0,sub_2b7f0,96,_ZN7subsdk023sub_2b7f0_subsdk0_2b7f0Ev!
0x000000000002b850,sub_2b850,20,_ZN7subsdk09sub_2b850Ev!
0x000000000002b870,sub_2b870,20,_ZN7subsdk09sub_2b870Ev!
0x000000000002b890,sub_2b890,12,_ZN7subsdk023sub_2b890_subsdk0_2b890Ev!
0x000000000002b8a0,sub_2b8a0,44,_ZN7subsdk09sub_2b8a0Ev!
0x000000000002b8d0,sub_2b8d0,8,_Z15subsdk0_f_2b8d0v
0x000000000002b8e0,sub_2b8e0,12,_ZN7subsdk09sub_2b8e0Ev!
0x000000000002b8f0,sub_2b8f0,44,_ZN7subsdk09sub_2b8f0Ev!
0x000000000002b920,sub_2b920,8,_Z15subsdk0_f_2b920v
0x000000000002b930,sub_2b930,12,_ZN7subsdk09sub_2b930Ev!
0x000000000002b940,sub_2b940,44,_ZN7subsdk09sub_2b940Ev!
0x000000000002b970,sub_2b970,8,_Z15subsdk0_f_2b970v
0x000000000002b980,sub_2b980,12,_ZN7subsdk023sub_2b980_subsdk0_2b980Ev!
0x000000000002b990,sub_2b990,44,_ZN7subsdk023sub_2b990_subsdk0_2b990Ev!
0x000000000002b9c0,sub_2b9c0,8,_Z15subsdk0_f_2b9c0v
0x000000000002b9d0,sub_2b9d0,12,_ZN7subsdk023sub_2b9d0_subsdk0_2b9d0Ev!
0x000000000002b9e0,sub_2b9e0,44,_ZN7subsdk023sub_2b9e0_subsdk0_2b9e0Ev!
0x000000000002ba10,sub_2ba10,8,_Z15subsdk0_f_2ba10v
0x000000000002ba20,sub_2ba20,16,_ZN7subsdk09sub_2ba20Ev!
0x000000000002ba30,sub_2ba30,44,_ZN7subsdk09sub_2ba30Ev!
0x000000000002ba60,sub_2ba60,8,_Z15subsdk0_f_2ba60v
0x000000000002ba70,sub_2ba70,16,_ZN7subsdk09sub_2ba70Ev!
0x000000000002ba80,sub_2ba80,44,_ZN7subsdk09sub_2ba80Ev!
0x000000000002bab0,sub_2bab0,8,_Z15subsdk0_f_2bab0v
0x000000000002bac0,sub_2bac0,44,_ZN7subsdk09sub_2bac0Ev!
0x000000000002baf0,sub_2baf0,36,_ZN7subsdk09sub_2baf0Ev!
0x000000000002bb20,sub_2bb20,664,_ZN7subsdk023sub_2bb20_subsdk0_2bb20Ev!
0x000000000002bdc0,sub_2bdc0,2304,_ZN7subsdk09sub_2bdc0Ev!
0x000000000002c6c0,sub_2c6c0,1860,_ZN7subsdk09sub_2c6c0Ev!
0x000000000002ce10,sub_2ce10,32,_ZN7subsdk023sub_2ce10_subsdk0_2ce10Ev!
0x000000000002ce30,sub_2ce30,6712,_ZN7subsdk09sub_2ce30Ev!
0x000000000002e870,sub_2e870,32,_ZN7subsdk09sub_2e870Ev!
0x000000000002e890,sub_2e890,48,_ZN7subsdk09sub_2e890Ev!
0x000000000002e8c0,sub_2e8c0,288,_ZN7subsdk09sub_2e8c0Ev!
0x000000000002e9e0,sub_2e9e0,452,_ZN7subsdk09sub_2e9e0Ev!
0x000000000002ebb0,sub_2ebb0,8,_Z15subsdk0_f_2ebb0Pv
0x000000000002ebc0,sub_2ebc0,84,_ZN7subsdk09sub_2ebc0Ev!
0x000000000002ec20,sub_2ec20,1108,_ZN7subsdk09sub_2ec20Ev!
0x000000000002f080,sub_2f080,6260,_ZN7subsdk023sub_2f080_subsdk0_2f080Ev!
0x0000000000030900,sub_30900,32,_ZN7subsdk09sub_30900Ev!
0x0000000000030920,sub_30920,92,_ZN7subsdk09sub_30920Ev!
0x0000000000030980,sub_30980,16,_ZN7subsdk09sub_30980Ev!
0x0000000000030990,sub_30990,12,_ZN7subsdk09sub_30990Ev!
0x00000000000309a0,sub_309a0,508,_ZN7subsdk09sub_309a0Ev!
0x0000000000030ba0,sub_30ba0,1748,_ZN7subsdk09sub_30ba0Ev!
0x0000000000031280,sub_31280,572,_ZN7subsdk09sub_31280Ev!
0x00000000000314c0,sub_314c0,676,_ZN7subsdk09sub_314c0Ev!
0x0000000000031770,sub_31770,448,_ZN7subsdk09sub_31770Ev!
0x0000000000031930,sub_31930,568,_ZN7subsdk09sub_31930Ev!
0x0000000000031b70,sub_31b70,624,_ZN7subsdk09sub_31b70Ev!
0x0000000000031de0,sub_31de0,408,_ZN7subsdk09sub_31de0Ev!
0x0000000000031f80,sub_31f80,592,_ZN7subsdk023sub_31f80_subsdk0_31f80Ev!
0x00000000000321d0,sub_321d0,64,_ZN7subsdk09sub_321d0Ev!
0x0000000000032210,sub_32210,12,_Z15subsdk0_f_32210Pvmmm
0x0000000000032220,sub_32220,20,_ZN7subsdk09sub_32220Ev!
0x0000000000032240,sub_32240,28,_ZN7subsdk09sub_32240Ev!
0x0000000000032260,sub_32260,396,_ZN7subsdk09sub_32260Ev!
0x00000000000323f0,sub_323f0,1780,_ZN7subsdk09sub_323f0Ev!
0x0000000000032af0,sub_32af0,52,_ZN7subsdk09sub_32af0Ev!
0x0000000000032b30,sub_32b30,144,_ZN7subsdk09sub_32b30Ev!
0x0000000000032bc0,sub_32bc0,1264,_ZN7subsdk09sub_32bc0Ev!
0x00000000000330b0,sub_330b0,3612,_ZN7subsdk09sub_330b0Ev!
0x0000000000033ed0,sub_33ed0,320,_ZN7subsdk09sub_33ed0Ev!
0x0000000000034010,sub_34010,4,_Z15subsdk0_f_34010v
0x0000000000034020,sub_34020,52,_ZN7subsdk09sub_34020Ev!
0x0000000000034060,sub_34060,68,_ZN7subsdk09sub_34060Ev!
0x00000000000340b0,sub_340b0,284,_ZN7subsdk09sub_340b0Ev!
0x00000000000341d0,sub_341d0,556,_ZN7subsdk09sub_341d0Ev!
0x0000000000034400,sub_34400,1504,_ZN7subsdk09sub_34400Ev!
0x00000000000349e0,sub_349e0,5692,_ZN7subsdk09sub_349e0Ev!
0x0000000000036020,sub_36020,2192,_ZN7subsdk09sub_36020Ev!
0x00000000000368b0,sub_368b0,16,_ZN7subsdk09sub_368b0Ev!
0x00000000000368c0,sub_368c0,80,_ZN7subsdk09sub_368c0Ev!
0x0000000000036910,sub_36910,160,_ZN7subsdk09sub_36910Ev!
0x00000000000369b0,sub_369b0,12,_ZN7subsdk09sub_369b0Ev!
0x00000000000369c0,sub_369c0,12,_ZN7subsdk09sub_369c0Ev!
0x00000000000369d0,sub_369d0,800,_ZN7subsdk09sub_369d0Ev!
0x0000000000036cf0,sub_36cf0,392,_ZN7subsdk09sub_36cf0Ev!
0x0000000000036e80,sub_36e80,380,_ZN7subsdk09sub_36e80Ev!
0x0000000000037000,sub_37000,148,_ZN7subsdk09sub_37000Ev!
0x00000000000370a0,sub_370a0,108,_ZN7subsdk09sub_370a0Ev!
0x0000000000037110,sub_37110,136,_ZN7subsdk09sub_37110Ev!
0x00000000000371a0,sub_371a0,1576,_ZN7subsdk09sub_371a0Ev!
0x00000000000377d0,sub_377d0,4,_ZN7subsdk09sub_377d0Ev!
0x00000000000377e0,d_d_d,688,_ZN7subsdk019d_d_d_subsdk0_377e0Ev!
0x0000000000037a90,sub_37a90,512,_ZN7subsdk09sub_37a90Ev!
0x0000000000037c90,sub_37c90,676,_ZN7subsdk09sub_37c90Ev!
0x0000000000037f40,sub_37f40,664,_ZN7subsdk09sub_37f40Ev!
0x00000000000381e0,sub_381e0,984,_ZN7subsdk023sub_381e0_subsdk0_381e0Ev!
0x00000000000385c0,sub_385c0,956,_ZN7subsdk09sub_385c0Ev!
0x0000000000038980,sub_38980,1492,_ZN7subsdk09sub_38980Ev!
0x0000000000038f60,sub_38f60,128,_ZN7subsdk09sub_38f60Ev!
0x0000000000038fe0,sub_38fe0,368,_ZN7subsdk023sub_38fe0_subsdk0_38fe0Ev!
0x0000000000039150,sub_39150,32,_ZN7subsdk09sub_39150Ev!
0x0000000000039170,sub_39170,572,_ZN7subsdk09sub_39170Ev!
0x00000000000393b0,sub_393b0,212,_ZN7subsdk09sub_393b0Ev!
0x0000000000039490,sub_39490,1588,_ZN7subsdk09sub_39490Ev!
0x0000000000039ad0,sub_39ad0,276,_ZN7subsdk09sub_39ad0Ev!
0x0000000000039bf0,sub_39bf0,1044,_ZN7subsdk023sub_39bf0_subsdk0_39bf0Ev!
0x000000000003a010,sub_3a010,156,_ZN7subsdk09sub_3a010Ev!
0x000000000003a0b0,sub_3a0b0,140,_ZN7subsdk09sub_3a0b0Ev!
0x000000000003a140,sub_3a140,20,_ZN7subsdk09sub_3a140Ev!
0x000000000003a160,sub_3a160,84,_ZN7subsdk09sub_3a160Ev!
0x000000000003a1c0,sub_3a1c0,276,_ZN7subsdk09sub_3a1c0Ev!
0x000000000003a2e0,sub_3a2e0,2296,_ZN7subsdk09sub_3a2e0Ev!
0x000000000003abe0,sub_3abe0,12,_ZN7subsdk09sub_3abe0Ev!
0x000000000003abf0,sub_3abf0,316,_ZN7subsdk09sub_3abf0Ev!
0x000000000003ad30,sub_3ad30,24,_ZN7subsdk09sub_3ad30Ev!
0x000000000003ad50,sub_3ad50,7360,_ZN7subsdk09sub_3ad50Ev!
0x000000000003ca10,sub_3ca10,1168,_ZN7subsdk09sub_3ca10Ev!
0x000000000003cea0,sub_3cea0,156,_ZN7subsdk09sub_3cea0Ev!
0x000000000003cf40,sub_3cf40,28,_ZN7subsdk09sub_3cf40Ev!
0x000000000003cf60,sub_3cf60,1312,_ZN7subsdk09sub_3cf60Ev!
0x000000000003d480,sub_3d480,420,_ZN7subsdk09sub_3d480Ev!
0x000000000003d630,sub_3d630,604,_ZN7subsdk023sub_3d630_subsdk0_3d630Ev!
0x000000000003d890,sub_3d890,80,_ZN7subsdk09sub_3d890Ev!
0x000000000003d8e0,sub_3d8e0,688,_ZN7subsdk09sub_3d8e0Ev!
0x000000000003db90,sub_3db90,1124,_ZN7subsdk023sub_3db90_subsdk0_3db90Ev!
0x000000000003e000,sub_3e000,5140,_ZN7subsdk09sub_3e000Ev!
0x000000000003f420,sub_3f420,272,_ZN7subsdk09sub_3f420Ev!
0x000000000003f530,sub_3f530,388,_ZN7subsdk09sub_3f530Ev!
0x000000000003f6c0,sub_3f6c0,1548,_ZN7subsdk09sub_3f6c0Ev!
0x000000000003fcd0,sub_3fcd0,1040,_ZN7subsdk09sub_3fcd0Ev!
0x00000000000400e0,sub_400e0,776,_ZN7subsdk09sub_400e0Ev!
0x00000000000403f0,sub_403f0,304,_ZN7subsdk09sub_403f0Ev!
0x0000000000040520,sub_40520,416,_ZN7subsdk09sub_40520Ev!
0x00000000000406c0,sub_406c0,464,_ZN7subsdk09sub_406c0Ev!
0x0000000000040890,sub_40890,632,_ZN7subsdk023sub_40890_subsdk0_40890Ev!
0x0000000000040b10,sub_40b10,36,_ZN7subsdk09sub_40b10Ev!
0x0000000000040b40,sub_40b40,28,_ZN7subsdk09sub_40b40Ev!
0x0000000000040b60,sub_40b60,4,_Z15subsdk0_f_40b60v
0x0000000000040b70,sub_40b70,8,_ZN7subsdk09sub_40b70Ev!
0x0000000000040b80,sub_40b80,160,_ZN7subsdk09sub_40b80Ev!
0x0000000000040c20,sub_40c20,444,_ZN7subsdk09sub_40c20Ev!
0x0000000000040de0,sub_40de0,180,_ZN7subsdk023sub_40de0_subsdk0_40de0Ev!
0x0000000000040ea0,sub_40ea0,272,_ZN7subsdk09sub_40ea0Ev!
0x0000000000040fb0,sub_40fb0,276,_ZN7subsdk09sub_40fb0Ev!
0x00000000000410d0,sub_410d0,48,_ZN7subsdk09sub_410d0Ev!
0x0000000000041100,sub_41100,48,_ZN7subsdk09sub_41100Ev!
0x0000000000041130,sub_41130,8,_Z15subsdk0_f_41130Pv
0x0000000000041140,sub_41140,16,_Z15subsdk0_f_41140Pv
0x0000000000041150,sub_41150,200,_ZN7subsdk09sub_41150Ev!
0x0000000000041220,sub_41220,184,_ZN7subsdk09sub_41220Ev!
0x00000000000412e0,sub_412e0,612,_ZN7subsdk09sub_412e0Ev!
0x0000000000041550,sub_41550,184,_ZN7subsdk09sub_41550Ev!
0x0000000000041610,d_d_d_2,1524,_ZN7subsdk021d_d_d_2_subsdk0_41610Ev!
0x0000000000041c10,sub_41c10,116,_ZN7subsdk09sub_41c10Ev!
0x0000000000041c90,sub_41c90,28,_Z15subsdk0_f_41c90Pv
0x0000000000041cb0,sub_41cb0,184,_ZN7subsdk09sub_41cb0Ev!
0x0000000000041d70,sub_41d70,1240,_ZN7subsdk09sub_41d70Ev!
0x0000000000042250,sub_42250,24,_ZN7subsdk09sub_42250Ev!
0x0000000000042270,sub_42270,20,_ZN7subsdk09sub_42270Ev!
0x0000000000042290,sub_42290,588,_ZN7subsdk023sub_42290_subsdk0_42290Ev!
0x00000000000424e0,sub_424e0,2096,_ZN7subsdk023sub_424e0_subsdk0_424e0Ev!
0x0000000000042d10,sub_42d10,3540,_ZN7subsdk09sub_42d10Ev!
0x0000000000043af0,sub_43af0,20,_ZN7subsdk09sub_43af0Ev!
0x0000000000043b10,sub_43b10,48,_ZN7subsdk09sub_43b10Ev!
0x0000000000043b40,sub_43b40,412,_ZN7subsdk09sub_43b40Ev!
0x0000000000043ce0,sub_43ce0,136,_ZN7subsdk09sub_43ce0Ev!
0x0000000000043d70,sub_43d70,260,_ZN7subsdk09sub_43d70Ev!
0x0000000000043e80,sub_43e80,492,_ZN7subsdk09sub_43e80Ev!
0x0000000000044070,sub_44070,244,_ZN7subsdk09sub_44070Ev!
0x0000000000044170,sub_44170,208,_ZN7subsdk09sub_44170Ev!
0x0000000000044240,sub_44240,204,_ZN7subsdk09sub_44240Ev!
0x0000000000044310,sub_44310,236,_ZN7subsdk09sub_44310Ev!
0x0000000000044400,sub_44400,424,_ZN7subsdk09sub_44400Ev!
0x00000000000445b0,sub_445b0,876,_ZN7subsdk09sub_445b0Ev!
0x0000000000044920,sub_44920,740,_ZN7subsdk09sub_44920Ev!
0x0000000000044c10,sub_44c10,788,_ZN7subsdk023sub_44c10_subsdk0_44c10Ev!
0x0000000000044f30,sub_44f30,832,_ZN7subsdk09sub_44f30Ev!
0x0000000000045270,sub_45270,824,_ZN7subsdk023sub_45270_subsdk0_45270Ev!
0x00000000000455b0,sub_455b0,5260,_ZN7subsdk09sub_455b0Ev!
0x0000000000046a40,sub_46a40,4664,_ZN7subsdk09sub_46a40Ev!
0x0000000000047c80,sub_47c80,1424,_ZN7subsdk09sub_47c80Ev!
0x0000000000048210,sub_48210,1820,_ZN7subsdk023sub_48210_subsdk0_48210Ev!
0x0000000000048930,sub_48930,4,_Z15subsdk0_f_48930v
0x0000000000048940,sub_48940,1728,_ZN7subsdk09sub_48940Ev!
0x0000000000049000,sub_49000,1796,_ZN7subsdk09sub_49000Ev!
0x0000000000049710,sub_49710,80,_ZN7subsdk09sub_49710Ev!
0x0000000000049760,sub_49760,76,_ZN7subsdk09sub_49760Ev!
0x00000000000497b0,sub_497b0,152,_ZN7subsdk09sub_497b0Ev!
0x0000000000049850,sub_49850,36,_ZN7subsdk09sub_49850Ev!
0x0000000000049880,sub_49880,160,_ZN7subsdk09sub_49880Ev!
0x0000000000049920,sub_49920,4,_Z15subsdk0_f_49920v
0x0000000000049930,sub_49930,36,_ZN7subsdk09sub_49930Ev!
0x0000000000049960,sub_49960,4,_Z15subsdk0_f_49960v
0x0000000000049970,sub_49970,160,_ZN7subsdk09sub_49970Ev!
0x0000000000049a10,sub_49a10,164,_ZN7subsdk09sub_49a10Ev!
0x0000000000049ac0,sub_49ac0,112,_ZN7subsdk023sub_49ac0_subsdk0_49ac0Ev!
0x0000000000049b30,sub_49b30,136,_ZN7subsdk023sub_49b30_subsdk0_49b30Ev!
0x0000000000049bc0,sub_49bc0,528,_ZN7subsdk09sub_49bc0Ev!
0x0000000000049dd0,sub_49dd0,92,_ZN7subsdk023sub_49dd0_subsdk0_49dd0Ev!
0x0000000000049e30,sub_49e30,888,_ZN7subsdk023sub_49e30_subsdk0_49e30Ev!
0x000000000004a1b0,sub_4a1b0,4,_ZN7subsdk09sub_4a1b0Ev!
0x000000000004a1c0,sub_4a1c0,444,_ZN7subsdk09sub_4a1c0Ev!
0x000000000004a380,sub_4a380,340,_ZN7subsdk09sub_4a380Ev!
0x000000000004a4e0,sub_4a4e0,80,_ZN7subsdk09sub_4a4e0Ev!
0x000000000004a530,sub_4a530,148,_ZN7subsdk09sub_4a530Ev!
0x000000000004a5d0,sub_4a5d0,76,_ZN7subsdk09sub_4a5d0Ev!
0x000000000004a620,sub_4a620,156,_ZN7subsdk023sub_4a620_subsdk0_4a620Ev!
0x000000000004a6c0,sub_4a6c0,348,_ZN7subsdk09sub_4a6c0Ev!
0x000000000004a820,sub_4a820,20,_Z15subsdk0_f_4a820Pvmj
0x000000000004a840,sub_4a840,136,_ZN7subsdk09sub_4a840Ev!
0x000000000004a8d0,sub_4a8d0,96,_ZN7subsdk09sub_4a8d0Ev!
0x000000000004a930,sub_4a930,268,_ZN7subsdk09sub_4a930Ev!
0x000000000004aa40,sub_4aa40,136,_ZN7subsdk023sub_4aa40_subsdk0_4aa40Ev!
0x000000000004aad0,sub_4aad0,2208,_ZN7subsdk023sub_4aad0_subsdk0_4aad0Ev!
0x000000000004b370,sub_4b370,1932,_ZN7subsdk09sub_4b370Ev!
0x000000000004bb00,sub_4bb00,184,_ZN7subsdk09sub_4bb00Ev!
0x000000000004bbc0,sub_4bbc0,2524,_ZN7subsdk09sub_4bbc0Ev!
0x000000000004c5a0,sub_4c5a0,228,_ZN7subsdk023sub_4c5a0_subsdk0_4c5a0Ev!
0x000000000004c690,sub_4c690,80,_ZN7subsdk09sub_4c690Ev!
0x000000000004c6e0,sub_4c6e0,472,_ZN7subsdk023sub_4c6e0_subsdk0_4c6e0Ev!
0x000000000004c8c0,sub_4c8c0,396,_ZN7subsdk09sub_4c8c0Ev!
0x000000000004ca50,sub_4ca50,408,_ZN7subsdk09sub_4ca50Ev!
0x000000000004cbf0,sub_4cbf0,8,_Z15subsdk0_f_4cbf0Pvj
0x000000000004cc00,sub_4cc00,360,_ZN7subsdk09sub_4cc00Ev!
0x000000000004cd70,sub_4cd70,1440,_ZN7subsdk09sub_4cd70Ev!
0x000000000004d310,sub_4d310,20,_ZN7subsdk023sub_4d310_subsdk0_4d310Ev!
0x000000000004d330,sub_4d330,24,_ZN7subsdk09sub_4d330Ev!
0x000000000004d350,sub_4d350,20,_ZN7subsdk09sub_4d350Ev!
0x000000000004d370,sub_4d370,72,_ZN7subsdk023sub_4d370_subsdk0_4d370Ev!
0x000000000004d3c0,sub_4d3c0,2924,_ZN7subsdk09sub_4d3c0Ev!
0x000000000004df30,sub_4df30,108,_ZN7subsdk09sub_4df30Ev!
0x000000000004dfa0,sub_4dfa0,8,_Z15subsdk0_f_4dfa0Pv
0x000000000004dfb0,sub_4dfb0,44,_ZN7subsdk09sub_4dfb0Ev!
0x000000000004dfe0,sub_4dfe0,16,_Z15subsdk0_f_4dfe0Pv
0x000000000004dff0,sub_4dff0,4132,_ZN7subsdk09sub_4dff0Ev!
0x000000000004f020,sub_4f020,540,_ZN7subsdk023sub_4f020_subsdk0_4f020Ev!
0x000000000004f240,sub_4f240,948,_ZN7subsdk09sub_4f240Ev!
0x000000000004f600,sub_4f600,4636,_ZN7subsdk023sub_4f600_subsdk0_4f600Ev!
0x0000000000050820,sub_50820,576,_ZN7subsdk09sub_50820Ev!
0x0000000000050a60,sub_50a60,80,_ZN7subsdk023sub_50a60_subsdk0_50a60Ev!
0x0000000000050ab0,sub_50ab0,5440,_ZN7subsdk09sub_50ab0Ev!
0x0000000000051ff0,sub_51ff0,460,_ZN7subsdk09sub_51ff0Ev!
0x00000000000521c0,sub_521c0,2664,_ZN7subsdk09sub_521c0Ev!
0x0000000000052c30,sub_52c30,376,_ZN7subsdk023sub_52c30_subsdk0_52c30Ev!
0x0000000000052db0,sub_52db0,168,_ZN7subsdk09sub_52db0Ev!
0x0000000000052e60,sub_52e60,8,_Z15subsdk0_f_52e60Pv
0x0000000000052e70,sub_52e70,16,_Z15subsdk0_f_52e70Pv
0x0000000000052e80,sub_52e80,8,_Z15subsdk0_f_52e80Pv
0x0000000000052e90,sub_52e90,8,_Z15subsdk0_f_52e90Pv
0x0000000000052ea0,sub_52ea0,12,_ZN7subsdk09sub_52ea0Ev!
0x0000000000052eb0,sub_52eb0,44,_ZN7subsdk09sub_52eb0Ev!
0x0000000000052ee0,sub_52ee0,8,_Z15subsdk0_f_52ee0v
0x0000000000052ef0,sub_52ef0,12,_ZN7subsdk09sub_52ef0Ev!
0x0000000000052f00,sub_52f00,44,_ZN7subsdk09sub_52f00Ev!
0x0000000000052f30,sub_52f30,8,_Z15subsdk0_f_52f30v
0x0000000000052f40,sub_52f40,264,_ZN7subsdk09sub_52f40Ev!
0x0000000000053050,sub_53050,108,_ZN7subsdk09sub_53050Ev!
0x00000000000530c0,sub_530c0,276,_ZN7subsdk09sub_530c0Ev!
0x00000000000531e0,sub_531e0,28,_ZN7subsdk09sub_531e0Ev!
0x0000000000053200,sub_53200,28,_ZN7subsdk09sub_53200Ev!
0x0000000000053220,sub_53220,28,_ZN7subsdk09sub_53220Ev!
0x0000000000053240,sub_53240,308,_ZN7subsdk09sub_53240Ev!
0x0000000000053380,sub_53380,16,_ZN7subsdk09sub_53380Ev!
0x0000000000053390,sub_53390,8,_Z15subsdk0_f_53390Pv
0x00000000000533a0,sub_533a0,108,_ZN7subsdk09sub_533a0Ev!
0x0000000000053410,sub_53410,1376,_ZN7subsdk09sub_53410Ev!
0x0000000000053970,sub_53970,1364,_ZN7subsdk023sub_53970_subsdk0_53970Ev!
0x0000000000053ed0,sub_53ed0,280,_ZN7subsdk09sub_53ed0Ev!
0x0000000000053ff0,sub_53ff0,12,_ZN7subsdk09sub_53ff0Ev!
0x0000000000054000,sub_54000,16,_Z15subsdk0_f_54000PvS_
0x0000000000054010,sub_54010,4,_Z15subsdk0_f_54010v
0x0000000000054020,sub_54020,676,_ZN7subsdk09sub_54020Ev!
0x00000000000542d0,sub_542d0,380,_ZN7subsdk023sub_542d0_subsdk0_542d0Ev!
0x0000000000054450,sub_54450,60,_ZN7subsdk09sub_54450Ev!
0x0000000000054490,d_d_d_3,636,_ZN7subsdk021d_d_d_3_subsdk0_54490Ev!
0x0000000000054710,sub_54710,40,_ZN7subsdk09sub_54710Ev!
0x0000000000054740,sub_54740,36,_ZN7subsdk09sub_54740Ev!
0x0000000000054770,sub_54770,88,_ZN7subsdk023sub_54770_subsdk0_54770Ev!
0x00000000000547d0,sub_547d0,2540,_ZN7subsdk09sub_547d0Ev!
0x00000000000551c0,sub_551c0,508,_ZN7subsdk09sub_551c0Ev!
0x00000000000553c0,sub_553c0,68,_ZN7subsdk09sub_553c0Ev!
0x0000000000055410,sub_55410,128,_ZN7subsdk09sub_55410Ev!
0x0000000000055490,sub_55490,1264,_ZN7subsdk09sub_55490Ev!
0x0000000000055980,sub_55980,8,_Z15subsdk0_f_55980Pv
0x0000000000055990,sub_55990,48,_ZN7subsdk09sub_55990Ev!
0x00000000000559c0,sub_559c0,332,_ZN7subsdk023sub_559c0_subsdk0_559c0Ev!
0x0000000000055b10,sub_55b10,228,_ZN7subsdk09sub_55b10Ev!
0x0000000000055c00,sub_55c00,184,_ZN7subsdk023sub_55c00_subsdk0_55c00Ev!
0x0000000000055cc0,sub_55cc0,28,_ZN7subsdk09sub_55cc0Ev!
0x0000000000055ce0,sub_55ce0,176,_ZN7subsdk09sub_55ce0Ev!
0x0000000000055d90,sub_55d90,140,_ZN7subsdk09sub_55d90Ev!
0x0000000000055e20,sub_55e20,432,_ZN7subsdk09sub_55e20Ev!
0x0000000000055fd0,sub_55fd0,112,_ZN7subsdk09sub_55fd0Ev!
0x0000000000056040,sub_56040,3060,_ZN7subsdk09sub_56040Ev!
0x0000000000056c40,sub_56c40,120,_ZN7subsdk09sub_56c40Ev!
0x0000000000056cc0,sub_56cc0,64,_ZN7subsdk023sub_56cc0_subsdk0_56cc0Ev!
0x0000000000056d00,sub_56d00,7580,_ZN7subsdk09sub_56d00Ev!
0x0000000000058aa0,sub_58aa0,584,_ZN7subsdk09sub_58aa0Ev!
0x0000000000058cf0,sub_58cf0,11372,_ZN7subsdk09sub_58cf0Ev!
0x000000000005b960,sub_5b960,56,_ZN7subsdk09sub_5b960Ev!
0x000000000005b9a0,d_d_d_4,668,_ZN7subsdk021d_d_d_4_subsdk0_5b9a0Ev!
0x000000000005bc40,sub_5bc40,376,_ZN7subsdk09sub_5bc40Ev!
0x000000000005bdc0,sub_5bdc0,820,_ZN7subsdk09sub_5bdc0Ev!
0x000000000005c100,sub_5c100,248,_ZN7subsdk023sub_5c100_subsdk0_5c100Ev!
0x000000000005c200,sub_5c200,1436,_ZN7subsdk09sub_5c200Ev!
0x000000000005c7a0,sub_5c7a0,7924,_ZN7subsdk09sub_5c7a0Ev!
0x000000000005e6a0,sub_5e6a0,1548,_ZN7subsdk023sub_5e6a0_subsdk0_5e6a0Ev!
0x000000000005ecb0,sub_5ecb0,1620,_ZN7subsdk09sub_5ecb0Ev!
0x000000000005f310,sub_5f310,956,_ZN7subsdk09sub_5f310Ev!
0x000000000005f6d0,sub_5f6d0,436,_ZN7subsdk09sub_5f6d0Ev!
0x000000000005f890,sub_5f890,240,_ZN7subsdk09sub_5f890Ev!
0x000000000005f980,sub_5f980,844,_ZN7subsdk09sub_5f980Ev!
0x000000000005fcd0,sub_5fcd0,1332,_ZN7subsdk09sub_5fcd0Ev!
0x0000000000060210,sub_60210,376,_ZN7subsdk09sub_60210Ev!
0x0000000000060390,sub_60390,1460,_ZN7subsdk09sub_60390Ev!
0x0000000000060950,sub_60950,60,_ZN7subsdk09sub_60950Ev!
0x0000000000060990,sub_60990,20,_ZN7subsdk09sub_60990Ev!
0x00000000000609b0,sub_609b0,8,_Z15subsdk0_f_609b0v
0x00000000000609c0,sub_609c0,1028,_ZN7subsdk09sub_609c0Ev!
0x0000000000060dd0,sub_60dd0,1004,_ZN7subsdk09sub_60dd0Ev!
0x00000000000611c0,sub_611c0,1240,_ZN7subsdk023sub_611c0_subsdk0_611c0Ev!
0x00000000000616a0,sub_616a0,736,_ZN7subsdk09sub_616a0Ev!
0x0000000000061980,sub_61980,1232,_ZN7subsdk09sub_61980Ev!
0x0000000000061e50,sub_61e50,220,_ZN7subsdk09sub_61e50Ev!
0x0000000000061f30,sub_61f30,56,_ZN7subsdk09sub_61f30Ev!
0x0000000000061f70,sub_61f70,1436,_ZN7subsdk09sub_61f70Ev!
0x0000000000062510,sub_62510,340,_ZN7subsdk09sub_62510Ev!
0x0000000000062670,sub_62670,888,_ZN7subsdk09sub_62670Ev!
0x00000000000629f0,sub_629f0,3840,_ZN7subsdk09sub_629f0Ev!
0x00000000000638f0,sub_638f0,408,_ZN7subsdk09sub_638f0Ev!
0x0000000000063a90,sub_63a90,912,_ZN7subsdk09sub_63a90Ev!
0x0000000000063e20,sub_63e20,708,_ZN7subsdk09sub_63e20Ev!
0x00000000000640f0,sub_640f0,1060,_ZN7subsdk09sub_640f0Ev!
0x0000000000064520,sub_64520,1532,_ZN7subsdk023sub_64520_subsdk0_64520Ev!
0x0000000000064b20,sub_64b20,176,_ZN7subsdk09sub_64b20Ev!
0x0000000000064bd0,sub_64bd0,7012,_ZN7subsdk09sub_64bd0Ev!
0x0000000000066740,sub_66740,104,_ZN7subsdk09sub_66740Ev!
0x00000000000667b0,sub_667b0,908,_ZN7subsdk09sub_667b0Ev!
0x0000000000066b40,sub_66b40,4884,_ZN7subsdk09sub_66b40Ev!
0x0000000000067e60,sub_67e60,480,_ZN7subsdk09sub_67e60Ev!
0x0000000000068040,sub_68040,2704,_ZN7subsdk09sub_68040Ev!
0x0000000000068ad0,sub_68ad0,244,_ZN7subsdk09sub_68ad0Ev!
0x0000000000068bd0,sub_68bd0,560,_ZN7subsdk09sub_68bd0Ev!
0x0000000000068e00,sub_68e00,1140,_ZN7subsdk09sub_68e00Ev!
0x0000000000069280,sub_69280,40,_ZN7subsdk09sub_69280Ev!
0x00000000000692b0,sub_692b0,11320,_ZN7subsdk09sub_692b0Ev!
0x000000000006bef0,sub_6bef0,956,_ZN7subsdk09sub_6bef0Ev!
0x000000000006c2b0,sub_6c2b0,1136,_ZN7subsdk09sub_6c2b0Ev!
0x000000000006c720,sub_6c720,8088,_ZN7subsdk023sub_6c720_subsdk0_6c720Ev!
0x000000000006e6c0,sub_6e6c0,132,_ZN7subsdk09sub_6e6c0Ev!
0x000000000006e750,sub_6e750,228,_ZN7subsdk09sub_6e750Ev!
0x000000000006e840,sub_6e840,2560,_ZN7subsdk09sub_6e840Ev!
0x000000000006f240,sub_6f240,288,_ZN7subsdk023sub_6f240_subsdk0_6f240Ev!
0x000000000006f360,sub_6f360,1168,_ZN7subsdk023sub_6f360_subsdk0_6f360Ev!
0x000000000006f7f0,sub_6f7f0,2148,_ZN7subsdk09sub_6f7f0Ev!
0x0000000000070060,sub_70060,564,_ZN7subsdk09sub_70060Ev!
0x00000000000702a0,sub_702a0,424,_ZN7subsdk023sub_702a0_subsdk0_702a0Ev!
0x0000000000070450,sub_70450,72,_ZN7subsdk09sub_70450Ev!
0x00000000000704a0,sub_704a0,2260,_ZN7subsdk09sub_704a0Ev!
0x0000000000070d80,sub_70d80,12,_ZN7subsdk09sub_70d80Ev!
0x0000000000070d90,sub_70d90,44,_ZN7subsdk09sub_70d90Ev!
0x0000000000070dc0,sub_70dc0,8,_Z15subsdk0_f_70dc0v
0x0000000000070dd0,sub_70dd0,12,_ZN7subsdk023sub_70dd0_subsdk0_70dd0Ev!
0x0000000000070de0,sub_70de0,44,_ZN7subsdk023sub_70de0_subsdk0_70de0Ev!
0x0000000000070e10,sub_70e10,8,_Z15subsdk0_f_70e10v
0x0000000000070e20,sub_70e20,12,_ZN7subsdk09sub_70e20Ev!
0x0000000000070e30,sub_70e30,44,_ZN7subsdk09sub_70e30Ev!
0x0000000000070e60,sub_70e60,8,_Z15subsdk0_f_70e60v
0x0000000000070e70,sub_70e70,16,_ZN7subsdk09sub_70e70Ev!
0x0000000000070e80,sub_70e80,44,_ZN7subsdk09sub_70e80Ev!
0x0000000000070eb0,sub_70eb0,8,_Z15subsdk0_f_70eb0v
0x0000000000070ec0,sub_70ec0,12,_ZN7subsdk09sub_70ec0Ev!
0x0000000000070ed0,sub_70ed0,44,_ZN7subsdk09sub_70ed0Ev!
0x0000000000070f00,sub_70f00,8,_Z15subsdk0_f_70f00v
0x0000000000070f10,sub_70f10,12,_ZN7subsdk09sub_70f10Ev!
0x0000000000070f20,sub_70f20,44,_ZN7subsdk09sub_70f20Ev!
0x0000000000070f50,sub_70f50,8,_Z15subsdk0_f_70f50v
0x0000000000070f60,sub_70f60,16,_ZN7subsdk09sub_70f60Ev!
0x0000000000070f70,sub_70f70,44,_ZN7subsdk09sub_70f70Ev!
0x0000000000070fa0,sub_70fa0,8,_Z15subsdk0_f_70fa0v
0x0000000000070fb0,sub_70fb0,16,_ZN7subsdk09sub_70fb0Ev!
0x0000000000070fc0,sub_70fc0,44,_ZN7subsdk09sub_70fc0Ev!
0x0000000000070ff0,sub_70ff0,8,_Z15subsdk0_f_70ff0v
0x0000000000071000,sub_71000,196,_ZN7subsdk09sub_71000Ev!
0x00000000000710d0,sub_710d0,108,_ZN7subsdk023sub_710d0_subsdk0_710d0Ev!
0x0000000000071140,sub_71140,2056,_ZN7subsdk09sub_71140Ev!
0x0000000000071950,sub_71950,228,_ZN7subsdk09sub_71950Ev!
0x0000000000071a40,sub_71a40,5352,_ZN7subsdk09sub_71a40Ev!
0x0000000000072f30,sub_72f30,292,_ZN7subsdk023sub_72f30_subsdk0_72f30Ev!
0x0000000000073060,sub_73060,188,_ZN7subsdk09sub_73060Ev!
0x0000000000073120,sub_73120,732,_ZN7subsdk09sub_73120Ev!
0x0000000000073400,sub_73400,120,_ZN7subsdk09sub_73400Ev!
0x0000000000073480,sub_73480,1244,_ZN7subsdk09sub_73480Ev!
0x0000000000073960,sub_73960,388,_ZN7subsdk09sub_73960Ev!
0x0000000000073af0,sub_73af0,460,_ZN7subsdk09sub_73af0Ev!
0x0000000000073cc0,sub_73cc0,1588,_ZN7subsdk023sub_73cc0_subsdk0_73cc0Ev!
0x0000000000074300,sub_74300,1188,_ZN7subsdk09sub_74300Ev!
0x00000000000747b0,sub_747b0,2112,_ZN7subsdk09sub_747b0Ev!
0x0000000000074ff0,sub_74ff0,1716,_ZN7subsdk09sub_74ff0Ev!
0x00000000000756b0,sub_756b0,936,_ZN7subsdk09sub_756b0Ev!
0x0000000000075a60,d_d_d_5,640,_ZN7subsdk021d_d_d_5_subsdk0_75a60Ev!
0x0000000000075ce0,sub_75ce0,148,_ZN7subsdk09sub_75ce0Ev!
0x0000000000075d80,cmdl_parser,2360,_ZN7subsdk011cmdl_parserEv!
0x00000000000766c0,main_returned_d,384,_ZN7subsdk015main_returned_dEv!
0x0000000000076840,f_0123456789abcdef,92,_ZN7subsdk032f_0123456789abcdef_subsdk0_76840Ev!
0x00000000000768a0,sub_768a0,320,_ZN7subsdk09sub_768a0Ev!
0x00000000000769e0,sub_769e0,72,_ZN7subsdk09sub_769e0Ev!
0x0000000000076a30,sub_76a30,124,_ZN7subsdk09sub_76a30Ev!
0x0000000000076ab0,sub_76ab0,44,_ZN7subsdk09sub_76ab0Ev!
0x0000000000076ae0,sub_76ae0,8,_Z15subsdk0_f_76ae0v
0x0000000000076af0,sub_76af0,120,_ZN7subsdk023sub_76af0_subsdk0_76af0Ev!
0x0000000000076b70,sub_76b70,120,_ZN7subsdk023sub_76b70_subsdk0_76b70Ev!
0x0000000000076bf0,sub_76bf0,4,_ZN7subsdk09sub_76bf0Ev!
0x0000000000076c00,sub_76c00,4,_ZN7subsdk09sub_76c00Ev!
0x0000000000076c10,sub_76c10,4,_ZN7subsdk09sub_76c10Ev!
0x0000000000076c20,sub_76c20,8,_ZN7subsdk09sub_76c20Ev!
0x0000000000076c30,sub_76c30,12,_ZN7subsdk09sub_76c30Ev!
0x0000000000076c40,sub_76c40,8,_ZN7subsdk09sub_76c40Ev!
0x0000000000076c50,sub_76c50,4,_ZN7subsdk09sub_76c50Ev!
0x0000000000076c60,sub_76c60,76,_ZN7subsdk09sub_76c60Ev!
0x0000000000076cb0,sub_76cb0,8,_ZN7subsdk09sub_76cb0Ev!
0x0000000000076cc0,sub_76cc0,12,_ZN7subsdk09sub_76cc0Ev!
0x0000000000076cd0,sub_76cd0,4,_ZN7subsdk09sub_76cd0Ev!
0x0000000000076ce0,sub_76ce0,76,_ZN7subsdk09sub_76ce0Ev!
0x0000000000076d30,sub_76d30,8,_ZN7subsdk09sub_76d30Ev!
0x0000000000076d40,sub_76d40,8,_ZN7subsdk09sub_76d40Ev!
0x0000000000076d50,sub_76d50,8,_ZN7subsdk023sub_76d50_subsdk0_76d50Ev!
0x0000000000076d60,sub_76d60,8,_ZN7subsdk09sub_76d60Ev!
0x0000000000076d70,sub_76d70,12,_ZN7subsdk09sub_76d70Ev!
0x0000000000076d80,sub_76d80,20,_ZN7subsdk09sub_76d80Ev!
0x0000000000076da0,sub_76da0,8,_ZN7subsdk09sub_76da0Ev!
0x0000000000076db0,sub_76db0,4,_ZN7subsdk09sub_76db0Ev!
0x0000000000076dc0,sub_76dc0,8,_ZN7subsdk09sub_76dc0Ev!
0x0000000000076dd0,sub_76dd0,12,_ZN7subsdk09sub_76dd0Ev!
0x0000000000076de0,sub_76de0,8,_ZN7subsdk09sub_76de0Ev!
0x0000000000076df0,sub_76df0,4,_ZN7subsdk09sub_76df0Ev!
0x0000000000076e00,sub_76e00,24,_ZN7subsdk09sub_76e00Ev!
0x0000000000076e20,sub_76e20,4,_ZN7subsdk09sub_76e20Ev!
0x0000000000076e30,sub_76e30,4,_ZN7subsdk09sub_76e30Ev!
0x0000000000076e40,sub_76e40,4,_ZN7subsdk09sub_76e40Ev!
0x0000000000076e50,sub_76e50,4,_ZN7subsdk09sub_76e50Ev!
0x0000000000076e60,sub_76e60,4,_ZN7subsdk023sub_76e60_subsdk0_76e60Ev!
0x0000000000076e70,sub_76e70,4,_ZN7subsdk09sub_76e70Ev!
0x0000000000076e80,sub_76e80,4,_ZN7subsdk09sub_76e80Ev!
0x0000000000076e90,sub_76e90,4,_ZN7subsdk09sub_76e90Ev!
0x0000000000076ea0,sub_76ea0,8,_ZN7subsdk09sub_76ea0Ev!
0x0000000000076eb0,sub_76eb0,8,_ZN7subsdk09sub_76eb0Ev!
0x0000000000076ec0,sub_76ec0,4,_ZN7subsdk09sub_76ec0Ev!
0x0000000000076ed0,sub_76ed0,4,_ZN7subsdk09sub_76ed0Ev!
0x0000000000076ee0,sub_76ee0,24,_ZN7subsdk09sub_76ee0Ev!
0x0000000000076f00,sub_76f00,4,_ZN7subsdk09sub_76f00Ev!
0x0000000000076f10,sub_76f10,4,_ZN7subsdk09sub_76f10Ev!
0x0000000000076f20,sub_76f20,8,_ZN7subsdk09sub_76f20Ev!
0x0000000000076f30,sub_76f30,20,_ZN7subsdk09sub_76f30Ev!
0x0000000000076f50,sub_76f50,4,_ZN7subsdk09sub_76f50Ev!
0x0000000000076f60,sub_76f60,28,_ZN7subsdk09sub_76f60Ev!
0x0000000000076f80,sub_76f80,28,_ZN7subsdk09sub_76f80Ev!
0x0000000000076fa0,sub_76fa0,4,_ZN7subsdk09sub_76fa0Ev!
0x0000000000076fb0,sub_76fb0,12,_ZN7subsdk09sub_76fb0Ev!
0x0000000000076fc0,sub_76fc0,44,_ZN7subsdk09sub_76fc0Ev!
0x0000000000076ff0,sub_76ff0,184,_ZN7subsdk09sub_76ff0Ev!
0x00000000000770b0,sub_770b0,4,_ZN7subsdk09sub_770b0Ev!
0x00000000000770c0,This_program_is_protected_by_copyright_law_and_internati,12,_ZN7subsdk070This_program_is_protected_by_copyright_law_and_internati_subsdk0_770c0Ev!
0x00000000000770d0,WAV_InputOpen_couldn_t_read_format,1184,_ZN7subsdk034WAV_InputOpen_couldn_t_read_formatEv!
0x0000000000077570,WAV_InputRead_unsupported_data_compression,636,_ZN7subsdk042WAV_InputRead_unsupported_data_compressionEv!
0x00000000000777f0,sub_777f0,64,_ZN7subsdk09sub_777f0Ev!
0x0000000000077830,WAV_OutputOpen_unable_to_create_file_s,444,_ZN7subsdk038WAV_OutputOpen_unable_to_create_file_sEv!
0x00000000000779f0,WAV_OutputWrite_error_unable_to_write_to_file_d,492,_ZN7subsdk047WAV_OutputWrite_error_unable_to_write_to_file_dEv!
0x0000000000077be0,WAV_OutputClose_fseek_failed,172,_ZN7subsdk028WAV_OutputClose_fseek_failedEv!
0x0000000000077c90,sub_77c90,148,_ZN7subsdk09sub_77c90Ev!
0x0000000000077d30,sub_77d30,168,_ZN7subsdk023sub_77d30_subsdk0_77d30Ev!
0x0000000000077de0,AACEncoder,564,_ZN7subsdk010AACEncoderEv!
0x0000000000078020,AACEncoder_2,552,_ZN7subsdk012AACEncoder_2Ev!
0x0000000000078250,sub_78250,128,_ZN7subsdk09sub_78250Ev!
0x00000000000782d0,sub_782d0,140,_ZN7subsdk09sub_782d0Ev!
0x0000000000078360,sub_78360,148,_ZN7subsdk09sub_78360Ev!
0x0000000000078400,sub_78400,148,_ZN7subsdk09sub_78400Ev!
0x00000000000784a0,sub_784a0,16,_ZN7subsdk09sub_784a0Ev!
0x00000000000784b0,AACEncoder_3,336,_ZN7subsdk012AACEncoder_3Ev!
0x0000000000078600,AACEncoder_4,372,_ZN7subsdk012AACEncoder_4Ev!
0x0000000000078780,AACEncoder_5,200,_ZN7subsdk012AACEncoder_5Ev!
0x0000000000078850,AACEncoder_6,1520,_ZN7subsdk012AACEncoder_6Ev!
0x0000000000078e40,sub_78e40,8,_Z15subsdk0_f_78e40v
0x0000000000078e50,sub_78e50,8,_Z15subsdk0_f_78e50v
0x0000000000078e60,sub_78e60,8,_Z15subsdk0_f_78e60v
0x0000000000078e70,sub_78e70,8,_Z15subsdk0_f_78e70v
0x0000000000078e80,sub_78e80,8,_Z15subsdk0_f_78e80v
0x0000000000078e90,SoftAACEncoder,532,_ZN7subsdk014SoftAACEncoderEv!
0x00000000000790b0,raw_2,160,_ZN7subsdk05raw_2Ev!
0x0000000000079150,sub_79150,168,_ZN7subsdk09sub_79150Ev!
0x0000000000079200,sub_79200,424,_ZN7subsdk09sub_79200Ev!
0x00000000000793b0,SoftAACEncoder_2,420,_ZN7subsdk016SoftAACEncoder_2Ev!
0x0000000000079560,sub_79560,36,_ZN7subsdk09sub_79560Ev!
0x0000000000079590,sub_79590,64,_ZN7subsdk09sub_79590Ev!
0x00000000000795d0,sub_795d0,328,_ZN7subsdk09sub_795d0Ev!
0x0000000000079720,audio_encoder,456,_ZN5audio13audio_encoderEv!
0x00000000000798f0,sub_798f0,524,_ZN7subsdk09sub_798f0Ev!
0x0000000000079b00,SoftAACEncoder_3,916,_ZN7subsdk016SoftAACEncoder_3Ev!
0x0000000000079ea0,sub_79ea0,92,_ZN7subsdk09sub_79ea0Ev!
0x0000000000079f00,sub_79f00,356,_ZN7subsdk09sub_79f00Ev!
0x000000000007a070,sub_7a070,224,_ZN7subsdk09sub_7a070Ev!
0x000000000007a150,sub_7a150,424,_ZN7subsdk09sub_7a150Ev!
0x000000000007a300,sub_7a300,60,_ZN7subsdk09sub_7a300Ev!
0x000000000007a340,sub_7a340,1232,_ZN7subsdk023sub_7a340_subsdk0_7a340Ev!
0x000000000007a810,sub_7a810,8,_Z15subsdk0_f_7a810v
0x000000000007a820,sub_7a820,88,_ZN7subsdk09sub_7a820Ev!
0x000000000007a880,sub_7a880,32,_ZN7subsdk09sub_7a880Ev!
0x000000000007a8a0,sub_7a8a0,340,_ZN7subsdk09sub_7a8a0Ev!
0x000000000007aa00,sub_7aa00,384,_ZN7subsdk09sub_7aa00Ev!
0x000000000007ab80,sub_7ab80,124,_ZN7subsdk09sub_7ab80Ev!
0x000000000007ac00,sub_7ac00,20,_ZN7subsdk09sub_7ac00Ev!
0x000000000007ac20,sub_7ac20,316,_ZN7subsdk09sub_7ac20Ev!
0x000000000007ad60,sub_7ad60,7564,_ZN7subsdk09sub_7ad60Ev!
0x000000000007caf0,sub_7caf0,8,_Z15subsdk0_f_7caf0Pvt
0x000000000007cb00,sub_7cb00,344,_ZN7subsdk09sub_7cb00Ev!
0x000000000007cc60,sub_7cc60,76,_ZN7subsdk09sub_7cc60Ev!
0x000000000007ccb0,sub_7ccb0,2448,_ZN7subsdk09sub_7ccb0Ev!
0x000000000007d640,sub_7d640,20,_ZN7subsdk09sub_7d640Ev!
0x000000000007d660,sub_7d660,88,_ZN7subsdk09sub_7d660Ev!
0x000000000007d6c0,sub_7d6c0,624,_ZN7subsdk09sub_7d6c0Ev!
0x000000000007d930,sub_7d930,576,_ZN7subsdk09sub_7d930Ev!
0x000000000007db70,sub_7db70,328,_ZN7subsdk09sub_7db70Ev!
0x000000000007dcc0,sub_7dcc0,268,_ZN7subsdk09sub_7dcc0Ev!
0x000000000007ddd0,sub_7ddd0,212,_ZN7subsdk09sub_7ddd0Ev!
0x000000000007deb0,sub_7deb0,160,_ZN7subsdk09sub_7deb0Ev!
0x000000000007df50,sub_7df50,292,_ZN7subsdk09sub_7df50Ev!
0x000000000007e080,sub_7e080,36,_ZN7subsdk09sub_7e080Ev!
0x000000000007e0b0,sub_7e0b0,20,_ZN7subsdk09sub_7e0b0Ev!
0x000000000007e0d0,sub_7e0d0,20,_ZN7subsdk09sub_7e0d0Ev!
0x000000000007e0f0,sub_7e0f0,28,_ZN7subsdk09sub_7e0f0Ev!
0x000000000007e110,sub_7e110,8,_Z15subsdk0_f_7e110Pv
0x000000000007e120,sub_7e120,140,_ZN7subsdk09sub_7e120Ev!
0x000000000007e1b0,sub_7e1b0,1568,_ZN7subsdk09sub_7e1b0Ev!
0x000000000007e7d0,sub_7e7d0,1332,_ZN7subsdk09sub_7e7d0Ev!
0x000000000007ed10,sub_7ed10,212,_ZN7subsdk09sub_7ed10Ev!
0x000000000007edf0,sub_7edf0,144,_ZN7subsdk09sub_7edf0Ev!
0x000000000007ee80,sub_7ee80,648,_ZN7subsdk09sub_7ee80Ev!
0x000000000007f110,sub_7f110,416,_ZN7subsdk09sub_7f110Ev!
0x000000000007f2b0,sub_7f2b0,348,_ZN7subsdk09sub_7f2b0Ev!
0x000000000007f410,sub_7f410,84,_ZN7subsdk09sub_7f410Ev!
0x000000000007f470,sub_7f470,112,_ZN7subsdk09sub_7f470Ev!
0x000000000007f4e0,sub_7f4e0,3576,_ZN7subsdk09sub_7f4e0Ev!
0x00000000000802e0,sub_802e0,312,_ZN7subsdk09sub_802e0Ev!
0x0000000000080420,sub_80420,2824,_ZN7subsdk09sub_80420Ev!
0x0000000000080f30,sub_80f30,1072,_ZN7subsdk09sub_80f30Ev!
0x0000000000081360,sub_81360,200,_ZN7subsdk09sub_81360Ev!
0x0000000000081430,sub_81430,852,_ZN7subsdk09sub_81430Ev!
0x0000000000081790,sub_81790,260,_ZN7subsdk09sub_81790Ev!
0x00000000000818a0,sub_818a0,28,_ZN7subsdk09sub_818a0Ev!
0x00000000000818c0,sub_818c0,508,_ZN7subsdk09sub_818c0Ev!
0x0000000000081ac0,sub_81ac0,152,_ZN7subsdk09sub_81ac0Ev!
0x0000000000081b60,sub_81b60,268,_ZN7subsdk09sub_81b60Ev!
0x0000000000081c70,sub_81c70,228,_ZN7subsdk09sub_81c70Ev!
0x0000000000081d60,sub_81d60,1116,_ZN7subsdk09sub_81d60Ev!
0x00000000000821c0,sub_821c0,408,_ZN7subsdk09sub_821c0Ev!
0x0000000000082360,sub_82360,584,_ZN7subsdk09sub_82360Ev!
0x00000000000825b0,sub_825b0,1084,_ZN7subsdk09sub_825b0Ev!
0x00000000000829f0,sub_829f0,176,_ZN7subsdk09sub_829f0Ev!
0x0000000000082aa0,sub_82aa0,80,_ZN7subsdk09sub_82aa0Ev!
0x0000000000082af0,sub_82af0,48,_ZN7subsdk023sub_82af0_subsdk0_82af0Ev!
0x0000000000082b20,sub_82b20,8,_Z15subsdk0_f_82b20v
0x0000000000082b30,sub_82b30,300,_ZN7subsdk023sub_82b30_subsdk0_82b30Ev!
0x0000000000082c60,sub_82c60,5744,_ZN7subsdk09sub_82c60Ev!
0x00000000000842d0,sub_842d0,212,_ZN7subsdk09sub_842d0Ev!
0x00000000000843b0,sub_843b0,128,_ZN7subsdk09sub_843b0Ev!
0x0000000000084430,sub_84430,48,_ZN7subsdk09sub_84430Ev!
0x0000000000084460,sub_84460,4,_Z15subsdk0_f_84460v
0x0000000000084470,sub_84470,176,_ZN7subsdk09sub_84470Ev!
0x0000000000084520,sub_84520,1200,_ZN7subsdk09sub_84520Ev!
0x00000000000849d0,sub_849d0,88,_ZN7subsdk09sub_849d0Ev!
0x0000000000084a30,sub_84a30,260,_ZN7subsdk09sub_84a30Ev!
0x0000000000084b40,sub_84b40,84,_ZN7subsdk09sub_84b40Ev!
0x0000000000084ba0,sub_84ba0,12,_ZN7subsdk09sub_84ba0Ev!
0x0000000000084bb0,sub_84bb0,332,_ZN7subsdk09sub_84bb0Ev!
0x0000000000084d00,sub_84d00,716,_ZN7subsdk09sub_84d00Ev!
0x0000000000084fd0,sub_84fd0,5504,_ZN7subsdk023sub_84fd0_subsdk0_84fd0Ev!
0x0000000000086550,sub_86550,180,_ZN7subsdk09sub_86550Ev!
0x0000000000086610,sub_86610,1208,_ZN7subsdk09sub_86610Ev!
0x0000000000086ad0,sub_86ad0,576,_ZN7subsdk09sub_86ad0Ev!
0x0000000000086d10,sub_86d10,572,_ZN7subsdk09sub_86d10Ev!
0x0000000000086f50,sub_86f50,1100,_ZN7subsdk023sub_86f50_subsdk0_86f50Ev!
0x00000000000873a0,sub_873a0,584,_ZN7subsdk09sub_873a0Ev!
0x00000000000875f0,sub_875f0,172,_ZN7subsdk09sub_875f0Ev!
0x00000000000876a0,sub_876a0,936,_ZN7subsdk09sub_876a0Ev!
0x0000000000087a50,sub_87a50,1020,_ZN7subsdk09sub_87a50Ev!
0x0000000000087e50,sub_87e50,452,_ZN7subsdk09sub_87e50Ev!
0x0000000000088020,sub_88020,112,_ZN7subsdk09sub_88020Ev!
0x0000000000088090,sub_88090,356,_ZN7subsdk09sub_88090Ev!
0x0000000000088200,sub_88200,360,_ZN7subsdk09sub_88200Ev!
0x0000000000088370,sub_88370,2876,_ZN7subsdk023sub_88370_subsdk0_88370Ev!
0x0000000000088eb0,sub_88eb0,80,_ZN7subsdk09sub_88eb0Ev!
0x0000000000088f00,sub_88f00,52,_ZN7subsdk09sub_88f00Ev!
0x0000000000088f40,sub_88f40,204,_ZN7subsdk09sub_88f40Ev!
0x0000000000089010,sub_89010,128,_ZN7subsdk09sub_89010Ev!
0x0000000000089090,sub_89090,304,_ZN7subsdk09sub_89090Ev!
0x00000000000891c0,sub_891c0,652,_ZN7subsdk023sub_891c0_subsdk0_891c0Ev!
0x0000000000089450,sub_89450,4344,_ZN7subsdk09sub_89450Ev!
0x000000000008a550,sub_8a550,64,_ZN7subsdk09sub_8a550Ev!
0x000000000008a590,sub_8a590,28,_ZN7subsdk09sub_8a590Ev!
0x000000000008a5b0,sub_8a5b0,36,_ZN7subsdk09sub_8a5b0Ev!
0x000000000008a5e0,sub_8a5e0,36,_ZN7subsdk09sub_8a5e0Ev!
0x000000000008a610,sub_8a610,8,_Z15subsdk0_f_8a610v
0x000000000008a620,sub_8a620,36,_ZN7subsdk023sub_8a620_subsdk0_8a620Ev!
0x000000000008a650,sub_8a650,36,_ZN7subsdk09sub_8a650Ev!
0x000000000008a680,SoftMPEG4,344,_ZN7subsdk09SoftMPEG4Ev!
0x000000000008a7e0,sub_8a7e0,32,_ZN7subsdk023sub_8a7e0_subsdk0_8a7e0Ev!
0x000000000008a800,sub_8a800,208,_ZN7subsdk09sub_8a800Ev!
0x000000000008a8d0,sub_8a8d0,36,_ZN7subsdk09sub_8a8d0Ev!
0x000000000008a900,SoftMPEG4_2,1568,_ZN7subsdk011SoftMPEG4_2Ev!
0x000000000008af20,SoftMPEG4_3,660,_ZN7subsdk011SoftMPEG4_3Ev!
0x000000000008b1c0,SoftMPEG4_4,204,_ZN7subsdk011SoftMPEG4_4Ev!
0x000000000008b290,sub_8b290,68,_ZN7subsdk09sub_8b290Ev!
0x000000000008b2e0,sub_8b2e0,92,_ZN7subsdk09sub_8b2e0Ev!
0x000000000008b340,SoftMPEG4_5,248,_ZN7subsdk011SoftMPEG4_5Ev!
0x000000000008b440,sub_8b440,52,_ZN7subsdk09sub_8b440Ev!
0x000000000008b480,sub_8b480,60,_ZN7subsdk023sub_8b480_subsdk0_8b480Ev!
0x000000000008b4c0,sub_8b4c0,4,_Z15subsdk0_f_8b4c0v
0x000000000008b4d0,sub_8b4d0,4,_Z15subsdk0_f_8b4d0v
0x000000000008b4e0,sub_8b4e0,20,_ZN7subsdk023sub_8b4e0_subsdk0_8b4e0Ev!
0x000000000008b500,sub_8b500,108,_ZN7subsdk023sub_8b500_subsdk0_8b500Ev!
0x000000000008b570,sub_8b570,20,_ZN7subsdk09sub_8b570Ev!
0x000000000008b590,sub_8b590,20,_ZN7subsdk09sub_8b590Ev!
0x000000000008b5b0,sub_8b5b0,32,_ZN7subsdk09sub_8b5b0Ev!
0x000000000008b5d0,sub_8b5d0,1064,_ZN7subsdk023sub_8b5d0_subsdk0_8b5d0Ev!
0x000000000008ba00,sub_8ba00,432,_ZN7subsdk09sub_8ba00Ev!
0x000000000008bbb0,sub_8bbb0,20,_ZN7subsdk09sub_8bbb0Ev!
0x000000000008bbd0,sub_8bbd0,20,_ZN7subsdk09sub_8bbd0Ev!
0x000000000008bbf0,sub_8bbf0,4,_Z15subsdk0_f_8bbf0v
0x000000000008bc00,sub_8bc00,64,_ZN7subsdk09sub_8bc00Ev!
0x000000000008bc40,sub_8bc40,84,_ZN7subsdk09sub_8bc40Ev!
0x000000000008bca0,sub_8bca0,96,_ZN7subsdk09sub_8bca0Ev!
0x000000000008bd00,sub_8bd00,88,_ZN7subsdk09sub_8bd00Ev!
0x000000000008bd60,sub_8bd60,108,_ZN7subsdk09sub_8bd60Ev!
0x000000000008bdd0,sub_8bdd0,96,_ZN7subsdk09sub_8bdd0Ev!
0x000000000008be30,sub_8be30,72,_ZN7subsdk09sub_8be30Ev!
0x000000000008be80,sub_8be80,44,_ZN7subsdk09sub_8be80Ev!
0x000000000008beb0,sub_8beb0,108,_ZN7subsdk09sub_8beb0Ev!
0x000000000008bf20,sub_8bf20,104,_ZN7subsdk09sub_8bf20Ev!
0x000000000008bf90,sub_8bf90,136,_ZN7subsdk09sub_8bf90Ev!
0x000000000008c020,sub_8c020,68,_ZN7subsdk09sub_8c020Ev!
0x000000000008c070,sub_8c070,8,_Z15subsdk0_f_8c070Pv
0x000000000008c080,sub_8c080,132,_ZN7subsdk09sub_8c080Ev!
0x000000000008c110,sub_8c110,100,_ZN7subsdk09sub_8c110Ev!
0x000000000008c180,sub_8c180,100,_ZN7subsdk09sub_8c180Ev!
0x000000000008c1f0,sub_8c1f0,180,_ZN7subsdk09sub_8c1f0Ev!
0x000000000008c2b0,sub_8c2b0,180,_ZN7subsdk09sub_8c2b0Ev!
0x000000000008c370,sub_8c370,68,_ZN7subsdk09sub_8c370Ev!
0x000000000008c3c0,sub_8c3c0,68,_ZN7subsdk09sub_8c3c0Ev!
0x000000000008c410,sub_8c410,276,_ZN7subsdk09sub_8c410Ev!
0x000000000008c530,sub_8c530,264,_ZN7subsdk09sub_8c530Ev!
0x000000000008c640,sub_8c640,392,_ZN7subsdk09sub_8c640Ev!
0x000000000008c7d0,sub_8c7d0,384,_ZN7subsdk09sub_8c7d0Ev!
0x000000000008c950,sub_8c950,428,_ZN7subsdk09sub_8c950Ev!
0x000000000008cb00,sub_8cb00,236,_ZN7subsdk09sub_8cb00Ev!
0x000000000008cbf0,sub_8cbf0,1224,_ZN7subsdk09sub_8cbf0Ev!
0x000000000008d0c0,sub_8d0c0,168,_ZN7subsdk09sub_8d0c0Ev!
0x000000000008d170,sub_8d170,1304,_ZN7subsdk09sub_8d170Ev!
0x000000000008d690,sub_8d690,120,_ZN7subsdk09sub_8d690Ev!
0x000000000008d710,sub_8d710,3896,_ZN7subsdk09sub_8d710Ev!
0x000000000008e650,sub_8e650,2880,_ZN7subsdk09sub_8e650Ev!
0x000000000008f190,sub_8f190,3064,_ZN7subsdk023sub_8f190_subsdk0_8f190Ev!
0x000000000008fd90,sub_8fd90,1288,_ZN7subsdk023sub_8fd90_subsdk0_8fd90Ev!
0x00000000000902a0,sub_902a0,764,_ZN7subsdk09sub_902a0Ev!
0x00000000000905a0,sub_905a0,2040,_ZN7subsdk09sub_905a0Ev!
0x0000000000090da0,sub_90da0,572,_ZN7subsdk09sub_90da0Ev!
0x0000000000090fe0,sub_90fe0,116,_ZN7subsdk09sub_90fe0Ev!
0x0000000000091060,sub_91060,176,_ZN7subsdk09sub_91060Ev!
0x0000000000091110,sub_91110,584,_ZN7subsdk09sub_91110Ev!
0x0000000000091360,sub_91360,472,_ZN7subsdk09sub_91360Ev!
0x0000000000091540,sub_91540,924,_ZN7subsdk09sub_91540Ev!
0x00000000000918e0,sub_918e0,1228,_ZN7subsdk09sub_918e0Ev!
0x0000000000091db0,sub_91db0,436,_ZN7subsdk09sub_91db0Ev!
0x0000000000091f70,sub_91f70,2696,_ZN7subsdk09sub_91f70Ev!
0x0000000000092a00,sub_92a00,220,_ZN7subsdk09sub_92a00Ev!
0x0000000000092ae0,sub_92ae0,1732,_ZN7subsdk09sub_92ae0Ev!
0x00000000000931b0,sub_931b0,984,_ZN7subsdk09sub_931b0Ev!
0x0000000000093590,sub_93590,276,_ZN7subsdk09sub_93590Ev!
0x00000000000936b0,sub_936b0,2368,_ZN7subsdk09sub_936b0Ev!
0x0000000000093ff0,sub_93ff0,2904,_ZN7subsdk09sub_93ff0Ev!
0x0000000000094b50,sub_94b50,248,_ZN7subsdk09sub_94b50Ev!
0x0000000000094c50,sub_94c50,1012,_ZN7subsdk09sub_94c50Ev!
0x0000000000095050,sub_95050,5228,_ZN7subsdk09sub_95050Ev!
0x00000000000964c0,sub_964c0,6464,_ZN7subsdk09sub_964c0Ev!
0x0000000000097e00,sub_97e00,940,_ZN7subsdk09sub_97e00Ev!
0x00000000000981b0,sub_981b0,3416,_ZN7subsdk09sub_981b0Ev!
0x0000000000098f10,sub_98f10,4,_Z15subsdk0_f_98f10v
0x0000000000098f20,sub_98f20,4,_Z15subsdk0_f_98f20v
0x0000000000098f30,sub_98f30,248,_ZN7subsdk09sub_98f30Ev!
0x0000000000099030,sub_99030,44,_ZN7subsdk09sub_99030Ev!
0x0000000000099060,sub_99060,388,_ZN7subsdk09sub_99060Ev!
0x00000000000991f0,sub_991f0,168,_ZN7subsdk09sub_991f0Ev!
0x00000000000992a0,sub_992a0,460,_ZN7subsdk09sub_992a0Ev!
0x0000000000099470,sub_99470,204,_ZN7subsdk09sub_99470Ev!
0x0000000000099540,sub_99540,508,_ZN7subsdk09sub_99540Ev!
0x0000000000099740,sub_99740,236,_ZN7subsdk09sub_99740Ev!
0x0000000000099830,sub_99830,4,_Z15subsdk0_f_99830v
0x0000000000099840,sub_99840,388,_ZN7subsdk09sub_99840Ev!
0x00000000000999d0,sub_999d0,312,_ZN7subsdk09sub_999d0Ev!
0x0000000000099b10,sub_99b10,384,_ZN7subsdk09sub_99b10Ev!
0x0000000000099c90,sub_99c90,432,_ZN7subsdk09sub_99c90Ev!
0x0000000000099e40,sub_99e40,1852,_ZN7subsdk09sub_99e40Ev!
0x000000000009a580,sub_9a580,352,_ZN7subsdk09sub_9a580Ev!
0x000000000009a6e0,sub_9a6e0,640,_ZN7subsdk09sub_9a6e0Ev!
0x000000000009a960,sub_9a960,192,_ZN7subsdk09sub_9a960Ev!
0x000000000009aa20,sub_9aa20,416,_ZN7subsdk09sub_9aa20Ev!
0x000000000009abc0,sub_9abc0,360,_ZN7subsdk09sub_9abc0Ev!
0x000000000009ad30,sub_9ad30,308,_ZN7subsdk09sub_9ad30Ev!
0x000000000009ae70,sub_9ae70,684,_ZN7subsdk09sub_9ae70Ev!
0x000000000009b120,sub_9b120,2584,_ZN7subsdk09sub_9b120Ev!
0x000000000009bb40,sub_9bb40,580,_ZN7subsdk09sub_9bb40Ev!
0x000000000009bd90,sub_9bd90,324,_ZN7subsdk09sub_9bd90Ev!
0x000000000009bee0,sub_9bee0,1836,_ZN7subsdk09sub_9bee0Ev!
0x000000000009c610,sub_9c610,1144,_ZN7subsdk09sub_9c610Ev!
0x000000000009ca90,sub_9ca90,892,_ZN7subsdk09sub_9ca90Ev!
0x000000000009ce10,sub_9ce10,476,_ZN7subsdk09sub_9ce10Ev!
0x000000000009cff0,sub_9cff0,112,_ZN7subsdk09sub_9cff0Ev!
0x000000000009d060,sub_9d060,24,_Z15subsdk0_f_9d060PvS_S_
0x000000000009d080,sub_9d080,24,_Z15subsdk0_f_9d080PvS_S_
0x000000000009d0a0,sub_9d0a0,12,_Z15subsdk0_f_9d0a0Pv
0x000000000009d0b0,sub_9d0b0,12,_Z15subsdk0_f_9d0b0Pvm
0x000000000009d0c0,sub_9d0c0,68,_ZN7subsdk09sub_9d0c0Ev!
0x000000000009d110,sub_9d110,12,_Z15subsdk0_f_9d110Pv
0x000000000009d120,sub_9d120,8,_Z15subsdk0_f_9d120Pv
0x000000000009d130,sub_9d130,12,_Z15subsdk0_f_9d130Pv
0x000000000009d140,sub_9d140,12,_Z15subsdk0_f_9d140Pv
0x000000000009d150,sub_9d150,20,_Z15subsdk0_f_9d150Pv
0x000000000009d170,sub_9d170,320,_ZN7subsdk09sub_9d170Ev!
0x000000000009d2b0,sub_9d2b0,88,_ZN7subsdk09sub_9d2b0Ev!
0x000000000009d310,sub_9d310,92,_ZN7subsdk09sub_9d310Ev!
0x000000000009d370,sub_9d370,104,_ZN7subsdk09sub_9d370Ev!
0x000000000009d3e0,sub_9d3e0,592,_ZN7subsdk09sub_9d3e0Ev!
0x000000000009d630,sub_9d630,704,_ZN7subsdk09sub_9d630Ev!
0x000000000009d8f0,sub_9d8f0,144,_ZN7subsdk023sub_9d8f0_subsdk0_9d8f0Ev!
0x000000000009d980,sub_9d980,8,_Z15subsdk0_f_9d980v
0x000000000009d990,sub_9d990,20,_Z15subsdk0_f_9d990Pv
0x000000000009d9b0,sub_9d9b0,144,_ZN7subsdk09sub_9d9b0Ev!
0x000000000009da40,sub_9da40,148,_ZN7subsdk023sub_9da40_subsdk0_9da40Ev!
0x000000000009dae0,sub_9dae0,168,_ZN7subsdk09sub_9dae0Ev!
0x000000000009db90,sub_9db90,116,_ZN7subsdk09sub_9db90Ev!
0x000000000009dc10,sub_9dc10,120,_ZN7subsdk09sub_9dc10Ev!
0x000000000009dc90,sub_9dc90,1096,_ZN7subsdk09sub_9dc90Ev!
0x000000000009e0e0,sub_9e0e0,492,_ZN7subsdk09sub_9e0e0Ev!
0x000000000009e2d0,sub_9e2d0,300,_ZN7subsdk09sub_9e2d0Ev!
0x000000000009e400,sub_9e400,460,_ZN7subsdk09sub_9e400Ev!
0x000000000009e5d0,sub_9e5d0,96,_ZN7subsdk09sub_9e5d0Ev!
0x000000000009e630,sub_9e630,208,_ZN7subsdk09sub_9e630Ev!
0x000000000009e700,sub_9e700,188,_ZN7subsdk09sub_9e700Ev!
0x000000000009e7c0,sub_9e7c0,224,_ZN7subsdk09sub_9e7c0Ev!
0x000000000009e8a0,sub_9e8a0,216,_ZN7subsdk09sub_9e8a0Ev!
0x000000000009e980,sub_9e980,796,_ZN7subsdk09sub_9e980Ev!
0x000000000009eca0,sub_9eca0,1208,_ZN7subsdk09sub_9eca0Ev!
0x000000000009f160,sub_9f160,1208,_ZN7subsdk09sub_9f160Ev!
0x000000000009f620,sub_9f620,528,_ZN7subsdk09sub_9f620Ev!
0x000000000009f830,sub_9f830,436,_ZN7subsdk09sub_9f830Ev!
0x000000000009f9f0,sub_9f9f0,516,_ZN7subsdk09sub_9f9f0Ev!
0x000000000009fc00,sub_9fc00,516,_ZN7subsdk09sub_9fc00Ev!
0x000000000009fe10,sub_9fe10,800,_ZN7subsdk09sub_9fe10Ev!
0x00000000000a0130,sub_a0130,800,_ZN7subsdk09sub_a0130Ev!
0x00000000000a0450,sub_a0450,5144,_ZN7subsdk023sub_a0450_subsdk0_a0450Ev!
0x00000000000a1870,sub_a1870,1344,_ZN7subsdk09sub_a1870Ev!
0x00000000000a1db0,sub_a1db0,360,_ZN7subsdk09sub_a1db0Ev!
0x00000000000a1f20,sub_a1f20,20,_ZN7subsdk09sub_a1f20Ev!
0x00000000000a1f40,sub_a1f40,2600,_ZN7subsdk023sub_a1f40_subsdk0_a1f40Ev!
0x00000000000a2970,sub_a2970,188,_ZN7subsdk09sub_a2970Ev!
0x00000000000a2a30,sub_a2a30,996,_ZN7subsdk09sub_a2a30Ev!
0x00000000000a2e20,sub_a2e20,1864,_ZN7subsdk09sub_a2e20Ev!
0x00000000000a3570,sub_a3570,488,_ZN7subsdk09sub_a3570Ev!
0x00000000000a3760,sub_a3760,96,_ZN7subsdk09sub_a3760Ev!
0x00000000000a37c0,SoftAVC,368,_ZN7subsdk07SoftAVCEv!
0x00000000000a3930,sub_a3930,40,_ZN7subsdk09sub_a3930Ev!
0x00000000000a3960,SoftAVC_2,432,_ZN7subsdk09SoftAVC_2Ev!
0x00000000000a3b10,sub_a3b10,36,_ZN7subsdk09sub_a3b10Ev!
0x00000000000a3b40,SoftAVC_3,1256,_ZN7subsdk09SoftAVC_3Ev!
0x00000000000a4030,sub_a4030,280,_ZN7subsdk09sub_a4030Ev!
0x00000000000a4150,sub_a4150,124,_ZN7subsdk023sub_a4150_subsdk0_a4150Ev!
0x00000000000a41d0,SoftAVC_4,132,_ZN7subsdk09SoftAVC_4Ev!
0x00000000000a4260,SoftAVC_5,356,_ZN7subsdk09SoftAVC_5Ev!
0x00000000000a43d0,sub_a43d0,16,_ZN7subsdk023sub_a43d0_subsdk0_a43d0Ev!
0x00000000000a43e0,sub_a43e0,36,_ZN7subsdk09sub_a43e0Ev!
0x00000000000a4410,sub_a4410,92,_ZN7subsdk09sub_a4410Ev!
0x00000000000a4470,sub_a4470,52,_ZN7subsdk09sub_a4470Ev!
0x00000000000a44b0,sub_a44b0,60,_ZN7subsdk09sub_a44b0Ev!
0x00000000000a44f0,sub_a44f0,4,_Z15subsdk0_f_a44f0v
0x00000000000a4500,sub_a4500,4,_Z15subsdk0_f_a4500v
0x00000000000a4510,sub_a4510,20,_ZN7subsdk09sub_a4510Ev!
0x00000000000a4530,sub_a4530,108,_ZN7subsdk09sub_a4530Ev!
0x00000000000a45a0,sub_a45a0,20,_ZN7subsdk09sub_a45a0Ev!
0x00000000000a45c0,sub_a45c0,20,_ZN7subsdk09sub_a45c0Ev!
0x00000000000a45e0,sub_a45e0,32,_ZN7subsdk09sub_a45e0Ev!
0x00000000000a4600,sub_a4600,520,_ZN7subsdk09sub_a4600Ev!
0x00000000000a4810,n_NX_P,2584,_ZN7subsdk06n_NX_PEv!
0x00000000000a5230,sub_a5230,1088,_ZN7subsdk09sub_a5230Ev!
0x00000000000a5670,sub_a5670,3104,_ZN7subsdk023sub_a5670_subsdk0_a5670Ev!
0x00000000000a6290,sub_a6290,116,_ZN7subsdk09sub_a6290Ev!
0x00000000000a6310,sub_a6310,9748,_ZN7subsdk09sub_a6310Ev!
0x00000000000a8930,sub_a8930,752,_ZN7subsdk09sub_a8930Ev!
0x00000000000a8c20,sub_a8c20,388,_ZN7subsdk09sub_a8c20Ev!
0x00000000000a8db0,sub_a8db0,440,_ZN7subsdk09sub_a8db0Ev!
0x00000000000a8f70,sub_a8f70,1168,_ZN7subsdk023sub_a8f70_subsdk0_a8f70Ev!
0x00000000000a9400,sub_a9400,348,_ZN7subsdk09sub_a9400Ev!
0x00000000000a9560,sub_a9560,88,_ZN7subsdk09sub_a9560Ev!
0x00000000000a95c0,sub_a95c0,1332,_ZN7subsdk09sub_a95c0Ev!
0x00000000000a9b00,sub_a9b00,268,_ZN7subsdk09sub_a9b00Ev!
0x00000000000a9c10,sub_a9c10,84,_ZN7subsdk09sub_a9c10Ev!
0x00000000000a9c70,sub_a9c70,24,_ZN7subsdk09sub_a9c70Ev!
0x00000000000a9c90,sub_a9c90,24,_ZN7subsdk09sub_a9c90Ev!
0x00000000000a9cb0,sub_a9cb0,8,_ZN7subsdk09sub_a9cb0Ev!
0x00000000000a9cc0,sub_a9cc0,28,_ZN7subsdk09sub_a9cc0Ev!
0x00000000000a9ce0,sub_a9ce0,56,_ZN7subsdk09sub_a9ce0Ev!
0x00000000000a9d20,sub_a9d20,88,_ZN7subsdk09sub_a9d20Ev!
0x00000000000a9d80,sub_a9d80,140,_ZN7subsdk09sub_a9d80Ev!
0x00000000000a9e10,sub_a9e10,404,_ZN7subsdk09sub_a9e10Ev!
0x00000000000a9fb0,sub_a9fb0,24,_ZN7subsdk09sub_a9fb0Ev!
0x00000000000a9fd0,sub_a9fd0,776,_ZN7subsdk09sub_a9fd0Ev!
0x00000000000aa2e0,sub_aa2e0,2152,_ZN7subsdk09sub_aa2e0Ev!
0x00000000000aab50,sub_aab50,788,_ZN7subsdk023sub_aab50_subsdk0_aab50Ev!
0x00000000000aae70,sub_aae70,252,_ZN7subsdk09sub_aae70Ev!
0x00000000000aaf70,sub_aaf70,1416,_ZN7subsdk09sub_aaf70Ev!
0x00000000000ab500,sub_ab500,64,_ZN7subsdk09sub_ab500Ev!
0x00000000000ab540,sub_ab540,32,_ZN7subsdk09sub_ab540Ev!
0x00000000000ab560,sub_ab560,332,_ZN7subsdk09sub_ab560Ev!
0x00000000000ab6b0,sub_ab6b0,236,_ZN7subsdk09sub_ab6b0Ev!
0x00000000000ab7a0,sub_ab7a0,176,_ZN7subsdk09sub_ab7a0Ev!
0x00000000000ab850,sub_ab850,52,_ZN7subsdk09sub_ab850Ev!
0x00000000000ab890,sub_ab890,1088,_ZN7subsdk09sub_ab890Ev!
0x00000000000abcd0,sub_abcd0,44,_ZN7subsdk09sub_abcd0Ev!
0x00000000000abd00,sub_abd00,248,_ZN7subsdk09sub_abd00Ev!
0x00000000000abe00,sub_abe00,708,_ZN7subsdk09sub_abe00Ev!
0x00000000000ac0d0,sub_ac0d0,1064,_ZN7subsdk09sub_ac0d0Ev!
0x00000000000ac500,sub_ac500,5044,_ZN7subsdk09sub_ac500Ev!
0x00000000000ad8c0,sub_ad8c0,240,_ZN7subsdk09sub_ad8c0Ev!
0x00000000000ad9b0,sub_ad9b0,844,_ZN7subsdk09sub_ad9b0Ev!
0x00000000000add00,sub_add00,2316,_ZN7subsdk09sub_add00Ev!
0x00000000000ae610,sub_ae610,2360,_ZN7subsdk09sub_ae610Ev!
0x00000000000aef50,sub_aef50,2324,_ZN7subsdk023sub_aef50_subsdk0_aef50Ev!
0x00000000000af870,sub_af870,412,_ZN7subsdk09sub_af870Ev!
0x00000000000afa10,sub_afa10,3776,_ZN7subsdk09sub_afa10Ev!
0x00000000000b08d0,sub_b08d0,20,_ZN7subsdk09sub_b08d0Ev!
0x00000000000b08f0,sub_b08f0,32,_ZN7subsdk09sub_b08f0Ev!
0x00000000000b0910,sub_b0910,32,_ZN7subsdk09sub_b0910Ev!
0x00000000000b0930,sub_b0930,12,_ZN7subsdk09sub_b0930Ev!
0x00000000000b0940,sub_b0940,2076,_ZN7subsdk09sub_b0940Ev!
0x00000000000b1160,sub_b1160,4,_Z15subsdk0_f_b1160v
0x00000000000b1170,sub_b1170,312,_ZN7subsdk09sub_b1170Ev!
0x00000000000b12b0,sub_b12b0,188,_ZN7subsdk09sub_b12b0Ev!
0x00000000000b1370,sub_b1370,144,_ZN7subsdk09sub_b1370Ev!
0x00000000000b1400,sub_b1400,72,_ZN7subsdk09sub_b1400Ev!
0x00000000000b1450,sub_b1450,16,_ZN7subsdk09sub_b1450Ev!
0x00000000000b1460,sub_b1460,16,_ZN7subsdk09sub_b1460Ev!
0x00000000000b1470,sub_b1470,16,_ZN7subsdk09sub_b1470Ev!
0x00000000000b1480,sub_b1480,16,_ZN7subsdk09sub_b1480Ev!
0x00000000000b1490,sub_b1490,32,_ZN7subsdk09sub_b1490Ev!
0x00000000000b14b0,sub_b14b0,776,_ZN7subsdk09sub_b14b0Ev!
0x00000000000b17c0,sub_b17c0,1128,_ZN7subsdk09sub_b17c0Ev!
0x00000000000b1c30,sub_b1c30,748,_ZN7subsdk09sub_b1c30Ev!
0x00000000000b1f20,sub_b1f20,512,_ZN7subsdk09sub_b1f20Ev!
0x00000000000b2120,sub_b2120,832,_ZN7subsdk09sub_b2120Ev!
0x00000000000b2460,sub_b2460,964,_ZN7subsdk09sub_b2460Ev!
0x00000000000b2830,sub_b2830,632,_ZN7subsdk09sub_b2830Ev!
0x00000000000b2ab0,sub_b2ab0,812,_ZN7subsdk09sub_b2ab0Ev!
0x00000000000b2de0,sub_b2de0,472,_ZN7subsdk09sub_b2de0Ev!
0x00000000000b2fc0,sub_b2fc0,820,_ZN7subsdk09sub_b2fc0Ev!
0x00000000000b3300,sub_b3300,1188,_ZN7subsdk09sub_b3300Ev!
0x00000000000b37b0,sub_b37b0,864,_ZN7subsdk09sub_b37b0Ev!
0x00000000000b3b10,sub_b3b10,1060,_ZN7subsdk09sub_b3b10Ev!
0x00000000000b3f40,sub_b3f40,1120,_ZN7subsdk09sub_b3f40Ev!
0x00000000000b43a0,sub_b43a0,992,_ZN7subsdk09sub_b43a0Ev!
0x00000000000b4780,sub_b4780,248,_ZN7subsdk09sub_b4780Ev!
0x00000000000b4880,sub_b4880,20,_ZN7subsdk09sub_b4880Ev!
0x00000000000b48a0,sub_b48a0,4536,_ZN7subsdk09sub_b48a0Ev!
0x00000000000b5a60,sub_b5a60,1508,_ZN7subsdk09sub_b5a60Ev!
0x00000000000b6050,sub_b6050,540,_ZN7subsdk09sub_b6050Ev!
0x00000000000b6270,sub_b6270,560,_ZN7subsdk09sub_b6270Ev!
0x00000000000b64a0,sub_b64a0,196,_ZN7subsdk09sub_b64a0Ev!
0x00000000000b6570,sub_b6570,1484,_ZN7subsdk09sub_b6570Ev!
0x00000000000b6b40,sub_b6b40,1884,_ZN7subsdk09sub_b6b40Ev!
0x00000000000b72a0,sub_b72a0,156,_ZN7subsdk09sub_b72a0Ev!
0x00000000000b7340,sub_b7340,188,_ZN7subsdk09sub_b7340Ev!
0x00000000000b7400,sub_b7400,200,_ZN7subsdk09sub_b7400Ev!
0x00000000000b74d0,sub_b74d0,240,_ZN7subsdk09sub_b74d0Ev!
0x00000000000b75c0,sub_b75c0,240,_ZN7subsdk09sub_b75c0Ev!
0x00000000000b76b0,sub_b76b0,236,_ZN7subsdk09sub_b76b0Ev!
0x00000000000b77a0,sub_b77a0,348,_ZN7subsdk09sub_b77a0Ev!
0x00000000000b7900,sub_b7900,376,_ZN7subsdk09sub_b7900Ev!
0x00000000000b7a80,sub_b7a80,60,_ZN7subsdk09sub_b7a80Ev!
0x00000000000b7ac0,sub_b7ac0,328,_ZN7subsdk09sub_b7ac0Ev!
0x00000000000b7c10,sub_b7c10,260,_ZN7subsdk023sub_b7c10_subsdk0_b7c10Ev!
0x00000000000b7d20,sub_b7d20,840,_ZN7subsdk09sub_b7d20Ev!
0x00000000000b8070,sub_b8070,68,_ZN7subsdk09sub_b8070Ev!
0x00000000000b80c0,sub_b80c0,16,_Z15subsdk0_f_b80c0Pv
0x00000000000b80d0,sub_b80d0,180,_ZN7subsdk09sub_b80d0Ev!
0x00000000000b8190,sub_b8190,24,_ZN7subsdk09sub_b8190Ev!
0x00000000000b81b0,sub_b81b0,708,_ZN7subsdk09sub_b81b0Ev!
0x00000000000b8480,sub_b8480,260,_ZN7subsdk023sub_b8480_subsdk0_b8480Ev!
0x00000000000b8590,sub_b8590,300,_ZN7subsdk09sub_b8590Ev!
0x00000000000b86c0,sub_b86c0,244,_ZN7subsdk09sub_b86c0Ev!
0x00000000000b87c0,sub_b87c0,64,_ZN7subsdk09sub_b87c0Ev!
0x00000000000b8800,sub_b8800,16,_Z15subsdk0_f_b8800Pv
0x00000000000b8810,sub_b8810,1172,_ZN7subsdk09sub_b8810Ev!
0x00000000000b8cb0,sub_b8cb0,828,_ZN7subsdk09sub_b8cb0Ev!
0x00000000000b8ff0,sub_b8ff0,248,_ZN7subsdk09sub_b8ff0Ev!
0x00000000000b90f0,sub_b90f0,60,_ZN7subsdk09sub_b90f0Ev!
0x00000000000b9130,sub_b9130,92,_ZN7subsdk09sub_b9130Ev!
0x00000000000b9190,sub_b9190,112,_ZN7subsdk09sub_b9190Ev!
0x00000000000b9200,sub_b9200,48,_ZN7subsdk09sub_b9200Ev!
0x00000000000b9230,sub_b9230,84,_ZN7subsdk09sub_b9230Ev!
0x00000000000b9290,sub_b9290,392,_ZN7subsdk09sub_b9290Ev!
0x00000000000b9420,sub_b9420,136,_ZN7subsdk09sub_b9420Ev!
0x00000000000b94b0,sub_b94b0,140,_ZN7subsdk09sub_b94b0Ev!
0x00000000000b9540,sub_b9540,88,_ZN7subsdk09sub_b9540Ev!
0x00000000000b95a0,sub_b95a0,1380,_ZN7subsdk09sub_b95a0Ev!
0x00000000000b9b10,sub_b9b10,440,_ZN7subsdk09sub_b9b10Ev!
0x00000000000b9cd0,sub_b9cd0,4,_Z15subsdk0_f_b9cd0v
0x00000000000b9ce0,sub_b9ce0,32,_ZN7subsdk09sub_b9ce0Ev!
0x00000000000b9d00,sub_b9d00,4,_ZN7subsdk09sub_b9d00Ev!
0x00000000000b9d10,sub_b9d10,8,_ZN7subsdk09sub_b9d10Ev!
0x00000000000b9d20,sub_b9d20,8,_ZN7subsdk09sub_b9d20Ev!
0x00000000000b9d30,sub_b9d30,168,_ZN7subsdk09sub_b9d30Ev!
0x00000000000b9de0,sub_b9de0,48,_ZN7subsdk09sub_b9de0Ev!
0x00000000000b9e10,sub_b9e10,216,_ZN7subsdk09sub_b9e10Ev!
0x00000000000b9ef0,sub_b9ef0,392,_ZN7subsdk09sub_b9ef0Ev!
0x00000000000ba080,sub_ba080,12,_ZN7subsdk09sub_ba080Ev!
0x00000000000ba090,sub_ba090,124,_ZN7subsdk09sub_ba090Ev!
0x00000000000ba110,sub_ba110,224,_ZN7subsdk09sub_ba110Ev!
0x00000000000ba1f0,sub_ba1f0,564,_ZN7subsdk09sub_ba1f0Ev!
0x00000000000ba430,sub_ba430,200,_ZN7subsdk09sub_ba430Ev!
0x00000000000ba500,sub_ba500,12,_ZN7subsdk09sub_ba500Ev!
0x00000000000ba510,sub_ba510,52,_ZN7subsdk09sub_ba510Ev!
0x00000000000ba550,sub_ba550,44,_ZN7subsdk09sub_ba550Ev!
0x00000000000ba580,sub_ba580,240,_ZN7subsdk09sub_ba580Ev!
0x00000000000ba670,sub_ba670,24,_ZN7subsdk09sub_ba670Ev!
0x00000000000ba690,sub_ba690,248,_ZN7subsdk09sub_ba690Ev!
0x00000000000ba790,sub_ba790,92,_ZN7subsdk09sub_ba790Ev!
0x00000000000ba7f0,sub_ba7f0,2984,_ZN7subsdk09sub_ba7f0Ev!
0x00000000000bb3a0,sub_bb3a0,1084,_ZN7subsdk09sub_bb3a0Ev!
0x00000000000bb7e0,sub_bb7e0,40,_ZN7subsdk09sub_bb7e0Ev!
0x00000000000bb810,sub_bb810,744,_ZN7subsdk09sub_bb810Ev!
0x00000000000bbb00,sub_bbb00,236,_ZN7subsdk09sub_bbb00Ev!
0x00000000000bbbf0,sub_bbbf0,576,_ZN7subsdk09sub_bbbf0Ev!
0x00000000000bbe30,sub_bbe30,212,_ZN7subsdk09sub_bbe30Ev!
0x00000000000bbf10,sub_bbf10,272,_ZN7subsdk023sub_bbf10_subsdk0_bbf10Ev!
0x00000000000bc020,sub_bc020,240,_ZN7subsdk09sub_bc020Ev!
0x00000000000bc110,sub_bc110,1492,_ZN7subsdk09sub_bc110Ev!
0x00000000000bc6f0,sub_bc6f0,72,_ZN7subsdk09sub_bc6f0Ev!
0x00000000000bc740,sub_bc740,216,_ZN7subsdk09sub_bc740Ev!
0x00000000000bc820,sub_bc820,56,_ZN7subsdk09sub_bc820Ev!
0x00000000000bc860,sub_bc860,184,_ZN7subsdk09sub_bc860Ev!
0x00000000000bc920,sub_bc920,36,_ZN7subsdk09sub_bc920Ev!
0x00000000000bc950,sub_bc950,672,_ZN7subsdk09sub_bc950Ev!
0x00000000000bcbf0,sub_bcbf0,48,_ZN7subsdk09sub_bcbf0Ev!
0x00000000000bcc20,sub_bcc20,188,_ZN7subsdk09sub_bcc20Ev!
0x00000000000bcce0,sub_bcce0,852,_ZN7subsdk09sub_bcce0Ev!
0x00000000000bd040,sub_bd040,1656,_ZN7subsdk09sub_bd040Ev!
0x00000000000bd6c0,sub_bd6c0,12,_ZN7subsdk09sub_bd6c0Ev!
0x00000000000bd6d0,sub_bd6d0,296,_ZN7subsdk09sub_bd6d0Ev!
0x00000000000bd800,sub_bd800,12,_Z15subsdk0_f_bd800Pv
0x00000000000bd810,sub_bd810,392,_ZN7subsdk09sub_bd810Ev!
0x00000000000bd9a0,sub_bd9a0,132,_ZN7subsdk09sub_bd9a0Ev!
0x00000000000bda30,sub_bda30,128,_ZN7subsdk09sub_bda30Ev!
0x00000000000bdab0,sub_bdab0,2032,_ZN7subsdk09sub_bdab0Ev!
0x00000000000be2a0,sub_be2a0,8,_Z15subsdk0_f_be2a0Pv
0x00000000000be2b0,sub_be2b0,752,_ZN7subsdk09sub_be2b0Ev!
0x00000000000be5a0,sub_be5a0,496,_ZN7subsdk09sub_be5a0Ev!
0x00000000000be790,sub_be790,80,_ZN7subsdk09sub_be790Ev!
0x00000000000be7e0,sub_be7e0,672,_ZN7subsdk09sub_be7e0Ev!
0x00000000000bea80,sub_bea80,1040,_ZN7subsdk09sub_bea80Ev!
0x00000000000bee90,sub_bee90,3780,_ZN7subsdk09sub_bee90Ev!
0x00000000000bfd60,sub_bfd60,44,_ZN7subsdk09sub_bfd60Ev!
0x00000000000bfd90,sub_bfd90,908,_ZN7subsdk09sub_bfd90Ev!
0x00000000000c0120,unfreed_bytes_from_s_ld,144,_ZN7subsdk023unfreed_bytes_from_s_ldEv!
0x00000000000c01b0,DEBUGGING_MALLOC_ERROR_freeing_unmalloced_memory,536,_ZN7subsdk048DEBUGGING_MALLOC_ERROR_freeing_unmalloced_memoryEv!
0x00000000000c03d0,DEBUGGING_MALLOC_ERROR_freeing_unmalloced_memory_2,256,_ZN7subsdk050DEBUGGING_MALLOC_ERROR_freeing_unmalloced_memory_2Ev!
0x00000000000c04d0,sub_c04d0,68,_ZN7subsdk09sub_c04d0Ev!
0x00000000000c0520,sub_c0520,1200,_ZN7subsdk09sub_c0520Ev!
0x00000000000c09d0,sub_c09d0,2388,_ZN7subsdk09sub_c09d0Ev!
0x00000000000c1330,sub_c1330,12,_Z15subsdk0_f_c1330Pv
0x00000000000c1340,sub_c1340,304,_ZN7subsdk09sub_c1340Ev!
0x00000000000c1470,sub_c1470,268,_ZN7subsdk09sub_c1470Ev!
0x00000000000c1580,sub_c1580,128,_ZN7subsdk09sub_c1580Ev!
0x00000000000c1600,sub_c1600,24,_ZN7subsdk09sub_c1600Ev!
0x00000000000c1620,sub_c1620,60,_ZN7subsdk09sub_c1620Ev!
0x00000000000c1660,sub_c1660,396,_ZN7subsdk09sub_c1660Ev!
0x00000000000c17f0,sub_c17f0,372,_ZN7subsdk09sub_c17f0Ev!
0x00000000000c1970,sub_c1970,496,_ZN7subsdk09sub_c1970Ev!
0x00000000000c1b60,sub_c1b60,920,_ZN7subsdk09sub_c1b60Ev!
0x00000000000c1f00,vorbis_3,336,_ZN7subsdk08vorbis_3Ev!
0x00000000000c2050,sub_c2050,4236,_ZN7subsdk09sub_c2050Ev!
0x00000000000c30e0,sub_c30e0,140,_ZN7subsdk09sub_c30e0Ev!
0x00000000000c3170,sub_c3170,1664,_ZN7subsdk023sub_c3170_subsdk0_c3170Ev!
0x00000000000c37f0,sub_c37f0,356,_ZN7subsdk09sub_c37f0Ev!
0x00000000000c3960,sub_c3960,392,_ZN7subsdk09sub_c3960Ev!
0x00000000000c3af0,sub_c3af0,204,_ZN7subsdk023sub_c3af0_subsdk0_c3af0Ev!
0x00000000000c3bc0,sub_c3bc0,596,_ZN7subsdk09sub_c3bc0Ev!
0x00000000000c3e20,sub_c3e20,84,_ZN7subsdk09sub_c3e20Ev!
0x00000000000c3e80,sub_c3e80,528,_ZN7subsdk09sub_c3e80Ev!
0x00000000000c4090,sub_c4090,272,_ZN7subsdk09sub_c4090Ev!
0x00000000000c41a0,sub_c41a0,100,_ZN7subsdk09sub_c41a0Ev!
0x00000000000c4210,sub_c4210,2300,_ZN7subsdk09sub_c4210Ev!
0x00000000000c4b10,sub_c4b10,168,_ZN7subsdk09sub_c4b10Ev!
0x00000000000c4bc0,sub_c4bc0,232,_ZN7subsdk09sub_c4bc0Ev!
0x00000000000c4cb0,sub_c4cb0,512,_ZN7subsdk023sub_c4cb0_subsdk0_c4cb0Ev!
0x00000000000c4eb0,sub_c4eb0,1716,_ZN7subsdk09sub_c4eb0Ev!
0x00000000000c5570,sub_c5570,1308,_ZN7subsdk023sub_c5570_subsdk0_c5570Ev!
0x00000000000c5a90,sub_c5a90,1712,_ZN7subsdk09sub_c5a90Ev!
0x00000000000c6140,sub_c6140,156,_ZN7subsdk09sub_c6140Ev!
0x00000000000c61e0,sub_c61e0,3972,_ZN7subsdk09sub_c61e0Ev!
0x00000000000c7170,sub_c7170,7736,_ZN7subsdk09sub_c7170Ev!
0x00000000000c8fb0,sub_c8fb0,40,_ZN7subsdk09sub_c8fb0Ev!
0x00000000000c8fe0,sub_c8fe0,2864,_ZN7subsdk09sub_c8fe0Ev!
0x00000000000c9b10,sub_c9b10,484,_ZN7subsdk09sub_c9b10Ev!
0x00000000000c9d00,sub_c9d00,128,_ZN7subsdk023sub_c9d00_subsdk0_c9d00Ev!
0x00000000000c9d80,sub_c9d80,3012,_ZN7subsdk09sub_c9d80Ev!
0x00000000000ca950,sub_ca950,488,_ZN7subsdk023sub_ca950_subsdk0_ca950Ev!
0x00000000000cab40,sub_cab40,216,_ZN7subsdk09sub_cab40Ev!
0x00000000000cac20,sub_cac20,28,_ZN7subsdk09sub_cac20Ev!
0x00000000000cac40,sub_cac40,16,_ZN7subsdk09sub_cac40Ev!
0x00000000000cac50,sub_cac50,452,_ZN7subsdk09sub_cac50Ev!
0x00000000000cae20,sub_cae20,8180,_ZN7subsdk023sub_cae20_subsdk0_cae20Ev!
0x00000000000cce20,L,268,_ZN7subsdk01LEv!
0x00000000000ccf30,sub_ccf30,72,_ZN7subsdk09sub_ccf30Ev!
0x00000000000ccf80,sub_ccf80,136,_ZN7subsdk09sub_ccf80Ev!
0x00000000000cd010,sub_cd010,24,_ZN7subsdk09sub_cd010Ev!
0x00000000000cd030,sub_cd030,676,_ZN7subsdk09sub_cd030Ev!
0x00000000000cd2e0,sub_cd2e0,356,_ZN7subsdk09sub_cd2e0Ev!
0x00000000000cd450,sub_cd450,440,_ZN7subsdk09sub_cd450Ev!
0x00000000000cd610,sub_cd610,1268,_ZN7subsdk09sub_cd610Ev!
0x00000000000cdb10,sub_cdb10,720,_ZN7subsdk09sub_cdb10Ev!
0x00000000000cdde0,sub_cdde0,148,_ZN7subsdk023sub_cdde0_subsdk0_cdde0Ev!
0x00000000000cde80,sub_cde80,1924,_ZN7subsdk09sub_cde80Ev!
0x00000000000ce610,sub_ce610,3852,_ZN7subsdk09sub_ce610Ev!
0x00000000000cf520,sub_cf520,1892,_ZN7subsdk09sub_cf520Ev!
0x00000000000cfc90,sub_cfc90,1664,_ZN7subsdk09sub_cfc90Ev!
0x00000000000d0310,sub_d0310,2268,_ZN7subsdk09sub_d0310Ev!
0x00000000000d0bf0,sub_d0bf0,276,_ZN7subsdk09sub_d0bf0Ev!
0x00000000000d0d10,sub_d0d10,4996,_ZN7subsdk09sub_d0d10Ev!
0x00000000000d20a0,sub_d20a0,104,_ZN7subsdk023sub_d20a0_subsdk0_d20a0Ev!
0x00000000000d2110,sub_d2110,96,_ZN7subsdk09sub_d2110Ev!
0x00000000000d2170,sub_d2170,120,_ZN7subsdk09sub_d2170Ev!
0x00000000000d21f0,sub_d21f0,912,_ZN7subsdk09sub_d21f0Ev!
0x00000000000d2580,sub_d2580,100,_ZN7subsdk09sub_d2580Ev!
0x00000000000d25f0,unknown_error,44,_ZN7subsdk027unknown_error_subsdk0_d25f0Ev!
0x00000000000d2620,libopus_unknown_fixed,12,_Z15subsdk0_f_d2620v
0x00000000000d2630,sub_d2630,68,_ZN7subsdk023sub_d2630_subsdk0_d2630Ev!
0x00000000000d2680,sub_d2680,224,_ZN7subsdk09sub_d2680Ev!
0x00000000000d2760,wmW,11296,_ZN7subsdk03wmWEv!
0x00000000000d5380,sub_d5380,1080,_ZN7subsdk09sub_d5380Ev!
0x00000000000d57c0,sub_d57c0,1284,_ZN7subsdk09sub_d57c0Ev!
0x00000000000d5cd0,sub_d5cd0,1128,_ZN7subsdk09sub_d5cd0Ev!
0x00000000000d6140,sub_d6140,72,_ZN7subsdk09sub_d6140Ev!
0x00000000000d6190,sub_d6190,248,_ZN7subsdk09sub_d6190Ev!
0x00000000000d6290,sub_d6290,368,_ZN7subsdk09sub_d6290Ev!
0x00000000000d6400,wmW_2,25236,_ZN7subsdk05wmW_2Ev!
0x00000000000dc6a0,sub_dc6a0,688,_ZN7subsdk09sub_dc6a0Ev!
0x00000000000dc950,sub_dc950,1880,_ZN7subsdk09sub_dc950Ev!
0x00000000000dd0b0,sub_dd0b0,568,_ZN7subsdk09sub_dd0b0Ev!
0x00000000000dd2f0,sub_dd2f0,1304,_ZN7subsdk09sub_dd2f0Ev!
0x00000000000dd810,sub_dd810,500,_ZN7subsdk09sub_dd810Ev!
0x00000000000dda10,sub_dda10,1416,_ZN7subsdk09sub_dda10Ev!
0x00000000000ddfa0,sub_ddfa0,1248,_ZN7subsdk09sub_ddfa0Ev!
0x00000000000de480,sub_de480,496,_ZN7subsdk09sub_de480Ev!
0x00000000000de670,sub_de670,680,_ZN7subsdk023sub_de670_subsdk0_de670Ev!
0x00000000000de920,sub_de920,936,_ZN7subsdk09sub_de920Ev!
0x00000000000decd0,sub_decd0,304,_ZN7subsdk09sub_decd0Ev!
0x00000000000dee00,sub_dee00,356,_ZN7subsdk09sub_dee00Ev!
0x00000000000def70,sub_def70,1608,_ZN7subsdk023sub_def70_subsdk0_def70Ev!
0x00000000000df5c0,sub_df5c0,388,_ZN7subsdk09sub_df5c0Ev!
0x00000000000df750,sub_df750,396,_ZN7subsdk09sub_df750Ev!
0x00000000000df8e0,sub_df8e0,1424,_ZN7subsdk09sub_df8e0Ev!
0x00000000000dfe70,sub_dfe70,228,_ZN7subsdk09sub_dfe70Ev!
0x00000000000dff60,sub_dff60,512,_ZN7subsdk09sub_dff60Ev!
0x00000000000e0160,sub_e0160,16,_Z15subsdk0_f_e0160Pv
0x00000000000e0170,sub_e0170,56,_ZN7subsdk09sub_e0170Ev!
0x00000000000e01b0,sub_e01b0,3480,_ZN7subsdk09sub_e01b0Ev!
0x00000000000e0f50,sub_e0f50,2832,_ZN7subsdk09sub_e0f50Ev!
0x00000000000e1a60,sub_e1a60,492,_ZN7subsdk09sub_e1a60Ev!
0x00000000000e1c50,sub_e1c50,956,_ZN7subsdk09sub_e1c50Ev!
0x00000000000e2010,sub_e2010,580,_ZN7subsdk09sub_e2010Ev!
0x00000000000e2260,sub_e2260,224,_ZN7subsdk09sub_e2260Ev!
0x00000000000e2340,sub_e2340,1088,_ZN7subsdk09sub_e2340Ev!
0x00000000000e2780,sub_e2780,420,_ZN7subsdk09sub_e2780Ev!
0x00000000000e2930,sub_e2930,16,_Z15subsdk0_f_e2930Pv
0x00000000000e2940,sub_e2940,264,_ZN7subsdk09sub_e2940Ev!
0x00000000000e2a50,sub_e2a50,5460,_ZN7subsdk023sub_e2a50_subsdk0_e2a50Ev!
0x00000000000e3fb0,sub_e3fb0,152,_ZN7subsdk09sub_e3fb0Ev!
0x00000000000e4050,sub_e4050,2772,_ZN7subsdk09sub_e4050Ev!
0x00000000000e4b30,sub_e4b30,952,_ZN7subsdk09sub_e4b30Ev!
0x00000000000e4ef0,sub_e4ef0,2996,_ZN7subsdk09sub_e4ef0Ev!
0x00000000000e5ab0,sub_e5ab0,80,_ZN7subsdk09sub_e5ab0Ev!
0x00000000000e5b00,sub_e5b00,284,_ZN7subsdk09sub_e5b00Ev!
0x00000000000e5c20,sub_e5c20,40,_ZN7subsdk09sub_e5c20Ev!
0x00000000000e5c50,sub_e5c50,48,_ZN7subsdk09sub_e5c50Ev!
0x00000000000e5c80,sub_e5c80,196,_ZN7subsdk09sub_e5c80Ev!
0x00000000000e5d50,sub_e5d50,168,_ZN7subsdk023sub_e5d50_subsdk0_e5d50Ev!
0x00000000000e5e00,sub_e5e00,176,_ZN7subsdk09sub_e5e00Ev!
0x00000000000e5eb0,sub_e5eb0,588,_ZN7subsdk023sub_e5eb0_subsdk0_e5eb0Ev!
0x00000000000e6100,sub_e6100,148,_ZN7subsdk09sub_e6100Ev!
0x00000000000e61a0,sub_e61a0,44,_Z15subsdk0_f_e61a0Pvmm
0x00000000000e61d0,sub_e61d0,324,_ZN7subsdk09sub_e61d0Ev!
0x00000000000e6320,sub_e6320,332,_ZN7subsdk09sub_e6320Ev!
0x00000000000e6470,sub_e6470,296,_ZN7subsdk09sub_e6470Ev!
0x00000000000e65a0,sub_e65a0,340,_ZN7subsdk023sub_e65a0_subsdk0_e65a0Ev!
0x00000000000e6700,sub_e6700,296,_ZN7subsdk09sub_e6700Ev!
0x00000000000e6830,sub_e6830,168,_ZN7subsdk09sub_e6830Ev!
0x00000000000e68e0,sub_e68e0,144,_ZN7subsdk09sub_e68e0Ev!
0x00000000000e6970,sub_e6970,64,_ZN7subsdk09sub_e6970Ev!
0x00000000000e69b0,sub_e69b0,1588,_ZN7subsdk09sub_e69b0Ev!
0x00000000000e6ff0,sub_e6ff0,1432,_ZN7subsdk09sub_e6ff0Ev!
0x00000000000e7590,sub_e7590,3036,_ZN7subsdk023sub_e7590_subsdk0_e7590Ev!
0x00000000000e8170,sub_e8170,208,_ZN7subsdk09sub_e8170Ev!
0x00000000000e8240,sub_e8240,984,_ZN7subsdk09sub_e8240Ev!
0x00000000000e8620,sub_e8620,1320,_ZN7subsdk09sub_e8620Ev!
0x00000000000e8b50,sub_e8b50,432,_ZN7subsdk09sub_e8b50Ev!
0x00000000000e8d00,sub_e8d00,244,_ZN7subsdk09sub_e8d00Ev!
0x00000000000e8e00,sub_e8e00,116,_ZN7subsdk09sub_e8e00Ev!
0x00000000000e8e80,sub_e8e80,76,_ZN7subsdk09sub_e8e80Ev!
0x00000000000e8ed0,sub_e8ed0,80,_ZN7subsdk09sub_e8ed0Ev!
0x00000000000e8f20,sub_e8f20,160,_ZN7subsdk023sub_e8f20_subsdk0_e8f20Ev!
0x00000000000e8fc0,sub_e8fc0,56,_ZN7subsdk023sub_e8fc0_subsdk0_e8fc0Ev!
0x00000000000e9000,sub_e9000,328,_ZN7subsdk09sub_e9000Ev!
0x00000000000e9150,sub_e9150,308,_ZN7subsdk09sub_e9150Ev!
0x00000000000e9290,sub_e9290,2292,_ZN7subsdk09sub_e9290Ev!
0x00000000000e9b90,sub_e9b90,124,_ZN7subsdk09sub_e9b90Ev!
0x00000000000e9c10,sub_e9c10,184,_ZN7subsdk09sub_e9c10Ev!
0x00000000000e9cd0,sub_e9cd0,236,_ZN7subsdk09sub_e9cd0Ev!
0x00000000000e9dc0,sub_e9dc0,236,_ZN7subsdk09sub_e9dc0Ev!
0x00000000000e9eb0,sub_e9eb0,92,_ZN7subsdk09sub_e9eb0Ev!
0x00000000000e9f10,sub_e9f10,100,_ZN7subsdk09sub_e9f10Ev!
0x00000000000e9f80,sub_e9f80,80,_ZN7subsdk09sub_e9f80Ev!
0x00000000000e9fd0,sub_e9fd0,360,_ZN7subsdk09sub_e9fd0Ev!
0x00000000000ea140,sub_ea140,168,_ZN7subsdk09sub_ea140Ev!
0x00000000000ea1f0,sub_ea1f0,124,_ZN7subsdk09sub_ea1f0Ev!
0x00000000000ea270,sub_ea270,196,_ZN7subsdk09sub_ea270Ev!
0x00000000000ea340,sub_ea340,272,_ZN7subsdk09sub_ea340Ev!
0x00000000000ea450,sub_ea450,1216,_ZN7subsdk09sub_ea450Ev!
0x00000000000ea910,sub_ea910,704,_ZN7subsdk023sub_ea910_subsdk0_ea910Ev!
0x00000000000eabd0,sub_eabd0,740,_ZN7subsdk09sub_eabd0Ev!
0x00000000000eaec0,sub_eaec0,108,_ZN7subsdk09sub_eaec0Ev!
0x00000000000eaf30,sub_eaf30,6796,_ZN7subsdk09sub_eaf30Ev!
0x00000000000ec9c0,sub_ec9c0,1136,_ZN7subsdk09sub_ec9c0Ev!
0x00000000000ece30,sub_ece30,48,_ZN7subsdk09sub_ece30Ev!
0x00000000000ece60,sub_ece60,164,_ZN7subsdk09sub_ece60Ev!
0x00000000000ecf10,sub_ecf10,1636,_ZN7subsdk09sub_ecf10Ev!
0x00000000000ed580,sub_ed580,28,_ZN7subsdk023sub_ed580_subsdk0_ed580Ev!
0x00000000000ed5a0,sub_ed5a0,16,_ZN7subsdk09sub_ed5a0Ev!
0x00000000000ed5b0,sub_ed5b0,136,_ZN7subsdk09sub_ed5b0Ev!
0x00000000000ed640,sub_ed640,408,_ZN7subsdk09sub_ed640Ev!
0x00000000000ed7e0,sub_ed7e0,316,_ZN7subsdk09sub_ed7e0Ev!
0x00000000000ed920,sub_ed920,932,_ZN7subsdk09sub_ed920Ev!
0x00000000000edcd0,sub_edcd0,3932,_ZN7subsdk023sub_edcd0_subsdk0_edcd0Ev!
0x00000000000eec30,sub_eec30,68,_ZN7subsdk09sub_eec30Ev!
0x00000000000eec80,sub_eec80,20,_ZN7subsdk09sub_eec80Ev!
0x00000000000eeca0,sub_eeca0,468,_ZN7subsdk09sub_eeca0Ev!
0x00000000000eee80,sub_eee80,160,_ZN7subsdk09sub_eee80Ev!
0x00000000000eef20,sub_eef20,172,_ZN7subsdk09sub_eef20Ev!
0x00000000000eefd0,sub_eefd0,940,_ZN7subsdk09sub_eefd0Ev!
0x00000000000ef380,sub_ef380,4,_ZN7subsdk09sub_ef380Ev!
0x00000000000ef390,sub_ef390,80,_ZN7subsdk09sub_ef390Ev!
0x00000000000ef3e0,sub_ef3e0,156,_ZN7subsdk09sub_ef3e0Ev!
0x00000000000ef480,sub_ef480,20,_ZN7subsdk09sub_ef480Ev!
0x00000000000ef4a0,sub_ef4a0,144,_ZN7subsdk09sub_ef4a0Ev!
0x00000000000ef530,sub_ef530,716,_ZN7subsdk09sub_ef530Ev!
0x00000000000ef800,sub_ef800,352,_ZN7subsdk09sub_ef800Ev!
0x00000000000ef960,sub_ef960,588,_ZN7subsdk09sub_ef960Ev!
0x00000000000efbb0,sub_efbb0,540,_ZN7subsdk09sub_efbb0Ev!
0x00000000000efdd0,sub_efdd0,240,_ZN7subsdk09sub_efdd0Ev!
0x00000000000efec0,sub_efec0,5344,_ZN7subsdk09sub_efec0Ev!
0x00000000000f13a0,sub_f13a0,632,_ZN7subsdk09sub_f13a0Ev!
0x00000000000f1620,sub_f1620,10204,_ZN7subsdk09sub_f1620Ev!
0x00000000000f3e00,sub_f3e00,612,_ZN7subsdk023sub_f3e00_subsdk0_f3e00Ev!
0x00000000000f4070,sub_f4070,436,_ZN7subsdk09sub_f4070Ev!
0x00000000000f4230,sub_f4230,248,_ZN7subsdk09sub_f4230Ev!
0x00000000000f4330,sub_f4330,4060,_ZN7subsdk09sub_f4330Ev!
0x00000000000f5310,sub_f5310,4,_ZN7subsdk09sub_f5310Ev!
0x00000000000f5320,sub_f5320,88,_ZN7subsdk09sub_f5320Ev!
0x00000000000f5380,sub_f5380,88,_ZN7subsdk09sub_f5380Ev!
0x00000000000f53e0,sub_f53e0,92,_ZN7subsdk09sub_f53e0Ev!
0x00000000000f5440,sub_f5440,92,_ZN7subsdk09sub_f5440Ev!
0x00000000000f54a0,sub_f54a0,8,_Z15subsdk0_f_f54a0v
0x00000000000f54b0,sub_f54b0,164,_ZN7subsdk09sub_f54b0Ev!
0x00000000000f5560,sub_f5560,428,_ZN7subsdk09sub_f5560Ev!
0x00000000000f5710,sub_f5710,324,_ZN7subsdk09sub_f5710Ev!
0x00000000000f5860,sub_f5860,20,_ZN7subsdk09sub_f5860Ev!
0x00000000000f5880,sub_f5880,1252,_ZN7subsdk09sub_f5880Ev!
0x00000000000f5d70,sub_f5d70,240,_ZN7subsdk09sub_f5d70Ev!
0x00000000000f5e60,sub_f5e60,20,_ZN7subsdk09sub_f5e60Ev!
0x00000000000f5e80,sub_f5e80,176,_ZN7subsdk09sub_f5e80Ev!
0x00000000000f5f30,sub_f5f30,1004,_ZN7subsdk09sub_f5f30Ev!
0x00000000000f6320,sub_f6320,4,_ZN7subsdk09sub_f6320Ev!
0x00000000000f6330,sub_f6330,4988,_ZN7subsdk09sub_f6330Ev!
0x00000000000f76b0,sub_f76b0,16,_ZN7subsdk09sub_f76b0Ev!
0x00000000000f76c0,sub_f76c0,172,_ZN7subsdk09sub_f76c0Ev!
0x00000000000f7770,sub_f7770,336,_ZN7subsdk09sub_f7770Ev!
0x00000000000f78c0,sub_f78c0,8,_ZN7subsdk09sub_f78c0Ev!
0x00000000000f78d0,sub_f78d0,1160,_ZN7subsdk09sub_f78d0Ev!
0x00000000000f7d60,sub_f7d60,448,_ZN7subsdk09sub_f7d60Ev!
0x00000000000f7f20,sub_f7f20,356,_ZN7subsdk09sub_f7f20Ev!
0x00000000000f8090,sub_f8090,564,_ZN7subsdk09sub_f8090Ev!
0x00000000000f82d0,sub_f82d0,40,_ZN7subsdk09sub_f82d0Ev!
0x00000000000f8300,sub_f8300,3480,_ZN7subsdk09sub_f8300Ev!
0x00000000000f90a0,sub_f90a0,136,_ZN7subsdk09sub_f90a0Ev!
0x00000000000f9130,sub_f9130,40,_ZN7subsdk09sub_f9130Ev!
0x00000000000f9160,sub_f9160,152,_ZN7subsdk09sub_f9160Ev!
0x00000000000f9200,sub_f9200,1932,_ZN7subsdk09sub_f9200Ev!
0x00000000000f9990,sub_f9990,4,_ZN7subsdk09sub_f9990Ev!
0x00000000000f99a0,sub_f99a0,1016,_ZN7subsdk09sub_f99a0Ev!
0x00000000000f9da0,sub_f9da0,972,_ZN7subsdk09sub_f9da0Ev!
0x00000000000fa170,sub_fa170,1308,_ZN7subsdk09sub_fa170Ev!
0x00000000000fa690,sub_fa690,652,_ZN7subsdk09sub_fa690Ev!
0x00000000000fa920,sub_fa920,1788,_ZN7subsdk09sub_fa920Ev!
0x00000000000fb020,sub_fb020,252,_ZN7subsdk09sub_fb020Ev!
0x00000000000fb120,sub_fb120,7360,_ZN7subsdk09sub_fb120Ev!
0x00000000000fcde0,sub_fcde0,452,_ZN7subsdk09sub_fcde0Ev!
0x00000000000fcfb0,sub_fcfb0,1032,_ZN7subsdk09sub_fcfb0Ev!
0x00000000000fd3c0,sub_fd3c0,428,_ZN7subsdk09sub_fd3c0Ev!
0x00000000000fd570,sub_fd570,920,_ZN7subsdk09sub_fd570Ev!
0x00000000000fd910,sub_fd910,1324,_ZN7subsdk09sub_fd910Ev!
0x00000000000fde40,sub_fde40,1356,_ZN7subsdk09sub_fde40Ev!
0x00000000000fe390,sub_fe390,932,_ZN7subsdk09sub_fe390Ev!
0x00000000000fe740,sub_fe740,300,_ZN7subsdk09sub_fe740Ev!
0x00000000000fe870,sub_fe870,428,_ZN7subsdk09sub_fe870Ev!
0x00000000000fea20,sub_fea20,544,_ZN7subsdk09sub_fea20Ev!
0x00000000000fec40,sub_fec40,196,_ZN7subsdk09sub_fec40Ev!
0x00000000000fed10,sub_fed10,364,_ZN7subsdk09sub_fed10Ev!
0x00000000000fee80,sub_fee80,640,_ZN7subsdk09sub_fee80Ev!
0x00000000000ff100,sub_ff100,5008,_ZN7subsdk09sub_ff100Ev!
0x0000000000100490,sub_100490,144,_ZN7subsdk010sub_100490Ev!
0x0000000000100520,sub_100520,8,_Z16subsdk0_f_100520v
0x0000000000100530,sub_100530,8,_Z16subsdk0_f_100530Pv
0x0000000000100540,sub_100540,32,_ZN7subsdk025sub_100540_subsdk0_100540Ev!
0x0000000000100560,sub_100560,4,_ZN7subsdk010sub_100560Ev!
0x0000000000100570,sub_100570,240,_ZN7subsdk010sub_100570Ev!
0x0000000000100660,sub_100660,8,_Z16subsdk0_f_100660Pv
0x0000000000100670,sub_100670,1168,_ZN7subsdk010sub_100670Ev!
0x0000000000100b00,sub_100b00,12,_ZN7subsdk010sub_100b00Ev!
0x0000000000100b10,sub_100b10,28,_ZN7subsdk010sub_100b10Ev!
0x0000000000100b30,sub_100b30,180,_ZN7subsdk010sub_100b30Ev!
0x0000000000100bf0,sub_100bf0,120,_ZN7subsdk010sub_100bf0Ev!
0x0000000000100c70,sub_100c70,292,_ZN7subsdk010sub_100c70Ev!
0x0000000000100da0,sub_100da0,452,_ZN7subsdk010sub_100da0Ev!
0x0000000000100f70,sub_100f70,964,_ZN7subsdk010sub_100f70Ev!
0x0000000000101340,sub_101340,352,_ZN7subsdk010sub_101340Ev!
0x00000000001014a0,sub_1014a0,176,_ZN7subsdk010sub_1014a0Ev!
0x0000000000101550,sub_101550,572,_ZN7subsdk010sub_101550Ev!
0x0000000000101790,sub_101790,88,_ZN7subsdk025sub_101790_subsdk0_101790Ev!
0x00000000001017f0,sub_1017f0,480,_ZN7subsdk010sub_1017f0Ev!
0x00000000001019d0,sub_1019d0,1672,_ZN7subsdk025sub_1019d0_subsdk0_1019d0Ev!
0x0000000000102060,sub_102060,320,_ZN7subsdk010sub_102060Ev!
0x00000000001021a0,sub_1021a0,4,_ZN7subsdk010sub_1021a0Ev!
0x00000000001021b0,sub_1021b0,832,_ZN7subsdk010sub_1021b0Ev!
0x00000000001024f0,sub_1024f0,448,_ZN7subsdk010sub_1024f0Ev!
0x00000000001026b0,sub_1026b0,704,_ZN7subsdk010sub_1026b0Ev!
0x0000000000102970,sub_102970,744,_ZN7subsdk010sub_102970Ev!
0x0000000000102c60,sub_102c60,952,_ZN7subsdk010sub_102c60Ev!
0x0000000000103020,sub_103020,1152,_ZN7subsdk010sub_103020Ev!
0x00000000001034a0,sub_1034a0,136,_ZN7subsdk010sub_1034a0Ev!
0x0000000000103530,sub_103530,2068,_ZN7subsdk010sub_103530Ev!
0x0000000000103d50,sub_103d50,468,_ZN7subsdk010sub_103d50Ev!
0x0000000000103f30,sub_103f30,464,_ZN7subsdk010sub_103f30Ev!
0x0000000000104100,sub_104100,108,_ZN7subsdk010sub_104100Ev!
0x0000000000104170,sub_104170,2420,_ZN7subsdk010sub_104170Ev!
0x0000000000104af0,sub_104af0,584,_ZN7subsdk010sub_104af0Ev!
0x0000000000104d40,sub_104d40,312,_ZN7subsdk010sub_104d40Ev!
0x0000000000104e80,sub_104e80,48,_ZN7subsdk010sub_104e80Ev!
0x0000000000104eb0,sub_104eb0,164,_ZN7subsdk010sub_104eb0Ev!
0x0000000000104f60,sub_104f60,20,_ZN7subsdk010sub_104f60Ev!
0x0000000000104f80,sub_104f80,1072,_ZN7subsdk010sub_104f80Ev!
0x00000000001053b0,sub_1053b0,752,_ZN7subsdk025sub_1053b0_subsdk0_1053b0Ev!
0x00000000001056a0,sub_1056a0,260,_ZN7subsdk010sub_1056a0Ev!
0x00000000001057b0,sub_1057b0,132,_ZN7subsdk010sub_1057b0Ev!
0x0000000000105840,sub_105840,116,_ZN7subsdk010sub_105840Ev!
0x00000000001058c0,sub_1058c0,136,_ZN7subsdk010sub_1058c0Ev!
0x0000000000105950,sub_105950,136,_ZN7subsdk010sub_105950Ev!
0x00000000001059e0,sub_1059e0,1004,_ZN7subsdk010sub_1059e0Ev!
0x0000000000105dd0,sub_105dd0,1488,_ZN7subsdk010sub_105dd0Ev!
0x00000000001063a0,sub_1063a0,396,_ZN7subsdk010sub_1063a0Ev!
0x0000000000106530,sub_106530,332,_ZN7subsdk010sub_106530Ev!
0x0000000000106680,sub_106680,732,_ZN7subsdk010sub_106680Ev!
0x0000000000106960,sub_106960,676,_ZN7subsdk010sub_106960Ev!
0x0000000000106c10,sub_106c10,80,_ZN7subsdk010sub_106c10Ev!
0x0000000000106c60,sub_106c60,172,_ZN7subsdk025sub_106c60_subsdk0_106c60Ev!
0x0000000000106d10,sub_106d10,1196,_ZN7subsdk010sub_106d10Ev!
0x00000000001071c0,f_08x_04x_04x_04x_02x_02x_02x_02x_02x_02x,524,_ZN7subsdk041f_08x_04x_04x_04x_02x_02x_02x_02x_02x_02xEv!
0x00000000001073d0,f_08x_04x_04x_04x_02x_02x_02x_02x_02x_02x_2,232,_ZN7subsdk043f_08x_04x_04x_04x_02x_02x_02x_02x_02x_02x_2Ev!
0x00000000001074c0,sub_1074c0,440,_ZN7subsdk010sub_1074c0Ev!
0x0000000000107680,sub_107680,36,_ZN7subsdk010sub_107680Ev!
0x00000000001076b0,sub_1076b0,8,_Z16subsdk0_f_1076b0Pv
0x00000000001076c0,sub_1076c0,16,_ZN7subsdk010sub_1076c0Ev!
0x00000000001076d0,sub_1076d0,8,_Z16subsdk0_f_1076d0Pv
0x00000000001076e0,sub_1076e0,168,_ZN7subsdk010sub_1076e0Ev!
0x0000000000107790,sub_107790,244,_ZN7subsdk010sub_107790Ev!
0x0000000000107890,sub_107890,148,_ZN7subsdk010sub_107890Ev!
0x0000000000107930,sub_107930,228,_ZN7subsdk010sub_107930Ev!
0x0000000000107a20,sub_107a20,148,_ZN7subsdk010sub_107a20Ev!
0x0000000000107ac0,sub_107ac0,140,_ZN7subsdk010sub_107ac0Ev!
0x0000000000107b50,sub_107b50,100,_ZN7subsdk010sub_107b50Ev!
0x0000000000107bc0,sub_107bc0,112,_ZN7subsdk010sub_107bc0Ev!
0x0000000000107c30,sub_107c30,72,_ZN7subsdk025sub_107c30_subsdk0_107c30Ev!
0x0000000000107c80,sub_107c80,52,_ZN7subsdk010sub_107c80Ev!
0x0000000000107cc0,sub_107cc0,116,_ZN7subsdk010sub_107cc0Ev!
0x0000000000107d40,sub_107d40,120,_ZN7subsdk010sub_107d40Ev!
0x0000000000107dc0,sub_107dc0,120,_ZN7subsdk010sub_107dc0Ev!
0x0000000000107e40,sub_107e40,128,_ZN7subsdk010sub_107e40Ev!
0x0000000000107ec0,f_08x_04x_04x_04x_02x_02x_02x_02x_02x_02x_3,128,_ZN7subsdk043f_08x_04x_04x_04x_02x_02x_02x_02x_02x_02x_3Ev!
0x0000000000107f40,sub_107f40,4,_ZN7subsdk010sub_107f40Ev!
0x0000000000107f50,sub_107f50,4,_ZN7subsdk010sub_107f50Ev!
0x0000000000107f60,sub_107f60,8,_Z16subsdk0_f_107f60Pv
0x0000000000107f70,sub_107f70,4,_ZN7subsdk010sub_107f70Ev!
0x0000000000107f80,sub_107f80,160,_ZN7subsdk010sub_107f80Ev!
0x0000000000108020,sub_108020,160,_ZN7subsdk010sub_108020Ev!
0x00000000001080c0,sub_1080c0,8,_ZN7subsdk010sub_1080c0Ev!
0x00000000001080d0,sub_1080d0,4,_ZN7subsdk010sub_1080d0Ev!
0x00000000001080e0,sub_1080e0,4,_ZN7subsdk010sub_1080e0Ev!
0x00000000001080f0,sub_1080f0,4,_ZN7subsdk010sub_1080f0Ev!
0x0000000000108100,sub_108100,4,_ZN7subsdk010sub_108100Ev!
0x0000000000108110,sub_108110,4,_ZN7subsdk010sub_108110Ev!
0x0000000000108120,sub_108120,4,_ZN7subsdk010sub_108120Ev!
0x0000000000108130,sub_108130,4,_ZN7subsdk010sub_108130Ev!
0x0000000000108140,sub_108140,4,_ZN7subsdk010sub_108140Ev!
0x0000000000108150,sub_108150,4,_ZN7subsdk010sub_108150Ev!
0x0000000000108160,sub_108160,4,_ZN7subsdk010sub_108160Ev!
0x0000000000108170,sub_108170,4,_ZN7subsdk010sub_108170Ev!
0x0000000000108180,sub_108180,4,_ZN7subsdk010sub_108180Ev!
0x0000000000108190,sub_108190,4,_ZN7subsdk010sub_108190Ev!
0x00000000001081a0,sub_1081a0,4,_ZN7subsdk010sub_1081a0Ev!
0x00000000001081b0,sub_1081b0,64,_ZN7subsdk010sub_1081b0Ev!
0x00000000001081f0,sub_1081f0,72,_ZN7subsdk010sub_1081f0Ev!
0x0000000000108240,sub_108240,20,_ZN7subsdk010sub_108240Ev!
0x0000000000108260,sub_108260,20,_ZN7subsdk010sub_108260Ev!
0x0000000000108280,sub_108280,16,_ZN7subsdk010sub_108280Ev!
0x0000000000108290,sub_108290,100,_ZN7subsdk010sub_108290Ev!
0x0000000000108300,sub_108300,72,_ZN7subsdk010sub_108300Ev!
0x0000000000108350,sub_108350,80,_ZN7subsdk010sub_108350Ev!
0x00000000001083a0,sub_1083a0,100,_ZN7subsdk010sub_1083a0Ev!
0x0000000000108410,sub_108410,76,_ZN7subsdk010sub_108410Ev!
0x0000000000108460,sub_108460,84,_ZN7subsdk010sub_108460Ev!
0x00000000001084c0,sub_1084c0,72,_ZN7subsdk010sub_1084c0Ev!
0x0000000000108510,sub_108510,80,_ZN7subsdk010sub_108510Ev!
0x0000000000108560,sub_108560,536,_ZN7subsdk010sub_108560Ev!
0x0000000000108780,sub_108780,104,_ZN7subsdk010sub_108780Ev!
0x00000000001087f0,sub_1087f0,112,_ZN7subsdk010sub_1087f0Ev!
0x0000000000108860,sub_108860,192,_ZN7subsdk010sub_108860Ev!
0x0000000000108920,sub_108920,244,_ZN7subsdk010sub_108920Ev!
0x0000000000108a20,sub_108a20,124,_ZN7subsdk010sub_108a20Ev!
0x0000000000108aa0,sub_108aa0,124,_ZN7subsdk010sub_108aa0Ev!
0x0000000000108b20,sub_108b20,172,_ZN7subsdk010sub_108b20Ev!
0x0000000000108bd0,AudioParameter,252,_ZN5audio14AudioParameterEv!
0x0000000000108cd0,sub_108cd0,148,_ZN7subsdk010sub_108cd0Ev!
0x0000000000108d70,sub_108d70,148,_ZN7subsdk010sub_108d70Ev!
0x0000000000108e10,sub_108e10,104,_ZN7subsdk010sub_108e10Ev!
0x0000000000108e80,sub_108e80,52,_ZN7subsdk010sub_108e80Ev!
0x0000000000108ec0,sub_108ec0,60,_ZN7subsdk010sub_108ec0Ev!
0x0000000000108f00,sub_108f00,64,_ZN7subsdk010sub_108f00Ev!
0x0000000000108f40,sub_108f40,64,_ZN7subsdk010sub_108f40Ev!
0x0000000000108f80,sub_108f80,88,_ZN7subsdk010sub_108f80Ev!
0x0000000000108fe0,sub_108fe0,88,_ZN7subsdk010sub_108fe0Ev!
0x0000000000109040,sub_109040,20,_ZN7subsdk010sub_109040Ev!
0x0000000000109060,sub_109060,20,_ZN7subsdk010sub_109060Ev!
0x0000000000109080,sub_109080,72,_ZN7subsdk010sub_109080Ev!
0x00000000001090d0,sub_1090d0,24,_ZN7subsdk010sub_1090d0Ev!
0x00000000001090f0,sub_1090f0,60,_ZN7subsdk010sub_1090f0Ev!
0x0000000000109130,sub_109130,60,_ZN7subsdk010sub_109130Ev!
0x0000000000109170,sub_109170,224,_ZN7subsdk010sub_109170Ev!
0x0000000000109250,sub_109250,228,_ZN7subsdk010sub_109250Ev!
0x0000000000109340,sub_109340,248,_ZN7subsdk010sub_109340Ev!
0x0000000000109440,sub_109440,104,_ZN7subsdk010sub_109440Ev!
0x00000000001094b0,sub_1094b0,248,_ZN7subsdk010sub_1094b0Ev!
0x00000000001095b0,AudioRecord,852,_ZN5audio11AudioRecordEv!
0x0000000000109910,sub_109910,596,_ZN7subsdk010sub_109910Ev!
0x0000000000109b70,sub_109b70,192,_ZN7subsdk010sub_109b70Ev!
0x0000000000109c30,sub_109c30,36,_ZN7subsdk010sub_109c30Ev!
0x0000000000109c60,sub_109c60,144,_ZN7subsdk010sub_109c60Ev!
0x0000000000109cf0,sub_109cf0,1364,_ZN7subsdk010sub_109cf0Ev!
0x000000000010a250,sub_10a250,472,_ZN7subsdk010sub_10a250Ev!
0x000000000010a430,sub_10a430,140,_ZN7subsdk010sub_10a430Ev!
0x000000000010a4c0,sub_10a4c0,80,_ZN7subsdk010sub_10a4c0Ev!
0x000000000010a510,sub_10a510,52,_ZN7subsdk010sub_10a510Ev!
0x000000000010a550,sub_10a550,64,_ZN7subsdk010sub_10a550Ev!
0x000000000010a590,sub_10a590,88,_ZN7subsdk010sub_10a590Ev!
0x000000000010a5f0,sub_10a5f0,84,_ZN7subsdk010sub_10a5f0Ev!
0x000000000010a650,sub_10a650,108,_ZN7subsdk010sub_10a650Ev!
0x000000000010a6c0,sub_10a6c0,84,_ZN7subsdk010sub_10a6c0Ev!
0x000000000010a720,sub_10a720,100,_ZN7subsdk010sub_10a720Ev!
0x000000000010a790,sub_10a790,56,_ZN7subsdk010sub_10a790Ev!
0x000000000010a7d0,sub_10a7d0,56,_ZN7subsdk010sub_10a7d0Ev!
0x000000000010a810,sub_10a810,232,_ZN7subsdk010sub_10a810Ev!
0x000000000010a900,sub_10a900,636,_ZN7subsdk010sub_10a900Ev!
0x000000000010ab80,sub_10ab80,104,_ZN7subsdk025sub_10ab80_subsdk0_10ab80Ev!
0x000000000010abf0,sub_10abf0,324,_ZN7subsdk010sub_10abf0Ev!
0x000000000010ad40,AudioRecord_2,1260,_ZN5audio13AudioRecord_2Ev!
0x000000000010b230,sub_10b230,128,_ZN7subsdk010sub_10b230Ev!
0x000000000010b2b0,sub_10b2b0,120,_ZN7subsdk010sub_10b2b0Ev!
0x000000000010b330,sub_10b330,76,_ZN7subsdk010sub_10b330Ev!
0x000000000010b380,sub_10b380,96,_ZN7subsdk010sub_10b380Ev!
0x000000000010b3e0,sub_10b3e0,104,_ZN7subsdk010sub_10b3e0Ev!
0x000000000010b450,sub_10b450,104,_ZN7subsdk010sub_10b450Ev!
0x000000000010b4c0,sub_10b4c0,112,_ZN7subsdk025sub_10b4c0_subsdk0_10b4c0Ev!
0x000000000010b530,AudioRecord_3,316,_ZN5audio13AudioRecord_3Ev!
0x000000000010b670,sub_10b670,68,_ZN7subsdk010sub_10b670Ev!
0x000000000010b6c0,sub_10b6c0,84,_ZN7subsdk010sub_10b6c0Ev!
0x000000000010b720,sub_10b720,76,_ZN7subsdk010sub_10b720Ev!
0x000000000010b770,sub_10b770,88,_ZN7subsdk010sub_10b770Ev!
0x000000000010b7d0,sub_10b7d0,88,_ZN7subsdk010sub_10b7d0Ev!
0x000000000010b830,sub_10b830,96,_ZN7subsdk010sub_10b830Ev!
0x000000000010b890,sub_10b890,36,_ZN7subsdk010sub_10b890Ev!
0x000000000010b8c0,sub_10b8c0,32,_ZN7subsdk010sub_10b8c0Ev!
0x000000000010b8e0,sub_10b8e0,32,_ZN7subsdk010sub_10b8e0Ev!
0x000000000010b900,sub_10b900,52,_ZN7subsdk010sub_10b900Ev!
0x000000000010b940,sub_10b940,20,_ZN7subsdk010sub_10b940Ev!
0x000000000010b960,AudioSystem,948,_ZN5audio11AudioSystemEv!
0x000000000010bd20,media_audio_flinger,160,_ZN7subsdk019media_audio_flingerEv!
0x000000000010bdc0,sub_10bdc0,116,_ZN7subsdk010sub_10bdc0Ev!
0x000000000010be40,sub_10be40,112,_ZN7subsdk010sub_10be40Ev!
0x000000000010beb0,sub_10beb0,108,_ZN7subsdk010sub_10beb0Ev!
0x000000000010bf20,sub_10bf20,108,_ZN7subsdk010sub_10bf20Ev!
0x000000000010bf90,sub_10bf90,108,_ZN7subsdk010sub_10bf90Ev!
0x000000000010c000,sub_10c000,112,_ZN7subsdk010sub_10c000Ev!
0x000000000010c070,sub_10c070,152,_ZN7subsdk010sub_10c070Ev!
0x000000000010c110,sub_10c110,144,_ZN7subsdk010sub_10c110Ev!
0x000000000010c1a0,sub_10c1a0,152,_ZN7subsdk010sub_10c1a0Ev!
0x000000000010c240,sub_10c240,148,_ZN7subsdk010sub_10c240Ev!
0x000000000010c2e0,sub_10c2e0,144,_ZN7subsdk010sub_10c2e0Ev!
0x000000000010c370,sub_10c370,120,_ZN7subsdk010sub_10c370Ev!
0x000000000010c3f0,sub_10c3f0,156,_ZN7subsdk010sub_10c3f0Ev!
0x000000000010c490,sub_10c490,120,_ZN7subsdk010sub_10c490Ev!
0x000000000010c510,sub_10c510,144,_ZN7subsdk010sub_10c510Ev!
0x000000000010c5a0,sub_10c5a0,40,_ZN7subsdk010sub_10c5a0Ev!
0x000000000010c5d0,sub_10c5d0,72,_ZN7subsdk010sub_10c5d0Ev!
0x000000000010c620,sub_10c620,188,_ZN7subsdk010sub_10c620Ev!
0x000000000010c6e0,sub_10c6e0,168,_ZN7subsdk010sub_10c6e0Ev!
0x000000000010c790,sub_10c790,260,_ZN7subsdk010sub_10c790Ev!
0x000000000010c8a0,sub_10c8a0,188,_ZN7subsdk010sub_10c8a0Ev!
0x000000000010c960,sub_10c960,260,_ZN7subsdk010sub_10c960Ev!
0x000000000010ca70,sub_10ca70,188,_ZN7subsdk010sub_10ca70Ev!
0x000000000010cb30,sub_10cb30,244,_ZN7subsdk010sub_10cb30Ev!
0x000000000010cc30,sub_10cc30,320,_ZN7subsdk010sub_10cc30Ev!
0x000000000010cd70,sub_10cd70,120,_ZN7subsdk025sub_10cd70_subsdk0_10cd70Ev!
0x000000000010cdf0,sub_10cdf0,128,_ZN7subsdk010sub_10cdf0Ev!
0x000000000010ce70,sub_10ce70,112,_ZN7subsdk010sub_10ce70Ev!
0x000000000010cee0,sub_10cee0,108,_ZN7subsdk010sub_10cee0Ev!
0x000000000010cf50,sub_10cf50,104,_ZN7subsdk010sub_10cf50Ev!
0x000000000010cfc0,sub_10cfc0,104,_ZN7subsdk010sub_10cfc0Ev!
0x000000000010d030,sub_10d030,116,_ZN7subsdk010sub_10d030Ev!
0x000000000010d0b0,sub_10d0b0,164,_ZN7subsdk010sub_10d0b0Ev!
0x000000000010d160,sub_10d160,344,_ZN7subsdk010sub_10d160Ev!
0x000000000010d2c0,sub_10d2c0,4,_ZN7subsdk010sub_10d2c0Ev!
0x000000000010d2d0,sub_10d2d0,60,_ZN7subsdk010sub_10d2d0Ev!
0x000000000010d310,sub_10d310,32,_ZN7subsdk010sub_10d310Ev!
0x000000000010d330,sub_10d330,32,_ZN7subsdk010sub_10d330Ev!
0x000000000010d350,AudioSystem_2,920,_ZN5audio13AudioSystem_2Ev!
0x000000000010d6f0,sub_10d6f0,140,_ZN7subsdk010sub_10d6f0Ev!
0x000000000010d780,sub_10d780,120,_ZN7subsdk010sub_10d780Ev!
0x000000000010d800,sub_10d800,144,_ZN7subsdk010sub_10d800Ev!
0x000000000010d890,sub_10d890,120,_ZN7subsdk010sub_10d890Ev!
0x000000000010d910,sub_10d910,116,_ZN7subsdk010sub_10d910Ev!
0x000000000010d990,sub_10d990,200,_ZN7subsdk010sub_10d990Ev!
0x000000000010da60,sub_10da60,128,_ZN7subsdk010sub_10da60Ev!
0x000000000010dae0,sub_10dae0,128,_ZN7subsdk010sub_10dae0Ev!
0x000000000010db60,sub_10db60,112,_ZN7subsdk010sub_10db60Ev!
0x000000000010dbd0,sub_10dbd0,176,_ZN7subsdk010sub_10dbd0Ev!
0x000000000010dc80,sub_10dc80,120,_ZN7subsdk010sub_10dc80Ev!
0x000000000010dd00,sub_10dd00,120,_ZN7subsdk010sub_10dd00Ev!
0x000000000010dd80,sub_10dd80,104,_ZN7subsdk010sub_10dd80Ev!
0x000000000010ddf0,sub_10ddf0,128,_ZN7subsdk010sub_10ddf0Ev!
0x000000000010de70,sub_10de70,128,_ZN7subsdk010sub_10de70Ev!
0x000000000010def0,sub_10def0,128,_ZN7subsdk010sub_10def0Ev!
0x000000000010df70,sub_10df70,116,_ZN7subsdk010sub_10df70Ev!
0x000000000010dff0,sub_10dff0,116,_ZN7subsdk010sub_10dff0Ev!
0x000000000010e070,sub_10e070,116,_ZN7subsdk010sub_10e070Ev!
0x000000000010e0f0,sub_10e0f0,152,_ZN7subsdk010sub_10e0f0Ev!
0x000000000010e190,sub_10e190,116,_ZN7subsdk010sub_10e190Ev!
0x000000000010e210,sub_10e210,120,_ZN7subsdk010sub_10e210Ev!
0x000000000010e290,sub_10e290,152,_ZN7subsdk010sub_10e290Ev!
0x000000000010e330,sub_10e330,152,_ZN7subsdk025sub_10e330_subsdk0_10e330Ev!
0x000000000010e3d0,sub_10e3d0,144,_ZN7subsdk010sub_10e3d0Ev!
0x000000000010e460,sub_10e460,108,_ZN7subsdk010sub_10e460Ev!
0x000000000010e4d0,sub_10e4d0,108,_ZN7subsdk010sub_10e4d0Ev!
0x000000000010e540,sub_10e540,116,_ZN7subsdk010sub_10e540Ev!
0x000000000010e5c0,sub_10e5c0,184,_ZN7subsdk010sub_10e5c0Ev!
0x000000000010e680,sub_10e680,116,_ZN7subsdk010sub_10e680Ev!
0x000000000010e700,sub_10e700,152,_ZN7subsdk010sub_10e700Ev!
0x000000000010e7a0,sub_10e7a0,116,_ZN7subsdk010sub_10e7a0Ev!
0x000000000010e820,sub_10e820,120,_ZN7subsdk010sub_10e820Ev!
0x000000000010e8a0,sub_10e8a0,116,_ZN7subsdk010sub_10e8a0Ev!
0x000000000010e920,sub_10e920,128,_ZN7subsdk010sub_10e920Ev!
0x000000000010e9a0,sub_10e9a0,116,_ZN7subsdk010sub_10e9a0Ev!
0x000000000010ea20,sub_10ea20,104,_ZN7subsdk010sub_10ea20Ev!
0x000000000010ea90,sub_10ea90,128,_ZN7subsdk010sub_10ea90Ev!
0x000000000010eb10,sub_10eb10,116,_ZN7subsdk010sub_10eb10Ev!
0x000000000010eb90,sub_10eb90,108,_ZN7subsdk010sub_10eb90Ev!
0x000000000010ec00,sub_10ec00,180,_ZN7subsdk010sub_10ec00Ev!
0x000000000010ecc0,sub_10ecc0,52,_ZN7subsdk010sub_10ecc0Ev!
0x000000000010ed00,sub_10ed00,136,_ZN7subsdk010sub_10ed00Ev!
0x000000000010ed90,sub_10ed90,64,_ZN7subsdk010sub_10ed90Ev!
0x000000000010edd0,sub_10edd0,64,_ZN7subsdk010sub_10edd0Ev!
0x000000000010ee10,sub_10ee10,64,_ZN7subsdk010sub_10ee10Ev!
0x000000000010ee50,sub_10ee50,64,_ZN7subsdk010sub_10ee50Ev!
0x000000000010ee90,sub_10ee90,4,_ZN7subsdk010sub_10ee90Ev!
0x000000000010eea0,sub_10eea0,4,_ZN7subsdk010sub_10eea0Ev!
0x000000000010eeb0,sub_10eeb0,8,_Z16subsdk0_f_10eeb0Pv
0x000000000010eec0,sub_10eec0,4,_ZN7subsdk010sub_10eec0Ev!
0x000000000010eed0,sub_10eed0,160,_ZN7subsdk010sub_10eed0Ev!
0x000000000010ef70,sub_10ef70,160,_ZN7subsdk010sub_10ef70Ev!
0x000000000010f010,sub_10f010,8,_ZN7subsdk010sub_10f010Ev!
0x000000000010f020,sub_10f020,4,_ZN7subsdk010sub_10f020Ev!
0x000000000010f030,sub_10f030,4,_ZN7subsdk010sub_10f030Ev!
0x000000000010f040,sub_10f040,4,_ZN7subsdk010sub_10f040Ev!
0x000000000010f050,sub_10f050,4,_ZN7subsdk010sub_10f050Ev!
0x000000000010f060,sub_10f060,4,_ZN7subsdk010sub_10f060Ev!
0x000000000010f070,sub_10f070,4,_ZN7subsdk010sub_10f070Ev!
0x000000000010f080,sub_10f080,4,_ZN7subsdk010sub_10f080Ev!
0x000000000010f090,sub_10f090,4,_ZN7subsdk010sub_10f090Ev!
0x000000000010f0a0,sub_10f0a0,4,_ZN7subsdk010sub_10f0a0Ev!
0x000000000010f0b0,sub_10f0b0,4,_ZN7subsdk010sub_10f0b0Ev!
0x000000000010f0c0,sub_10f0c0,76,_ZN7subsdk010sub_10f0c0Ev!
0x000000000010f110,sub_10f110,84,_ZN7subsdk010sub_10f110Ev!
0x000000000010f170,sub_10f170,64,_ZN7subsdk010sub_10f170Ev!
0x000000000010f1b0,sub_10f1b0,84,_ZN7subsdk010sub_10f1b0Ev!
0x000000000010f210,sub_10f210,72,_ZN7subsdk010sub_10f210Ev!
0x000000000010f260,sub_10f260,84,_ZN7subsdk010sub_10f260Ev!
0x000000000010f2c0,sub_10f2c0,84,_ZN7subsdk010sub_10f2c0Ev!
0x000000000010f320,sub_10f320,92,_ZN7subsdk010sub_10f320Ev!
0x000000000010f380,sub_10f380,4,_ZN7subsdk010sub_10f380Ev!
0x000000000010f390,sub_10f390,4,_ZN7subsdk010sub_10f390Ev!
0x000000000010f3a0,sub_10f3a0,8,_Z16subsdk0_f_10f3a0Pv
0x000000000010f3b0,sub_10f3b0,4,_ZN7subsdk010sub_10f3b0Ev!
0x000000000010f3c0,sub_10f3c0,160,_ZN7subsdk010sub_10f3c0Ev!
0x000000000010f460,sub_10f460,160,_ZN7subsdk010sub_10f460Ev!
0x000000000010f500,sub_10f500,8,_ZN7subsdk010sub_10f500Ev!
0x000000000010f510,sub_10f510,4,_ZN7subsdk010sub_10f510Ev!
0x000000000010f520,sub_10f520,4,_ZN7subsdk010sub_10f520Ev!
0x000000000010f530,sub_10f530,4,_ZN7subsdk010sub_10f530Ev!
0x000000000010f540,sub_10f540,4,_ZN7subsdk010sub_10f540Ev!
0x000000000010f550,sub_10f550,4,_ZN7subsdk010sub_10f550Ev!
0x000000000010f560,sub_10f560,4,_ZN7subsdk010sub_10f560Ev!
0x000000000010f570,sub_10f570,4,_ZN7subsdk010sub_10f570Ev!
0x000000000010f580,sub_10f580,4,_ZN7subsdk025sub_10f580_subsdk0_10f580Ev!
0x000000000010f590,sub_10f590,4,_ZN7subsdk010sub_10f590Ev!
0x000000000010f5a0,sub_10f5a0,4,_ZN7subsdk010sub_10f5a0Ev!
0x000000000010f5b0,sub_10f5b0,76,_ZN7subsdk010sub_10f5b0Ev!
0x000000000010f600,sub_10f600,84,_ZN7subsdk010sub_10f600Ev!
0x000000000010f660,sub_10f660,64,_ZN7subsdk010sub_10f660Ev!
0x000000000010f6a0,sub_10f6a0,84,_ZN7subsdk010sub_10f6a0Ev!
0x000000000010f700,sub_10f700,72,_ZN7subsdk010sub_10f700Ev!
0x000000000010f750,sub_10f750,84,_ZN7subsdk010sub_10f750Ev!
0x000000000010f7b0,sub_10f7b0,84,_ZN7subsdk010sub_10f7b0Ev!
0x000000000010f810,sub_10f810,92,_ZN7subsdk010sub_10f810Ev!
0x000000000010f870,sub_10f870,52,_ZN7subsdk010sub_10f870Ev!
0x000000000010f8b0,sub_10f8b0,60,_ZN7subsdk010sub_10f8b0Ev!
0x000000000010f8f0,sub_10f8f0,4,_Z16subsdk0_f_10f8f0v
0x000000000010f900,sub_10f900,4,_Z16subsdk0_f_10f900v
0x000000000010f910,sub_10f910,20,_ZN7subsdk010sub_10f910Ev!
0x000000000010f930,sub_10f930,108,_ZN7subsdk010sub_10f930Ev!
0x000000000010f9a0,sub_10f9a0,20,_ZN7subsdk010sub_10f9a0Ev!
0x000000000010f9c0,sub_10f9c0,20,_ZN7subsdk010sub_10f9c0Ev!
0x000000000010f9e0,sub_10f9e0,32,_ZN7subsdk025sub_10f9e0_subsdk0_10f9e0Ev!
0x000000000010fa00,sub_10fa00,60,_ZN7subsdk010sub_10fa00Ev!
0x000000000010fa40,sub_10fa40,96,_ZN7subsdk025sub_10fa40_subsdk0_10fa40Ev!
0x000000000010faa0,sub_10faa0,100,_ZN7subsdk010sub_10faa0Ev!
0x000000000010fb10,sub_10fb10,152,_ZN7subsdk010sub_10fb10Ev!
0x000000000010fbb0,sub_10fbb0,164,_ZN7subsdk010sub_10fbb0Ev!
0x000000000010fc60,sub_10fc60,220,_ZN7subsdk010sub_10fc60Ev!
0x000000000010fd40,sub_10fd40,192,_ZN7subsdk010sub_10fd40Ev!
0x000000000010fe00,sub_10fe00,52,_ZN7subsdk010sub_10fe00Ev!
0x000000000010fe40,sub_10fe40,60,_ZN7subsdk010sub_10fe40Ev!
0x000000000010fe80,sub_10fe80,4,_Z16subsdk0_f_10fe80v
0x000000000010fe90,sub_10fe90,4,_Z16subsdk0_f_10fe90v
0x000000000010fea0,sub_10fea0,100,_ZN7subsdk010sub_10fea0Ev!
0x000000000010ff10,sub_10ff10,96,_ZN7subsdk010sub_10ff10Ev!
0x000000000010ff70,sub_10ff70,156,_ZN7subsdk010sub_10ff70Ev!
0x0000000000110010,sub_110010,100,_ZN7subsdk010sub_110010Ev!
0x0000000000110080,sub_110080,416,_ZN7subsdk010sub_110080Ev!
0x0000000000110220,sub_110220,172,_ZN7subsdk010sub_110220Ev!
0x00000000001102d0,sub_1102d0,52,_ZN7subsdk010sub_1102d0Ev!
0x0000000000110310,sub_110310,76,_ZN7subsdk010sub_110310Ev!
0x0000000000110360,sub_110360,120,_ZN7subsdk010sub_110360Ev!
0x00000000001103e0,sub_1103e0,96,_ZN7subsdk010sub_1103e0Ev!
0x0000000000110440,sub_110440,84,_ZN7subsdk010sub_110440Ev!
0x00000000001104a0,sub_1104a0,80,_ZN7subsdk010sub_1104a0Ev!
0x00000000001104f0,sub_1104f0,120,_ZN7subsdk010sub_1104f0Ev!
0x0000000000110570,sub_110570,128,_ZN7subsdk010sub_110570Ev!
0x00000000001105f0,sub_1105f0,64,_ZN7subsdk010sub_1105f0Ev!
0x0000000000110630,sub_110630,88,_ZN7subsdk010sub_110630Ev!
0x0000000000110690,sub_110690,124,_ZN7subsdk010sub_110690Ev!
0x0000000000110710,sub_110710,128,_ZN7subsdk010sub_110710Ev!
0x0000000000110790,sub_110790,68,_ZN7subsdk010sub_110790Ev!
0x00000000001107e0,sub_1107e0,92,_ZN7subsdk010sub_1107e0Ev!
0x0000000000110840,sub_110840,124,_ZN7subsdk010sub_110840Ev!
0x00000000001108c0,sub_1108c0,120,_ZN7subsdk010sub_1108c0Ev!
0x0000000000110940,sub_110940,48,_ZN7subsdk010sub_110940Ev!
0x0000000000110970,sub_110970,120,_ZN7subsdk010sub_110970Ev!
0x00000000001109f0,sub_1109f0,92,_ZN7subsdk010sub_1109f0Ev!
0x0000000000110a50,sub_110a50,120,_ZN7subsdk010sub_110a50Ev!
0x0000000000110ad0,sub_110ad0,120,_ZN7subsdk010sub_110ad0Ev!
0x0000000000110b50,sub_110b50,120,_ZN7subsdk010sub_110b50Ev!
0x0000000000110bd0,sub_110bd0,96,_ZN7subsdk010sub_110bd0Ev!
0x0000000000110c30,sub_110c30,108,_ZN7subsdk010sub_110c30Ev!
0x0000000000110ca0,sub_110ca0,112,_ZN7subsdk010sub_110ca0Ev!
0x0000000000110d10,sub_110d10,60,_ZN7subsdk010sub_110d10Ev!
0x0000000000110d50,sub_110d50,60,_ZN7subsdk010sub_110d50Ev!
0x0000000000110d90,sub_110d90,408,_ZN7subsdk010sub_110d90Ev!
0x0000000000110f30,sub_110f30,980,_ZN7subsdk010sub_110f30Ev!
0x0000000000111310,sub_111310,184,_ZN7subsdk010sub_111310Ev!
0x00000000001113d0,sub_1113d0,48,_ZN7subsdk010sub_1113d0Ev!
0x0000000000111400,sub_111400,184,_ZN7subsdk010sub_111400Ev!
0x00000000001114c0,sub_1114c0,128,_ZN7subsdk010sub_1114c0Ev!
0x0000000000111540,sub_111540,296,_ZN7subsdk010sub_111540Ev!
0x0000000000111670,AudioTrack,1328,_ZN5audio10AudioTrackEv!
0x0000000000111ba0,sub_111ba0,292,_ZN7subsdk010sub_111ba0Ev!
0x0000000000111cd0,sub_111cd0,260,_ZN7subsdk025sub_111cd0_subsdk0_111cd0Ev!
0x0000000000111de0,sub_111de0,36,_ZN7subsdk010sub_111de0Ev!
0x0000000000111e10,sub_111e10,144,_ZN7subsdk010sub_111e10Ev!
0x0000000000111ea0,sub_111ea0,2040,_ZN7subsdk010sub_111ea0Ev!
0x00000000001126a0,sub_1126a0,568,_ZN7subsdk010sub_1126a0Ev!
0x00000000001128e0,sub_1128e0,56,_ZN7subsdk010sub_1128e0Ev!
0x0000000000112920,sub_112920,80,_ZN7subsdk010sub_112920Ev!
0x0000000000112970,sub_112970,236,_ZN7subsdk010sub_112970Ev!
0x0000000000112a60,sub_112a60,52,_ZN7subsdk025sub_112a60_subsdk0_112a60Ev!
0x0000000000112aa0,sub_112aa0,64,_ZN7subsdk025sub_112aa0_subsdk0_112aa0Ev!
0x0000000000112ae0,sub_112ae0,168,_ZN7subsdk025sub_112ae0_subsdk0_112ae0Ev!
0x0000000000112b90,sub_112b90,104,_ZN7subsdk010sub_112b90Ev!
0x0000000000112c00,sub_112c00,140,_ZN7subsdk025sub_112c00_subsdk0_112c00Ev!
0x0000000000112c90,sub_112c90,224,_ZN7subsdk025sub_112c90_subsdk0_112c90Ev!
0x0000000000112d70,sub_112d70,8,_ZN7subsdk010sub_112d70Ev!
0x0000000000112d80,sub_112d80,128,_ZN7subsdk025sub_112d80_subsdk0_112d80Ev!
0x0000000000112e00,sub_112e00,16,_ZN7subsdk025sub_112e00_subsdk0_112e00Ev!
0x0000000000112e10,sub_112e10,196,_ZN7subsdk010sub_112e10Ev!
0x0000000000112ee0,sub_112ee0,68,_ZN7subsdk025sub_112ee0_subsdk0_112ee0Ev!
0x0000000000112f30,sub_112f30,124,_ZN7subsdk025sub_112f30_subsdk0_112f30Ev!
0x0000000000112fb0,sub_112fb0,304,_ZN7subsdk010sub_112fb0Ev!
0x00000000001130e0,sub_1130e0,96,_ZN7subsdk025sub_1130e0_subsdk0_1130e0Ev!
0x0000000000113140,sub_113140,152,_ZN7subsdk010sub_113140Ev!
0x00000000001131e0,sub_1131e0,148,_ZN7subsdk025sub_1131e0_subsdk0_1131e0Ev!
0x0000000000113280,sub_113280,204,_ZN7subsdk025sub_113280_subsdk0_113280Ev!
0x0000000000113350,sub_113350,148,_ZN7subsdk010sub_113350Ev!
0x00000000001133f0,sub_1133f0,248,_ZN7subsdk025sub_1133f0_subsdk0_1133f0Ev!
0x00000000001134f0,sub_1134f0,256,_ZN7subsdk025sub_1134f0_subsdk0_1134f0Ev!
0x00000000001135f0,sub_1135f0,156,_ZN7subsdk010sub_1135f0Ev!
0x0000000000113690,sub_113690,168,_ZN7subsdk025sub_113690_subsdk0_113690Ev!
0x0000000000113740,sub_113740,56,_ZN7subsdk010sub_113740Ev!
0x0000000000113780,sub_113780,96,_ZN7subsdk025sub_113780_subsdk0_113780Ev!
0x00000000001137e0,sub_1137e0,88,_ZN7subsdk025sub_1137e0_subsdk0_1137e0Ev!
0x0000000000113840,sub_113840,232,_ZN7subsdk025sub_113840_subsdk0_113840Ev!
0x0000000000113930,sub_113930,484,_ZN7subsdk010sub_113930Ev!
0x0000000000113b20,sub_113b20,176,_ZN7subsdk025sub_113b20_subsdk0_113b20Ev!
0x0000000000113bd0,sub_113bd0,540,_ZN7subsdk025sub_113bd0_subsdk0_113bd0Ev!
0x0000000000113df0,sub_113df0,60,_ZN7subsdk025sub_113df0_subsdk0_113df0Ev!
0x0000000000113e30,sub_113e30,148,_ZN7subsdk025sub_113e30_subsdk0_113e30Ev!
0x0000000000113ed0,sub_113ed0,344,_ZN7subsdk010sub_113ed0Ev!
0x0000000000114030,sub_114030,160,_ZN7subsdk010sub_114030Ev!
0x00000000001140d0,sub_1140d0,16,_ZN7subsdk025sub_1140d0_subsdk0_1140d0Ev!
0x00000000001140e0,AudioTrack_2,1772,_ZN5audio12AudioTrack_2Ev!
0x00000000001147d0,sub_1147d0,60,_ZN7subsdk010sub_1147d0Ev!
0x0000000000114810,sub_114810,88,_ZN7subsdk010sub_114810Ev!
0x0000000000114870,AudioTrack_3,548,_ZN5audio12AudioTrack_3Ev!
0x0000000000114aa0,sub_114aa0,104,_ZN7subsdk025sub_114aa0_subsdk0_114aa0Ev!
0x0000000000114b10,AudioTrack_dump,288,_ZN5audio15AudioTrack_dumpEv!
0x0000000000114c30,sub_114c30,72,_ZN7subsdk010sub_114c30Ev!
0x0000000000114c80,sub_114c80,128,_ZN7subsdk010sub_114c80Ev!
0x0000000000114d00,sub_114d00,120,_ZN7subsdk025sub_114d00_subsdk0_114d00Ev!
0x0000000000114d80,sub_114d80,76,_ZN7subsdk010sub_114d80Ev!
0x0000000000114dd0,sub_114dd0,96,_ZN7subsdk010sub_114dd0Ev!
0x0000000000114e30,sub_114e30,104,_ZN7subsdk010sub_114e30Ev!
0x0000000000114ea0,sub_114ea0,104,_ZN7subsdk010sub_114ea0Ev!
0x0000000000114f10,sub_114f10,112,_ZN7subsdk025sub_114f10_subsdk0_114f10Ev!
0x0000000000114f80,AudioTrack_4,328,_ZN5audio12AudioTrack_4Ev!
0x00000000001150d0,sub_1150d0,68,_ZN7subsdk025sub_1150d0_subsdk0_1150d0Ev!
0x0000000000115120,sub_115120,84,_ZN7subsdk025sub_115120_subsdk0_115120Ev!
0x0000000000115180,sub_115180,76,_ZN7subsdk025sub_115180_subsdk0_115180Ev!
0x00000000001151d0,sub_1151d0,88,_ZN7subsdk025sub_1151d0_subsdk0_1151d0Ev!
0x0000000000115230,sub_115230,88,_ZN7subsdk010sub_115230Ev!
0x0000000000115290,sub_115290,96,_ZN7subsdk010sub_115290Ev!
0x00000000001152f0,sub_1152f0,612,_ZN7subsdk010sub_1152f0Ev!
0x0000000000115560,sub_115560,36,_ZN7subsdk025sub_115560_subsdk0_115560Ev!
0x0000000000115590,sub_115590,44,_ZN7subsdk025sub_115590_subsdk0_115590Ev!
0x00000000001155c0,sub_1155c0,136,_ZN7subsdk025sub_1155c0_subsdk0_1155c0Ev!
0x0000000000115650,sub_115650,152,_ZN7subsdk025sub_115650_subsdk0_115650Ev!
0x00000000001156f0,AudioTrackShared,1200,_ZN5audio16AudioTrackSharedEv!
0x0000000000115ba0,AudioTrackShared_2,212,_ZN5audio18AudioTrackShared_2Ev!
0x0000000000115c80,sub_115c80,64,_ZN7subsdk010sub_115c80Ev!
0x0000000000115cc0,sub_115cc0,64,_ZN7subsdk010sub_115cc0Ev!
0x0000000000115d00,sub_115d00,48,_ZN7subsdk025sub_115d00_subsdk0_115d00Ev!
0x0000000000115d30,sub_115d30,116,_ZN7subsdk025sub_115d30_subsdk0_115d30Ev!
0x0000000000115db0,sub_115db0,48,_ZN7subsdk025sub_115db0_subsdk0_115db0Ev!
0x0000000000115de0,sub_115de0,36,_ZN7subsdk010sub_115de0Ev!
0x0000000000115e10,sub_115e10,16,_ZN7subsdk010sub_115e10Ev!
0x0000000000115e20,AudioTrackShared_3,392,_ZN5audio18AudioTrackShared_3Ev!
0x0000000000115fb0,AudioTrackShared_4,24,_ZN5audio18AudioTrackShared_4Ev!
0x0000000000115fd0,sub_115fd0,40,_ZN7subsdk025sub_115fd0_subsdk0_115fd0Ev!
0x0000000000116000,sub_116000,8,_Z16subsdk0_f_116000Pv
0x0000000000116010,sub_116010,156,_ZN7subsdk010sub_116010Ev!
0x00000000001160b0,AudioTrackShared_5,484,_ZN5audio18AudioTrackShared_5Ev!
0x00000000001162a0,AudioTrackShared_6,308,_ZN5audio18AudioTrackShared_6Ev!
0x00000000001163e0,AudioTrackShared_7,180,_ZN5audio18AudioTrackShared_7Ev!
0x00000000001164a0,sub_1164a0,36,_ZN7subsdk010sub_1164a0Ev!
0x00000000001164d0,sub_1164d0,28,_ZN7subsdk010sub_1164d0Ev!
0x00000000001164f0,sub_1164f0,168,_ZN7subsdk010sub_1164f0Ev!
0x00000000001165a0,sub_1165a0,12,_Z16subsdk0_f_1165a0Pv
0x00000000001165b0,sub_1165b0,8,_Z16subsdk0_f_1165b0Pv
0x00000000001165c0,sub_1165c0,8,_Z16subsdk0_f_1165c0Pv
0x00000000001165d0,AudioTrackShared_8,276,_ZN5audio18AudioTrackShared_8Ev!
0x00000000001166f0,AudioTrackShared_9,364,_ZN5audio18AudioTrackShared_9Ev!
0x0000000000116860,sub_116860,16,_ZN7subsdk010sub_116860Ev!
0x0000000000116870,sub_116870,36,_ZN7subsdk010sub_116870Ev!
0x00000000001168a0,sub_1168a0,36,_ZN7subsdk010sub_1168a0Ev!
0x00000000001168d0,sub_1168d0,12,_Z16subsdk0_f_1168d0Pv
0x00000000001168e0,sub_1168e0,36,_ZN7subsdk010sub_1168e0Ev!
0x0000000000116910,sub_116910,8,_Z16subsdk0_f_116910v
0x0000000000116920,sub_116920,8,_Z16subsdk0_f_116920v
0x0000000000116930,sub_116930,36,_ZN7subsdk010sub_116930Ev!
0x0000000000116960,sub_116960,36,_ZN7subsdk010sub_116960Ev!
0x0000000000116990,sub_116990,4,_Z16subsdk0_f_116990v
0x00000000001169a0,sub_1169a0,12,_Z16subsdk0_f_1169a0Pv
0x00000000001169b0,sub_1169b0,12,_Z16subsdk0_f_1169b0Pv
0x00000000001169c0,sub_1169c0,36,_ZN7subsdk010sub_1169c0Ev!
0x00000000001169f0,sub_1169f0,8,_Z16subsdk0_f_1169f0v
0x0000000000116a00,sub_116a00,36,_ZN7subsdk010sub_116a00Ev!
0x0000000000116a30,sub_116a30,12,_ZN7subsdk010sub_116a30Ev!
0x0000000000116a40,sub_116a40,372,_ZN7subsdk010sub_116a40Ev!
0x0000000000116bc0,sub_116bc0,60,_ZN7subsdk025sub_116bc0_subsdk0_116bc0Ev!
0x0000000000116c00,sub_116c00,8,_ZN7subsdk025sub_116c00_subsdk0_116c00Ev!
0x0000000000116c10,sub_116c10,4,_ZN7subsdk025sub_116c10_subsdk0_116c10Ev!
0x0000000000116c20,sub_116c20,4,_ZN7subsdk010sub_116c20Ev!
0x0000000000116c30,sub_116c30,4,_ZN7subsdk010sub_116c30Ev!
0x0000000000116c40,sub_116c40,4,_ZN7subsdk010sub_116c40Ev!
0x0000000000116c50,IAudioFlinger,5020,_ZN5audio13IAudioFlingerEv!
0x0000000000117ff0,sub_117ff0,8,_ZN7subsdk010sub_117ff0Ev!
0x0000000000118000,sub_118000,4,_ZN7subsdk010sub_118000Ev!
0x0000000000118010,sub_118010,4,_ZN7subsdk010sub_118010Ev!
0x0000000000118020,sub_118020,8,_Z16subsdk0_f_118020Pv
0x0000000000118030,sub_118030,12,_ZN7subsdk010sub_118030Ev!
0x0000000000118040,sub_118040,160,_ZN7subsdk010sub_118040Ev!
0x00000000001180e0,sub_1180e0,160,_ZN7subsdk010sub_1180e0Ev!
0x0000000000118180,sub_118180,12,_ZN7subsdk010sub_118180Ev!
0x0000000000118190,sub_118190,4,_ZN7subsdk010sub_118190Ev!
0x00000000001181a0,sub_1181a0,4,_ZN7subsdk010sub_1181a0Ev!
0x00000000001181b0,sub_1181b0,4,_ZN7subsdk010sub_1181b0Ev!
0x00000000001181c0,sub_1181c0,4,_ZN7subsdk010sub_1181c0Ev!
0x00000000001181d0,sub_1181d0,4,_ZN7subsdk010sub_1181d0Ev!
0x00000000001181e0,sub_1181e0,4,_ZN7subsdk010sub_1181e0Ev!
0x00000000001181f0,sub_1181f0,4,_ZN7subsdk010sub_1181f0Ev!
0x0000000000118200,sub_118200,4,_ZN7subsdk010sub_118200Ev!
0x0000000000118210,sub_118210,4,_ZN7subsdk010sub_118210Ev!
0x0000000000118220,sub_118220,4,_ZN7subsdk010sub_118220Ev!
0x0000000000118230,sub_118230,4,_ZN7subsdk010sub_118230Ev!
0x0000000000118240,sub_118240,4,_ZN7subsdk010sub_118240Ev!
0x0000000000118250,sub_118250,8,_Z16subsdk0_f_118250Pv
0x0000000000118260,sub_118260,4,_ZN7subsdk010sub_118260Ev!
0x0000000000118270,sub_118270,4,_ZN7subsdk010sub_118270Ev!
0x0000000000118280,sub_118280,4,_ZN7subsdk010sub_118280Ev!
0x0000000000118290,sub_118290,4,_ZN7subsdk010sub_118290Ev!
0x00000000001182a0,sub_1182a0,64,_ZN7subsdk010sub_1182a0Ev!
0x00000000001182e0,sub_1182e0,72,_ZN7subsdk010sub_1182e0Ev!
0x0000000000118330,sub_118330,580,_ZN7subsdk010sub_118330Ev!
0x0000000000118580,sub_118580,1080,_ZN7subsdk010sub_118580Ev!
0x00000000001189c0,sub_1189c0,132,_ZN7subsdk010sub_1189c0Ev!
0x0000000000118a50,sub_118a50,132,_ZN7subsdk025sub_118a50_subsdk0_118a50Ev!
0x0000000000118ae0,sub_118ae0,132,_ZN7subsdk010sub_118ae0Ev!
0x0000000000118b70,sub_118b70,132,_ZN7subsdk010sub_118b70Ev!
0x0000000000118c00,sub_118c00,140,_ZN7subsdk010sub_118c00Ev!
0x0000000000118c90,sub_118c90,132,_ZN7subsdk010sub_118c90Ev!
0x0000000000118d20,sub_118d20,124,_ZN7subsdk010sub_118d20Ev!
0x0000000000118da0,sub_118da0,120,_ZN7subsdk010sub_118da0Ev!
0x0000000000118e20,sub_118e20,180,_ZN7subsdk025sub_118e20_subsdk0_118e20Ev!
0x0000000000118ee0,sub_118ee0,156,_ZN7subsdk010sub_118ee0Ev!
0x0000000000118f80,sub_118f80,164,_ZN7subsdk010sub_118f80Ev!
0x0000000000119030,sub_119030,136,_ZN7subsdk010sub_119030Ev!
0x00000000001190c0,sub_1190c0,132,_ZN7subsdk010sub_1190c0Ev!
0x0000000000119150,sub_119150,132,_ZN7subsdk010sub_119150Ev!
0x00000000001191e0,sub_1191e0,120,_ZN7subsdk010sub_1191e0Ev!
0x0000000000119260,sub_119260,156,_ZN7subsdk010sub_119260Ev!
0x0000000000119300,sub_119300,156,_ZN7subsdk010sub_119300Ev!
0x00000000001193a0,sub_1193a0,156,_ZN7subsdk010sub_1193a0Ev!
0x0000000000119440,sub_119440,172,_ZN7subsdk010sub_119440Ev!
0x00000000001194f0,sub_1194f0,340,_ZN7subsdk010sub_1194f0Ev!
0x0000000000119650,sub_119650,156,_ZN7subsdk010sub_119650Ev!
0x00000000001196f0,sub_1196f0,132,_ZN7subsdk010sub_1196f0Ev!
0x0000000000119780,sub_119780,132,_ZN7subsdk010sub_119780Ev!
0x0000000000119810,sub_119810,132,_ZN7subsdk010sub_119810Ev!
0x00000000001198a0,sub_1198a0,348,_ZN7subsdk010sub_1198a0Ev!
0x0000000000119a00,sub_119a00,132,_ZN7subsdk010sub_119a00Ev!
0x0000000000119a90,sub_119a90,132,_ZN7subsdk010sub_119a90Ev!
0x0000000000119b20,sub_119b20,140,_ZN7subsdk010sub_119b20Ev!
0x0000000000119bb0,sub_119bb0,184,_ZN7subsdk010sub_119bb0Ev!
0x0000000000119c70,sub_119c70,140,_ZN7subsdk010sub_119c70Ev!
0x0000000000119d00,sub_119d00,124,_ZN7subsdk010sub_119d00Ev!
0x0000000000119d80,sub_119d80,140,_ZN7subsdk010sub_119d80Ev!
0x0000000000119e10,sub_119e10,140,_ZN7subsdk010sub_119e10Ev!
0x0000000000119ea0,sub_119ea0,160,_ZN7subsdk010sub_119ea0Ev!
0x0000000000119f40,sub_119f40,184,_ZN7subsdk010sub_119f40Ev!
0x000000000011a000,sub_11a000,188,_ZN7subsdk010sub_11a000Ev!
0x000000000011a0c0,sub_11a0c0,512,_ZN7subsdk010sub_11a0c0Ev!
0x000000000011a2c0,sub_11a2c0,172,_ZN7subsdk010sub_11a2c0Ev!
0x000000000011a370,sub_11a370,132,_ZN7subsdk010sub_11a370Ev!
0x000000000011a400,sub_11a400,116,_ZN7subsdk010sub_11a400Ev!
0x000000000011a480,sub_11a480,116,_ZN7subsdk010sub_11a480Ev!
0x000000000011a500,sub_11a500,132,_ZN7subsdk010sub_11a500Ev!
0x000000000011a590,sub_11a590,216,_ZN7subsdk010sub_11a590Ev!
0x000000000011a670,sub_11a670,176,_ZN7subsdk010sub_11a670Ev!
0x000000000011a720,sub_11a720,204,_ZN7subsdk010sub_11a720Ev!
0x000000000011a7f0,sub_11a7f0,148,_ZN7subsdk025sub_11a7f0_subsdk0_11a7f0Ev!
0x000000000011a890,sub_11a890,216,_ZN7subsdk010sub_11a890Ev!
0x000000000011a970,sub_11a970,160,_ZN7subsdk010sub_11a970Ev!
0x000000000011aa10,sub_11aa10,140,_ZN7subsdk010sub_11aa10Ev!
0x000000000011aaa0,sub_11aaa0,72,_ZN7subsdk010sub_11aaa0Ev!
0x000000000011aaf0,sub_11aaf0,80,_ZN7subsdk010sub_11aaf0Ev!
0x000000000011ab40,sub_11ab40,72,_ZN7subsdk010sub_11ab40Ev!
0x000000000011ab90,sub_11ab90,80,_ZN7subsdk010sub_11ab90Ev!
0x000000000011abe0,android_media_IAudioFlinger,76,_ZN5audio27android_media_IAudioFlingerEv!
0x000000000011ac30,sub_11ac30,12,_ZN7subsdk010sub_11ac30Ev!
0x000000000011ac40,sub_11ac40,372,_ZN7subsdk010sub_11ac40Ev!
0x000000000011adc0,sub_11adc0,60,_ZN7subsdk010sub_11adc0Ev!
0x000000000011ae00,sub_11ae00,8,_ZN7subsdk010sub_11ae00Ev!
0x000000000011ae10,sub_11ae10,4,_ZN7subsdk010sub_11ae10Ev!
0x000000000011ae20,sub_11ae20,4,_ZN7subsdk010sub_11ae20Ev!
0x000000000011ae30,sub_11ae30,4,_ZN7subsdk010sub_11ae30Ev!
0x000000000011ae40,sub_11ae40,4,_ZN7subsdk010sub_11ae40Ev!
0x000000000011ae50,sub_11ae50,308,_ZN7subsdk010sub_11ae50Ev!
0x000000000011af90,sub_11af90,8,_ZN7subsdk010sub_11af90Ev!
0x000000000011afa0,sub_11afa0,4,_ZN7subsdk010sub_11afa0Ev!
0x000000000011afb0,sub_11afb0,4,_ZN7subsdk010sub_11afb0Ev!
0x000000000011afc0,sub_11afc0,8,_Z16subsdk0_f_11afc0Pv
0x000000000011afd0,sub_11afd0,4,_ZN7subsdk010sub_11afd0Ev!
0x000000000011afe0,sub_11afe0,4,_ZN7subsdk010sub_11afe0Ev!
0x000000000011aff0,sub_11aff0,4,_ZN7subsdk010sub_11aff0Ev!
0x000000000011b000,sub_11b000,4,_ZN7subsdk010sub_11b000Ev!
0x000000000011b010,sub_11b010,64,_ZN7subsdk010sub_11b010Ev!
0x000000000011b050,sub_11b050,72,_ZN7subsdk010sub_11b050Ev!
0x000000000011b0a0,sub_11b0a0,236,_ZN7subsdk010sub_11b0a0Ev!
0x000000000011b190,sub_11b190,72,_ZN7subsdk010sub_11b190Ev!
0x000000000011b1e0,sub_11b1e0,80,_ZN7subsdk010sub_11b1e0Ev!
0x000000000011b230,sub_11b230,72,_ZN7subsdk010sub_11b230Ev!
0x000000000011b280,sub_11b280,80,_ZN7subsdk010sub_11b280Ev!
0x000000000011b2d0,android_media_IAudioFlingerClient,76,_ZN5audio33android_media_IAudioFlingerClientEv!
0x000000000011b320,sub_11b320,12,_ZN7subsdk010sub_11b320Ev!
0x000000000011b330,sub_11b330,372,_ZN7subsdk010sub_11b330Ev!
0x000000000011b4b0,sub_11b4b0,60,_ZN7subsdk010sub_11b4b0Ev!
0x000000000011b4f0,sub_11b4f0,8,_ZN7subsdk010sub_11b4f0Ev!
0x000000000011b500,sub_11b500,4,_ZN7subsdk010sub_11b500Ev!
0x000000000011b510,sub_11b510,4,_ZN7subsdk010sub_11b510Ev!
0x000000000011b520,sub_11b520,4,_ZN7subsdk010sub_11b520Ev!
0x000000000011b530,sub_11b530,4,_ZN7subsdk010sub_11b530Ev!
0x000000000011b540,sub_11b540,140,_ZN7subsdk010sub_11b540Ev!
0x000000000011b5d0,sub_11b5d0,140,_ZN7subsdk010sub_11b5d0Ev!
0x000000000011b660,sub_11b660,4,_ZN7subsdk010sub_11b660Ev!
0x000000000011b670,sub_11b670,4,_ZN7subsdk010sub_11b670Ev!
0x000000000011b680,sub_11b680,8,_Z16subsdk0_f_11b680Pv
0x000000000011b690,sub_11b690,4,_ZN7subsdk010sub_11b690Ev!
0x000000000011b6a0,sub_11b6a0,4,_ZN7subsdk010sub_11b6a0Ev!
0x000000000011b6b0,sub_11b6b0,4,_ZN7subsdk010sub_11b6b0Ev!
0x000000000011b6c0,sub_11b6c0,4,_ZN7subsdk010sub_11b6c0Ev!
0x000000000011b6d0,sub_11b6d0,64,_ZN7subsdk010sub_11b6d0Ev!
0x000000000011b710,sub_11b710,72,_ZN7subsdk010sub_11b710Ev!
0x000000000011b760,sub_11b760,100,_ZN7subsdk010sub_11b760Ev!
0x000000000011b7d0,sub_11b7d0,100,_ZN7subsdk010sub_11b7d0Ev!
0x000000000011b840,sub_11b840,72,_ZN7subsdk010sub_11b840Ev!
0x000000000011b890,sub_11b890,80,_ZN7subsdk010sub_11b890Ev!
0x000000000011b8e0,sub_11b8e0,72,_ZN7subsdk010sub_11b8e0Ev!
0x000000000011b930,sub_11b930,80,_ZN7subsdk010sub_11b930Ev!
0x000000000011b980,android_media_IAudioPolicyServiceClient,76,_ZN5audio39android_media_IAudioPolicyServiceClientEv!
0x000000000011b9d0,sub_11b9d0,12,_ZN7subsdk010sub_11b9d0Ev!
0x000000000011b9e0,sub_11b9e0,372,_ZN7subsdk010sub_11b9e0Ev!
0x000000000011bb60,sub_11bb60,60,_ZN7subsdk010sub_11bb60Ev!
0x000000000011bba0,sub_11bba0,8,_ZN7subsdk010sub_11bba0Ev!
0x000000000011bbb0,sub_11bbb0,4,_ZN7subsdk010sub_11bbb0Ev!
0x000000000011bbc0,sub_11bbc0,4,_ZN7subsdk010sub_11bbc0Ev!
0x000000000011bbd0,sub_11bbd0,4,_ZN7subsdk010sub_11bbd0Ev!
0x000000000011bbe0,sub_11bbe0,4,_ZN7subsdk010sub_11bbe0Ev!
0x000000000011bbf0,sub_11bbf0,660,_ZN7subsdk010sub_11bbf0Ev!
0x000000000011be90,sub_11be90,8,_ZN7subsdk010sub_11be90Ev!
0x000000000011bea0,sub_11bea0,4,_ZN7subsdk010sub_11bea0Ev!
0x000000000011beb0,sub_11beb0,4,_ZN7subsdk010sub_11beb0Ev!
0x000000000011bec0,sub_11bec0,8,_Z16subsdk0_f_11bec0Pv
0x000000000011bed0,sub_11bed0,12,_ZN7subsdk010sub_11bed0Ev!
0x000000000011bee0,sub_11bee0,160,_ZN7subsdk010sub_11bee0Ev!
0x000000000011bf80,sub_11bf80,160,_ZN7subsdk010sub_11bf80Ev!
0x000000000011c020,sub_11c020,12,_ZN7subsdk010sub_11c020Ev!
0x000000000011c030,sub_11c030,4,_ZN7subsdk010sub_11c030Ev!
0x000000000011c040,sub_11c040,4,_ZN7subsdk010sub_11c040Ev!
0x000000000011c050,sub_11c050,4,_ZN7subsdk010sub_11c050Ev!
0x000000000011c060,sub_11c060,4,_ZN7subsdk010sub_11c060Ev!
0x000000000011c070,sub_11c070,4,_ZN7subsdk010sub_11c070Ev!
0x000000000011c080,sub_11c080,4,_ZN7subsdk010sub_11c080Ev!
0x000000000011c090,sub_11c090,4,_ZN7subsdk010sub_11c090Ev!
0x000000000011c0a0,sub_11c0a0,4,_ZN7subsdk010sub_11c0a0Ev!
0x000000000011c0b0,sub_11c0b0,4,_ZN7subsdk010sub_11c0b0Ev!
0x000000000011c0c0,sub_11c0c0,4,_ZN7subsdk010sub_11c0c0Ev!
0x000000000011c0d0,sub_11c0d0,4,_ZN7subsdk010sub_11c0d0Ev!
0x000000000011c0e0,sub_11c0e0,4,_ZN7subsdk010sub_11c0e0Ev!
0x000000000011c0f0,sub_11c0f0,8,_Z16subsdk0_f_11c0f0Pv
0x000000000011c100,sub_11c100,4,_ZN7subsdk010sub_11c100Ev!
0x000000000011c110,sub_11c110,4,_ZN7subsdk010sub_11c110Ev!
0x000000000011c120,sub_11c120,4,_ZN7subsdk010sub_11c120Ev!
0x000000000011c130,sub_11c130,4,_ZN7subsdk010sub_11c130Ev!
0x000000000011c140,sub_11c140,64,_ZN7subsdk010sub_11c140Ev!
0x000000000011c180,sub_11c180,72,_ZN7subsdk010sub_11c180Ev!
0x000000000011c1d0,sub_11c1d0,116,_ZN7subsdk010sub_11c1d0Ev!
0x000000000011c250,sub_11c250,116,_ZN7subsdk010sub_11c250Ev!
0x000000000011c2d0,sub_11c2d0,324,_ZN7subsdk010sub_11c2d0Ev!
0x000000000011c420,sub_11c420,100,_ZN7subsdk010sub_11c420Ev!
0x000000000011c490,sub_11c490,320,_ZN7subsdk010sub_11c490Ev!
0x000000000011c5d0,sub_11c5d0,72,_ZN7subsdk010sub_11c5d0Ev!
0x000000000011c620,sub_11c620,80,_ZN7subsdk010sub_11c620Ev!
0x000000000011c670,sub_11c670,72,_ZN7subsdk010sub_11c670Ev!
0x000000000011c6c0,sub_11c6c0,80,_ZN7subsdk010sub_11c6c0Ev!
0x000000000011c710,android_media_IEffect,76,_ZN7subsdk021android_media_IEffectEv!
0x000000000011c760,sub_11c760,12,_ZN7subsdk010sub_11c760Ev!
0x000000000011c770,sub_11c770,372,_ZN7subsdk010sub_11c770Ev!
0x000000000011c8f0,sub_11c8f0,60,_ZN7subsdk010sub_11c8f0Ev!
0x000000000011c930,sub_11c930,8,_ZN7subsdk010sub_11c930Ev!
0x000000000011c940,sub_11c940,4,_ZN7subsdk010sub_11c940Ev!
0x000000000011c950,sub_11c950,4,_ZN7subsdk010sub_11c950Ev!
0x000000000011c960,sub_11c960,4,_ZN7subsdk010sub_11c960Ev!
0x000000000011c970,sub_11c970,4,_ZN7subsdk010sub_11c970Ev!
0x000000000011c980,sub_11c980,424,_ZN7subsdk010sub_11c980Ev!
0x000000000011cb30,sub_11cb30,8,_ZN7subsdk010sub_11cb30Ev!
0x000000000011cb40,sub_11cb40,4,_ZN7subsdk010sub_11cb40Ev!
0x000000000011cb50,sub_11cb50,4,_ZN7subsdk010sub_11cb50Ev!
0x000000000011cb60,sub_11cb60,8,_Z16subsdk0_f_11cb60Pv
0x000000000011cb70,sub_11cb70,4,_ZN7subsdk010sub_11cb70Ev!
0x000000000011cb80,sub_11cb80,4,_ZN7subsdk010sub_11cb80Ev!
0x000000000011cb90,sub_11cb90,4,_ZN7subsdk010sub_11cb90Ev!
0x000000000011cba0,sub_11cba0,4,_ZN7subsdk010sub_11cba0Ev!
0x000000000011cbb0,sub_11cbb0,64,_ZN7subsdk010sub_11cbb0Ev!
0x000000000011cbf0,sub_11cbf0,72,_ZN7subsdk010sub_11cbf0Ev!
0x000000000011cc40,sub_11cc40,116,_ZN7subsdk010sub_11cc40Ev!
0x000000000011ccc0,sub_11ccc0,116,_ZN7subsdk010sub_11ccc0Ev!
0x000000000011cd40,sub_11cd40,236,_ZN7subsdk010sub_11cd40Ev!
0x000000000011ce30,sub_11ce30,72,_ZN7subsdk010sub_11ce30Ev!
0x000000000011ce80,sub_11ce80,80,_ZN7subsdk010sub_11ce80Ev!
0x000000000011ced0,sub_11ced0,72,_ZN7subsdk010sub_11ced0Ev!
0x000000000011cf20,sub_11cf20,80,_ZN7subsdk010sub_11cf20Ev!
0x000000000011cf70,android_media_IEffectClient,76,_ZN7subsdk027android_media_IEffectClientEv!
0x000000000011cfc0,sub_11cfc0,12,_ZN7subsdk010sub_11cfc0Ev!
0x000000000011cfd0,sub_11cfd0,372,_ZN7subsdk010sub_11cfd0Ev!
0x000000000011d150,sub_11d150,60,_ZN7subsdk010sub_11d150Ev!
0x000000000011d190,sub_11d190,8,_ZN7subsdk010sub_11d190Ev!
0x000000000011d1a0,sub_11d1a0,4,_ZN7subsdk010sub_11d1a0Ev!
0x000000000011d1b0,sub_11d1b0,4,_ZN7subsdk010sub_11d1b0Ev!
0x000000000011d1c0,sub_11d1c0,4,_ZN7subsdk010sub_11d1c0Ev!
0x000000000011d1d0,sub_11d1d0,4,_ZN7subsdk010sub_11d1d0Ev!
0x000000000011d1e0,sub_11d1e0,8,_ZN7subsdk010sub_11d1e0Ev!
0x000000000011d1f0,sub_11d1f0,4,_ZN7subsdk010sub_11d1f0Ev!
0x000000000011d200,sub_11d200,4,_ZN7subsdk010sub_11d200Ev!
0x000000000011d210,sub_11d210,4,_ZN7subsdk010sub_11d210Ev!
0x000000000011d220,sub_11d220,8,_Z16subsdk0_f_11d220Pv
0x000000000011d230,sub_11d230,12,_ZN7subsdk010sub_11d230Ev!
0x000000000011d240,sub_11d240,160,_ZN7subsdk010sub_11d240Ev!
0x000000000011d2e0,sub_11d2e0,160,_ZN7subsdk010sub_11d2e0Ev!
0x000000000011d380,sub_11d380,12,_ZN7subsdk010sub_11d380Ev!
0x000000000011d390,sub_11d390,4,_ZN7subsdk010sub_11d390Ev!
0x000000000011d3a0,sub_11d3a0,4,_ZN7subsdk010sub_11d3a0Ev!
0x000000000011d3b0,sub_11d3b0,4,_ZN7subsdk025sub_11d3b0_subsdk0_11d3b0Ev!
0x000000000011d3c0,sub_11d3c0,4,_ZN7subsdk010sub_11d3c0Ev!
0x000000000011d3d0,sub_11d3d0,4,_ZN7subsdk025sub_11d3d0_subsdk0_11d3d0Ev!
0x000000000011d3e0,sub_11d3e0,4,_ZN7subsdk010sub_11d3e0Ev!
0x000000000011d3f0,sub_11d3f0,4,_ZN7subsdk010sub_11d3f0Ev!
0x000000000011d400,sub_11d400,4,_ZN7subsdk025sub_11d400_subsdk0_11d400Ev!
0x000000000011d410,sub_11d410,4,_ZN7subsdk010sub_11d410Ev!
0x000000000011d420,sub_11d420,4,_ZN7subsdk010sub_11d420Ev!
0x000000000011d430,sub_11d430,4,_ZN7subsdk010sub_11d430Ev!
0x000000000011d440,sub_11d440,4,_ZN7subsdk010sub_11d440Ev!
0x000000000011d450,sub_11d450,8,_Z16subsdk0_f_11d450Pv
0x000000000011d460,sub_11d460,4,_ZN7subsdk025sub_11d460_subsdk0_11d460Ev!
0x000000000011d470,sub_11d470,4,_ZN7subsdk010sub_11d470Ev!
0x000000000011d480,sub_11d480,4,_ZN7subsdk010sub_11d480Ev!
0x000000000011d490,sub_11d490,4,_ZN7subsdk025sub_11d490_subsdk0_11d490Ev!
0x000000000011d4a0,sub_11d4a0,64,_ZN7subsdk025sub_11d4a0_subsdk0_11d4a0Ev!
0x000000000011d4e0,sub_11d4e0,72,_ZN7subsdk010sub_11d4e0Ev!
0x000000000011d530,sub_11d530,8,_Z16subsdk0_f_11d530v
0x000000000011d540,sub_11d540,8,_ZN7subsdk010sub_11d540Ev!
0x000000000011d550,sub_11d550,20,_ZN7subsdk010sub_11d550Ev!
0x000000000011d570,sub_11d570,8,_Z16subsdk0_f_11d570v
0x000000000011d580,sub_11d580,72,_ZN7subsdk010sub_11d580Ev!
0x000000000011d5d0,sub_11d5d0,80,_ZN7subsdk010sub_11d5d0Ev!
0x000000000011d620,sub_11d620,72,_ZN7subsdk010sub_11d620Ev!
0x000000000011d670,sub_11d670,80,_ZN7subsdk010sub_11d670Ev!
0x000000000011d6c0,android_media_IMediaCodecList,76,_ZN7subsdk029android_media_IMediaCodecListEv!
0x000000000011d710,sub_11d710,32,_ZN7subsdk010sub_11d710Ev!
0x000000000011d730,sub_11d730,32,_ZN7subsdk010sub_11d730Ev!
0x000000000011d750,sub_11d750,52,_ZN7subsdk010sub_11d750Ev!
0x000000000011d790,media_player,592,_ZN7subsdk012media_playerEv!
0x000000000011d9e0,sub_11d9e0,64,_ZN7subsdk010sub_11d9e0Ev!
0x000000000011da20,sub_11da20,64,_ZN7subsdk010sub_11da20Ev!
0x000000000011da60,sub_11da60,300,_ZN7subsdk025sub_11da60_subsdk0_11da60Ev!
0x000000000011db90,sub_11db90,228,_ZN7subsdk010sub_11db90Ev!
0x000000000011dc80,sub_11dc80,44,_ZN7subsdk010sub_11dc80Ev!
0x000000000011dcb0,sub_11dcb0,56,_ZN7subsdk010sub_11dcb0Ev!
0x000000000011dcf0,sub_11dcf0,52,_ZN7subsdk010sub_11dcf0Ev!
0x000000000011dd30,sub_11dd30,64,_ZN7subsdk010sub_11dd30Ev!
0x000000000011dd70,sub_11dd70,60,_ZN7subsdk010sub_11dd70Ev!
0x000000000011ddb0,sub_11ddb0,76,_ZN7subsdk010sub_11ddb0Ev!
0x000000000011de00,sub_11de00,68,_ZN7subsdk010sub_11de00Ev!
0x000000000011de50,sub_11de50,92,_ZN7subsdk010sub_11de50Ev!
0x000000000011deb0,sub_11deb0,88,_ZN7subsdk010sub_11deb0Ev!
0x000000000011df10,sub_11df10,100,_ZN7subsdk010sub_11df10Ev!
0x000000000011df80,sub_11df80,100,_ZN7subsdk010sub_11df80Ev!
0x000000000011dff0,sub_11dff0,48,_ZN7subsdk025sub_11dff0_subsdk0_11dff0Ev!
0x000000000011e020,sub_11e020,24,_ZN7subsdk010sub_11e020Ev!
0x000000000011e040,sub_11e040,196,_ZN7subsdk010sub_11e040Ev!
0x000000000011e110,sub_11e110,12,_ZN7subsdk025sub_11e110_subsdk0_11e110Ev!
0x000000000011e120,sub_11e120,372,_ZN7subsdk025sub_11e120_subsdk0_11e120Ev!
0x000000000011e2a0,sub_11e2a0,60,_ZN7subsdk025sub_11e2a0_subsdk0_11e2a0Ev!
0x000000000011e2e0,sub_11e2e0,8,_ZN7subsdk010sub_11e2e0Ev!
0x000000000011e2f0,sub_11e2f0,4,_ZN7subsdk010sub_11e2f0Ev!
0x000000000011e300,sub_11e300,4,_ZN7subsdk010sub_11e300Ev!
0x000000000011e310,sub_11e310,4,_ZN7subsdk025sub_11e310_subsdk0_11e310Ev!
0x000000000011e320,sub_11e320,4,_ZN7subsdk025sub_11e320_subsdk0_11e320Ev!
0x000000000011e330,sub_11e330,264,_ZN7subsdk025sub_11e330_subsdk0_11e330Ev!
0x000000000011e440,sub_11e440,8,_ZN7subsdk010sub_11e440Ev!
0x000000000011e450,sub_11e450,4,_ZN7subsdk010sub_11e450Ev!
0x000000000011e460,sub_11e460,4,_ZN7subsdk010sub_11e460Ev!
0x000000000011e470,sub_11e470,8,_Z16subsdk0_f_11e470Pv
0x000000000011e480,sub_11e480,12,_ZN7subsdk010sub_11e480Ev!
0x000000000011e490,sub_11e490,160,_ZN7subsdk010sub_11e490Ev!
0x000000000011e530,sub_11e530,160,_ZN7subsdk025sub_11e530_subsdk0_11e530Ev!
0x000000000011e5d0,sub_11e5d0,12,_ZN7subsdk025sub_11e5d0_subsdk0_11e5d0Ev!
0x000000000011e5e0,sub_11e5e0,4,_ZN7subsdk025sub_11e5e0_subsdk0_11e5e0Ev!
0x000000000011e5f0,sub_11e5f0,4,_ZN7subsdk025sub_11e5f0_subsdk0_11e5f0Ev!
0x000000000011e600,sub_11e600,4,_ZN7subsdk025sub_11e600_subsdk0_11e600Ev!
0x000000000011e610,sub_11e610,4,_ZN7subsdk025sub_11e610_subsdk0_11e610Ev!
0x000000000011e620,sub_11e620,4,_ZN7subsdk025sub_11e620_subsdk0_11e620Ev!
0x000000000011e630,sub_11e630,4,_ZN7subsdk010sub_11e630Ev!
0x000000000011e640,sub_11e640,4,_ZN7subsdk025sub_11e640_subsdk0_11e640Ev!
0x000000000011e650,sub_11e650,4,_ZN7subsdk010sub_11e650Ev!
0x000000000011e660,sub_11e660,4,_ZN7subsdk010sub_11e660Ev!
0x000000000011e670,sub_11e670,4,_ZN7subsdk010sub_11e670Ev!
0x000000000011e680,sub_11e680,4,_ZN7subsdk010sub_11e680Ev!
0x000000000011e690,sub_11e690,4,_ZN7subsdk010sub_11e690Ev!
0x000000000011e6a0,sub_11e6a0,8,_Z16subsdk0_f_11e6a0Pv
0x000000000011e6b0,sub_11e6b0,4,_ZN7subsdk010sub_11e6b0Ev!
0x000000000011e6c0,sub_11e6c0,4,_ZN7subsdk010sub_11e6c0Ev!
0x000000000011e6d0,sub_11e6d0,4,_ZN7subsdk010sub_11e6d0Ev!
0x000000000011e6e0,sub_11e6e0,4,_ZN7subsdk010sub_11e6e0Ev!
0x000000000011e6f0,sub_11e6f0,64,_ZN7subsdk010sub_11e6f0Ev!
0x000000000011e730,sub_11e730,72,_ZN7subsdk010sub_11e730Ev!
0x000000000011e780,sub_11e780,212,_ZN7subsdk010sub_11e780Ev!
0x000000000011e860,sub_11e860,72,_ZN7subsdk010sub_11e860Ev!
0x000000000011e8b0,sub_11e8b0,80,_ZN7subsdk010sub_11e8b0Ev!
0x000000000011e900,sub_11e900,72,_ZN7subsdk010sub_11e900Ev!
0x000000000011e950,sub_11e950,80,_ZN7subsdk010sub_11e950Ev!
0x000000000011e9a0,android_media_IMediaPlayerClient,76,_ZN7subsdk032android_media_IMediaPlayerClientEv!
0x000000000011e9f0,sub_11e9f0,12,_ZN7subsdk010sub_11e9f0Ev!
0x000000000011ea00,sub_11ea00,372,_ZN7subsdk010sub_11ea00Ev!
0x000000000011eb80,sub_11eb80,60,_ZN7subsdk025sub_11eb80_subsdk0_11eb80Ev!
0x000000000011ebc0,sub_11ebc0,8,_ZN7subsdk025sub_11ebc0_subsdk0_11ebc0Ev!
0x000000000011ebd0,sub_11ebd0,4,_ZN7subsdk025sub_11ebd0_subsdk0_11ebd0Ev!
0x000000000011ebe0,sub_11ebe0,4,_ZN7subsdk025sub_11ebe0_subsdk0_11ebe0Ev!
0x000000000011ebf0,sub_11ebf0,4,_ZN7subsdk025sub_11ebf0_subsdk0_11ebf0Ev!
0x000000000011ec00,sub_11ec00,4,_ZN7subsdk025sub_11ec00_subsdk0_11ec00Ev!
0x000000000011ec10,sub_11ec10,8,_Z16subsdk0_f_11ec10v
0x000000000011ec20,sub_11ec20,8,_Z16subsdk0_f_11ec20v
0x000000000011ec30,sub_11ec30,12,_ZN7subsdk025sub_11ec30_subsdk0_11ec30Ev!
0x000000000011ec40,sub_11ec40,372,_ZN7subsdk025sub_11ec40_subsdk0_11ec40Ev!
0x000000000011edc0,sub_11edc0,60,_ZN7subsdk010sub_11edc0Ev!
0x000000000011ee00,sub_11ee00,8,_ZN7subsdk010sub_11ee00Ev!
0x000000000011ee10,sub_11ee10,4,_ZN7subsdk010sub_11ee10Ev!
0x000000000011ee20,sub_11ee20,4,_ZN7subsdk010sub_11ee20Ev!
0x000000000011ee30,sub_11ee30,4,_ZN7subsdk010sub_11ee30Ev!
0x000000000011ee40,sub_11ee40,4,_ZN7subsdk010sub_11ee40Ev!
0x000000000011ee50,sub_11ee50,8,_ZN7subsdk010sub_11ee50Ev!
0x000000000011ee60,sub_11ee60,4,_ZN7subsdk010sub_11ee60Ev!
0x000000000011ee70,sub_11ee70,4,_ZN7subsdk010sub_11ee70Ev!
0x000000000011ee80,sub_11ee80,4,_ZN7subsdk010sub_11ee80Ev!
0x000000000011ee90,sub_11ee90,8,_Z16subsdk0_f_11ee90Pv
0x000000000011eea0,sub_11eea0,12,_ZN7subsdk010sub_11eea0Ev!
0x000000000011eeb0,sub_11eeb0,160,_ZN7subsdk010sub_11eeb0Ev!
0x000000000011ef50,sub_11ef50,160,_ZN7subsdk025sub_11ef50_subsdk0_11ef50Ev!
0x000000000011eff0,sub_11eff0,12,_ZN7subsdk010sub_11eff0Ev!
0x000000000011f000,sub_11f000,4,_ZN7subsdk010sub_11f000Ev!
0x000000000011f010,sub_11f010,4,_ZN7subsdk010sub_11f010Ev!
0x000000000011f020,sub_11f020,4,_ZN7subsdk010sub_11f020Ev!
0x000000000011f030,sub_11f030,4,_ZN7subsdk010sub_11f030Ev!
0x000000000011f040,sub_11f040,4,_ZN7subsdk010sub_11f040Ev!
0x000000000011f050,sub_11f050,4,_ZN7subsdk025sub_11f050_subsdk0_11f050Ev!
0x000000000011f060,sub_11f060,8,_Z16subsdk0_f_11f060v
0x000000000011f070,sub_11f070,4,_ZN7subsdk010sub_11f070Ev!
0x000000000011f080,sub_11f080,4,_ZN7subsdk010sub_11f080Ev!
0x000000000011f090,sub_11f090,4,_ZN7subsdk025sub_11f090_subsdk0_11f090Ev!
0x000000000011f0a0,sub_11f0a0,4,_ZN7subsdk010sub_11f0a0Ev!
0x000000000011f0b0,sub_11f0b0,4,_ZN7subsdk010sub_11f0b0Ev!
0x000000000011f0c0,sub_11f0c0,4,_ZN7subsdk010sub_11f0c0Ev!
0x000000000011f0d0,sub_11f0d0,8,_Z16subsdk0_f_11f0d0Pv
0x000000000011f0e0,sub_11f0e0,12,_ZN7subsdk010sub_11f0e0Ev!
0x000000000011f0f0,sub_11f0f0,160,_ZN7subsdk010sub_11f0f0Ev!
0x000000000011f190,sub_11f190,160,_ZN7subsdk010sub_11f190Ev!
0x000000000011f230,sub_11f230,12,_ZN7subsdk010sub_11f230Ev!
0x000000000011f240,sub_11f240,4,_ZN7subsdk010sub_11f240Ev!
0x000000000011f250,sub_11f250,4,_ZN7subsdk025sub_11f250_subsdk0_11f250Ev!
0x000000000011f260,sub_11f260,4,_ZN7subsdk010sub_11f260Ev!
0x000000000011f270,sub_11f270,4,_ZN7subsdk010sub_11f270Ev!
0x000000000011f280,sub_11f280,4,_ZN7subsdk010sub_11f280Ev!
0x000000000011f290,sub_11f290,4,_ZN7subsdk025sub_11f290_subsdk0_11f290Ev!
0x000000000011f2a0,sub_11f2a0,4,_ZN7subsdk010sub_11f2a0Ev!
0x000000000011f2b0,sub_11f2b0,4,_ZN7subsdk010sub_11f2b0Ev!
0x000000000011f2c0,sub_11f2c0,4,_ZN7subsdk010sub_11f2c0Ev!
0x000000000011f2d0,sub_11f2d0,4,_ZN7subsdk025sub_11f2d0_subsdk0_11f2d0Ev!
0x000000000011f2e0,sub_11f2e0,4,_ZN7subsdk010sub_11f2e0Ev!
0x000000000011f2f0,sub_11f2f0,4,_ZN7subsdk010sub_11f2f0Ev!
0x000000000011f300,sub_11f300,8,_Z16subsdk0_f_11f300Pv
0x000000000011f310,sub_11f310,4,_ZN7subsdk025sub_11f310_subsdk0_11f310Ev!
0x000000000011f320,sub_11f320,4,_ZN7subsdk010sub_11f320Ev!
0x000000000011f330,sub_11f330,4,_ZN7subsdk010sub_11f330Ev!
0x000000000011f340,sub_11f340,4,_ZN7subsdk010sub_11f340Ev!
0x000000000011f350,sub_11f350,64,_ZN7subsdk025sub_11f350_subsdk0_11f350Ev!
0x000000000011f390,sub_11f390,72,_ZN7subsdk010sub_11f390Ev!
0x000000000011f3e0,sub_11f3e0,8,_Z16subsdk0_f_11f3e0v
0x000000000011f3f0,sub_11f3f0,228,_ZN7subsdk010sub_11f3f0Ev!
0x000000000011f4e0,sub_11f4e0,8,_Z16subsdk0_f_11f4e0v
0x000000000011f4f0,sub_11f4f0,8,_Z16subsdk0_f_11f4f0v
0x000000000011f500,sub_11f500,8,_Z16subsdk0_f_11f500v
0x000000000011f510,sub_11f510,8,_Z16subsdk0_f_11f510v
0x000000000011f520,sub_11f520,8,_Z16subsdk0_f_11f520v
0x000000000011f530,sub_11f530,8,_Z16subsdk0_f_11f530v
0x000000000011f540,sub_11f540,8,_Z16subsdk0_f_11f540v
0x000000000011f550,sub_11f550,8,_Z16subsdk0_f_11f550v
0x000000000011f560,sub_11f560,8,_Z16subsdk0_f_11f560v
0x000000000011f570,sub_11f570,8,_Z16subsdk0_f_11f570v
0x000000000011f580,sub_11f580,8,_Z16subsdk0_f_11f580v
0x000000000011f590,sub_11f590,8,_Z16subsdk0_f_11f590v
0x000000000011f5a0,sub_11f5a0,8,_Z16subsdk0_f_11f5a0v
0x000000000011f5b0,sub_11f5b0,8,_Z16subsdk0_f_11f5b0v
0x000000000011f5c0,sub_11f5c0,8,_Z16subsdk0_f_11f5c0v
0x000000000011f5d0,sub_11f5d0,8,_Z16subsdk0_f_11f5d0v
0x000000000011f5e0,sub_11f5e0,8,_Z16subsdk0_f_11f5e0v
0x000000000011f5f0,sub_11f5f0,8,_Z16subsdk0_f_11f5f0v
0x000000000011f600,sub_11f600,8,_Z16subsdk0_f_11f600v
0x000000000011f610,sub_11f610,8,_Z16subsdk0_f_11f610v
0x000000000011f620,sub_11f620,8,_Z16subsdk0_f_11f620v
0x000000000011f630,sub_11f630,8,_Z16subsdk0_f_11f630v
0x000000000011f640,sub_11f640,8,_Z16subsdk0_f_11f640v
0x000000000011f650,sub_11f650,8,_Z16subsdk0_f_11f650v
0x000000000011f660,sub_11f660,8,_Z16subsdk0_f_11f660v
0x000000000011f670,sub_11f670,72,_ZN7subsdk025sub_11f670_subsdk0_11f670Ev!
0x000000000011f6c0,sub_11f6c0,80,_ZN7subsdk010sub_11f6c0Ev!
0x000000000011f710,sub_11f710,72,_ZN7subsdk010sub_11f710Ev!
0x000000000011f760,sub_11f760,80,_ZN7subsdk010sub_11f760Ev!
0x000000000011f7b0,sub_11f7b0,152,_ZN7subsdk010sub_11f7b0Ev!
0x000000000011f850,sub_11f850,144,_ZN7subsdk025sub_11f850_subsdk0_11f850Ev!
0x000000000011f8e0,sub_11f8e0,4,_ZN7subsdk010sub_11f8e0Ev!
0x000000000011f8f0,sub_11f8f0,4,_ZN7subsdk010sub_11f8f0Ev!
0x000000000011f900,sub_11f900,8,_Z16subsdk0_f_11f900Pv
0x000000000011f910,sub_11f910,4,_ZN7subsdk025sub_11f910_subsdk0_11f910Ev!
0x000000000011f920,sub_11f920,4,_ZN7subsdk010sub_11f920Ev!
0x000000000011f930,sub_11f930,4,_ZN7subsdk025sub_11f930_subsdk0_11f930Ev!
0x000000000011f940,sub_11f940,4,_ZN7subsdk010sub_11f940Ev!
0x000000000011f950,sub_11f950,64,_ZN7subsdk010sub_11f950Ev!
0x000000000011f990,sub_11f990,72,_ZN7subsdk010sub_11f990Ev!
0x000000000011f9e0,sub_11f9e0,4,_Z16subsdk0_f_11f9e0v
0x000000000011f9f0,sub_11f9f0,72,_ZN7subsdk025sub_11f9f0_subsdk0_11f9f0Ev!
0x000000000011fa40,sub_11fa40,80,_ZN7subsdk025sub_11fa40_subsdk0_11fa40Ev!
0x000000000011fa90,sub_11fa90,72,_ZN7subsdk010sub_11fa90Ev!
0x000000000011fae0,sub_11fae0,80,_ZN7subsdk010sub_11fae0Ev!
0x000000000011fb30,android_hardware_IOMX,132,_ZN7subsdk021android_hardware_IOMXEv!
0x000000000011fbc0,sub_11fbc0,12,_ZN7subsdk010sub_11fbc0Ev!
0x000000000011fbd0,sub_11fbd0,372,_ZN7subsdk010sub_11fbd0Ev!
0x000000000011fd50,sub_11fd50,60,_ZN7subsdk010sub_11fd50Ev!
0x000000000011fd90,sub_11fd90,8,_ZN7subsdk010sub_11fd90Ev!
0x000000000011fda0,sub_11fda0,4,_ZN7subsdk010sub_11fda0Ev!
0x000000000011fdb0,sub_11fdb0,4,_ZN7subsdk025sub_11fdb0_subsdk0_11fdb0Ev!
0x000000000011fdc0,sub_11fdc0,4,_ZN7subsdk025sub_11fdc0_subsdk0_11fdc0Ev!
0x000000000011fdd0,sub_11fdd0,4,_ZN7subsdk010sub_11fdd0Ev!
0x000000000011fde0,sub_11fde0,548,_ZN7subsdk010sub_11fde0Ev!
0x0000000000120010,sub_120010,52,_ZN7subsdk010sub_120010Ev!
0x0000000000120050,sub_120050,8,_ZN7subsdk025sub_120050_subsdk0_120050Ev!
0x0000000000120060,sub_120060,12,_ZN7subsdk025sub_120060_subsdk0_120060Ev!
0x0000000000120070,sub_120070,372,_ZN7subsdk010sub_120070Ev!
0x00000000001201f0,sub_1201f0,60,_ZN7subsdk010sub_1201f0Ev!
0x0000000000120230,sub_120230,8,_ZN7subsdk025sub_120230_subsdk0_120230Ev!
0x0000000000120240,sub_120240,4,_ZN7subsdk010sub_120240Ev!
0x0000000000120250,sub_120250,4,_ZN7subsdk010sub_120250Ev!
0x0000000000120260,sub_120260,4,_ZN7subsdk010sub_120260Ev!
0x0000000000120270,sub_120270,4,_ZN7subsdk010sub_120270Ev!
0x0000000000120280,sub_120280,340,_ZN7subsdk010sub_120280Ev!
0x00000000001203e0,sub_1203e0,8,_ZN7subsdk010sub_1203e0Ev!
0x00000000001203f0,sub_1203f0,8,_Z16subsdk0_f_1203f0v
0x0000000000120400,sub_120400,4,_ZN7subsdk010sub_120400Ev!
0x0000000000120410,sub_120410,4,_ZN7subsdk010sub_120410Ev!
0x0000000000120420,sub_120420,8,_Z16subsdk0_f_120420Pv
0x0000000000120430,sub_120430,12,_ZN7subsdk010sub_120430Ev!
0x0000000000120440,sub_120440,160,_ZN7subsdk010sub_120440Ev!
0x00000000001204e0,sub_1204e0,160,_ZN7subsdk010sub_1204e0Ev!
0x0000000000120580,sub_120580,12,_ZN7subsdk010sub_120580Ev!
0x0000000000120590,sub_120590,4,_ZN7subsdk010sub_120590Ev!
0x00000000001205a0,sub_1205a0,4,_ZN7subsdk025sub_1205a0_subsdk0_1205a0Ev!
0x00000000001205b0,sub_1205b0,4,_ZN7subsdk010sub_1205b0Ev!
0x00000000001205c0,sub_1205c0,4,_ZN7subsdk010sub_1205c0Ev!
0x00000000001205d0,sub_1205d0,4,_ZN7subsdk010sub_1205d0Ev!
0x00000000001205e0,sub_1205e0,4,_ZN7subsdk010sub_1205e0Ev!
0x00000000001205f0,sub_1205f0,4,_ZN7subsdk010sub_1205f0Ev!
0x0000000000120600,sub_120600,4,_ZN7subsdk010sub_120600Ev!
0x0000000000120610,sub_120610,4,_ZN7subsdk010sub_120610Ev!
0x0000000000120620,sub_120620,4,_ZN7subsdk010sub_120620Ev!
0x0000000000120630,sub_120630,4,_ZN7subsdk010sub_120630Ev!
0x0000000000120640,sub_120640,4,_ZN7subsdk010sub_120640Ev!
0x0000000000120650,sub_120650,8,_Z16subsdk0_f_120650Pv
0x0000000000120660,sub_120660,12,_ZN7subsdk010sub_120660Ev!
0x0000000000120670,sub_120670,160,_ZN7subsdk010sub_120670Ev!
0x0000000000120710,sub_120710,160,_ZN7subsdk010sub_120710Ev!
0x00000000001207b0,sub_1207b0,12,_ZN7subsdk010sub_1207b0Ev!
0x00000000001207c0,sub_1207c0,4,_ZN7subsdk010sub_1207c0Ev!
0x00000000001207d0,sub_1207d0,4,_ZN7subsdk010sub_1207d0Ev!
0x00000000001207e0,sub_1207e0,4,_ZN7subsdk010sub_1207e0Ev!
0x00000000001207f0,sub_1207f0,4,_ZN7subsdk010sub_1207f0Ev!
0x0000000000120800,sub_120800,4,_ZN7subsdk010sub_120800Ev!
0x0000000000120810,sub_120810,4,_ZN7subsdk010sub_120810Ev!
0x0000000000120820,sub_120820,4,_ZN7subsdk010sub_120820Ev!
0x0000000000120830,sub_120830,4,_ZN7subsdk010sub_120830Ev!
0x0000000000120840,sub_120840,4,_ZN7subsdk010sub_120840Ev!
0x0000000000120850,sub_120850,4,_ZN7subsdk010sub_120850Ev!
0x0000000000120860,sub_120860,4,_ZN7subsdk010sub_120860Ev!
0x0000000000120870,sub_120870,4,_ZN7subsdk010sub_120870Ev!
0x0000000000120880,sub_120880,8,_Z16subsdk0_f_120880Pv
0x0000000000120890,sub_120890,4,_ZN7subsdk010sub_120890Ev!
0x00000000001208a0,sub_1208a0,4,_ZN7subsdk010sub_1208a0Ev!
0x00000000001208b0,sub_1208b0,4,_ZN7subsdk010sub_1208b0Ev!
0x00000000001208c0,sub_1208c0,4,_ZN7subsdk010sub_1208c0Ev!
0x00000000001208d0,sub_1208d0,64,_ZN7subsdk010sub_1208d0Ev!
0x0000000000120910,sub_120910,72,_ZN7subsdk010sub_120910Ev!
0x0000000000120960,sub_120960,156,_ZN7subsdk025sub_120960_subsdk0_120960Ev!
0x0000000000120a00,sub_120a00,208,_ZN7subsdk010sub_120a00Ev!
0x0000000000120ad0,sub_120ad0,116,_ZN7subsdk010sub_120ad0Ev!
0x0000000000120b50,sub_120b50,116,_ZN7subsdk010sub_120b50Ev!
0x0000000000120bd0,sub_120bd0,72,_ZN7subsdk010sub_120bd0Ev!
0x0000000000120c20,sub_120c20,80,_ZN7subsdk010sub_120c20Ev!
0x0000000000120c70,sub_120c70,72,_ZN7subsdk010sub_120c70Ev!
0x0000000000120cc0,sub_120cc0,80,_ZN7subsdk010sub_120cc0Ev!
0x0000000000120d10,sub_120d10,4,_ZN7subsdk010sub_120d10Ev!
0x0000000000120d20,sub_120d20,4,_ZN7subsdk010sub_120d20Ev!
0x0000000000120d30,sub_120d30,8,_Z16subsdk0_f_120d30Pv
0x0000000000120d40,sub_120d40,4,_ZN7subsdk010sub_120d40Ev!
0x0000000000120d50,sub_120d50,4,_ZN7subsdk010sub_120d50Ev!
0x0000000000120d60,sub_120d60,4,_ZN7subsdk025sub_120d60_subsdk0_120d60Ev!
0x0000000000120d70,sub_120d70,4,_ZN7subsdk010sub_120d70Ev!
0x0000000000120d80,sub_120d80,64,_ZN7subsdk010sub_120d80Ev!
0x0000000000120dc0,sub_120dc0,72,_ZN7subsdk010sub_120dc0Ev!
0x0000000000120e10,sub_120e10,140,_ZN7subsdk010sub_120e10Ev!
0x0000000000120ea0,sub_120ea0,192,_ZN7subsdk010sub_120ea0Ev!
0x0000000000120f60,sub_120f60,72,_ZN7subsdk010sub_120f60Ev!
0x0000000000120fb0,sub_120fb0,80,_ZN7subsdk010sub_120fb0Ev!
0x0000000000121000,sub_121000,72,_ZN7subsdk010sub_121000Ev!
0x0000000000121050,sub_121050,80,_ZN7subsdk010sub_121050Ev!
0x00000000001210a0,sub_1210a0,60,_ZN7subsdk010sub_1210a0Ev!
0x00000000001210e0,sub_1210e0,24,_ZN7subsdk025sub_1210e0_subsdk0_1210e0Ev!
0x0000000000121100,sub_121100,76,_ZN7subsdk010sub_121100Ev!
0x0000000000121150,sub_121150,96,_ZN7subsdk010sub_121150Ev!
0x00000000001211b0,sub_1211b0,92,_ZN7subsdk025sub_1211b0_subsdk0_1211b0Ev!
0x0000000000121210,sub_121210,100,_ZN7subsdk025sub_121210_subsdk0_121210Ev!
0x0000000000121280,sub_121280,100,_ZN7subsdk010sub_121280Ev!
0x00000000001212f0,sub_1212f0,44,_ZN7subsdk010sub_1212f0Ev!
0x0000000000121320,android_hardware_IStreamSource,132,_ZN7subsdk030android_hardware_IStreamSourceEv!
0x00000000001213b0,sub_1213b0,48,_ZN7subsdk010sub_1213b0Ev!
0x00000000001213e0,sub_1213e0,48,_ZN7subsdk010sub_1213e0Ev!
0x0000000000121410,sub_121410,8,_Z16subsdk0_f_121410Pv
0x0000000000121420,sub_121420,24,_ZN7subsdk010sub_121420Ev!
0x0000000000121440,sub_121440,184,_ZN7subsdk010sub_121440Ev!
0x0000000000121500,sub_121500,340,_ZN7subsdk010sub_121500Ev!
0x0000000000121660,MediaCodecInfo,520,_ZN7subsdk014MediaCodecInfoEv!
0x0000000000121870,sub_121870,8,_Z16subsdk0_f_121870Pv
0x0000000000121880,sub_121880,152,_ZN7subsdk025sub_121880_subsdk0_121880Ev!
0x0000000000121920,sub_121920,108,_ZN7subsdk010sub_121920Ev!
0x0000000000121990,sub_121990,188,_ZN7subsdk010sub_121990Ev!
0x0000000000121a50,sub_121a50,160,_ZN7subsdk010sub_121a50Ev!
0x0000000000121af0,sub_121af0,8,_ZN7subsdk010sub_121af0Ev!
0x0000000000121b00,sub_121b00,496,_ZN7subsdk010sub_121b00Ev!
0x0000000000121cf0,sub_121cf0,212,_ZN7subsdk025sub_121cf0_subsdk0_121cf0Ev!
0x0000000000121dd0,sub_121dd0,180,_ZN7subsdk010sub_121dd0Ev!
0x0000000000121e90,sub_121e90,388,_ZN7subsdk010sub_121e90Ev!
0x0000000000122020,sub_122020,164,_ZN7subsdk010sub_122020Ev!
0x00000000001220d0,sub_1220d0,304,_ZN7subsdk010sub_1220d0Ev!
0x0000000000122200,sub_122200,172,_ZN7subsdk010sub_122200Ev!
0x00000000001222b0,sub_1222b0,48,_ZN7subsdk010sub_1222b0Ev!
0x00000000001222e0,sub_1222e0,80,_ZN7subsdk010sub_1222e0Ev!
0x0000000000122330,feature,120,_ZN7subsdk07featureEv!
0x00000000001223b0,feature_2,124,_ZN7subsdk09feature_2Ev!
0x0000000000122430,sub_122430,136,_ZN7subsdk010sub_122430Ev!
0x00000000001224c0,sub_1224c0,144,_ZN7subsdk010sub_1224c0Ev!
0x0000000000122550,sub_122550,144,_ZN7subsdk010sub_122550Ev!
0x00000000001225e0,sub_1225e0,152,_ZN7subsdk010sub_1225e0Ev!
0x0000000000122680,sub_122680,52,_ZN7subsdk010sub_122680Ev!
0x00000000001226c0,sub_1226c0,60,_ZN7subsdk010sub_1226c0Ev!
0x0000000000122700,sub_122700,4,_Z16subsdk0_f_122700v
0x0000000000122710,sub_122710,4,_Z16subsdk0_f_122710v
0x0000000000122720,sub_122720,100,_ZN7subsdk010sub_122720Ev!
0x0000000000122790,sub_122790,96,_ZN7subsdk010sub_122790Ev!
0x00000000001227f0,sub_1227f0,156,_ZN7subsdk025sub_1227f0_subsdk0_1227f0Ev!
0x0000000000122890,sub_122890,100,_ZN7subsdk010sub_122890Ev!
0x0000000000122900,sub_122900,52,_ZN7subsdk010sub_122900Ev!
0x0000000000122940,sub_122940,60,_ZN7subsdk010sub_122940Ev!
0x0000000000122980,sub_122980,4,_Z16subsdk0_f_122980v
0x0000000000122990,sub_122990,4,_Z16subsdk0_f_122990v
0x00000000001229a0,sub_1229a0,20,_ZN7subsdk010sub_1229a0Ev!
0x00000000001229c0,sub_1229c0,96,_ZN7subsdk010sub_1229c0Ev!
0x0000000000122a20,sub_122a20,20,_ZN7subsdk010sub_122a20Ev!
0x0000000000122a40,sub_122a40,20,_ZN7subsdk025sub_122a40_subsdk0_122a40Ev!
0x0000000000122a60,sub_122a60,52,_ZN7subsdk025sub_122a60_subsdk0_122a60Ev!
0x0000000000122aa0,sub_122aa0,60,_ZN7subsdk010sub_122aa0Ev!
0x0000000000122ae0,sub_122ae0,56,_ZN7subsdk010sub_122ae0Ev!
0x0000000000122b20,sub_122b20,56,_ZN7subsdk010sub_122b20Ev!
0x0000000000122b60,sub_122b60,76,_ZN7subsdk010sub_122b60Ev!
0x0000000000122bb0,sub_122bb0,72,_ZN7subsdk010sub_122bb0Ev!
0x0000000000122c00,sub_122c00,96,_ZN7subsdk010sub_122c00Ev!
0x0000000000122c60,sub_122c60,84,_ZN7subsdk010sub_122c60Ev!
0x0000000000122cc0,sub_122cc0,52,_ZN7subsdk010sub_122cc0Ev!
0x0000000000122d00,sub_122d00,60,_ZN7subsdk010sub_122d00Ev!
0x0000000000122d40,sub_122d40,60,_ZN7subsdk010sub_122d40Ev!
0x0000000000122d80,sub_122d80,72,_ZN7subsdk010sub_122d80Ev!
0x0000000000122dd0,sub_122dd0,96,_ZN7subsdk010sub_122dd0Ev!
0x0000000000122e30,sub_122e30,92,_ZN7subsdk010sub_122e30Ev!
0x0000000000122e90,sub_122e90,152,_ZN7subsdk010sub_122e90Ev!
0x0000000000122f30,sub_122f30,120,_ZN7subsdk010sub_122f30Ev!
0x0000000000122fb0,sub_122fb0,72,_ZN7subsdk010sub_122fb0Ev!
0x0000000000123000,sub_123000,32,_ZN7subsdk010sub_123000Ev!
0x0000000000123020,sub_123020,88,_ZN7subsdk010sub_123020Ev!
0x0000000000123080,sub_123080,280,_ZN7subsdk010sub_123080Ev!
0x00000000001231a0,sub_1231a0,88,_ZN7subsdk010sub_1231a0Ev!
0x0000000000123200,sub_123200,224,_ZN7subsdk025sub_123200_subsdk0_123200Ev!
0x00000000001232e0,sub_1232e0,96,_ZN7subsdk010sub_1232e0Ev!
0x0000000000123340,sub_123340,136,_ZN7subsdk010sub_123340Ev!
0x00000000001233d0,sub_1233d0,140,_ZN7subsdk010sub_1233d0Ev!
0x0000000000123460,sub_123460,100,_ZN7subsdk010sub_123460Ev!
0x00000000001234d0,sub_1234d0,112,_ZN7subsdk010sub_1234d0Ev!
0x0000000000123540,sub_123540,100,_ZN7subsdk010sub_123540Ev!
0x00000000001235b0,sub_1235b0,88,_ZN7subsdk010sub_1235b0Ev!
0x0000000000123610,sub_123610,84,_ZN7subsdk010sub_123610Ev!
0x0000000000123670,sub_123670,216,_ZN7subsdk010sub_123670Ev!
0x0000000000123750,sub_123750,44,_ZN7subsdk010sub_123750Ev!
0x0000000000123780,sub_123780,56,_ZN7subsdk010sub_123780Ev!
0x00000000001237c0,sub_1237c0,52,_ZN7subsdk010sub_1237c0Ev!
0x0000000000123800,sub_123800,64,_ZN7subsdk010sub_123800Ev!
0x0000000000123840,sub_123840,136,_ZN7subsdk010sub_123840Ev!
0x00000000001238d0,sub_1238d0,272,_ZN7subsdk010sub_1238d0Ev!
0x00000000001239e0,sub_1239e0,312,_ZN7subsdk010sub_1239e0Ev!
0x0000000000123b20,sub_123b20,236,_ZN7subsdk010sub_123b20Ev!
0x0000000000123c10,sub_123c10,224,_ZN7subsdk010sub_123c10Ev!
0x0000000000123cf0,sub_123cf0,132,_ZN7subsdk010sub_123cf0Ev!
0x0000000000123d80,sub_123d80,136,_ZN7subsdk010sub_123d80Ev!
0x0000000000123e10,sub_123e10,144,_ZN7subsdk010sub_123e10Ev!
0x0000000000123ea0,sub_123ea0,144,_ZN7subsdk010sub_123ea0Ev!
0x0000000000123f30,sub_123f30,140,_ZN7subsdk010sub_123f30Ev!
0x0000000000123fc0,sub_123fc0,156,_ZN7subsdk010sub_123fc0Ev!
0x0000000000124060,sub_124060,152,_ZN7subsdk010sub_124060Ev!
0x0000000000124100,sub_124100,152,_ZN7subsdk010sub_124100Ev!
0x00000000001241a0,sub_1241a0,20,_Z16subsdk0_f_1241a0Pv
0x00000000001241c0,sub_1241c0,128,_ZN7subsdk010sub_1241c0Ev!
0x0000000000124240,sub_124240,336,_ZN7subsdk010sub_124240Ev!
0x0000000000124390,sub_124390,408,_ZN7subsdk010sub_124390Ev!
0x0000000000124530,sub_124530,116,_ZN7subsdk010sub_124530Ev!
0x00000000001245b0,sub_1245b0,404,_ZN7subsdk010sub_1245b0Ev!
0x0000000000124750,sub_124750,380,_ZN7subsdk010sub_124750Ev!
0x00000000001248d0,sub_1248d0,380,_ZN7subsdk010sub_1248d0Ev!
0x0000000000124a50,sub_124a50,124,_ZN7subsdk010sub_124a50Ev!
0x0000000000124ad0,sub_124ad0,100,_ZN7subsdk010sub_124ad0Ev!
0x0000000000124b40,sub_124b40,124,_ZN7subsdk010sub_124b40Ev!
0x0000000000124bc0,sub_124bc0,100,_ZN7subsdk010sub_124bc0Ev!
0x0000000000124c30,sub_124c30,132,_ZN7subsdk010sub_124c30Ev!
0x0000000000124cc0,sub_124cc0,248,_ZN7subsdk010sub_124cc0Ev!
0x0000000000124dc0,sub_124dc0,156,_ZN7subsdk010sub_124dc0Ev!
0x0000000000124e60,sub_124e60,204,_ZN7subsdk010sub_124e60Ev!
0x0000000000124f30,sub_124f30,132,_ZN7subsdk010sub_124f30Ev!
0x0000000000124fc0,sub_124fc0,132,_ZN7subsdk010sub_124fc0Ev!
0x0000000000125050,sub_125050,128,_ZN7subsdk010sub_125050Ev!
0x00000000001250d0,sub_1250d0,92,_ZN7subsdk010sub_1250d0Ev!
0x0000000000125130,sub_125130,92,_ZN7subsdk010sub_125130Ev!
0x0000000000125190,sub_125190,120,_ZN7subsdk010sub_125190Ev!
0x0000000000125210,sub_125210,104,_ZN7subsdk010sub_125210Ev!
0x0000000000125280,sub_125280,140,_ZN7subsdk010sub_125280Ev!
0x0000000000125310,sub_125310,208,_ZN7subsdk010sub_125310Ev!
0x00000000001253e0,sub_1253e0,200,_ZN7subsdk010sub_1253e0Ev!
0x00000000001254b0,sub_1254b0,160,_ZN7subsdk010sub_1254b0Ev!
0x0000000000125550,sub_125550,180,_ZN7subsdk010sub_125550Ev!
0x0000000000125610,sub_125610,116,_ZN7subsdk010sub_125610Ev!
0x0000000000125690,sub_125690,72,_ZN7subsdk010sub_125690Ev!
0x00000000001256e0,sub_1256e0,112,_ZN7subsdk010sub_1256e0Ev!
0x0000000000125750,sub_125750,80,_ZN7subsdk010sub_125750Ev!
0x00000000001257a0,sub_1257a0,116,_ZN7subsdk010sub_1257a0Ev!
0x0000000000125820,sub_125820,148,_ZN7subsdk010sub_125820Ev!
0x00000000001258c0,sub_1258c0,56,_ZN7subsdk010sub_1258c0Ev!
0x0000000000125900,sub_125900,104,_ZN7subsdk010sub_125900Ev!
0x0000000000125970,sub_125970,116,_ZN7subsdk010sub_125970Ev!
0x00000000001259f0,sub_1259f0,40,_ZN7subsdk010sub_1259f0Ev!
0x0000000000125a20,sub_125a20,220,_ZN7subsdk010sub_125a20Ev!
0x0000000000125b00,sub_125b00,108,_ZN7subsdk010sub_125b00Ev!
0x0000000000125b70,sub_125b70,108,_ZN7subsdk010sub_125b70Ev!
0x0000000000125be0,sub_125be0,684,_ZN7subsdk010sub_125be0Ev!
0x0000000000125e90,sub_125e90,176,_ZN7subsdk010sub_125e90Ev!
0x0000000000125f40,sub_125f40,28,_ZN7subsdk010sub_125f40Ev!
0x0000000000125f60,sub_125f60,40,_ZN7subsdk010sub_125f60Ev!
0x0000000000125f90,sub_125f90,192,_ZN7subsdk010sub_125f90Ev!
0x0000000000126050,sub_126050,184,_ZN7subsdk010sub_126050Ev!
0x0000000000126110,sub_126110,4,_ZN7subsdk010sub_126110Ev!
0x0000000000126120,sub_126120,4,_ZN7subsdk010sub_126120Ev!
0x0000000000126130,sub_126130,4,_ZN7subsdk010sub_126130Ev!
0x0000000000126140,sub_126140,4,_ZN7subsdk010sub_126140Ev!
0x0000000000126150,sub_126150,20,_ZN7subsdk010sub_126150Ev!
0x0000000000126170,sub_126170,20,_ZN7subsdk010sub_126170Ev!
0x0000000000126190,sub_126190,4,_ZN7subsdk010sub_126190Ev!
0x00000000001261a0,sub_1261a0,8,_ZN7subsdk010sub_1261a0Ev!
0x00000000001261b0,sub_1261b0,4,_Z16subsdk0_f_1261b0v
0x00000000001261c0,sub_1261c0,32,_ZN7subsdk010sub_1261c0Ev!
0x00000000001261e0,sub_1261e0,4,_Z16subsdk0_f_1261e0v
0x00000000001261f0,sub_1261f0,44,_ZN7subsdk010sub_1261f0Ev!
0x0000000000126220,sub_126220,4,_Z16subsdk0_f_126220v
0x0000000000126230,sub_126230,12,_ZN7subsdk010sub_126230Ev!
0x0000000000126240,sub_126240,72,_ZN7subsdk010sub_126240Ev!
0x0000000000126290,sub_126290,84,_ZN7subsdk010sub_126290Ev!
0x00000000001262f0,sub_1262f0,164,_ZN7subsdk010sub_1262f0Ev!
0x00000000001263a0,sub_1263a0,208,_ZN7subsdk010sub_1263a0Ev!
0x0000000000126470,sub_126470,164,_ZN7subsdk010sub_126470Ev!
0x0000000000126520,sub_126520,4,_Z16subsdk0_f_126520v
0x0000000000126530,sub_126530,4,_Z16subsdk0_f_126530v
0x0000000000126540,sub_126540,12,_Z16subsdk0_f_126540Pv
0x0000000000126550,sub_126550,4,_Z16subsdk0_f_126550v
0x0000000000126560,sub_126560,4,_Z16subsdk0_f_126560v
0x0000000000126570,sub_126570,12,_Z16subsdk0_f_126570Pv
0x0000000000126580,sub_126580,588,_ZN7subsdk010sub_126580Ev!
0x00000000001267d0,sub_1267d0,8,_Z16subsdk0_f_1267d0Pvm
0x00000000001267e0,sub_1267e0,68,_ZN7subsdk010sub_1267e0Ev!
0x0000000000126830,sub_126830,612,_ZN7subsdk010sub_126830Ev!
0x0000000000126aa0,sub_126aa0,76,_ZN7subsdk010sub_126aa0Ev!
0x0000000000126af0,sub_126af0,128,_ZN7subsdk010sub_126af0Ev!
0x0000000000126b70,sub_126b70,112,_ZN7subsdk010sub_126b70Ev!
0x0000000000126be0,sub_126be0,112,_ZN7subsdk010sub_126be0Ev!
0x0000000000126c50,sub_126c50,24,_ZN7subsdk010sub_126c50Ev!
0x0000000000126c70,sub_126c70,468,_ZN7subsdk010sub_126c70Ev!
0x0000000000126e50,sub_126e50,144,_ZN7subsdk010sub_126e50Ev!
0x0000000000126ee0,sub_126ee0,268,_ZN7subsdk010sub_126ee0Ev!
0x0000000000126ff0,sub_126ff0,164,_ZN7subsdk010sub_126ff0Ev!
0x00000000001270a0,sub_1270a0,148,_ZN7subsdk010sub_1270a0Ev!
0x0000000000127140,sub_127140,68,_ZN7subsdk010sub_127140Ev!
0x0000000000127190,sub_127190,68,_ZN7subsdk010sub_127190Ev!
0x00000000001271e0,sub_1271e0,292,_ZN7subsdk010sub_1271e0Ev!
0x0000000000127310,sub_127310,312,_ZN7subsdk010sub_127310Ev!
0x0000000000127450,sub_127450,116,_ZN7subsdk010sub_127450Ev!
0x00000000001274d0,sub_1274d0,464,_ZN7subsdk010sub_1274d0Ev!
0x00000000001276a0,sub_1276a0,4,_Z16subsdk0_f_1276a0v
0x00000000001276b0,sub_1276b0,188,_ZN7subsdk010sub_1276b0Ev!
0x0000000000127770,sub_127770,1200,_ZN7subsdk010sub_127770Ev!
0x0000000000127c20,sub_127c20,128,_ZN7subsdk010sub_127c20Ev!
0x0000000000127ca0,sub_127ca0,156,_ZN7subsdk025sub_127ca0_subsdk0_127ca0Ev!
0x0000000000127d40,sub_127d40,72,_ZN7subsdk010sub_127d40Ev!
0x0000000000127d90,sub_127d90,164,_ZN7subsdk010sub_127d90Ev!
0x0000000000127e40,sub_127e40,80,_ZN7subsdk010sub_127e40Ev!
0x0000000000127e90,sub_127e90,164,_ZN7subsdk010sub_127e90Ev!
0x0000000000127f40,sub_127f40,76,_ZN7subsdk010sub_127f40Ev!
0x0000000000127f90,sub_127f90,160,_ZN7subsdk010sub_127f90Ev!
0x0000000000128030,sub_128030,84,_ZN7subsdk010sub_128030Ev!
0x0000000000128090,sub_128090,188,_ZN7subsdk010sub_128090Ev!
0x0000000000128150,sub_128150,172,_ZN7subsdk010sub_128150Ev!
0x0000000000128200,sub_128200,88,_ZN7subsdk010sub_128200Ev!
0x0000000000128260,sub_128260,112,_ZN7subsdk010sub_128260Ev!
0x00000000001282d0,sub_1282d0,192,_ZN7subsdk010sub_1282d0Ev!
0x0000000000128390,sub_128390,116,_ZN7subsdk010sub_128390Ev!
0x0000000000128410,sub_128410,192,_ZN7subsdk010sub_128410Ev!
0x00000000001284d0,sub_1284d0,108,_ZN7subsdk010sub_1284d0Ev!
0x0000000000128540,sub_128540,232,_ZN7subsdk010sub_128540Ev!
0x0000000000128630,sub_128630,68,_ZN7subsdk010sub_128630Ev!
0x0000000000128680,sub_128680,88,_ZN7subsdk010sub_128680Ev!
0x00000000001286e0,sub_1286e0,4,_Z16subsdk0_f_1286e0v
0x00000000001286f0,sub_1286f0,120,_ZN7subsdk010sub_1286f0Ev!
0x0000000000128770,sub_128770,44,_ZN7subsdk010sub_128770Ev!
0x00000000001287a0,sub_1287a0,140,_ZN7subsdk010sub_1287a0Ev!
0x0000000000128830,sub_128830,128,_ZN7subsdk010sub_128830Ev!
0x00000000001288b0,sub_1288b0,136,_ZN7subsdk025sub_1288b0_subsdk0_1288b0Ev!
0x0000000000128940,sub_128940,676,_ZN7subsdk010sub_128940Ev!
0x0000000000128bf0,sub_128bf0,144,_ZN7subsdk010sub_128bf0Ev!
0x0000000000128c80,sub_128c80,112,_ZN7subsdk010sub_128c80Ev!
0x0000000000128cf0,sub_128cf0,20,_ZN7subsdk010sub_128cf0Ev!
0x0000000000128d10,sub_128d10,448,_ZN7subsdk010sub_128d10Ev!
0x0000000000128ed0,sub_128ed0,112,_ZN7subsdk010sub_128ed0Ev!
0x0000000000128f40,sub_128f40,24,_ZN7subsdk010sub_128f40Ev!
0x0000000000128f60,sub_128f60,248,_ZN7subsdk010sub_128f60Ev!
0x0000000000129060,sub_129060,52,_ZN7subsdk010sub_129060Ev!
0x00000000001290a0,sub_1290a0,60,_ZN7subsdk010sub_1290a0Ev!
0x00000000001290e0,sub_1290e0,92,_ZN7subsdk010sub_1290e0Ev!
0x0000000000129140,sub_129140,64,_ZN7subsdk010sub_129140Ev!
0x0000000000129180,sub_129180,92,_ZN7subsdk010sub_129180Ev!
0x00000000001291e0,sub_1291e0,88,_ZN7subsdk010sub_1291e0Ev!
0x0000000000129240,sub_129240,128,_ZN7subsdk010sub_129240Ev!
0x00000000001292c0,sub_1292c0,108,_ZN7subsdk025sub_1292c0_subsdk0_1292c0Ev!
0x0000000000129330,sub_129330,32,_ZN7subsdk010sub_129330Ev!
0x0000000000129350,sub_129350,124,_ZN7subsdk010sub_129350Ev!
0x00000000001293d0,sub_1293d0,120,_ZN7subsdk010sub_1293d0Ev!
0x0000000000129450,sub_129450,116,_ZN7subsdk010sub_129450Ev!
0x00000000001294d0,sub_1294d0,116,_ZN7subsdk010sub_1294d0Ev!
0x0000000000129550,sub_129550,108,_ZN7subsdk010sub_129550Ev!
0x00000000001295c0,sub_1295c0,176,_ZN7subsdk010sub_1295c0Ev!
0x0000000000129670,sub_129670,52,_ZN7subsdk010sub_129670Ev!
0x00000000001296b0,sub_1296b0,24,_ZN7subsdk010sub_1296b0Ev!
0x00000000001296d0,sub_1296d0,244,_ZN7subsdk010sub_1296d0Ev!
0x00000000001297d0,sub_1297d0,108,_ZN7subsdk010sub_1297d0Ev!
0x0000000000129840,sub_129840,128,_ZN7subsdk010sub_129840Ev!
0x00000000001298c0,sub_1298c0,60,_ZN7subsdk010sub_1298c0Ev!
0x0000000000129900,sub_129900,24,_ZN7subsdk010sub_129900Ev!
0x0000000000129920,sub_129920,4,_Z16subsdk0_f_129920v
0x0000000000129930,sub_129930,100,_ZN7subsdk010sub_129930Ev!
0x00000000001299a0,sub_1299a0,96,_ZN7subsdk010sub_1299a0Ev!
0x0000000000129a00,sub_129a00,156,_ZN7subsdk010sub_129a00Ev!
0x0000000000129aa0,sub_129aa0,100,_ZN7subsdk010sub_129aa0Ev!
0x0000000000129b10,sub_129b10,24,_ZN7subsdk010sub_129b10Ev!
0x0000000000129b30,sub_129b30,116,_ZN7subsdk010sub_129b30Ev!
0x0000000000129bb0,sub_129bb0,112,_ZN7subsdk010sub_129bb0Ev!
0x0000000000129c20,sub_129c20,228,_ZN7subsdk010sub_129c20Ev!
0x0000000000129d10,sub_129d10,116,_ZN7subsdk010sub_129d10Ev!
0x0000000000129d90,sub_129d90,24,_ZN7subsdk010sub_129d90Ev!
0x0000000000129db0,sub_129db0,12,_ZN7subsdk010sub_129db0Ev!
0x0000000000129dc0,sub_129dc0,148,_ZN7subsdk010sub_129dc0Ev!
0x0000000000129e60,AwesomePlayer_Looper,368,_ZN7subsdk020AwesomePlayer_LooperEv!
0x0000000000129fd0,sub_129fd0,184,_ZN7subsdk010sub_129fd0Ev!
0x000000000012a090,sub_12a090,36,_ZN7subsdk010sub_12a090Ev!
0x000000000012a0c0,sub_12a0c0,8,_Z16subsdk0_f_12a0c0v
0x000000000012a0d0,sub_12a0d0,28,_ZN7subsdk010sub_12a0d0Ev!
0x000000000012a0f0,sub_12a0f0,8,_ZN7subsdk010sub_12a0f0Ev!
0x000000000012a100,sub_12a100,8,_Z16subsdk0_f_12a100v
0x000000000012a110,sub_12a110,8,_ZN7subsdk010sub_12a110Ev!
0x000000000012a120,sub_12a120,8,_ZN7subsdk010sub_12a120Ev!
0x000000000012a130,sub_12a130,8,_ZN7subsdk010sub_12a130Ev!
0x000000000012a140,sub_12a140,8,_ZN7subsdk010sub_12a140Ev!
0x000000000012a150,sub_12a150,8,_ZN7subsdk010sub_12a150Ev!
0x000000000012a160,sub_12a160,8,_ZN7subsdk010sub_12a160Ev!
0x000000000012a170,sub_12a170,12,_ZN7subsdk010sub_12a170Ev!
0x000000000012a180,sub_12a180,8,_ZN7subsdk010sub_12a180Ev!
0x000000000012a190,sub_12a190,8,_ZN7subsdk010sub_12a190Ev!
0x000000000012a1a0,sub_12a1a0,16,_ZN7subsdk010sub_12a1a0Ev!
0x000000000012a1b0,sub_12a1b0,100,_ZN7subsdk010sub_12a1b0Ev!
0x000000000012a220,sub_12a220,100,_ZN7subsdk010sub_12a220Ev!
0x000000000012a290,sub_12a290,28,_ZN7subsdk010sub_12a290Ev!
0x000000000012a2b0,sub_12a2b0,16,_ZN7subsdk010sub_12a2b0Ev!
0x000000000012a2c0,sub_12a2c0,8,_Z16subsdk0_f_12a2c0v
0x000000000012a2d0,sub_12a2d0,8,_ZN7subsdk010sub_12a2d0Ev!
0x000000000012a2e0,sub_12a2e0,92,_ZN7subsdk010sub_12a2e0Ev!
0x000000000012a340,sub_12a340,68,_ZN7subsdk010sub_12a340Ev!
0x000000000012a390,sub_12a390,8,_ZN7subsdk010sub_12a390Ev!
0x000000000012a3a0,sub_12a3a0,8,_ZN7subsdk010sub_12a3a0Ev!
0x000000000012a3b0,sub_12a3b0,136,_ZN7subsdk010sub_12a3b0Ev!
0x000000000012a440,sub_12a440,8,_ZN7subsdk010sub_12a440Ev!
0x000000000012a450,sub_12a450,8,_Z16subsdk0_f_12a450v
0x000000000012a460,sub_12a460,8,_Z16subsdk0_f_12a460v
0x000000000012a470,sub_12a470,8,_Z16subsdk0_f_12a470v
0x000000000012a480,sub_12a480,8,_Z16subsdk0_f_12a480v
0x000000000012a490,sub_12a490,8,_Z16subsdk0_f_12a490v
0x000000000012a4a0,sub_12a4a0,88,_ZN7subsdk010sub_12a4a0Ev!
0x000000000012a500,sub_12a500,4,_ZN7subsdk010sub_12a500Ev!
0x000000000012a510,sub_12a510,8,_Z16subsdk0_f_12a510v
0x000000000012a520,sub_12a520,8,_Z16subsdk0_f_12a520v
0x000000000012a530,sub_12a530,8,_Z16subsdk0_f_12a530v
0x000000000012a540,sub_12a540,8,_Z16subsdk0_f_12a540v
0x000000000012a550,sub_12a550,52,_ZN7subsdk010sub_12a550Ev!
0x000000000012a590,sub_12a590,4,_ZN7subsdk010sub_12a590Ev!
0x000000000012a5a0,sub_12a5a0,108,_ZN7subsdk010sub_12a5a0Ev!
0x000000000012a610,sub_12a610,236,_ZN7subsdk010sub_12a610Ev!
0x000000000012a700,sub_12a700,8,_Z16subsdk0_f_12a700Pvm
0x000000000012a710,sub_12a710,24,_ZN7subsdk010sub_12a710Ev!
0x000000000012a730,StartUp_Latency_lld_msecs,1264,_ZN7subsdk025StartUp_Latency_lld_msecsEv!
0x000000000012ac20,Streaming_Statistics,164,_ZN7subsdk020Streaming_StatisticsEv!
0x000000000012acd0,sub_12acd0,284,_ZN7subsdk010sub_12acd0Ev!
0x000000000012adf0,sub_12adf0,8,_Z16subsdk0_f_12adf0Pv
0x000000000012ae00,enable_prof,532,_ZN7subsdk011enable_profEv!
0x000000000012b020,sub_12b020,12,_ZN7subsdk010sub_12b020Ev!
0x000000000012b030,sub_12b030,140,_ZN7subsdk010sub_12b030Ev!
0x000000000012b0c0,sub_12b0c0,100,_ZN7subsdk010sub_12b0c0Ev!
0x000000000012b130,sub_12b130,52,_ZN7subsdk010sub_12b130Ev!
0x000000000012b170,sub_12b170,8,_Z16subsdk0_f_12b170Pv
0x000000000012b180,sub_12b180,484,_ZN7subsdk010sub_12b180Ev!
0x000000000012b370,sub_12b370,444,_ZN7subsdk010sub_12b370Ev!
0x000000000012b530,sub_12b530,488,_ZN7subsdk010sub_12b530Ev!
0x000000000012b720,sub_12b720,60,_ZN7subsdk010sub_12b720Ev!
0x000000000012b760,sub_12b760,4,_Z16subsdk0_f_12b760v
0x000000000012b770,sub_12b770,4,_Z16subsdk0_f_12b770v
0x000000000012b780,sub_12b780,20,_ZN7subsdk010sub_12b780Ev!
0x000000000012b7a0,sub_12b7a0,96,_ZN7subsdk010sub_12b7a0Ev!
0x000000000012b800,sub_12b800,20,_ZN7subsdk010sub_12b800Ev!
0x000000000012b820,sub_12b820,20,_ZN7subsdk010sub_12b820Ev!
0x000000000012b840,NuPlayerStreamListener,1356,_ZN7subsdk022NuPlayerStreamListenerEv!
0x000000000012bd90,NuPlayerStreamListener_2,1320,_ZN7subsdk024NuPlayerStreamListener_2Ev!
0x000000000012c2c0,sub_12c2c0,184,_ZN7subsdk010sub_12c2c0Ev!
0x000000000012c380,sub_12c380,200,_ZN7subsdk010sub_12c380Ev!
0x000000000012c450,NuPlayerStreamListener_3,348,_ZN7subsdk024NuPlayerStreamListener_3Ev!
0x000000000012c5b0,NuPlayerStreamListener_4,812,_ZN7subsdk024NuPlayerStreamListener_4Ev!
0x000000000012c8e0,sub_12c8e0,44,_ZN7subsdk010sub_12c8e0Ev!
0x000000000012c910,sub_12c910,52,_ZN7subsdk010sub_12c910Ev!
0x000000000012c950,sub_12c950,48,_ZN7subsdk010sub_12c950Ev!
0x000000000012c980,sub_12c980,60,_ZN7subsdk010sub_12c980Ev!
0x000000000012c9c0,sub_12c9c0,56,_ZN7subsdk010sub_12c9c0Ev!
0x000000000012ca00,sub_12ca00,64,_ZN7subsdk010sub_12ca00Ev!
0x000000000012ca40,sub_12ca40,292,_ZN7subsdk010sub_12ca40Ev!
0x000000000012cb70,sub_12cb70,160,_ZN7subsdk010sub_12cb70Ev!
0x000000000012cc10,sub_12cc10,152,_ZN7subsdk010sub_12cc10Ev!
0x000000000012ccb0,sub_12ccb0,100,_ZN7subsdk010sub_12ccb0Ev!
0x000000000012cd20,sub_12cd20,80,_ZN7subsdk010sub_12cd20Ev!
0x000000000012cd70,sub_12cd70,68,_ZN7subsdk010sub_12cd70Ev!
0x000000000012cdc0,sub_12cdc0,88,_ZN7subsdk010sub_12cdc0Ev!
0x000000000012ce20,injected,320,_ZN7subsdk08injectedEv!
0x000000000012cf60,rtp_socket,168,_ZN7subsdk010rtp_socketEv!
0x000000000012d010,ARTPConnection,24,_ZN7subsdk014ARTPConnectionEv!
0x000000000012d030,ARTPConnection_2,168,_ZN7subsdk016ARTPConnection_2Ev!
0x000000000012d0e0,ARTPConnection_3,944,_ZN7subsdk016ARTPConnection_3Ev!
0x000000000012d490,ARTPConnection_4,340,_ZN7subsdk016ARTPConnection_4Ev!
0x000000000012d5f0,ARTPConnection_5,772,_ZN7subsdk016ARTPConnection_5Ev!
0x000000000012d900,ARTPConnection_6,324,_ZN7subsdk016ARTPConnection_6Ev!
0x000000000012da50,sub_12da50,132,_ZN7subsdk010sub_12da50Ev!
0x000000000012dae0,ARTPConnection_7,132,_ZN7subsdk016ARTPConnection_7Ev!
0x000000000012db70,rtp_time,512,_ZN7subsdk08rtp_timeEv!
0x000000000012dd70,first_rtcp,384,_ZN7subsdk010first_rtcpEv!
0x000000000012def0,sub_12def0,296,_ZN7subsdk010sub_12def0Ev!
0x000000000012e020,sub_12e020,140,_ZN7subsdk010sub_12e020Ev!
0x000000000012e0b0,sub_12e0b0,116,_ZN7subsdk010sub_12e0b0Ev!
0x000000000012e130,buffer,168,_ZN7subsdk06bufferEv!
0x000000000012e1e0,sub_12e1e0,52,_ZN7subsdk010sub_12e1e0Ev!
0x000000000012e220,sub_12e220,60,_ZN7subsdk010sub_12e220Ev!
0x000000000012e260,sub_12e260,92,_ZN7subsdk010sub_12e260Ev!
0x000000000012e2c0,sub_12e2c0,64,_ZN7subsdk010sub_12e2c0Ev!
0x000000000012e300,sub_12e300,92,_ZN7subsdk010sub_12e300Ev!
0x000000000012e360,sub_12e360,88,_ZN7subsdk010sub_12e360Ev!
0x000000000012e3c0,sub_12e3c0,128,_ZN7subsdk010sub_12e3c0Ev!
0x000000000012e440,sub_12e440,108,_ZN7subsdk010sub_12e440Ev!
0x000000000012e4b0,sub_12e4b0,32,_ZN7subsdk010sub_12e4b0Ev!
0x000000000012e4d0,sub_12e4d0,64,_ZN7subsdk010sub_12e4d0Ev!
0x000000000012e510,sub_12e510,180,_ZN7subsdk010sub_12e510Ev!
0x000000000012e5d0,sub_12e5d0,80,_ZN7subsdk010sub_12e5d0Ev!
0x000000000012e620,sub_12e620,64,_ZN7subsdk010sub_12e620Ev!
0x000000000012e660,sub_12e660,72,_ZN7subsdk010sub_12e660Ev!
0x000000000012e6b0,sub_12e6b0,4,_ZN7subsdk010sub_12e6b0Ev!
0x000000000012e6c0,access_unit,500,_ZN7subsdk011access_unitEv!
0x000000000012e8c0,ARawAudioAssembler,92,_ZN5audio18ARawAudioAssemblerEv!
0x000000000012e920,sub_12e920,84,_ZN7subsdk010sub_12e920Ev!
0x000000000012e980,sub_12e980,92,_ZN7subsdk010sub_12e980Ev!
0x000000000012e9e0,ARawAudioAssembler_2,212,_ZN5audio20ARawAudioAssembler_2Ev!
0x000000000012eac0,ARTPSource,924,_ZN7subsdk010ARTPSourceEv!
0x000000000012ee60,sub_12ee60,96,_ZN7subsdk010sub_12ee60Ev!
0x000000000012eec0,sub_12eec0,304,_ZN7subsdk010sub_12eec0Ev!
0x000000000012eff0,rtp_time_2,156,_ZN7subsdk010rtp_time_2Ev!
0x000000000012f090,sub_12f090,16,_ZN7subsdk010sub_12f090Ev!
0x000000000012f0a0,sub_12f0a0,224,_ZN7subsdk010sub_12f0a0Ev!
0x000000000012f180,sub_12f180,316,_ZN7subsdk010sub_12f180Ev!
0x000000000012f2c0,sub_12f2c0,200,_ZN7subsdk010sub_12f2c0Ev!
0x000000000012f390,sub_12f390,36,_ZN7subsdk010sub_12f390Ev!
0x000000000012f3c0,sub_12f3c0,160,_ZN7subsdk010sub_12f3c0Ev!
0x000000000012f460,sub_12f460,152,_ZN7subsdk010sub_12f460Ev!
0x000000000012f500,APacketSource,528,_ZN7subsdk013APacketSourceEv!
0x000000000012f710,sub_12f710,256,_ZN7subsdk010sub_12f710Ev!
0x000000000012f810,sub_12f810,324,_ZN7subsdk010sub_12f810Ev!
0x000000000012f960,APacketSource_2,648,_ZN7subsdk015APacketSource_2Ev!
0x000000000012fbf0,APacketSource_3,4640,_ZN7subsdk015APacketSource_3Ev!
0x0000000000130e10,sub_130e10,64,_ZN7subsdk010sub_130e10Ev!
0x0000000000130e50,sub_130e50,72,_ZN7subsdk025sub_130e50_subsdk0_130e50Ev!
0x0000000000130ea0,sub_130ea0,8,_Z16subsdk0_f_130ea0Pv
0x0000000000130eb0,sub_130eb0,24,_ZN7subsdk010sub_130eb0Ev!
0x0000000000130ed0,sub_130ed0,52,_ZN7subsdk010sub_130ed0Ev!
0x0000000000130f10,sub_130f10,60,_ZN7subsdk010sub_130f10Ev!
0x0000000000130f50,sub_130f50,24,_ZN7subsdk010sub_130f50Ev!
0x0000000000130f70,sub_130f70,64,_ZN7subsdk010sub_130f70Ev!
0x0000000000130fb0,sub_130fb0,84,_ZN7subsdk010sub_130fb0Ev!
0x0000000000131010,sub_131010,80,_ZN7subsdk010sub_131010Ev!
0x0000000000131060,sub_131060,100,_ZN7subsdk010sub_131060Ev!
0x00000000001310d0,sub_1310d0,100,_ZN7subsdk010sub_1310d0Ev!
0x0000000000131140,sub_131140,24,_ZN7subsdk010sub_131140Ev!
0x0000000000131160,AMPEG4AudioAssembler,1372,_ZN5audio20AMPEG4AudioAssemblerEv!
0x00000000001316c0,AMPEG4AudioAssembler_2,3468,_ZN5audio22AMPEG4AudioAssembler_2Ev!
0x0000000000132450,sub_132450,256,_ZN7subsdk010sub_132450Ev!
0x0000000000132550,sub_132550,184,_ZN7subsdk010sub_132550Ev!
0x0000000000132610,sub_132610,36,_ZN7subsdk010sub_132610Ev!
0x0000000000132640,sub_132640,56,_ZN7subsdk010sub_132640Ev!
0x0000000000132680,AMPEG4AudioAssembler_3,580,_ZN5audio22AMPEG4AudioAssembler_3Ev!
0x00000000001328d0,AMPEG4AudioAssembler_4,424,_ZN5audio22AMPEG4AudioAssembler_4Ev!
0x0000000000132a80,AMPEG4AudioAssembler_5,100,_ZN5audio22AMPEG4AudioAssembler_5Ev!
0x0000000000132af0,sub_132af0,84,_ZN7subsdk010sub_132af0Ev!
0x0000000000132b50,sub_132b50,120,_ZN7subsdk010sub_132b50Ev!
0x0000000000132bd0,sub_132bd0,184,_ZN7subsdk010sub_132bd0Ev!
0x0000000000132c90,sub_132c90,36,_ZN7subsdk010sub_132c90Ev!
0x0000000000132cc0,sub_132cc0,56,_ZN7subsdk010sub_132cc0Ev!
0x0000000000132d00,AH263Assembler,764,_ZN7subsdk014AH263AssemblerEv!
0x0000000000133000,AH263Assembler_2,516,_ZN7subsdk016AH263Assembler_2Ev!
0x0000000000133210,AH263Assembler_3,100,_ZN7subsdk016AH263Assembler_3Ev!
0x0000000000133280,sub_133280,84,_ZN7subsdk010sub_133280Ev!
0x00000000001332e0,AAMRAssembler,448,_ZN7subsdk013AAMRAssemblerEv!
0x00000000001334a0,sub_1334a0,284,_ZN7subsdk025sub_1334a0_subsdk0_1334a0Ev!
0x00000000001335c0,sub_1335c0,64,_ZN7subsdk025sub_1335c0_subsdk0_1335c0Ev!
0x0000000000133600,sub_133600,72,_ZN7subsdk010sub_133600Ev!
0x0000000000133650,sub_133650,4,_ZN7subsdk010sub_133650Ev!
0x0000000000133660,access_unit_2,1180,_ZN7subsdk013access_unit_2Ev!
0x0000000000133b00,sub_133b00,52,_ZN7subsdk010sub_133b00Ev!
0x0000000000133b40,AAMRAssembler_2,92,_ZN7subsdk015AAMRAssembler_2Ev!
0x0000000000133ba0,sub_133ba0,84,_ZN7subsdk010sub_133ba0Ev!
0x0000000000133c00,sub_133c00,60,_ZN7subsdk010sub_133c00Ev!
0x0000000000133c40,sub_133c40,4,_Z16subsdk0_f_133c40v
0x0000000000133c50,sub_133c50,4,_Z16subsdk0_f_133c50v
0x0000000000133c60,sub_133c60,16,_ZN7subsdk010sub_133c60Ev!
0x0000000000133c70,sub_133c70,96,_ZN7subsdk010sub_133c70Ev!
0x0000000000133cd0,sub_133cd0,16,_ZN7subsdk010sub_133cd0Ev!
0x0000000000133ce0,sub_133ce0,16,_ZN7subsdk010sub_133ce0Ev!
0x0000000000133cf0,indexDeltaLength,1852,_ZN7subsdk016indexDeltaLengthEv!
0x0000000000134430,sub_134430,256,_ZN7subsdk010sub_134430Ev!
0x0000000000134530,sub_134530,192,_ZN7subsdk010sub_134530Ev!
0x00000000001345f0,sub_1345f0,36,_ZN7subsdk010sub_1345f0Ev!
0x0000000000134620,AMPEG4ElementaryAssembler,1452,_ZN7subsdk025AMPEG4ElementaryAssemblerEv!
0x0000000000134bd0,AMPEG4ElementaryAssembler_2,444,_ZN7subsdk027AMPEG4ElementaryAssembler_2Ev!
0x0000000000134d90,sub_134d90,56,_ZN7subsdk010sub_134d90Ev!
0x0000000000134dd0,AMPEG4ElementaryAssembler_3,100,_ZN7subsdk027AMPEG4ElementaryAssembler_3Ev!
0x0000000000134e40,sub_134e40,84,_ZN7subsdk010sub_134e40Ev!
0x0000000000134ea0,sub_134ea0,80,_ZN7subsdk010sub_134ea0Ev!
0x0000000000134ef0,sub_134ef0,64,_ZN7subsdk010sub_134ef0Ev!
0x0000000000134f30,sub_134f30,72,_ZN7subsdk010sub_134f30Ev!
0x0000000000134f80,sub_134f80,4,_ZN7subsdk010sub_134f80Ev!
0x0000000000134f90,access_unit_3,536,_ZN7subsdk013access_unit_3Ev!
0x00000000001351b0,AMPEG2TSAssembler,92,_ZN7subsdk017AMPEG2TSAssemblerEv!
0x0000000000135210,sub_135210,84,_ZN7subsdk025sub_135210_subsdk0_135210Ev!
0x0000000000135270,sub_135270,120,_ZN7subsdk010sub_135270Ev!
0x00000000001352f0,sub_1352f0,184,_ZN7subsdk010sub_1352f0Ev!
0x00000000001353b0,sub_1353b0,36,_ZN7subsdk010sub_1353b0Ev!
0x00000000001353e0,sub_1353e0,636,_ZN7subsdk010sub_1353e0Ev!
0x0000000000135660,AAVCAssembler,268,_ZN7subsdk013AAVCAssemblerEv!
0x0000000000135770,AAVCAssembler_2,944,_ZN7subsdk015AAVCAssembler_2Ev!
0x0000000000135b20,sub_135b20,260,_ZN7subsdk010sub_135b20Ev!
0x0000000000135c30,AAVCAssembler_3,572,_ZN7subsdk015AAVCAssembler_3Ev!
0x0000000000135e70,sub_135e70,56,_ZN7subsdk010sub_135e70Ev!
0x0000000000135eb0,AAVCAssembler_4,100,_ZN7subsdk015AAVCAssembler_4Ev!
0x0000000000135f20,sub_135f20,84,_ZN7subsdk010sub_135f20Ev!
0x0000000000135f80,sub_135f80,56,_ZN7subsdk010sub_135f80Ev!
0x0000000000135fc0,sub_135fc0,160,_ZN7subsdk010sub_135fc0Ev!
0x0000000000136060,ARTPAssembler_cpp_63_CHECK_from_meta_findInt32_rtp_time,200,_ZN7subsdk055ARTPAssembler_cpp_63_CHECK_from_meta_findInt32_rtp_timeEv!
0x0000000000136130,sub_136130,368,_ZN7subsdk010sub_136130Ev!
0x00000000001362a0,sub_1362a0,268,_ZN7subsdk010sub_1362a0Ev!
0x00000000001363b0,sub_1363b0,4,_ZN7subsdk010sub_1363b0Ev!
0x00000000001363c0,sdp_net,176,_ZN7subsdk07sdp_netEv!
0x0000000000136470,headers,272,_ZN7subsdk07headersEv!
0x0000000000136580,sub_136580,80,_ZN7subsdk010sub_136580Ev!
0x00000000001365d0,SDPLoader,96,_ZN7subsdk09SDPLoaderEv!
0x0000000000136630,description,748,_ZN7subsdk011descriptionEv!
0x0000000000136920,sub_136920,96,_ZN7subsdk010sub_136920Ev!
0x0000000000136980,sub_136980,104,_ZN7subsdk010sub_136980Ev!
0x00000000001369f0,sub_1369f0,116,_ZN7subsdk010sub_1369f0Ev!
0x0000000000136a70,sub_136a70,120,_ZN7subsdk010sub_136a70Ev!
0x0000000000136af0,sub_136af0,52,_ZN7subsdk010sub_136af0Ev!
0x0000000000136b30,sub_136b30,128,_ZN7subsdk010sub_136b30Ev!
0x0000000000136bb0,sub_136bb0,88,_ZN7subsdk010sub_136bb0Ev!
0x0000000000136c10,a_fmtp,1232,_ZN7subsdk06a_fmtpEv!
0x00000000001370e0,sub_1370e0,8,_Z16subsdk0_f_1370e0Pv
0x00000000001370f0,sub_1370f0,8,_Z16subsdk0_f_1370f0Pv
0x0000000000137100,ASessionDescription,324,_ZN7subsdk019ASessionDescriptionEv!
0x0000000000137250,ASessionDescription_2,456,_ZN7subsdk021ASessionDescription_2Ev!
0x0000000000137420,ASessionDescription_3,660,_ZN7subsdk021ASessionDescription_3Ev!
0x00000000001376c0,ASessionDescription_4,832,_ZN7subsdk021ASessionDescription_4Ev!
0x0000000000137a00,ASessionDescription_5,396,_ZN7subsdk021ASessionDescription_5Ev!
0x0000000000137b90,sub_137b90,232,_ZN7subsdk010sub_137b90Ev!
0x0000000000137c80,ASessionDescription_6,740,_ZN7subsdk021ASessionDescription_6Ev!
0x0000000000137f70,sub_137f70,52,_ZN7subsdk010sub_137f70Ev!
0x0000000000137fb0,sub_137fb0,60,_ZN7subsdk010sub_137fb0Ev!
0x0000000000137ff0,sub_137ff0,64,_ZN7subsdk010sub_137ff0Ev!
0x0000000000138030,sub_138030,64,_ZN7subsdk010sub_138030Ev!
0x0000000000138070,sub_138070,88,_ZN7subsdk010sub_138070Ev!
0x00000000001380d0,sub_1380d0,88,_ZN7subsdk010sub_1380d0Ev!
0x0000000000138130,sub_138130,120,_ZN7subsdk010sub_138130Ev!
0x00000000001381b0,sub_1381b0,108,_ZN7subsdk010sub_1381b0Ev!
0x0000000000138220,sub_138220,72,_ZN7subsdk010sub_138220Ev!
0x0000000000138270,sub_138270,60,_ZN7subsdk010sub_138270Ev!
0x00000000001382b0,sub_1382b0,84,_ZN7subsdk010sub_1382b0Ev!
0x0000000000138310,sub_138310,92,_ZN7subsdk010sub_138310Ev!
0x0000000000138370,sub_138370,88,_ZN7subsdk010sub_138370Ev!
0x00000000001383d0,sub_1383d0,84,_ZN7subsdk010sub_1383d0Ev!
0x0000000000138430,sub_138430,24,_ZN7subsdk010sub_138430Ev!
0x0000000000138450,sub_138450,24,_ZN7subsdk010sub_138450Ev!
0x0000000000138470,x_hide_urls_from_log,460,_ZN7subsdk020x_hide_urls_from_logEv!
0x0000000000138640,sub_138640,44,_ZN7subsdk010sub_138640Ev!
0x0000000000138670,sub_138670,204,_ZN7subsdk010sub_138670Ev!
0x0000000000138740,sub_138740,132,_ZN7subsdk010sub_138740Ev!
0x00000000001387d0,sub_1387d0,36,_ZN7subsdk025sub_1387d0_subsdk0_1387d0Ev!
0x0000000000138800,sub_138800,16,_ZN7subsdk010sub_138800Ev!
0x0000000000138810,http_live,456,_ZN7subsdk09http_liveEv!
0x00000000001389e0,sub_1389e0,4,_Z16subsdk0_f_1389e0v
0x00000000001389f0,sub_1389f0,144,_ZN7subsdk010sub_1389f0Ev!
0x0000000000138a80,sub_138a80,8,_Z16subsdk0_f_138a80v
0x0000000000138a90,sub_138a90,20,_ZN7subsdk010sub_138a90Ev!
0x0000000000138ab0,sub_138ab0,8,_ZN7subsdk010sub_138ab0Ev!
0x0000000000138ac0,sub_138ac0,8,_ZN7subsdk010sub_138ac0Ev!
0x0000000000138ad0,sub_138ad0,8,_ZN7subsdk010sub_138ad0Ev!
0x0000000000138ae0,sub_138ae0,20,_ZN7subsdk010sub_138ae0Ev!
0x0000000000138b00,generation,184,_ZN7subsdk010generationEv!
0x0000000000138bc0,sub_138bc0,8,_ZN7subsdk010sub_138bc0Ev!
0x0000000000138bd0,HTTPLiveSource,680,_ZN7subsdk014HTTPLiveSourceEv!
0x0000000000138e80,HTTPLiveSource_2,916,_ZN7subsdk016HTTPLiveSource_2Ev!
0x0000000000139220,sub_139220,52,_ZN7subsdk010sub_139220Ev!
0x0000000000139260,sub_139260,8,_Z16subsdk0_f_139260Pvm
0x0000000000139270,sub_139270,4,_Z16subsdk0_f_139270v
0x0000000000139280,sub_139280,4,_Z16subsdk0_f_139280v
0x0000000000139290,sub_139290,4,_Z16subsdk0_f_139290v
0x00000000001392a0,sub_1392a0,4,_Z16subsdk0_f_1392a0v
0x00000000001392b0,sub_1392b0,8,_ZN7subsdk010sub_1392b0Ev!
0x00000000001392c0,sub_1392c0,8,_ZN7subsdk010sub_1392c0Ev!
0x00000000001392d0,sub_1392d0,8,_Z16subsdk0_f_1392d0v
0x00000000001392e0,sub_1392e0,8,_Z16subsdk0_f_1392e0v
0x00000000001392f0,sub_1392f0,24,_ZN7subsdk025sub_1392f0_subsdk0_1392f0Ev!
0x0000000000139310,sub_139310,88,_ZN7subsdk025sub_139310_subsdk0_139310Ev!
0x0000000000139370,sub_139370,16,_Z16subsdk0_f_139370Pv
0x0000000000139380,sub_139380,424,_ZN7subsdk010sub_139380Ev!
0x0000000000139530,VideoFrameScheduler,764,_ZN7subsdk019VideoFrameSchedulerEv!
0x0000000000139830,sub_139830,24,_ZN7subsdk010sub_139830Ev!
0x0000000000139850,sub_139850,460,_ZN7subsdk010sub_139850Ev!
0x0000000000139a20,sub_139a20,84,_ZN7subsdk010sub_139a20Ev!
0x0000000000139a80,sub_139a80,164,_ZN7subsdk010sub_139a80Ev!
0x0000000000139b30,sub_139b30,236,_ZN7subsdk010sub_139b30Ev!
0x0000000000139c20,sub_139c20,20,_ZN7subsdk010sub_139c20Ev!
0x0000000000139c40,sub_139c40,24,_ZN7subsdk010sub_139c40Ev!
0x0000000000139c60,sub_139c60,804,_ZN7subsdk010sub_139c60Ev!
0x0000000000139f90,sub_139f90,60,_ZN7subsdk010sub_139f90Ev!
0x0000000000139fd0,sub_139fd0,84,_ZN7subsdk010sub_139fd0Ev!
0x000000000013a030,sub_13a030,92,_ZN7subsdk010sub_13a030Ev!
0x000000000013a090,sub_13a090,324,_ZN7subsdk025sub_13a090_subsdk0_13a090Ev!
0x000000000013a1e0,sub_13a1e0,156,_ZN7subsdk010sub_13a1e0Ev!
0x000000000013a280,sub_13a280,184,_ZN7subsdk010sub_13a280Ev!
0x000000000013a340,sub_13a340,56,_ZN7subsdk025sub_13a340_subsdk0_13a340Ev!
0x000000000013a380,sub_13a380,84,_ZN7subsdk010sub_13a380Ev!
0x000000000013a3e0,sub_13a3e0,24,_ZN7subsdk010sub_13a3e0Ev!
0x000000000013a400,GenericSource,1880,_ZN7subsdk013GenericSourceEv!
0x000000000013ab60,GenericSource_2,204,_ZN7subsdk015GenericSource_2Ev!
0x000000000013ac30,sub_13ac30,48,_ZN7subsdk010sub_13ac30Ev!
0x000000000013ac60,sub_13ac60,44,_ZN7subsdk010sub_13ac60Ev!
0x000000000013ac90,sub_13ac90,588,_ZN7subsdk010sub_13ac90Ev!
0x000000000013aee0,sub_13aee0,52,_ZN7subsdk010sub_13aee0Ev!
0x000000000013af20,sub_13af20,36,_ZN7subsdk010sub_13af20Ev!
0x000000000013af50,generic,260,_ZN7subsdk022generic_subsdk0_13af50Ev!
0x000000000013b060,unnamed_3,1068,_ZN7subsdk024unnamed_3_subsdk0_13b060Ev!
0x000000000013b490,sub_13b490,352,_ZN7subsdk010sub_13b490Ev!
0x000000000013b5f0,GenericSource_3,428,_ZN7subsdk015GenericSource_3Ev!
0x000000000013b7a0,sub_13b7a0,144,_ZN7subsdk010sub_13b7a0Ev!
0x000000000013b830,sub_13b830,16,_ZN7subsdk025sub_13b830_subsdk0_13b830Ev!
0x000000000013b840,sub_13b840,32,_ZN7subsdk010sub_13b840Ev!
0x000000000013b860,sub_13b860,20,_Z16subsdk0_f_13b860Pv
0x000000000013b880,sub_13b880,120,_ZN7subsdk010sub_13b880Ev!
0x000000000013b900,trackType,192,_ZN7subsdk09trackTypeEv!
0x000000000013b9c0,sub_13b9c0,236,_ZN7subsdk010sub_13b9c0Ev!
0x000000000013bab0,sub_13bab0,156,_ZN7subsdk010sub_13bab0Ev!
0x000000000013bb50,sub_13bb50,36,_ZN7subsdk010sub_13bb50Ev!
0x000000000013bb80,sub_13bb80,72,_ZN7subsdk010sub_13bb80Ev!
0x000000000013bbd0,sub_13bbd0,240,_ZN7subsdk010sub_13bbd0Ev!
0x000000000013bcc0,sub_13bcc0,8,_Z16subsdk0_f_13bcc0v
0x000000000013bcd0,generation_2,136,_ZN7subsdk012generation_2Ev!
0x000000000013bd60,percentage,632,_ZN7subsdk010percentageEv!
0x000000000013bfe0,percentage_2,108,_ZN7subsdk012percentage_2Ev!
0x000000000013c050,sub_13c050,132,_ZN7subsdk010sub_13c050Ev!
0x000000000013c0e0,bandwidth,164,_ZN7subsdk09bandwidthEv!
0x000000000013c190,sub_13c190,140,_ZN7subsdk010sub_13c190Ev!
0x000000000013c220,trackIndex,1856,_ZN7subsdk010trackIndexEv!
0x000000000013c960,GenericSource_4,396,_ZN7subsdk015GenericSource_4Ev!
0x000000000013caf0,GenericSource_5,336,_ZN7subsdk015GenericSource_5Ev!
0x000000000013cc40,GenericSource_6,988,_ZN7subsdk015GenericSource_6Ev!
0x000000000013d020,GenericSource_7,384,_ZN7subsdk015GenericSource_7Ev!
0x000000000013d1a0,GenericSource_8,360,_ZN7subsdk015GenericSource_8Ev!
0x000000000013d310,trackIndex_2,416,_ZN7subsdk012trackIndex_2Ev!
0x000000000013d4b0,GenericSource_9,272,_ZN7subsdk015GenericSource_9Ev!
0x000000000013d5c0,GenericSource_10,168,_ZN7subsdk016GenericSource_10Ev!
0x000000000013d670,GenericSource_11,288,_ZN7subsdk016GenericSource_11Ev!
0x000000000013d790,GenericSource_12,696,_ZN7subsdk016GenericSource_12Ev!
0x000000000013da50,sub_13da50,16,_Z16subsdk0_f_13da50PvS_
0x000000000013da60,sub_13da60,8,_Z16subsdk0_f_13da60Pv
0x000000000013da70,GenericSource_13,436,_ZN7subsdk016GenericSource_13Ev!
0x000000000013dc30,GenericSource_14,288,_ZN7subsdk016GenericSource_14Ev!
0x000000000013dd50,sub_13dd50,112,_ZN7subsdk010sub_13dd50Ev!
0x000000000013ddc0,trackIndex_3,332,_ZN7subsdk012trackIndex_3Ev!
0x000000000013df10,trackIndex_4,1296,_ZN7subsdk012trackIndex_4Ev!
0x000000000013e420,GenericSource_15,276,_ZN7subsdk016GenericSource_15Ev!
0x000000000013e540,sub_13e540,212,_ZN7subsdk010sub_13e540Ev!
0x000000000013e620,trackIndex_5,940,_ZN7subsdk012trackIndex_5Ev!
0x000000000013e9d0,sub_13e9d0,60,_ZN7subsdk010sub_13e9d0Ev!
0x000000000013ea10,sub_13ea10,24,_ZN7subsdk010sub_13ea10Ev!
0x000000000013ea30,sub_13ea30,76,_ZN7subsdk010sub_13ea30Ev!
0x000000000013ea80,sub_13ea80,96,_ZN7subsdk010sub_13ea80Ev!
0x000000000013eae0,sub_13eae0,92,_ZN7subsdk010sub_13eae0Ev!
0x000000000013eb40,sub_13eb40,100,_ZN7subsdk010sub_13eb40Ev!
0x000000000013ebb0,sub_13ebb0,100,_ZN7subsdk025sub_13ebb0_subsdk0_13ebb0Ev!
0x000000000013ec20,sub_13ec20,44,_ZN7subsdk010sub_13ec20Ev!
0x000000000013ec50,sub_13ec50,184,_ZN7subsdk010sub_13ec50Ev!
0x000000000013ed10,sub_13ed10,340,_ZN7subsdk010sub_13ed10Ev!
0x000000000013ee70,sub_13ee70,160,_ZN7subsdk010sub_13ee70Ev!
0x000000000013ef10,sub_13ef10,36,_ZN7subsdk010sub_13ef10Ev!
0x000000000013ef40,sub_13ef40,16,_Z16subsdk0_f_13ef40Pvm
0x000000000013ef50,sub_13ef50,84,_ZN7subsdk010sub_13ef50Ev!
0x000000000013efb0,source,284,_ZN7subsdk06sourceEv!
0x000000000013f0d0,source_2,660,_ZN7subsdk08source_2Ev!
0x000000000013f370,source_3,404,_ZN7subsdk08source_3Ev!
0x000000000013f510,source_4,368,_ZN7subsdk08source_4Ev!
0x000000000013f680,sub_13f680,64,_ZN7subsdk010sub_13f680Ev!
0x000000000013f6c0,native_window,344,_ZN7subsdk013native_windowEv!
0x000000000013f820,sub_13f820,184,_ZN7subsdk010sub_13f820Ev!
0x000000000013f8e0,sub_13f8e0,64,_ZN7subsdk010sub_13f8e0Ev!
0x000000000013f920,sub_13f920,64,_ZN7subsdk010sub_13f920Ev!
0x000000000013f960,sub_13f960,84,_ZN7subsdk025sub_13f960_subsdk0_13f960Ev!
0x000000000013f9c0,seekTimeUs,172,_ZN7subsdk010seekTimeUsEv!
0x000000000013fa70,language,608,_ZN7subsdk08languageEv!
0x000000000013fcd0,trackIndex_6,9516,_ZN7subsdk012trackIndex_6Ev!
0x0000000000142200,sub_142200,268,_ZN7subsdk010sub_142200Ev!
0x0000000000142310,sub_142310,128,_ZN7subsdk010sub_142310Ev!
0x0000000000142390,sub_142390,32,_ZN7subsdk010sub_142390Ev!
0x00000000001423b0,sub_1423b0,188,_ZN7subsdk010sub_1423b0Ev!
0x0000000000142470,sub_142470,132,_ZN7subsdk010sub_142470Ev!
0x0000000000142500,NuPlayerRenderer,848,_ZN7subsdk016NuPlayerRendererEv!
0x0000000000142850,generation_3,1552,_ZN7subsdk012generation_3Ev!
0x0000000000142e60,sub_142e60,148,_ZN7subsdk010sub_142e60Ev!
0x0000000000142f00,generation_4,136,_ZN7subsdk012generation_4Ev!
0x0000000000142f90,sub_142f90,148,_ZN7subsdk010sub_142f90Ev!
0x0000000000143030,isDecoder,240,_ZN7subsdk09isDecoderEv!
0x0000000000143120,sub_143120,76,_ZN7subsdk010sub_143120Ev!
0x0000000000143170,NuPlayer,748,_ZN7subsdk08NuPlayerEv!
0x0000000000143460,sub_143460,112,_ZN7subsdk010sub_143460Ev!
0x00000000001434d0,sub_1434d0,128,_ZN7subsdk010sub_1434d0Ev!
0x0000000000143550,sub_143550,8,_ZN7subsdk010sub_143550Ev!
0x0000000000143560,NuPlayer_2,124,_ZN7subsdk010NuPlayer_2Ev!
0x00000000001435e0,NuPlayer_3,368,_ZN7subsdk010NuPlayer_3Ev!
0x0000000000143750,sub_143750,92,_ZN7subsdk010sub_143750Ev!
0x00000000001437b0,percentage_3,2200,_ZN7subsdk012percentage_3Ev!
0x0000000000144050,NuPlayer_4,384,_ZN7subsdk010NuPlayer_4Ev!
0x00000000001441d0,sub_1441d0,28,_ZN7subsdk025sub_1441d0_subsdk0_1441d0Ev!
0x00000000001441f0,sub_1441f0,16,_ZN7subsdk010sub_1441f0Ev!
0x0000000000144200,generation_5,156,_ZN7subsdk012generation_5Ev!
0x00000000001442a0,sub_1442a0,52,_ZN7subsdk010sub_1442a0Ev!
0x00000000001442e0,sub_1442e0,140,_ZN7subsdk010sub_1442e0Ev!
0x0000000000144370,sub_144370,528,_ZN7subsdk010sub_144370Ev!
0x0000000000144580,sub_144580,188,_ZN7subsdk010sub_144580Ev!
0x0000000000144640,sub_144640,176,_ZN7subsdk010sub_144640Ev!
0x00000000001446f0,NuPlayer_5,304,_ZN7subsdk010NuPlayer_5Ev!
0x0000000000144820,trackIndex_7,300,_ZN7subsdk012trackIndex_7Ev!
0x0000000000144950,sub_144950,8,_ZN7subsdk010sub_144950Ev!
0x0000000000144960,sub_144960,16,_Z16subsdk0_f_144960Pv
0x0000000000144970,sub_144970,180,_ZN7subsdk010sub_144970Ev!
0x0000000000144a30,sub_144a30,188,_ZN7subsdk010sub_144a30Ev!
0x0000000000144af0,trackIndex_8,552,_ZN7subsdk012trackIndex_8Ev!
0x0000000000144d20,NuPlayer_6,612,_ZN7subsdk010NuPlayer_6Ev!
0x0000000000144f90,NuPlayer_7,128,_ZN7subsdk010NuPlayer_7Ev!
0x0000000000145010,NuPlayer_8,128,_ZN7subsdk010NuPlayer_8Ev!
0x0000000000145090,sub_145090,212,_ZN7subsdk010sub_145090Ev!
0x0000000000145170,sub_145170,108,_ZN7subsdk010sub_145170Ev!
0x00000000001451e0,format_2,108,_ZN7subsdk08format_2Ev!
0x0000000000145250,sub_145250,108,_ZN7subsdk010sub_145250Ev!
0x00000000001452c0,NuPlayer_9,24,_ZN7subsdk010NuPlayer_9Ev!
0x00000000001452e0,sub_1452e0,64,_ZN7subsdk010sub_1452e0Ev!
0x0000000000145320,sub_145320,4,_ZN7subsdk010sub_145320Ev!
0x0000000000145330,sub_145330,8,_Z16subsdk0_f_145330v
0x0000000000145340,sub_145340,8,_Z16subsdk0_f_145340v
0x0000000000145350,sub_145350,8,_ZN7subsdk010sub_145350Ev!
0x0000000000145360,sub_145360,8,_Z16subsdk0_f_145360v
0x0000000000145370,sub_145370,8,_Z16subsdk0_f_145370v
0x0000000000145380,sub_145380,8,_Z16subsdk0_f_145380v
0x0000000000145390,sub_145390,64,_ZN7subsdk010sub_145390Ev!
0x00000000001453d0,sub_1453d0,72,_ZN7subsdk010sub_1453d0Ev!
0x0000000000145420,sub_145420,36,_ZN7subsdk010sub_145420Ev!
0x0000000000145450,sub_145450,176,_ZN7subsdk010sub_145450Ev!
0x0000000000145500,sub_145500,64,_ZN7subsdk010sub_145500Ev!
0x0000000000145540,sub_145540,72,_ZN7subsdk010sub_145540Ev!
0x0000000000145590,sub_145590,16,_ZN7subsdk010sub_145590Ev!
0x00000000001455a0,sub_1455a0,36,_ZN7subsdk010sub_1455a0Ev!
0x00000000001455d0,NuPlayer_10,132,_ZN7subsdk011NuPlayer_10Ev!
0x0000000000145660,sub_145660,36,_ZN7subsdk010sub_145660Ev!
0x0000000000145690,sub_145690,24,_ZN7subsdk010sub_145690Ev!
0x00000000001456b0,sub_1456b0,36,_ZN7subsdk010sub_1456b0Ev!
0x00000000001456e0,sub_1456e0,16,_ZN7subsdk010sub_1456e0Ev!
0x00000000001456f0,sub_1456f0,64,_ZN7subsdk010sub_1456f0Ev!
0x0000000000145730,sub_145730,72,_ZN7subsdk010sub_145730Ev!
0x0000000000145780,sub_145780,12,_ZN7subsdk010sub_145780Ev!
0x0000000000145790,sub_145790,152,_ZN7subsdk010sub_145790Ev!
0x0000000000145830,sub_145830,60,_ZN7subsdk010sub_145830Ev!
0x0000000000145870,sub_145870,4,_Z16subsdk0_f_145870v
0x0000000000145880,sub_145880,4,_Z16subsdk0_f_145880v
0x0000000000145890,sub_145890,20,_ZN7subsdk010sub_145890Ev!
0x00000000001458b0,sub_1458b0,96,_ZN7subsdk010sub_1458b0Ev!
0x0000000000145910,sub_145910,20,_ZN7subsdk010sub_145910Ev!
0x0000000000145930,sub_145930,20,_ZN7subsdk010sub_145930Ev!
0x0000000000145950,sub_145950,160,_ZN7subsdk010sub_145950Ev!
0x00000000001459f0,sub_1459f0,8,_Z16subsdk0_f_1459f0Pv
0x0000000000145a00,language_2,316,_ZN7subsdk010language_2Ev!
0x0000000000145b40,sub_145b40,16,_Z16subsdk0_f_145b40Pvm
0x0000000000145b50,sub_145b50,88,_ZN7subsdk025sub_145b50_subsdk0_145b50Ev!
0x0000000000145bb0,sub_145bb0,32,_ZN7subsdk010sub_145bb0Ev!
0x0000000000145bd0,sub_145bd0,28,_ZN7subsdk025sub_145bd0_subsdk0_145bd0Ev!
0x0000000000145bf0,NuPlayerCCDecoder,1244,_ZN7subsdk017NuPlayerCCDecoderEv!
0x00000000001460d0,sub_1460d0,336,_ZN7subsdk010sub_1460d0Ev!
0x0000000000146220,sub_146220,96,_ZN7subsdk010sub_146220Ev!
0x0000000000146280,trackIndex_9,412,_ZN7subsdk012trackIndex_9Ev!
0x0000000000146420,sub_146420,8,_ZN7subsdk010sub_146420Ev!
0x0000000000146430,sub_146430,136,_ZN7subsdk010sub_146430Ev!
0x00000000001464c0,sub_1464c0,144,_ZN7subsdk010sub_1464c0Ev!
0x0000000000146550,sub_146550,52,_ZN7subsdk010sub_146550Ev!
0x0000000000146590,sub_146590,60,_ZN7subsdk010sub_146590Ev!
0x00000000001465d0,sub_1465d0,92,_ZN7subsdk010sub_1465d0Ev!
0x0000000000146630,sub_146630,64,_ZN7subsdk010sub_146630Ev!
0x0000000000146670,sub_146670,92,_ZN7subsdk010sub_146670Ev!
0x00000000001466d0,sub_1466d0,88,_ZN7subsdk010sub_1466d0Ev!
0x0000000000146730,sub_146730,128,_ZN7subsdk010sub_146730Ev!
0x00000000001467b0,sub_1467b0,108,_ZN7subsdk010sub_1467b0Ev!
0x0000000000146820,sub_146820,32,_ZN7subsdk010sub_146820Ev!
0x0000000000146840,sub_146840,52,_ZN7subsdk010sub_146840Ev!
0x0000000000146880,sub_146880,60,_ZN7subsdk010sub_146880Ev!
0x00000000001468c0,sub_1468c0,4,_Z16subsdk0_f_1468c0v
0x00000000001468d0,sub_1468d0,4,_Z16subsdk0_f_1468d0v
0x00000000001468e0,sub_1468e0,20,_ZN7subsdk010sub_1468e0Ev!
0x0000000000146900,sub_146900,96,_ZN7subsdk010sub_146900Ev!
0x0000000000146960,sub_146960,20,_ZN7subsdk010sub_146960Ev!
0x0000000000146980,sub_146980,20,_ZN7subsdk010sub_146980Ev!
0x00000000001469a0,decoder,520,_ZN7subsdk07decoderEv!
0x0000000000146bb0,sub_146bb0,524,_ZN7subsdk010sub_146bb0Ev!
0x0000000000146dc0,sub_146dc0,332,_ZN7subsdk010sub_146dc0Ev!
0x0000000000146f10,sub_146f10,52,_ZN7subsdk010sub_146f10Ev!
0x0000000000146f50,sub_146f50,160,_ZN7subsdk010sub_146f50Ev!
0x0000000000146ff0,sub_146ff0,36,_ZN7subsdk010sub_146ff0Ev!
0x0000000000147020,sub_147020,20,_Z16subsdk0_f_147020PvS_S_
0x0000000000147040,NuPlayerDecoder,472,_ZN7subsdk015NuPlayerDecoderEv!
0x0000000000147220,NuPlayerDecoder_2,108,_ZN7subsdk017NuPlayerDecoder_2Ev!
0x0000000000147290,NuPlayerDecoder_3,796,_ZN7subsdk017NuPlayerDecoder_3Ev!
0x00000000001475b0,NuPlayerDecoder_4,1412,_ZN7subsdk017NuPlayerDecoder_4Ev!
0x0000000000147b40,generation_6,152,_ZN7subsdk012generation_6Ev!
0x0000000000147be0,NuPlayerDecoder_5,408,_ZN7subsdk017NuPlayerDecoder_5Ev!
0x0000000000147d80,NuPlayerDecoder_6,1708,_ZN7subsdk017NuPlayerDecoder_6Ev!
0x0000000000148430,sub_148430,272,_ZN7subsdk010sub_148430Ev!
0x0000000000148540,sub_148540,116,_ZN7subsdk025sub_148540_subsdk0_148540Ev!
0x00000000001485c0,sub_1485c0,100,_ZN7subsdk010sub_1485c0Ev!
0x0000000000148630,sub_148630,20,_ZN7subsdk025sub_148630_subsdk0_148630Ev!
0x0000000000148650,sub_148650,236,_ZN7subsdk010sub_148650Ev!
0x0000000000148740,decoder_2,476,_ZN7subsdk09decoder_2Ev!
0x0000000000148920,sub_148920,100,_ZN7subsdk010sub_148920Ev!
0x0000000000148990,buffer_ix,396,_ZN7subsdk09buffer_ixEv!
0x0000000000148b20,NuPlayerDecoder_7,720,_ZN7subsdk017NuPlayerDecoder_7Ev!
0x0000000000148df0,NuPlayerDecoder_8,1700,_ZN7subsdk017NuPlayerDecoder_8Ev!
0x00000000001494a0,unnamed_4,272,_ZN7subsdk024unnamed_4_subsdk0_1494a0Ev!
0x00000000001495b0,is_adts,544,_ZN7subsdk07is_adtsEv!
0x00000000001497d0,sub_1497d0,152,_ZN7subsdk010sub_1497d0Ev!
0x0000000000149870,sub_149870,60,_ZN7subsdk010sub_149870Ev!
0x00000000001498b0,sub_1498b0,4,_Z16subsdk0_f_1498b0v
0x00000000001498c0,sub_1498c0,4,_Z16subsdk0_f_1498c0v
0x00000000001498d0,sub_1498d0,16,_ZN7subsdk010sub_1498d0Ev!
0x00000000001498e0,sub_1498e0,96,_ZN7subsdk010sub_1498e0Ev!
0x0000000000149940,sub_149940,16,_ZN7subsdk010sub_149940Ev!
0x0000000000149950,sub_149950,16,_ZN7subsdk010sub_149950Ev!
0x0000000000149960,NPDecoder,172,_ZN7subsdk09NPDecoderEv!
0x0000000000149a10,sub_149a10,104,_ZN7subsdk010sub_149a10Ev!
0x0000000000149a80,sub_149a80,4,_ZN7subsdk010sub_149a80Ev!
0x0000000000149a90,format_3,140,_ZN7subsdk08format_3Ev!
0x0000000000149b20,sub_149b20,72,_ZN7subsdk010sub_149b20Ev!
0x0000000000149b70,renderer,184,_ZN7subsdk08rendererEv!
0x0000000000149c30,buffers,244,_ZN7subsdk07buffersEv!
0x0000000000149d30,sub_149d30,64,_ZN7subsdk010sub_149d30Ev!
0x0000000000149d70,notifyComplete,140,_ZN7subsdk014notifyCompleteEv!
0x0000000000149e00,sub_149e00,64,_ZN7subsdk010sub_149e00Ev!
0x0000000000149e40,sub_149e40,24,_ZN7subsdk010sub_149e40Ev!
0x0000000000149e60,sub_149e60,136,_ZN7subsdk010sub_149e60Ev!
0x0000000000149ef0,NuPlayerDecoderBase,856,_ZN7subsdk019NuPlayerDecoderBaseEv!
0x000000000014a250,sub_14a250,124,_ZN7subsdk010sub_14a250Ev!
0x000000000014a2d0,pass_through_decoder,148,_ZN7subsdk020pass_through_decoderEv!
0x000000000014a370,sub_14a370,116,_ZN7subsdk010sub_14a370Ev!
0x000000000014a3f0,sub_14a3f0,36,_ZN7subsdk010sub_14a3f0Ev!
0x000000000014a420,sub_14a420,12,_Z16subsdk0_f_14a420mPvS_
0x000000000014a430,sub_14a430,116,_ZN7subsdk010sub_14a430Ev!
0x000000000014a4b0,sub_14a4b0,4,_Z16subsdk0_f_14a4b0v
0x000000000014a4c0,sub_14a4c0,4,_Z16subsdk0_f_14a4c0v
0x000000000014a4d0,NuPlayerDecoderPassThrough,108,_ZN7subsdk026NuPlayerDecoderPassThroughEv!
0x000000000014a540,sub_14a540,56,_ZN7subsdk010sub_14a540Ev!
0x000000000014a580,sub_14a580,248,_ZN7subsdk010sub_14a580Ev!
0x000000000014a680,NuPlayerDecoderPassThrough_2,476,_ZN7subsdk028NuPlayerDecoderPassThrough_2Ev!
0x000000000014a860,NuPlayerDecoderPassThrough_3,720,_ZN7subsdk028NuPlayerDecoderPassThrough_3Ev!
0x000000000014ab30,sub_14ab30,236,_ZN7subsdk010sub_14ab30Ev!
0x000000000014ac20,timeUs_2,672,_ZN7subsdk08timeUs_2Ev!
0x000000000014aec0,sub_14aec0,24,_ZN7subsdk010sub_14aec0Ev!
0x000000000014aee0,sub_14aee0,116,_ZN7subsdk010sub_14aee0Ev!
0x000000000014af60,sub_14af60,224,_ZN7subsdk010sub_14af60Ev!
0x000000000014b040,sub_14b040,124,_ZN7subsdk010sub_14b040Ev!
0x000000000014b0c0,NuPlayerDecoderPassThrough_4,288,_ZN7subsdk028NuPlayerDecoderPassThrough_4Ev!
0x000000000014b1e0,NuPlayerDriver_Looper,428,_ZN7subsdk021NuPlayerDriver_LooperEv!
0x000000000014b390,sub_14b390,180,_ZN7subsdk010sub_14b390Ev!
0x000000000014b450,sub_14b450,36,_ZN7subsdk010sub_14b450Ev!
0x000000000014b480,sub_14b480,8,_Z16subsdk0_f_14b480v
0x000000000014b490,sub_14b490,28,_ZN7subsdk010sub_14b490Ev!
0x000000000014b4b0,sub_14b4b0,168,_ZN7subsdk010sub_14b4b0Ev!
0x000000000014b560,sub_14b560,168,_ZN7subsdk010sub_14b560Ev!
0x000000000014b610,sub_14b610,144,_ZN7subsdk010sub_14b610Ev!
0x000000000014b6a0,sub_14b6a0,144,_ZN7subsdk010sub_14b6a0Ev!
0x000000000014b730,sub_14b730,8,_Z16subsdk0_f_14b730v
0x000000000014b740,sub_14b740,160,_ZN7subsdk010sub_14b740Ev!
0x000000000014b7e0,sub_14b7e0,64,_ZN7subsdk010sub_14b7e0Ev!
0x000000000014b820,sub_14b820,236,_ZN7subsdk010sub_14b820Ev!
0x000000000014b910,sub_14b910,148,_ZN7subsdk010sub_14b910Ev!
0x000000000014b9b0,NuPlayerDriver,404,_ZN7subsdk014NuPlayerDriverEv!
0x000000000014bb50,sub_14bb50,204,_ZN7subsdk010sub_14bb50Ev!
0x000000000014bc20,sub_14bc20,312,_ZN7subsdk010sub_14bc20Ev!
0x000000000014bd60,sub_14bd60,212,_ZN7subsdk010sub_14bd60Ev!
0x000000000014be40,sub_14be40,36,_ZN7subsdk010sub_14be40Ev!
0x000000000014be70,sub_14be70,304,_ZN7subsdk010sub_14be70Ev!
0x000000000014bfa0,sub_14bfa0,112,_ZN7subsdk010sub_14bfa0Ev!
0x000000000014c010,sub_14c010,228,_ZN7subsdk010sub_14c010Ev!
0x000000000014c100,sub_14c100,124,_ZN7subsdk010sub_14c100Ev!
0x000000000014c180,NuPlayerDriver_2,384,_ZN7subsdk016NuPlayerDriver_2Ev!
0x000000000014c300,sub_14c300,20,_ZN7subsdk010sub_14c300Ev!
0x000000000014c320,sub_14c320,8,_Z16subsdk0_f_14c320v
0x000000000014c330,sub_14c330,348,_ZN7subsdk010sub_14c330Ev!
0x000000000014c490,sub_14c490,8,_ZN7subsdk025sub_14c490_subsdk0_14c490Ev!
0x000000000014c4a0,sub_14c4a0,84,_ZN7subsdk010sub_14c4a0Ev!
0x000000000014c500,sub_14c500,8,_Z16subsdk0_f_14c500v
0x000000000014c510,sub_14c510,8,_Z16subsdk0_f_14c510v
0x000000000014c520,sub_14c520,172,_ZN7subsdk025sub_14c520_subsdk0_14c520Ev!
0x000000000014c5d0,NuPlayerDriver_3,216,_ZN7subsdk016NuPlayerDriver_3Ev!
0x000000000014c6b0,NuPlayerDriver_4,108,_ZN7subsdk016NuPlayerDriver_4Ev!
0x000000000014c720,sub_14c720,60,_ZN7subsdk010sub_14c720Ev!
0x000000000014c760,sub_14c760,124,_ZN7subsdk010sub_14c760Ev!
0x000000000014c7e0,sub_14c7e0,44,_ZN7subsdk025sub_14c7e0_subsdk0_14c7e0Ev!
0x000000000014c810,sub_14c810,100,_ZN7subsdk010sub_14c810Ev!
0x000000000014c880,NuPlayerDriver_5,244,_ZN7subsdk016NuPlayerDriver_5Ev!
0x000000000014c980,NuPlayerDriver_6,576,_ZN7subsdk016NuPlayerDriver_6Ev!
0x000000000014cbc0,sub_14cbc0,60,_ZN7subsdk010sub_14cbc0Ev!
0x000000000014cc00,sub_14cc00,8,_ZN7subsdk010sub_14cc00Ev!
0x000000000014cc10,sub_14cc10,8,_ZN7subsdk010sub_14cc10Ev!
0x000000000014cc20,sub_14cc20,408,_ZN7subsdk010sub_14cc20Ev!
0x000000000014cdc0,sub_14cdc0,448,_ZN7subsdk010sub_14cdc0Ev!
0x000000000014cf80,sub_14cf80,176,_ZN7subsdk010sub_14cf80Ev!
0x000000000014d030,sub_14d030,36,_ZN7subsdk010sub_14d030Ev!
0x000000000014d060,sub_14d060,12,_Z16subsdk0_f_14d060Pv
0x000000000014d070,sub_14d070,12,_Z16subsdk0_f_14d070Pv
0x000000000014d080,sub_14d080,8,_ZN7subsdk010sub_14d080Ev!
0x000000000014d090,notifyConsumed,196,_ZN7subsdk014notifyConsumedEv!
0x000000000014d160,NuPlayerRenderer_2,332,_ZN7subsdk018NuPlayerRenderer_2Ev!
0x000000000014d2b0,sub_14d2b0,268,_ZN7subsdk010sub_14d2b0Ev!
0x000000000014d3c0,sub_14d3c0,128,_ZN7subsdk010sub_14d3c0Ev!
0x000000000014d440,sub_14d440,60,_ZN7subsdk010sub_14d440Ev!
0x000000000014d480,sub_14d480,96,_ZN7subsdk010sub_14d480Ev!
0x000000000014d4e0,sub_14d4e0,60,_ZN7subsdk010sub_14d4e0Ev!
0x000000000014d520,sub_14d520,64,_ZN7subsdk010sub_14d520Ev!
0x000000000014d560,sub_14d560,64,_ZN7subsdk010sub_14d560Ev!
0x000000000014d5a0,sub_14d5a0,64,_ZN7subsdk010sub_14d5a0Ev!
0x000000000014d5e0,sub_14d5e0,64,_ZN7subsdk010sub_14d5e0Ev!
0x000000000014d620,sub_14d620,64,_ZN7subsdk010sub_14d620Ev!
0x000000000014d660,frame_rate,140,_ZN7subsdk010frame_rateEv!
0x000000000014d6f0,sub_14d6f0,244,_ZN7subsdk010sub_14d6f0Ev!
0x000000000014d7f0,sub_14d7f0,44,_ZN7subsdk010sub_14d7f0Ev!
0x000000000014d820,sub_14d820,204,_ZN7subsdk010sub_14d820Ev!
0x000000000014d8f0,sub_14d8f0,216,_ZN7subsdk010sub_14d8f0Ev!
0x000000000014d9d0,sub_14d9d0,232,_ZN7subsdk010sub_14d9d0Ev!
0x000000000014dac0,sub_14dac0,76,_ZN7subsdk010sub_14dac0Ev!
0x000000000014db10,sub_14db10,72,_ZN7subsdk010sub_14db10Ev!
0x000000000014db60,sub_14db60,56,_ZN7subsdk010sub_14db60Ev!
0x000000000014dba0,sub_14dba0,60,_ZN7subsdk010sub_14dba0Ev!
0x000000000014dbe0,NuPlayerRenderer_3,400,_ZN7subsdk018NuPlayerRenderer_3Ev!
0x000000000014dd70,sub_14dd70,136,_ZN7subsdk010sub_14dd70Ev!
0x000000000014de00,NuPlayerRenderer_4,2484,_ZN7subsdk018NuPlayerRenderer_4Ev!
0x000000000014e7c0,NuPlayerRenderer_5,1284,_ZN7subsdk018NuPlayerRenderer_5Ev!
0x000000000014ecd0,sub_14ecd0,100,_ZN7subsdk010sub_14ecd0Ev!
0x000000000014ed40,NuPlayerRenderer_6,1124,_ZN7subsdk018NuPlayerRenderer_6Ev!
0x000000000014f1b0,generation_7,196,_ZN7subsdk012generation_7Ev!
0x000000000014f280,NuPlayerRenderer_7,1248,_ZN7subsdk018NuPlayerRenderer_7Ev!
0x000000000014f760,NuPlayerRenderer_8,900,_ZN7subsdk018NuPlayerRenderer_8Ev!
0x000000000014faf0,NuPlayerRenderer_9,1452,_ZN7subsdk018NuPlayerRenderer_9Ev!
0x00000000001500a0,NuPlayerRenderer_10,748,_ZN7subsdk019NuPlayerRenderer_10Ev!
0x0000000000150390,NuPlayerRenderer_11,812,_ZN7subsdk019NuPlayerRenderer_11Ev!
0x00000000001506c0,NuPlayerRenderer_12,128,_ZN7subsdk019NuPlayerRenderer_12Ev!
0x0000000000150740,sub_150740,68,_ZN7subsdk010sub_150740Ev!
0x0000000000150790,sub_150790,68,_ZN7subsdk010sub_150790Ev!
0x00000000001507e0,sub_1507e0,312,_ZN7subsdk010sub_1507e0Ev!
0x0000000000150920,sub_150920,260,_ZN7subsdk010sub_150920Ev!
0x0000000000150a30,sub_150a30,108,_ZN7subsdk010sub_150a30Ev!
0x0000000000150aa0,positionUs,356,_ZN7subsdk010positionUsEv!
0x0000000000150c10,sub_150c10,16,_ZN7subsdk010sub_150c10Ev!
0x0000000000150c20,sub_150c20,132,_ZN7subsdk010sub_150c20Ev!
0x0000000000150cb0,sub_150cb0,144,_ZN7subsdk010sub_150cb0Ev!
0x0000000000150d40,NuPlayerRenderer_13,820,_ZN7subsdk019NuPlayerRenderer_13Ev!
0x0000000000151080,finalResult,180,_ZN7subsdk011finalResultEv!
0x0000000000151140,sub_151140,64,_ZN7subsdk010sub_151140Ev!
0x0000000000151180,NuPlayerRenderer_14,444,_ZN7subsdk019NuPlayerRenderer_14Ev!
0x0000000000151340,sub_151340,104,_ZN7subsdk010sub_151340Ev!
0x00000000001513b0,sub_1513b0,200,_ZN7subsdk010sub_1513b0Ev!
0x0000000000151480,sub_151480,168,_ZN7subsdk010sub_151480Ev!
0x0000000000151530,sub_151530,88,_ZN7subsdk010sub_151530Ev!
0x0000000000151590,notifyConsumed_2,160,_ZN7subsdk016notifyConsumed_2Ev!
0x0000000000151630,sub_151630,100,_ZN7subsdk010sub_151630Ev!
0x00000000001516a0,sub_1516a0,144,_ZN7subsdk010sub_1516a0Ev!
0x0000000000151730,sub_151730,112,_ZN7subsdk010sub_151730Ev!
0x00000000001517a0,generation_8,156,_ZN7subsdk012generation_8Ev!
0x0000000000151840,sub_151840,60,_ZN7subsdk010sub_151840Ev!
0x0000000000151880,sub_151880,168,_ZN7subsdk010sub_151880Ev!
0x0000000000151930,sub_151930,168,_ZN7subsdk025sub_151930_subsdk0_151930Ev!
0x00000000001519e0,sub_1519e0,204,_ZN7subsdk010sub_1519e0Ev!
0x0000000000151ab0,sub_151ab0,36,_ZN7subsdk010sub_151ab0Ev!
0x0000000000151ae0,streaming,240,_ZN7subsdk09streamingEv!
0x0000000000151bd0,sub_151bd0,316,_ZN7subsdk010sub_151bd0Ev!
0x0000000000151d10,sub_151d10,132,_ZN7subsdk010sub_151d10Ev!
0x0000000000151da0,sub_151da0,132,_ZN7subsdk010sub_151da0Ev!
0x0000000000151e30,sub_151e30,492,_ZN7subsdk010sub_151e30Ev!
0x0000000000152020,sub_152020,60,_ZN7subsdk010sub_152020Ev!
0x0000000000152060,sub_152060,384,_ZN7subsdk010sub_152060Ev!
0x00000000001521e0,sub_1521e0,124,_ZN7subsdk010sub_1521e0Ev!
0x0000000000152260,sub_152260,212,_ZN7subsdk010sub_152260Ev!
0x0000000000152340,sub_152340,356,_ZN7subsdk010sub_152340Ev!
0x00000000001524b0,sub_1524b0,36,_ZN7subsdk010sub_1524b0Ev!
0x00000000001524e0,StreamingSource,100,_ZN7subsdk015StreamingSourceEv!
0x0000000000152550,sub_152550,12,_ZN7subsdk010sub_152550Ev!
0x0000000000152560,sub_152560,44,_ZN7subsdk010sub_152560Ev!
0x0000000000152590,sub_152590,88,_ZN7subsdk010sub_152590Ev!
0x00000000001525f0,sub_1525f0,20,_ZN7subsdk010sub_1525f0Ev!
0x0000000000152610,sub_152610,20,_ZN7subsdk010sub_152610Ev!
0x0000000000152630,sub_152630,20,_ZN7subsdk010sub_152630Ev!
0x0000000000152650,ColorConverter,324,_ZN7subsdk014ColorConverterEv!
0x00000000001527a0,sub_1527a0,768,_ZN7subsdk010sub_1527a0Ev!
0x0000000000152aa0,sub_152aa0,676,_ZN7subsdk025sub_152aa0_subsdk0_152aa0Ev!
0x0000000000152d50,sub_152d50,716,_ZN7subsdk010sub_152d50Ev!
0x0000000000153020,sub_153020,716,_ZN7subsdk010sub_153020Ev!
0x00000000001532f0,sub_1532f0,700,_ZN7subsdk010sub_1532f0Ev!
0x00000000001535b0,sub_1535b0,112,_ZN7subsdk010sub_1535b0Ev!
0x0000000000153620,sub_153620,72,_ZN7subsdk010sub_153620Ev!
0x0000000000153670,sub_153670,80,_ZN7subsdk010sub_153670Ev!
0x00000000001536c0,SoftwareRenderer,3088,_ZN7subsdk016SoftwareRendererEv!
0x00000000001542d0,SoftwareRenderer_2,1340,_ZN7subsdk018SoftwareRenderer_2Ev!
0x0000000000154810,sub_154810,68,_ZN7subsdk010sub_154810Ev!
0x0000000000154860,sub_154860,20,_ZN7subsdk010sub_154860Ev!
0x0000000000154880,sub_154880,292,_ZN7subsdk010sub_154880Ev!
0x00000000001549b0,sub_1549b0,260,_ZN7subsdk010sub_1549b0Ev!
0x0000000000154ac0,sub_154ac0,152,_ZN7subsdk010sub_154ac0Ev!
0x0000000000154b60,sub_154b60,52,_ZN7subsdk010sub_154b60Ev!
0x0000000000154ba0,sub_154ba0,52,_ZN7subsdk010sub_154ba0Ev!
0x0000000000154be0,sub_154be0,104,_ZN7subsdk010sub_154be0Ev!
0x0000000000154c50,sub_154c50,52,_ZN7subsdk010sub_154c50Ev!
0x0000000000154c90,sub_154c90,60,_ZN7subsdk010sub_154c90Ev!
0x0000000000154cd0,sub_154cd0,92,_ZN7subsdk010sub_154cd0Ev!
0x0000000000154d30,sub_154d30,64,_ZN7subsdk010sub_154d30Ev!
0x0000000000154d70,sub_154d70,192,_ZN7subsdk010sub_154d70Ev!
0x0000000000154e30,sub_154e30,188,_ZN7subsdk010sub_154e30Ev!
0x0000000000154ef0,sub_154ef0,212,_ZN7subsdk010sub_154ef0Ev!
0x0000000000154fd0,sub_154fd0,212,_ZN7subsdk010sub_154fd0Ev!
0x00000000001550b0,sub_1550b0,144,_ZN7subsdk010sub_1550b0Ev!
0x0000000000155140,sub_155140,36,_ZN7subsdk010sub_155140Ev!
0x0000000000155170,sub_155170,4,_ZN7subsdk010sub_155170Ev!
0x0000000000155180,sub_155180,200,_ZN7subsdk010sub_155180Ev!
0x0000000000155250,ABitReader_cpp_56_CHECK_getBitsGraceful_n_ret_failed,188,_ZN7subsdk052ABitReader_cpp_56_CHECK_getBitsGraceful_n_ret_failedEv!
0x0000000000155310,sub_155310,200,_ZN7subsdk010sub_155310Ev!
0x00000000001553e0,sub_1553e0,164,_ZN7subsdk010sub_1553e0Ev!
0x0000000000155490,sub_155490,248,_ZN7subsdk010sub_155490Ev!
0x0000000000155590,ABitReader_cpp_115_CHECK_LE_n_32u_failed,304,_ZN7subsdk040ABitReader_cpp_115_CHECK_LE_n_32u_failedEv!
0x00000000001556c0,sub_1556c0,16,_ZN7subsdk010sub_1556c0Ev!
0x00000000001556d0,sub_1556d0,20,_ZN7subsdk010sub_1556d0Ev!
0x00000000001556f0,sub_1556f0,40,_ZN7subsdk010sub_1556f0Ev!
0x0000000000155720,sub_155720,140,_ZN7subsdk025sub_155720_subsdk0_155720Ev!
0x00000000001557b0,sub_1557b0,192,_ZN7subsdk010sub_1557b0Ev!
0x0000000000155870,sub_155870,4,_Z16subsdk0_f_155870v
0x0000000000155880,sub_155880,4,_ZN7subsdk010sub_155880Ev!
0x0000000000155890,sub_155890,96,_ZN7subsdk025sub_155890_subsdk0_155890Ev!
0x00000000001558f0,sub_1558f0,88,_ZN7subsdk010sub_1558f0Ev!
0x0000000000155950,sub_155950,164,_ZN7subsdk010sub_155950Ev!
0x0000000000155a00,sub_155a00,148,_ZN7subsdk010sub_155a00Ev!
0x0000000000155aa0,sub_155aa0,56,_ZN7subsdk010sub_155aa0Ev!
0x0000000000155ae0,sub_155ae0,36,_ZN7subsdk010sub_155ae0Ev!
0x0000000000155b10,ABuffer_cpp_79_CHECK_LE_offset_size_mCapacity_failed,356,_ZN7subsdk052ABuffer_cpp_79_CHECK_LE_offset_size_mCapacity_failedEv!
0x0000000000155c80,sub_155c80,68,_ZN7subsdk010sub_155c80Ev!
0x0000000000155cd0,sub_155cd0,148,_ZN7subsdk010sub_155cd0Ev!
0x0000000000155d70,sub_155d70,52,_ZN7subsdk010sub_155d70Ev!
0x0000000000155db0,sub_155db0,400,_ZN7subsdk010sub_155db0Ev!
0x0000000000155f40,sub_155f40,8,_Z16subsdk0_f_155f40v
0x0000000000155f50,sub_155f50,420,_ZN7subsdk010sub_155f50Ev!
0x0000000000156100,sub_156100,20,_ZN7subsdk010sub_156100Ev!
0x0000000000156120,sub_156120,80,_ZN7subsdk010sub_156120Ev!
0x0000000000156170,sub_156170,64,_ZN7subsdk010sub_156170Ev!
0x00000000001561b0,sub_1561b0,4,_ZN7subsdk010sub_1561b0Ev!
0x00000000001561c0,sub_1561c0,24,_ZN7subsdk010sub_1561c0Ev!
0x00000000001561e0,sub_1561e0,4,_Z16subsdk0_f_1561e0v
0x00000000001561f0,sub_1561f0,4,_Z16subsdk0_f_1561f0v
0x0000000000156200,sub_156200,20,_ZN7subsdk010sub_156200Ev!
0x0000000000156220,sub_156220,36,_ZN7subsdk010sub_156220Ev!
0x0000000000156250,sub_156250,64,_ZN7subsdk010sub_156250Ev!
0x0000000000156290,AHierarchicalStateMachine,432,_ZN7subsdk025AHierarchicalStateMachineEv!
0x0000000000156440,sub_156440,688,_ZN7subsdk010sub_156440Ev!
0x00000000001566f0,sub_1566f0,52,_ZN7subsdk010sub_1566f0Ev!
0x0000000000156730,sub_156730,60,_ZN7subsdk010sub_156730Ev!
0x0000000000156770,sub_156770,24,_ZN7subsdk010sub_156770Ev!
0x0000000000156790,sub_156790,64,_ZN7subsdk010sub_156790Ev!
0x00000000001567d0,sub_1567d0,84,_ZN7subsdk010sub_1567d0Ev!
0x0000000000156830,sub_156830,80,_ZN7subsdk010sub_156830Ev!
0x0000000000156880,sub_156880,100,_ZN7subsdk010sub_156880Ev!
0x00000000001568f0,sub_1568f0,100,_ZN7subsdk010sub_1568f0Ev!
0x0000000000156960,sub_156960,24,_ZN7subsdk010sub_156960Ev!
0x0000000000156980,sub_156980,52,_ZN7subsdk010sub_156980Ev!
0x00000000001569c0,sub_1569c0,128,_ZN7subsdk010sub_1569c0Ev!
0x0000000000156a40,sub_156a40,224,_ZN7subsdk010sub_156a40Ev!
0x0000000000156b20,sub_156b20,296,_ZN7subsdk010sub_156b20Ev!
0x0000000000156c50,sub_156c50,160,_ZN7subsdk010sub_156c50Ev!
0x0000000000156cf0,sub_156cf0,36,_ZN7subsdk010sub_156cf0Ev!
0x0000000000156d20,sub_156d20,64,_ZN7subsdk010sub_156d20Ev!
0x0000000000156d60,sub_156d60,28,_ZN7subsdk010sub_156d60Ev!
0x0000000000156d80,sub_156d80,104,_ZN7subsdk010sub_156d80Ev!
0x0000000000156df0,sub_156df0,16,_ZN7subsdk010sub_156df0Ev!
0x0000000000156e00,ALooper,416,_ZN7subsdk07ALooperEv!
0x0000000000156fa0,sub_156fa0,360,_ZN7subsdk010sub_156fa0Ev!
0x0000000000157110,sub_157110,332,_ZN7subsdk010sub_157110Ev!
0x0000000000157260,sub_157260,52,_ZN7subsdk010sub_157260Ev!
0x00000000001572a0,sub_1572a0,156,_ZN7subsdk010sub_1572a0Ev!
0x0000000000157340,sub_157340,48,_ZN7subsdk010sub_157340Ev!
0x0000000000157370,sub_157370,56,_ZN7subsdk010sub_157370Ev!
0x00000000001573b0,sub_1573b0,40,_ZN7subsdk010sub_1573b0Ev!
0x00000000001573e0,sub_1573e0,8,_ZN7subsdk010sub_1573e0Ev!
0x00000000001573f0,sub_1573f0,4,_ZN7subsdk010sub_1573f0Ev!
0x0000000000157400,sub_157400,60,_ZN7subsdk010sub_157400Ev!
0x0000000000157440,sub_157440,68,_ZN7subsdk010sub_157440Ev!
0x0000000000157490,sub_157490,52,_ZN7subsdk010sub_157490Ev!
0x00000000001574d0,sub_1574d0,60,_ZN7subsdk010sub_1574d0Ev!
0x0000000000157510,sub_157510,92,_ZN7subsdk010sub_157510Ev!
0x0000000000157570,sub_157570,64,_ZN7subsdk010sub_157570Ev!
0x00000000001575b0,sub_1575b0,92,_ZN7subsdk010sub_1575b0Ev!
0x0000000000157610,sub_157610,88,_ZN7subsdk010sub_157610Ev!
0x0000000000157670,sub_157670,128,_ZN7subsdk010sub_157670Ev!
0x00000000001576f0,sub_1576f0,108,_ZN7subsdk010sub_1576f0Ev!
0x0000000000157760,sub_157760,32,_ZN7subsdk010sub_157760Ev!
0x0000000000157780,sub_157780,52,_ZN7subsdk010sub_157780Ev!
0x00000000001577c0,sub_1577c0,60,_ZN7subsdk010sub_1577c0Ev!
0x0000000000157800,sub_157800,112,_ZN7subsdk010sub_157800Ev!
0x0000000000157870,sub_157870,88,_ZN7subsdk010sub_157870Ev!
0x00000000001578d0,sub_1578d0,128,_ZN7subsdk010sub_1578d0Ev!
0x0000000000157950,sub_157950,124,_ZN7subsdk010sub_157950Ev!
0x00000000001579d0,sub_1579d0,192,_ZN7subsdk010sub_1579d0Ev!
0x0000000000157a90,sub_157a90,184,_ZN7subsdk010sub_157a90Ev!
0x0000000000157b50,sub_157b50,32,_ZN7subsdk010sub_157b50Ev!
0x0000000000157b70,sub_157b70,152,_ZN7subsdk010sub_157b70Ev!
0x0000000000157c10,sub_157c10,120,_ZN7subsdk010sub_157c10Ev!
0x0000000000157c90,ALooperRoster,456,_ZN7subsdk013ALooperRosterEv!
0x0000000000157e60,sub_157e60,248,_ZN7subsdk010sub_157e60Ev!
0x0000000000157f60,sub_157f60,272,_ZN7subsdk010sub_157f60Ev!
0x0000000000158070,sub_158070,52,_ZN7subsdk010sub_158070Ev!
0x00000000001580b0,sub_1580b0,128,_ZN7subsdk010sub_1580b0Ev!
0x0000000000158130,sub_158130,288,_ZN7subsdk010sub_158130Ev!
0x0000000000158250,sub_158250,384,_ZN7subsdk010sub_158250Ev!
0x00000000001583d0,replyID,372,_ZN7subsdk07replyIDEv!
0x0000000000158550,ALooperRoster_2,232,_ZN7subsdk015ALooperRoster_2Ev!
0x0000000000158640,sub_158640,40,_ZN7subsdk010sub_158640Ev!
0x0000000000158670,sub_158670,60,_ZN7subsdk010sub_158670Ev!
0x00000000001586b0,sub_1586b0,24,_ZN7subsdk010sub_1586b0Ev!
0x00000000001586d0,sub_1586d0,64,_ZN7subsdk010sub_1586d0Ev!
0x0000000000158710,sub_158710,84,_ZN7subsdk025sub_158710_subsdk0_158710Ev!
0x0000000000158770,sub_158770,80,_ZN7subsdk010sub_158770Ev!
0x00000000001587c0,sub_1587c0,100,_ZN7subsdk010sub_1587c0Ev!
0x0000000000158830,sub_158830,100,_ZN7subsdk010sub_158830Ev!
0x00000000001588a0,sub_1588a0,24,_ZN7subsdk010sub_1588a0Ev!
0x00000000001588c0,sub_1588c0,76,_ZN7subsdk010sub_1588c0Ev!
0x0000000000158910,sub_158910,176,_ZN7subsdk010sub_158910Ev!
0x00000000001589c0,sub_1589c0,156,_ZN7subsdk010sub_1589c0Ev!
0x0000000000158a60,sub_158a60,36,_ZN7subsdk010sub_158a60Ev!
0x0000000000158a90,sub_158a90,8,_Z16subsdk0_f_158a90Pvj
0x0000000000158aa0,sub_158aa0,8,_Z16subsdk0_f_158aa0Pv
0x0000000000158ab0,sub_158ab0,8,_Z16subsdk0_f_158ab0Pvj
0x0000000000158ac0,sub_158ac0,8,_Z16subsdk0_f_158ac0Pv
0x0000000000158ad0,sub_158ad0,104,_ZN7subsdk010sub_158ad0Ev!
0x0000000000158b40,sub_158b40,64,_ZN7subsdk010sub_158b40Ev!
0x0000000000158b80,sub_158b80,380,_ZN7subsdk010sub_158b80Ev!
0x0000000000158d00,sub_158d00,152,_ZN7subsdk010sub_158d00Ev!
0x0000000000158da0,sub_158da0,124,_ZN7subsdk010sub_158da0Ev!
0x0000000000158e20,sub_158e20,40,_ZN7subsdk010sub_158e20Ev!
0x0000000000158e50,sub_158e50,172,_ZN7subsdk010sub_158e50Ev!
0x0000000000158f00,sub_158f00,44,_ZN7subsdk010sub_158f00Ev!
0x0000000000158f30,sub_158f30,176,_ZN7subsdk010sub_158f30Ev!
0x0000000000158fe0,sub_158fe0,44,_ZN7subsdk010sub_158fe0Ev!
0x0000000000159010,sub_159010,176,_ZN7subsdk010sub_159010Ev!
0x00000000001590c0,sub_1590c0,44,_ZN7subsdk010sub_1590c0Ev!
0x00000000001590f0,sub_1590f0,176,_ZN7subsdk010sub_1590f0Ev!
0x00000000001591a0,sub_1591a0,44,_ZN7subsdk010sub_1591a0Ev!
0x00000000001591d0,sub_1591d0,176,_ZN7subsdk010sub_1591d0Ev!
0x0000000000159280,sub_159280,44,_ZN7subsdk010sub_159280Ev!
0x00000000001592b0,sub_1592b0,176,_ZN7subsdk010sub_1592b0Ev!
0x0000000000159360,sub_159360,104,_ZN7subsdk010sub_159360Ev!
0x00000000001593d0,sub_1593d0,148,_ZN7subsdk010sub_1593d0Ev!
0x0000000000159470,sub_159470,80,_ZN7subsdk010sub_159470Ev!
0x00000000001594c0,sub_1594c0,88,_ZN7subsdk010sub_1594c0Ev!
0x0000000000159520,sub_159520,144,_ZN7subsdk010sub_159520Ev!
0x00000000001595b0,sub_1595b0,88,_ZN7subsdk010sub_1595b0Ev!
0x0000000000159610,sub_159610,76,_ZN7subsdk010sub_159610Ev!
0x0000000000159660,sub_159660,192,_ZN7subsdk010sub_159660Ev!
0x0000000000159720,sub_159720,248,_ZN7subsdk010sub_159720Ev!
0x0000000000159820,sub_159820,248,_ZN7subsdk010sub_159820Ev!
0x0000000000159920,sub_159920,248,_ZN7subsdk010sub_159920Ev!
0x0000000000159a20,sub_159a20,196,_ZN7subsdk010sub_159a20Ev!
0x0000000000159af0,sub_159af0,96,_ZN7subsdk010sub_159af0Ev!
0x0000000000159b50,sub_159b50,104,_ZN7subsdk010sub_159b50Ev!
0x0000000000159bc0,sub_159bc0,96,_ZN7subsdk010sub_159bc0Ev!
0x0000000000159c20,sub_159c20,132,_ZN7subsdk010sub_159c20Ev!
0x0000000000159cb0,sub_159cb0,352,_ZN7subsdk010sub_159cb0Ev!
0x0000000000159e10,AMessage,3152,_ZN7subsdk08AMessageEv!
0x000000000015aa60,sub_15aa60,544,_ZN7subsdk010sub_15aa60Ev!
0x000000000015ac80,AMessage_2,220,_ZN7subsdk010AMessage_2Ev!
0x000000000015ad60,AMessage_3,664,_ZN7subsdk010AMessage_3Ev!
0x000000000015b000,AMessage_4,316,_ZN7subsdk010AMessage_4Ev!
0x000000000015b140,sub_15b140,8,_Z16subsdk0_f_15b140Pv
0x000000000015b150,sub_15b150,264,_ZN7subsdk010sub_15b150Ev!
0x000000000015b260,sub_15b260,628,_ZN7subsdk010sub_15b260Ev!
0x000000000015b4e0,sub_15b4e0,28,_ZN7subsdk010sub_15b4e0Ev!
0x000000000015b500,sub_15b500,64,_ZN7subsdk010sub_15b500Ev!
0x000000000015b540,sub_15b540,52,_ZN7subsdk010sub_15b540Ev!
0x000000000015b580,sub_15b580,16,_ZN7subsdk010sub_15b580Ev!
0x000000000015b590,AString_cpp_184_CHECK_mData_NULL_failed,268,_ZN7subsdk039AString_cpp_184_CHECK_mData_NULL_failedEv!
0x000000000015b6a0,sub_15b6a0,40,_ZN7subsdk010sub_15b6a0Ev!
0x000000000015b6d0,AString_cpp_109_CHECK_from_this_failed,176,_ZN7subsdk038AString_cpp_109_CHECK_from_this_failedEv!
0x000000000015b780,AString_cpp_109_CHECK_from_this_failed_2,168,_ZN7subsdk040AString_cpp_109_CHECK_from_this_failed_2Ev!
0x000000000015b830,sub_15b830,8,_Z16subsdk0_f_15b830Pv
0x000000000015b840,AString_cpp_109_CHECK_from_this_failed_3,192,_ZN7subsdk040AString_cpp_109_CHECK_from_this_failed_3Ev!
0x000000000015b900,sub_15b900,80,_ZN7subsdk010sub_15b900Ev!
0x000000000015b950,sub_15b950,80,_ZN7subsdk010sub_15b950Ev!
0x000000000015b9a0,sub_15b9a0,124,_ZN7subsdk010sub_15b9a0Ev!
0x000000000015ba20,sub_15ba20,8,_Z16subsdk0_f_15ba20Pv
0x000000000015ba30,sub_15ba30,16,_Z16subsdk0_f_15ba30Pv
0x000000000015ba40,AString_cpp_184_CHECK_mData_NULL_failed_2,200,_ZN7subsdk041AString_cpp_184_CHECK_mData_NULL_failed_2Ev!
0x000000000015bb10,sub_15bb10,132,_ZN7subsdk010sub_15bb10Ev!
0x000000000015bba0,sub_15bba0,60,_ZN7subsdk010sub_15bba0Ev!
0x000000000015bbe0,sub_15bbe0,200,_ZN7subsdk010sub_15bbe0Ev!
0x000000000015bcb0,sub_15bcb0,72,_ZN7subsdk010sub_15bcb0Ev!
0x000000000015bd00,AString_cpp_184_CHECK_mData_NULL_failed_3,824,_ZN7subsdk041AString_cpp_184_CHECK_mData_NULL_failed_3Ev!
0x000000000015c040,AString_cpp_224_CHECK_result_0_size_t_result_sizeof_s_fa,268,_ZN7subsdk056AString_cpp_224_CHECK_result_0_size_t_result_sizeof_s_faEv!
0x000000000015c150,AString_cpp_184_CHECK_mData_NULL_failed_4,196,_ZN7subsdk041AString_cpp_184_CHECK_mData_NULL_failed_4Ev!
0x000000000015c220,AString_cpp_224_CHECK_result_0_size_t_result_sizeof_s_fa_2,268,_ZN7subsdk058AString_cpp_224_CHECK_result_0_size_t_result_sizeof_s_fa_2Ev!
0x000000000015c330,AString_cpp_184_CHECK_mData_NULL_failed_5,208,_ZN7subsdk041AString_cpp_184_CHECK_mData_NULL_failed_5Ev!
0x000000000015c400,AString_cpp_184_CHECK_mData_NULL_failed_6,204,_ZN7subsdk041AString_cpp_184_CHECK_mData_NULL_failed_6Ev!
0x000000000015c4d0,AString_cpp_203_CHECK_result_0_size_t_result_sizeof_s_fa,124,_ZN7subsdk056AString_cpp_203_CHECK_result_0_size_t_result_sizeof_s_faEv!
0x000000000015c550,AString_cpp_210_CHECK_result_0_size_t_result_sizeof_s_fa,124,_ZN7subsdk056AString_cpp_210_CHECK_result_0_size_t_result_sizeof_s_faEv!
0x000000000015c5d0,AString_cpp_217_CHECK_result_0_size_t_result_sizeof_s_fa,124,_ZN7subsdk056AString_cpp_217_CHECK_result_0_size_t_result_sizeof_s_faEv!
0x000000000015c650,AString_cpp_224_CHECK_result_0_size_t_result_sizeof_s_fa_3,124,_ZN7subsdk058AString_cpp_224_CHECK_result_0_size_t_result_sizeof_s_fa_3Ev!
0x000000000015c6d0,AString_cpp_231_CHECK_result_0_size_t_result_sizeof_s_fa,124,_ZN7subsdk056AString_cpp_231_CHECK_result_0_size_t_result_sizeof_s_faEv!
0x000000000015c750,AString_cpp_238_CHECK_result_0_size_t_result_sizeof_s_fa,124,_ZN7subsdk056AString_cpp_238_CHECK_result_0_size_t_result_sizeof_s_faEv!
0x000000000015c7d0,AString_cpp_245_CHECK_result_0_size_t_result_sizeof_s_fa,120,_ZN7subsdk056AString_cpp_245_CHECK_result_0_size_t_result_sizeof_s_faEv!
0x000000000015c850,AString_cpp_252_CHECK_result_0_size_t_result_sizeof_s_fa,120,_ZN7subsdk056AString_cpp_252_CHECK_result_0_size_t_result_sizeof_s_faEv!
0x000000000015c8d0,AString_cpp_259_CHECK_result_0_size_t_result_sizeof_s_fa,124,_ZN7subsdk056AString_cpp_259_CHECK_result_0_size_t_result_sizeof_s_faEv!
0x000000000015c950,AString_cpp_264_CHECK_LE_start_size_failed,444,_ZN7subsdk042AString_cpp_264_CHECK_LE_start_size_failedEv!
0x000000000015cb10,sub_15cb10,16,_ZN7subsdk010sub_15cb10Ev!
0x000000000015cb20,AString_cpp_288_CHECK_mData_NULL_failed,928,_ZN7subsdk039AString_cpp_288_CHECK_mData_NULL_failedEv!
0x000000000015cec0,AString_cpp_224_CHECK_result_0_size_t_result_sizeof_s_fa_4,268,_ZN7subsdk058AString_cpp_224_CHECK_result_0_size_t_result_sizeof_s_fa_4Ev!
0x000000000015cfd0,sub_15cfd0,32,_ZN7subsdk010sub_15cfd0Ev!
0x000000000015cff0,sub_15cff0,12,_ZN7subsdk010sub_15cff0Ev!
0x000000000015d000,sub_15d000,36,_ZN7subsdk010sub_15d000Ev!
0x000000000015d030,sub_15d030,12,_ZN7subsdk010sub_15d030Ev!
0x000000000015d040,sub_15d040,36,_ZN7subsdk010sub_15d040Ev!
0x000000000015d070,sub_15d070,144,_ZN7subsdk010sub_15d070Ev!
0x000000000015d100,sub_15d100,64,_ZN7subsdk010sub_15d100Ev!
0x000000000015d140,sub_15d140,96,_ZN7subsdk010sub_15d140Ev!
0x000000000015d1a0,sub_15d1a0,64,_ZN7subsdk010sub_15d1a0Ev!
0x000000000015d1e0,sub_15d1e0,96,_ZN7subsdk010sub_15d1e0Ev!
0x000000000015d240,sub_15d240,84,_ZN7subsdk010sub_15d240Ev!
0x000000000015d2a0,AString_cpp_362_CHECK_LE_mSize_static_cast_size_t_0x7fff,444,_ZN7subsdk056AString_cpp_362_CHECK_LE_mSize_static_cast_size_t_0x7fffEv!
0x000000000015d460,sub_15d460,204,_ZN7subsdk010sub_15d460Ev!
0x000000000015d530,sub_15d530,12,_ZN7subsdk010sub_15d530Ev!
0x000000000015d540,sub_15d540,560,_ZN7subsdk010sub_15d540Ev!
0x000000000015d770,sub_15d770,60,_ZN7subsdk010sub_15d770Ev!
0x000000000015d7b0,sub_15d7b0,132,_ZN7subsdk010sub_15d7b0Ev!
0x000000000015d840,sub_15d840,140,_ZN7subsdk010sub_15d840Ev!
0x000000000015d8d0,sub_15d8d0,8,_Z16subsdk0_f_15d8d0v
0x000000000015d8e0,sub_15d8e0,4,_Z16subsdk0_f_15d8e0v
0x000000000015d8f0,sub_15d8f0,4,_Z16subsdk0_f_15d8f0v
0x000000000015d900,sub_15d900,4,_Z16subsdk0_f_15d900v
0x000000000015d910,sub_15d910,8,_ZN7subsdk010sub_15d910Ev!
0x000000000015d920,sub_15d920,40,_ZN7subsdk010sub_15d920Ev!
0x000000000015d950,sub_15d950,20,_ZN7subsdk010sub_15d950Ev!
0x000000000015d970,sub_15d970,48,_ZN7subsdk010sub_15d970Ev!
0x000000000015d9a0,sub_15d9a0,392,_ZN7subsdk010sub_15d9a0Ev!
0x000000000015db30,sub_15db30,164,_ZN7subsdk010sub_15db30Ev!
0x000000000015dbe0,sub_15dbe0,52,_ZN7subsdk010sub_15dbe0Ev!
0x000000000015dc20,sub_15dc20,88,_ZN7subsdk010sub_15dc20Ev!
0x000000000015dc80,sub_15dc80,64,_ZN7subsdk010sub_15dc80Ev!
0x000000000015dcc0,sub_15dcc0,152,_ZN7subsdk010sub_15dcc0Ev!
0x000000000015dd60,sub_15dd60,384,_ZN7subsdk010sub_15dd60Ev!
0x000000000015dee0,sub_15dee0,492,_ZN7subsdk010sub_15dee0Ev!
0x000000000015e0d0,sub_15e0d0,332,_ZN7subsdk010sub_15e0d0Ev!
0x000000000015e220,sub_15e220,232,_ZN7subsdk010sub_15e220Ev!
0x000000000015e310,sub_15e310,32,_ZN7subsdk010sub_15e310Ev!
0x000000000015e330,sub_15e330,28,_ZN7subsdk010sub_15e330Ev!
0x000000000015e350,sub_15e350,280,_ZN7subsdk010sub_15e350Ev!
0x000000000015e470,sub_15e470,160,_ZN7subsdk010sub_15e470Ev!
0x000000000015e510,color_range,132,_ZN7subsdk011color_rangeEv!
0x000000000015e5a0,color_range_2,172,_ZN7subsdk013color_range_2Ev!
0x000000000015e650,color_range_3,148,_ZN7subsdk013color_range_3Ev!
0x000000000015e6f0,color_range_4,164,_ZN7subsdk013color_range_4Ev!
0x000000000015e7a0,hdr_static_info,332,_ZN7subsdk015hdr_static_infoEv!
0x000000000015e8f0,hdr_static_info_2,244,_ZN7subsdk017hdr_static_info_2Ev!
0x000000000015e9f0,sub_15e9f0,664,_ZN7subsdk010sub_15e9f0Ev!
0x000000000015ec90,sub_15ec90,932,_ZN7subsdk010sub_15ec90Ev!
0x000000000015f040,hexdump,608,_ZN7subsdk07hexdumpEv!
0x000000000015f2a0,sub_15f2a0,252,_ZN7subsdk010sub_15f2a0Ev!
0x000000000015f3a0,content_length,776,_ZN7subsdk014content_lengthEv!
0x000000000015f6b0,sub_15f6b0,88,_ZN7subsdk010sub_15f6b0Ev!
0x000000000015f710,sub_15f710,88,_ZN7subsdk010sub_15f710Ev!
0x000000000015f770,sub_15f770,96,_ZN7subsdk010sub_15f770Ev!
0x000000000015f7d0,sub_15f7d0,184,_ZN7subsdk010sub_15f7d0Ev!
0x000000000015f890,sub_15f890,168,_ZN7subsdk010sub_15f890Ev!
0x000000000015f940,sub_15f940,8,_ZN7subsdk010sub_15f940Ev!
0x000000000015f950,ParsedMessage_cpp_182_CHECK_findString___line_failed,272,_ZN7subsdk052ParsedMessage_cpp_182_CHECK_findString___line_failedEv!
0x000000000015fa60,sub_15fa60,164,_ZN7subsdk010sub_15fa60Ev!
0x000000000015fb10,ParsedMessage_cpp_227_CHECK_findString___line_failed,344,_ZN7subsdk052ParsedMessage_cpp_227_CHECK_findString___line_failedEv!
0x000000000015fc70,sub_15fc70,256,_ZN7subsdk010sub_15fc70Ev!
0x000000000015fd70,sub_15fd70,160,_ZN7subsdk010sub_15fd70Ev!
0x000000000015fe10,sub_15fe10,112,_ZN7subsdk010sub_15fe10Ev!
0x000000000015fe80,sub_15fe80,200,_ZN7subsdk010sub_15fe80Ev!
0x000000000015ff50,sub_15ff50,36,_ZN7subsdk010sub_15ff50Ev!
0x000000000015ff80,sub_15ff80,8,_Z16subsdk0_f_15ff80v
0x000000000015ff90,sub_15ff90,96,_ZN7subsdk010sub_15ff90Ev!
0x000000000015fff0,sub_15fff0,296,_ZN7subsdk010sub_15fff0Ev!
0x0000000000160120,sub_160120,388,_ZN7subsdk010sub_160120Ev!
0x00000000001602b0,sub_1602b0,104,_ZN7subsdk010sub_1602b0Ev!
0x0000000000160320,sub_160320,140,_ZN7subsdk010sub_160320Ev!
0x00000000001603b0,LiveDataSource,240,_ZN7subsdk014LiveDataSourceEv!
0x00000000001604a0,sub_1604a0,140,_ZN7subsdk010sub_1604a0Ev!
0x0000000000160530,sub_160530,100,_ZN7subsdk010sub_160530Ev!
0x00000000001605a0,sub_1605a0,276,_ZN7subsdk010sub_1605a0Ev!
0x00000000001606c0,sub_1606c0,156,_ZN7subsdk010sub_1606c0Ev!
0x0000000000160760,subtitles,1692,_ZN7subsdk09subtitlesEv!
0x0000000000160e00,LiveSession,84,_ZN7subsdk011LiveSessionEv!
0x0000000000160e60,sub_160e60,36,_ZN7subsdk010sub_160e60Ev!
0x0000000000160e90,sub_160e90,612,_ZN7subsdk010sub_160e90Ev!
0x0000000000161100,sub_161100,304,_ZN7subsdk010sub_161100Ev!
0x0000000000161230,sub_161230,52,_ZN7subsdk010sub_161230Ev!
0x0000000000161270,sub_161270,36,_ZN7subsdk010sub_161270Ev!
0x00000000001612a0,switchGeneration,288,_ZN7subsdk016switchGenerationEv!
0x00000000001613c0,LiveSession_2,484,_ZN7subsdk013LiveSession_2Ev!
0x00000000001615b0,subtitleGeneration,4004,_ZN7subsdk018subtitleGenerationEv!
0x0000000000162560,sub_162560,36,_ZN7subsdk010sub_162560Ev!
0x0000000000162590,LiveSession_3,328,_ZN7subsdk013LiveSession_3Ev!
0x00000000001626e0,headers_2,220,_ZN7subsdk09headers_2Ev!
0x00000000001627c0,sub_1627c0,60,_ZN7subsdk010sub_1627c0Ev!
0x0000000000162800,sub_162800,144,_ZN7subsdk010sub_162800Ev!
0x0000000000162890,timeUs_3,196,_ZN7subsdk08timeUs_3Ev!
0x0000000000162960,sub_162960,32,_ZN7subsdk010sub_162960Ev!
0x0000000000162980,bandwidthIndex,3064,_ZN7subsdk014bandwidthIndexEv!
0x0000000000163580,LiveSession_4,1088,_ZN7subsdk013LiveSession_4Ev!
0x00000000001639c0,sub_1639c0,344,_ZN7subsdk010sub_1639c0Ev!
0x0000000000163b20,LiveSession_5,144,_ZN7subsdk013LiveSession_5Ev!
0x0000000000163bb0,sub_163bb0,80,_ZN7subsdk010sub_163bb0Ev!
0x0000000000163c00,LiveSession_6,212,_ZN7subsdk013LiveSession_6Ev!
0x0000000000163ce0,sub_163ce0,564,_ZN7subsdk010sub_163ce0Ev!
0x0000000000163f20,bandwidthIndex_2,152,_ZN7subsdk016bandwidthIndex_2Ev!
0x0000000000163fc0,changedMask,1436,_ZN7subsdk011changedMaskEv!
0x0000000000164560,segmentStartTimeUs,4140,_ZN7subsdk018segmentStartTimeUsEv!
0x0000000000165590,LiveSession_7,588,_ZN7subsdk013LiveSession_7Ev!
0x00000000001657e0,switchGeneration_2,720,_ZN7subsdk018switchGeneration_2Ev!
0x0000000000165ab0,sub_165ab0,188,_ZN7subsdk010sub_165ab0Ev!
0x0000000000165b70,sub_165b70,24,_ZN7subsdk010sub_165b70Ev!
0x0000000000165b90,sub_165b90,384,_ZN7subsdk010sub_165b90Ev!
0x0000000000165d10,LiveSession_8,1280,_ZN7subsdk013LiveSession_8Ev!
0x0000000000166210,generation_9,140,_ZN7subsdk012generation_9Ev!
0x00000000001662a0,sub_1662a0,16,_Z16subsdk0_f_1662a0Pv
0x00000000001662b0,switchGeneration_3,596,_ZN7subsdk018switchGeneration_3Ev!
0x0000000000166510,unnamed_5,1668,_ZN7subsdk024unnamed_5_subsdk0_166510Ev!
0x0000000000166ba0,sub_166ba0,44,_ZN7subsdk010sub_166ba0Ev!
0x0000000000166bd0,sub_166bd0,8,_ZN7subsdk010sub_166bd0Ev!
0x0000000000166be0,LiveSession_9,360,_ZN7subsdk013LiveSession_9Ev!
0x0000000000166d50,segmentStartTimeUs_2,436,_ZN7subsdk020segmentStartTimeUs_2Ev!
0x0000000000166f10,sub_166f10,144,_ZN7subsdk010sub_166f10Ev!
0x0000000000166fa0,sub_166fa0,136,_ZN7subsdk010sub_166fa0Ev!
0x0000000000167030,sub_167030,8,_Z16subsdk0_f_167030v
0x0000000000167040,targetDuration,788,_ZN7subsdk014targetDurationEv!
0x0000000000167360,sub_167360,16,_ZN7subsdk010sub_167360Ev!
0x0000000000167370,sub_167370,20,_ZN7subsdk010sub_167370Ev!
0x0000000000167390,bandwidthIndex_3,232,_ZN7subsdk016bandwidthIndex_3Ev!
0x0000000000167480,sub_167480,20,_ZN7subsdk010sub_167480Ev!
0x00000000001674a0,sub_1674a0,424,_ZN7subsdk010sub_1674a0Ev!
0x0000000000167650,LiveSession_10,1228,_ZN7subsdk014LiveSession_10Ev!
0x0000000000167b20,sub_167b20,148,_ZN7subsdk010sub_167b20Ev!
0x0000000000167bc0,sub_167bc0,156,_ZN7subsdk010sub_167bc0Ev!
0x0000000000167c60,sub_167c60,52,_ZN7subsdk010sub_167c60Ev!
0x0000000000167ca0,sub_167ca0,60,_ZN7subsdk010sub_167ca0Ev!
0x0000000000167ce0,sub_167ce0,4,_Z16subsdk0_f_167ce0v
0x0000000000167cf0,sub_167cf0,4,_Z16subsdk0_f_167cf0v
0x0000000000167d00,sub_167d00,20,_ZN7subsdk010sub_167d00Ev!
0x0000000000167d20,sub_167d20,108,_ZN7subsdk010sub_167d20Ev!
0x0000000000167d90,sub_167d90,20,_ZN7subsdk010sub_167d90Ev!
0x0000000000167db0,sub_167db0,20,_ZN7subsdk010sub_167db0Ev!
0x0000000000167dd0,sub_167dd0,32,_ZN7subsdk010sub_167dd0Ev!
0x0000000000167df0,sub_167df0,52,_ZN7subsdk010sub_167df0Ev!
0x0000000000167e30,sub_167e30,60,_ZN7subsdk010sub_167e30Ev!
0x0000000000167e70,sub_167e70,92,_ZN7subsdk010sub_167e70Ev!
0x0000000000167ed0,sub_167ed0,76,_ZN7subsdk010sub_167ed0Ev!
0x0000000000167f20,sub_167f20,104,_ZN7subsdk010sub_167f20Ev!
0x0000000000167f90,sub_167f90,100,_ZN7subsdk010sub_167f90Ev!
0x0000000000168000,sub_168000,152,_ZN7subsdk010sub_168000Ev!
0x00000000001680a0,sub_1680a0,132,_ZN7subsdk010sub_1680a0Ev!
0x0000000000168130,sub_168130,32,_ZN7subsdk010sub_168130Ev!
0x0000000000168150,sub_168150,52,_ZN7subsdk010sub_168150Ev!
0x0000000000168190,sub_168190,60,_ZN7subsdk010sub_168190Ev!
0x00000000001681d0,sub_1681d0,60,_ZN7subsdk010sub_1681d0Ev!
0x0000000000168210,sub_168210,72,_ZN7subsdk010sub_168210Ev!
0x0000000000168260,sub_168260,112,_ZN7subsdk010sub_168260Ev!
0x00000000001682d0,sub_1682d0,112,_ZN7subsdk010sub_1682d0Ev!
0x0000000000168340,sub_168340,172,_ZN7subsdk010sub_168340Ev!
0x00000000001683f0,sub_1683f0,136,_ZN7subsdk010sub_1683f0Ev!
0x0000000000168480,sub_168480,72,_ZN7subsdk010sub_168480Ev!
0x00000000001684d0,sub_1684d0,128,_ZN7subsdk010sub_1684d0Ev!
0x0000000000168550,sub_168550,124,_ZN7subsdk010sub_168550Ev!
0x00000000001685d0,sub_1685d0,60,_ZN7subsdk010sub_1685d0Ev!
0x0000000000168610,sub_168610,4,_Z16subsdk0_f_168610v
0x0000000000168620,sub_168620,4,_Z16subsdk0_f_168620v
0x0000000000168630,sub_168630,100,_ZN7subsdk010sub_168630Ev!
0x00000000001686a0,sub_1686a0,96,_ZN7subsdk010sub_1686a0Ev!
0x0000000000168700,sub_168700,128,_ZN7subsdk010sub_168700Ev!
0x0000000000168780,sub_168780,100,_ZN7subsdk010sub_168780Ev!
0x00000000001687f0,sub_1687f0,96,_ZN7subsdk010sub_1687f0Ev!
0x0000000000168850,sub_168850,84,_ZN7subsdk010sub_168850Ev!
0x00000000001688b0,sub_1688b0,52,_ZN7subsdk010sub_1688b0Ev!
0x00000000001688f0,sub_1688f0,92,_ZN7subsdk010sub_1688f0Ev!
0x0000000000168950,sub_168950,8,_Z16subsdk0_f_168950Pv
0x0000000000168960,sub_168960,212,_ZN7subsdk010sub_168960Ev!
0x0000000000168a40,M3UParser,300,_ZN7subsdk09M3UParserEv!
0x0000000000168b70,sub_168b70,120,_ZN7subsdk010sub_168b70Ev!
0x0000000000168bf0,sub_168bf0,8,_Z16subsdk0_f_168bf0Pv
0x0000000000168c00,language_3,396,_ZN7subsdk010language_3Ev!
0x0000000000168d90,sub_168d90,112,_ZN7subsdk010sub_168d90Ev!
0x0000000000168e00,sub_168e00,188,_ZN7subsdk010sub_168e00Ev!
0x0000000000168ec0,discontinuity,2788,_ZN7subsdk013discontinuityEv!
0x00000000001699b0,sub_1699b0,252,_ZN7subsdk010sub_1699b0Ev!
0x0000000000169ab0,sub_169ab0,36,_ZN7subsdk010sub_169ab0Ev!
0x0000000000169ae0,sub_169ae0,8,_Z16subsdk0_f_169ae0Pv
0x0000000000169af0,sub_169af0,8,_Z16subsdk0_f_169af0Pv
0x0000000000169b00,sub_169b00,8,_Z16subsdk0_f_169b00Pv
0x0000000000169b10,sub_169b10,8,_Z16subsdk0_f_169b10Pv
0x0000000000169b20,sub_169b20,8,_Z16subsdk0_f_169b20Pv
0x0000000000169b30,sub_169b30,8,_Z16subsdk0_f_169b30Pv
0x0000000000169b40,sub_169b40,24,_ZN7subsdk010sub_169b40Ev!
0x0000000000169b60,sub_169b60,16,_ZN7subsdk010sub_169b60Ev!
0x0000000000169b70,sub_169b70,268,_ZN7subsdk010sub_169b70Ev!
0x0000000000169c80,M3UParser_2,488,_ZN7subsdk011M3UParser_2Ev!
0x0000000000169e70,sub_169e70,84,_ZN7subsdk010sub_169e70Ev!
0x0000000000169ed0,sub_169ed0,532,_ZN7subsdk010sub_169ed0Ev!
0x000000000016a0f0,sub_16a0f0,124,_ZN7subsdk010sub_16a0f0Ev!
0x000000000016a170,sub_16a170,192,_ZN7subsdk010sub_16a170Ev!
0x000000000016a230,sub_16a230,8,_Z16subsdk0_f_16a230Pv
0x000000000016a240,sub_16a240,268,_ZN7subsdk010sub_16a240Ev!
0x000000000016a350,M3UParser_3,1028,_ZN7subsdk011M3UParser_3Ev!
0x000000000016a760,sub_16a760,1872,_ZN7subsdk010sub_16a760Ev!
0x000000000016aeb0,sub_16aeb0,8,_Z16subsdk0_f_16aeb0Pv
0x000000000016aec0,sub_16aec0,320,_ZN7subsdk010sub_16aec0Ev!
0x000000000016b000,startTimeUs,304,_ZN7subsdk011startTimeUsEv!
0x000000000016b130,subtitles_2,1508,_ZN7subsdk011subtitles_2Ev!
0x000000000016b720,sub_16b720,236,_ZN7subsdk010sub_16b720Ev!
0x000000000016b810,method,924,_ZN7subsdk021method_subsdk0_16b810Ev!
0x000000000016bbb0,sub_16bbb0,420,_ZN7subsdk010sub_16bbb0Ev!
0x000000000016bd60,subtitles_3,2284,_ZN7subsdk011subtitles_3Ev!
0x000000000016c650,sub_16c650,156,_ZN7subsdk010sub_16c650Ev!
0x000000000016c6f0,sub_16c6f0,132,_ZN7subsdk010sub_16c6f0Ev!
0x000000000016c780,sub_16c780,124,_ZN7subsdk010sub_16c780Ev!
0x000000000016c800,M3UParser_4,252,_ZN7subsdk011M3UParser_4Ev!
0x000000000016c900,sub_16c900,112,_ZN7subsdk010sub_16c900Ev!
0x000000000016c970,sub_16c970,156,_ZN7subsdk010sub_16c970Ev!
0x000000000016ca10,sub_16ca10,52,_ZN7subsdk010sub_16ca10Ev!
0x000000000016ca50,sub_16ca50,60,_ZN7subsdk010sub_16ca50Ev!
0x000000000016ca90,sub_16ca90,60,_ZN7subsdk010sub_16ca90Ev!
0x000000000016cad0,sub_16cad0,72,_ZN7subsdk025sub_16cad0_subsdk0_16cad0Ev!
0x000000000016cb20,sub_16cb20,96,_ZN7subsdk010sub_16cb20Ev!
0x000000000016cb80,sub_16cb80,92,_ZN7subsdk010sub_16cb80Ev!
0x000000000016cbe0,sub_16cbe0,152,_ZN7subsdk010sub_16cbe0Ev!
0x000000000016cc80,sub_16cc80,120,_ZN7subsdk010sub_16cc80Ev!
0x000000000016cd00,sub_16cd00,72,_ZN7subsdk010sub_16cd00Ev!
0x000000000016cd50,sub_16cd50,60,_ZN7subsdk010sub_16cd50Ev!
0x000000000016cd90,sub_16cd90,72,_ZN7subsdk010sub_16cd90Ev!
0x000000000016cde0,sub_16cde0,72,_ZN7subsdk010sub_16cde0Ev!
0x000000000016ce30,sub_16ce30,108,_ZN7subsdk010sub_16ce30Ev!
0x000000000016cea0,sub_16cea0,120,_ZN7subsdk010sub_16cea0Ev!
0x000000000016cf20,sub_16cf20,184,_ZN7subsdk010sub_16cf20Ev!
0x000000000016cfe0,sub_16cfe0,148,_ZN7subsdk010sub_16cfe0Ev!
0x000000000016d080,sub_16d080,312,_ZN7subsdk010sub_16d080Ev!
0x000000000016d1c0,sub_16d1c0,312,_ZN7subsdk010sub_16d1c0Ev!
0x000000000016d300,sub_16d300,400,_ZN7subsdk010sub_16d300Ev!
0x000000000016d490,streamMask,408,_ZN7subsdk010streamMaskEv!
0x000000000016d630,sub_16d630,276,_ZN7subsdk010sub_16d630Ev!
0x000000000016d750,sub_16d750,36,_ZN7subsdk010sub_16d750Ev!
0x000000000016d780,PlaylistFetcher,408,_ZN7subsdk015PlaylistFetcherEv!
0x000000000016d920,PlaylistFetcher_2,640,_ZN7subsdk017PlaylistFetcher_2Ev!
0x000000000016dba0,PlaylistFetcher_3,952,_ZN7subsdk017PlaylistFetcher_3Ev!
0x000000000016df60,PlaylistFetcher_4,324,_ZN7subsdk017PlaylistFetcher_4Ev!
0x000000000016e0b0,generation_10,176,_ZN7subsdk013generation_10Ev!
0x000000000016e160,sub_16e160,16,_Z16subsdk0_f_16e160Pv
0x000000000016e170,sub_16e170,116,_ZN7subsdk010sub_16e170Ev!
0x000000000016e1f0,subtitleSource,392,_ZN7subsdk014subtitleSourceEv!
0x000000000016e380,sub_16e380,116,_ZN7subsdk010sub_16e380Ev!
0x000000000016e400,sub_16e400,140,_ZN7subsdk010sub_16e400Ev!
0x000000000016e490,params,140,_ZN7subsdk06paramsEv!
0x000000000016e520,PlaylistFetcher_5,648,_ZN7subsdk017PlaylistFetcher_5Ev!
0x000000000016e7b0,subtitleSource_2,1260,_ZN7subsdk016subtitleSource_2Ev!
0x000000000016eca0,sub_16eca0,16,_Z16subsdk0_f_16eca0Pv
0x000000000016ecb0,PlaylistFetcher_6,288,_ZN7subsdk017PlaylistFetcher_6Ev!
0x000000000016edd0,PlaylistFetcher_7,920,_ZN7subsdk017PlaylistFetcher_7Ev!
0x000000000016f170,PlaylistFetcher_8,4260,_ZN7subsdk017PlaylistFetcher_8Ev!
0x0000000000170220,timeUsSubtitle,700,_ZN7subsdk014timeUsSubtitleEv!
0x00000000001704e0,sub_1704e0,108,_ZN7subsdk010sub_1704e0Ev!
0x0000000000170550,sub_170550,112,_ZN7subsdk010sub_170550Ev!
0x00000000001705c0,sub_1705c0,324,_ZN7subsdk010sub_1705c0Ev!
0x0000000000170710,PlaylistFetcher_9,384,_ZN7subsdk017PlaylistFetcher_9Ev!
0x0000000000170890,sub_170890,44,_ZN7subsdk010sub_170890Ev!
0x00000000001708c0,PlaylistFetcher_10,444,_ZN7subsdk018PlaylistFetcher_10Ev!
0x0000000000170a80,PlaylistFetcher_11,404,_ZN7subsdk018PlaylistFetcher_11Ev!
0x0000000000170c20,discontinuitySeq,2292,_ZN7subsdk016discontinuitySeqEv!
0x0000000000171520,subtitleGeneration_2,3536,_ZN7subsdk020subtitleGeneration_2Ev!
0x00000000001722f0,PlaylistFetcher_12,444,_ZN7subsdk018PlaylistFetcher_12Ev!
0x00000000001724b0,segmentStartTimeUs_3,452,_ZN7subsdk020segmentStartTimeUs_3Ev!
0x0000000000172680,WEBVTT,272,_ZN7subsdk06WEBVTTEv!
0x0000000000172790,sub_172790,52,_ZN7subsdk010sub_172790Ev!
0x00000000001727d0,sub_1727d0,60,_ZN7subsdk010sub_1727d0Ev!
0x0000000000172810,sub_172810,60,_ZN7subsdk010sub_172810Ev!
0x0000000000172850,sub_172850,72,_ZN7subsdk010sub_172850Ev!
0x00000000001728a0,sub_1728a0,96,_ZN7subsdk010sub_1728a0Ev!
0x0000000000172900,sub_172900,92,_ZN7subsdk010sub_172900Ev!
0x0000000000172960,sub_172960,152,_ZN7subsdk010sub_172960Ev!
0x0000000000172a00,sub_172a00,120,_ZN7subsdk010sub_172a00Ev!
0x0000000000172a80,sub_172a80,72,_ZN7subsdk010sub_172a80Ev!
0x0000000000172ad0,sub_172ad0,108,_ZN7subsdk010sub_172ad0Ev!
0x0000000000172b40,ID3_cpp_323_CHECK_EQ_header_version_major_4_failed,1052,_ZN7subsdk050ID3_cpp_323_CHECK_EQ_header_version_major_4_failedEv!
0x0000000000172f60,sub_172f60,228,_ZN7subsdk025sub_172f60_subsdk0_172f60Ev!
0x0000000000173050,sub_173050,284,_ZN7subsdk025sub_173050_subsdk0_173050Ev!
0x0000000000173170,sub_173170,44,_ZN7subsdk010sub_173170Ev!
0x00000000001731a0,sub_1731a0,8,_Z16subsdk0_f_1731a0Pv
0x00000000001731b0,sub_1731b0,8,_Z16subsdk0_f_1731b0Pv
0x00000000001731c0,sub_1731c0,96,_ZN7subsdk010sub_1731c0Ev!
0x0000000000173220,sub_173220,644,_ZN7subsdk010sub_173220Ev!
0x00000000001734b0,sub_1734b0,108,_ZN7subsdk010sub_1734b0Ev!
0x0000000000173520,sub_173520,64,_ZN7subsdk010sub_173520Ev!
0x0000000000173560,ID3_cpp_835_CHECK_Should_not_be_here_invalid_offset_fail,948,_ZN7subsdk056ID3_cpp_835_CHECK_Should_not_be_here_invalid_offset_failEv!
0x0000000000173920,sub_173920,44,_ZN7subsdk010sub_173920Ev!
0x0000000000173950,sub_173950,16,_Z16subsdk0_f_173950Pv
0x0000000000173960,sub_173960,32,_ZN7subsdk025sub_173960_subsdk0_173960Ev!
0x0000000000173980,ID3_cpp_508_CHECK_should_not_be_here_failed,476,_ZN7subsdk043ID3_cpp_508_CHECK_should_not_be_here_failedEv!
0x0000000000173b60,sub_173b60,68,_ZN7subsdk010sub_173b60Ev!
0x0000000000173bb0,ID3_cpp_683_CHECK_mParent_mVersion_ID3_V1_mParent_mVersi,1268,_ZN7subsdk056ID3_cpp_683_CHECK_mParent_mVersion_ID3_V1_mParent_mVersiEv!
0x00000000001740b0,ID3_cpp_683_CHECK_mParent_mVersion_ID3_V1_mParent_mVersi_2,92,_ZN7subsdk058ID3_cpp_683_CHECK_mParent_mVersion_ID3_V1_mParent_mVersi_2Ev!
0x0000000000174110,ID3_cpp_683_CHECK_mParent_mVersion_ID3_V1_mParent_mVersi_3,152,_ZN7subsdk058ID3_cpp_683_CHECK_mParent_mVersion_ID3_V1_mParent_mVersi_3Ev!
0x00000000001741b0,plain,780,_ZN7subsdk05plainEv!
0x00000000001744c0,sub_1744c0,36,_ZN7subsdk010sub_1744c0Ev!
0x00000000001744f0,sub_1744f0,8,_Z16subsdk0_f_1744f0v
0x0000000000174500,sub_174500,64,_ZN7subsdk010sub_174500Ev!
0x0000000000174540,sub_174540,156,_ZN7subsdk010sub_174540Ev!
0x00000000001745e0,AnotherPacketSource,356,_ZN7subsdk019AnotherPacketSourceEv!
0x0000000000174750,sub_174750,168,_ZN7subsdk010sub_174750Ev!
0x0000000000174800,sub_174800,244,_ZN7subsdk010sub_174800Ev!
0x0000000000174900,sub_174900,44,_ZN7subsdk010sub_174900Ev!
0x0000000000174930,sub_174930,56,_ZN7subsdk010sub_174930Ev!
0x0000000000174970,sub_174970,52,_ZN7subsdk010sub_174970Ev!
0x00000000001749b0,sub_1749b0,64,_ZN7subsdk010sub_1749b0Ev!
0x00000000001749f0,sub_1749f0,8,_Z16subsdk0_f_1749f0v
0x0000000000174a00,sub_174a00,8,_Z16subsdk0_f_174a00v
0x0000000000174a10,discontinuity_2,452,_ZN7subsdk015discontinuity_2Ev!
0x0000000000174be0,discontinuity_3,632,_ZN7subsdk015discontinuity_3Ev!
0x0000000000174e60,sub_174e60,36,_ZN7subsdk010sub_174e60Ev!
0x0000000000174e90,AnotherPacketSource_2,796,_ZN7subsdk021AnotherPacketSource_2Ev!
0x00000000001751b0,AnotherPacketSource_3,736,_ZN7subsdk021AnotherPacketSource_3Ev!
0x0000000000175490,sub_175490,184,_ZN7subsdk010sub_175490Ev!
0x0000000000175550,discontinuity_4,548,_ZN7subsdk015discontinuity_4Ev!
0x0000000000175780,AnotherPacketSource_4,112,_ZN7subsdk021AnotherPacketSource_4Ev!
0x00000000001757f0,sub_1757f0,100,_ZN7subsdk010sub_1757f0Ev!
0x0000000000175860,sub_175860,80,_ZN7subsdk025sub_175860_subsdk0_175860Ev!
0x00000000001758b0,discontinuity_5,336,_ZN7subsdk015discontinuity_5Ev!
0x0000000000175a00,timeUs_4,340,_ZN7subsdk08timeUs_4Ev!
0x0000000000175b60,AnotherPacketSource_5,252,_ZN7subsdk021AnotherPacketSource_5Ev!
0x0000000000175c60,sub_175c60,68,_ZN7subsdk010sub_175c60Ev!
0x0000000000175cb0,sub_175cb0,76,_ZN7subsdk010sub_175cb0Ev!
0x0000000000175d00,sub_175d00,76,_ZN7subsdk010sub_175d00Ev!
0x0000000000175d50,sub_175d50,120,_ZN7subsdk010sub_175d50Ev!
0x0000000000175dd0,sub_175dd0,72,_ZN7subsdk010sub_175dd0Ev!
0x0000000000175e20,ATSParser,2676,_ZN7subsdk09ATSParserEv!
0x00000000001768a0,sub_1768a0,172,_ZN7subsdk025sub_1768a0_subsdk0_1768a0Ev!
0x0000000000176950,sub_176950,512,_ZN7subsdk010sub_176950Ev!
0x0000000000176b50,sub_176b50,152,_ZN7subsdk025sub_176b50_subsdk0_176b50Ev!
0x0000000000176bf0,resume_at_mediaTimeUs,384,_ZN7subsdk021resume_at_mediaTimeUsEv!
0x0000000000176d70,sub_176d70,104,_ZN7subsdk010sub_176d70Ev!
0x0000000000176de0,sub_176de0,16,_ZN7subsdk010sub_176de0Ev!
0x0000000000176df0,sub_176df0,52,_ZN7subsdk010sub_176df0Ev!
0x0000000000176e30,sub_176e30,44,_ZN7subsdk010sub_176e30Ev!
0x0000000000176e60,sub_176e60,372,_ZN7subsdk010sub_176e60Ev!
0x0000000000176fe0,sub_176fe0,140,_ZN7subsdk010sub_176fe0Ev!
0x0000000000177070,sub_177070,204,_ZN7subsdk010sub_177070Ev!
0x0000000000177140,sub_177140,52,_ZN7subsdk010sub_177140Ev!
0x0000000000177180,sub_177180,44,_ZN7subsdk010sub_177180Ev!
0x00000000001771b0,sub_1771b0,152,_ZN7subsdk010sub_1771b0Ev!
0x0000000000177250,sub_177250,392,_ZN7subsdk010sub_177250Ev!
0x00000000001773e0,sub_1773e0,244,_ZN7subsdk010sub_1773e0Ev!
0x00000000001774e0,sub_1774e0,36,_ZN7subsdk010sub_1774e0Ev!
0x0000000000177510,sub_177510,240,_ZN7subsdk010sub_177510Ev!
0x0000000000177600,ATSParser_2,1212,_ZN7subsdk011ATSParser_2Ev!
0x0000000000177ac0,sub_177ac0,660,_ZN7subsdk010sub_177ac0Ev!
0x0000000000177d60,sub_177d60,308,_ZN7subsdk010sub_177d60Ev!
0x0000000000177ea0,sub_177ea0,120,_ZN7subsdk010sub_177ea0Ev!
0x0000000000177f20,sub_177f20,52,_ZN7subsdk010sub_177f20Ev!
0x0000000000177f60,sub_177f60,128,_ZN7subsdk010sub_177f60Ev!
0x0000000000177fe0,sub_177fe0,88,_ZN7subsdk010sub_177fe0Ev!
0x0000000000178040,sub_178040,288,_ZN7subsdk010sub_178040Ev!
0x0000000000178160,timeUs_5,476,_ZN7subsdk08timeUs_5Ev!
0x0000000000178340,sub_178340,172,_ZN7subsdk025sub_178340_subsdk0_178340Ev!
0x00000000001783f0,ATSParser_3,1308,_ZN7subsdk011ATSParser_3Ev!
0x0000000000178910,sub_178910,904,_ZN7subsdk010sub_178910Ev!
0x0000000000178ca0,sub_178ca0,32,_ZN7subsdk010sub_178ca0Ev!
0x0000000000178cc0,sub_178cc0,340,_ZN7subsdk010sub_178cc0Ev!
0x0000000000178e20,sub_178e20,108,_ZN7subsdk010sub_178e20Ev!
0x0000000000178e90,sub_178e90,32,_ZN7subsdk010sub_178e90Ev!
0x0000000000178eb0,sub_178eb0,24,_ZN7subsdk010sub_178eb0Ev!
0x0000000000178ed0,sub_178ed0,24,_ZN7subsdk010sub_178ed0Ev!
0x0000000000178ef0,ATSParser_4,596,_ZN7subsdk011ATSParser_4Ev!
0x0000000000179150,sub_179150,132,_ZN7subsdk010sub_179150Ev!
0x00000000001791e0,sub_1791e0,124,_ZN7subsdk010sub_1791e0Ev!
0x0000000000179260,sub_179260,264,_ZN7subsdk010sub_179260Ev!
0x0000000000179370,sub_179370,60,_ZN7subsdk010sub_179370Ev!
0x00000000001793b0,sub_1793b0,52,_ZN7subsdk010sub_1793b0Ev!
0x00000000001793f0,sub_1793f0,64,_ZN7subsdk010sub_1793f0Ev!
0x0000000000179430,sub_179430,72,_ZN7subsdk010sub_179430Ev!
0x0000000000179480,sub_179480,84,_ZN7subsdk010sub_179480Ev!
0x00000000001794e0,sub_1794e0,92,_ZN7subsdk010sub_1794e0Ev!
0x0000000000179540,sub_179540,128,_ZN7subsdk010sub_179540Ev!
0x00000000001795c0,sub_1795c0,124,_ZN7subsdk010sub_1795c0Ev!
0x0000000000179640,sub_179640,52,_ZN7subsdk010sub_179640Ev!
0x0000000000179680,sub_179680,60,_ZN7subsdk010sub_179680Ev!
0x00000000001796c0,sub_1796c0,92,_ZN7subsdk010sub_1796c0Ev!
0x0000000000179720,sub_179720,64,_ZN7subsdk010sub_179720Ev!
0x0000000000179760,sub_179760,92,_ZN7subsdk010sub_179760Ev!
0x00000000001797c0,sub_1797c0,88,_ZN7subsdk010sub_1797c0Ev!
0x0000000000179820,sub_179820,128,_ZN7subsdk010sub_179820Ev!
0x00000000001798a0,sub_1798a0,108,_ZN7subsdk010sub_1798a0Ev!
0x0000000000179910,sub_179910,32,_ZN7subsdk025sub_179910_subsdk0_179910Ev!
0x0000000000179930,sub_179930,52,_ZN7subsdk010sub_179930Ev!
0x0000000000179970,sub_179970,60,_ZN7subsdk010sub_179970Ev!
0x00000000001799b0,sub_1799b0,92,_ZN7subsdk010sub_1799b0Ev!
0x0000000000179a10,sub_179a10,64,_ZN7subsdk010sub_179a10Ev!
0x0000000000179a50,sub_179a50,92,_ZN7subsdk010sub_179a50Ev!
0x0000000000179ab0,sub_179ab0,88,_ZN7subsdk010sub_179ab0Ev!
0x0000000000179b10,sub_179b10,128,_ZN7subsdk010sub_179b10Ev!
0x0000000000179b90,sub_179b90,108,_ZN7subsdk010sub_179b90Ev!
0x0000000000179c00,sub_179c00,32,_ZN7subsdk010sub_179c00Ev!
0x0000000000179c20,sub_179c20,60,_ZN7subsdk010sub_179c20Ev!
0x0000000000179c60,sub_179c60,4,_Z16subsdk0_f_179c60v
0x0000000000179c70,sub_179c70,4,_Z16subsdk0_f_179c70v
0x0000000000179c80,sub_179c80,100,_ZN7subsdk010sub_179c80Ev!
0x0000000000179cf0,sub_179cf0,96,_ZN7subsdk010sub_179cf0Ev!
0x0000000000179d50,sub_179d50,156,_ZN7subsdk010sub_179d50Ev!
0x0000000000179df0,sub_179df0,100,_ZN7subsdk010sub_179df0Ev!
0x0000000000179e60,sub_179e60,60,_ZN7subsdk010sub_179e60Ev!
0x0000000000179ea0,sub_179ea0,24,_ZN7subsdk025sub_179ea0_subsdk0_179ea0Ev!
0x0000000000179ec0,sub_179ec0,64,_ZN7subsdk025sub_179ec0_subsdk0_179ec0Ev!
0x0000000000179f00,sub_179f00,84,_ZN7subsdk010sub_179f00Ev!
0x0000000000179f60,sub_179f60,80,_ZN7subsdk010sub_179f60Ev!
0x0000000000179fb0,sub_179fb0,100,_ZN7subsdk010sub_179fb0Ev!
0x000000000017a020,sub_17a020,100,_ZN7subsdk010sub_17a020Ev!
0x000000000017a090,sub_17a090,24,_ZN7subsdk010sub_17a090Ev!
0x000000000017a0b0,sub_17a0b0,68,_ZN7subsdk010sub_17a0b0Ev!
0x000000000017a100,sub_17a100,24,_ZN7subsdk010sub_17a100Ev!
0x000000000017a120,sub_17a120,12,_Z16subsdk0_f_17a120Pv
0x000000000017a130,sub_17a130,176,_ZN7subsdk010sub_17a130Ev!
0x000000000017a1e0,sub_17a1e0,1000,_ZN7subsdk010sub_17a1e0Ev!
0x000000000017a5d0,timeUs_6,660,_ZN7subsdk08timeUs_6Ev!
0x000000000017a870,timeUs_7,1128,_ZN7subsdk08timeUs_7Ev!
0x000000000017ace0,timeUs_8,800,_ZN7subsdk08timeUs_8Ev!
0x000000000017b000,timeUs_9,636,_ZN7subsdk08timeUs_9Ev!
0x000000000017b280,timeUs_10,1240,_ZN7subsdk09timeUs_10Ev!
0x000000000017b760,timeUs_11,1168,_ZN7subsdk09timeUs_11Ev!
0x000000000017bbf0,timeUs_12,796,_ZN7subsdk09timeUs_12Ev!
0x000000000017bf10,timeUs_13,652,_ZN7subsdk09timeUs_13Ev!
0x000000000017c1a0,sub_17c1a0,520,_ZN7subsdk010sub_17c1a0Ev!
0x000000000017c3b0,sub_17c3b0,136,_ZN7subsdk025sub_17c3b0_subsdk0_17c3b0Ev!
0x000000000017c440,ESQueue,348,_ZN7subsdk07ESQueueEv!
0x000000000017c5a0,sub_17c5a0,52,_ZN7subsdk010sub_17c5a0Ev!
0x000000000017c5e0,sub_17c5e0,304,_ZN7subsdk010sub_17c5e0Ev!
0x000000000017c710,sub_17c710,60,_ZN7subsdk010sub_17c710Ev!
0x000000000017c750,sub_17c750,4,_Z16subsdk0_f_17c750v
0x000000000017c760,sub_17c760,4,_Z16subsdk0_f_17c760v
0x000000000017c770,sub_17c770,100,_ZN7subsdk010sub_17c770Ev!
0x000000000017c7e0,sub_17c7e0,96,_ZN7subsdk010sub_17c7e0Ev!
0x000000000017c840,sub_17c840,128,_ZN7subsdk010sub_17c840Ev!
0x000000000017c8c0,sub_17c8c0,100,_ZN7subsdk010sub_17c8c0Ev!
0x000000000017c930,sub_17c930,372,_ZN7subsdk010sub_17c930Ev!
0x000000000017cab0,sub_17cab0,440,_ZN7subsdk010sub_17cab0Ev!
0x000000000017cc70,sub_17cc70,160,_ZN7subsdk025sub_17cc70_subsdk0_17cc70Ev!
0x000000000017cd10,sub_17cd10,36,_ZN7subsdk010sub_17cd10Ev!
0x000000000017cd40,sub_17cd40,8,_Z16subsdk0_f_17cd40Pv
0x000000000017cd50,sub_17cd50,252,_ZN7subsdk025sub_17cd50_subsdk0_17cd50Ev!
0x000000000017ce50,sub_17ce50,160,_ZN7subsdk010sub_17ce50Ev!
0x000000000017cef0,sub_17cef0,44,_ZN7subsdk010sub_17cef0Ev!
0x000000000017cf20,sub_17cf20,92,_ZN7subsdk025sub_17cf20_subsdk0_17cf20Ev!
0x000000000017cf80,sub_17cf80,8,_Z16subsdk0_f_17cf80v
0x000000000017cf90,sub_17cf90,340,_ZN7subsdk010sub_17cf90Ev!
0x000000000017d0f0,sub_17d0f0,52,_ZN7subsdk010sub_17d0f0Ev!
0x000000000017d130,sub_17d130,68,_ZN7subsdk010sub_17d130Ev!
0x000000000017d180,MPEG2PSExtractor,2008,_ZN7subsdk016MPEG2PSExtractorEv!
0x000000000017d960,sub_17d960,212,_ZN7subsdk010sub_17d960Ev!
0x000000000017da40,sub_17da40,424,_ZN7subsdk010sub_17da40Ev!
0x000000000017dbf0,sub_17dbf0,196,_ZN7subsdk010sub_17dbf0Ev!
0x000000000017dcc0,sub_17dcc0,240,_ZN7subsdk025sub_17dcc0_subsdk0_17dcc0Ev!
0x000000000017ddb0,sub_17ddb0,44,_ZN7subsdk010sub_17ddb0Ev!
0x000000000017dde0,sub_17dde0,56,_ZN7subsdk010sub_17dde0Ev!
0x000000000017de20,sub_17de20,52,_ZN7subsdk010sub_17de20Ev!
0x000000000017de60,sub_17de60,64,_ZN7subsdk010sub_17de60Ev!
0x000000000017dea0,sub_17dea0,28,_ZN7subsdk025sub_17dea0_subsdk0_17dea0Ev!
0x000000000017dec0,sub_17dec0,28,_ZN7subsdk010sub_17dec0Ev!
0x000000000017dee0,sub_17dee0,28,_ZN7subsdk010sub_17dee0Ev!
0x000000000017df00,sub_17df00,164,_ZN7subsdk010sub_17df00Ev!
0x000000000017dfb0,sub_17dfb0,140,_ZN7subsdk010sub_17dfb0Ev!
0x000000000017e040,sub_17e040,104,_ZN7subsdk010sub_17e040Ev!
0x000000000017e0b0,sub_17e0b0,124,_ZN7subsdk010sub_17e0b0Ev!
0x000000000017e130,sub_17e130,132,_ZN7subsdk010sub_17e130Ev!
0x000000000017e1c0,sub_17e1c0,132,_ZN7subsdk010sub_17e1c0Ev!
0x000000000017e250,sub_17e250,140,_ZN7subsdk010sub_17e250Ev!
0x000000000017e2e0,sub_17e2e0,16,_ZN7subsdk010sub_17e2e0Ev!
0x000000000017e2f0,sub_17e2f0,16,_ZN7subsdk010sub_17e2f0Ev!
0x000000000017e300,sub_17e300,16,_ZN7subsdk010sub_17e300Ev!
0x000000000017e310,sub_17e310,16,_ZN7subsdk010sub_17e310Ev!
0x000000000017e320,sub_17e320,200,_ZN7subsdk010sub_17e320Ev!
0x000000000017e3f0,sub_17e3f0,8,_Z16subsdk0_f_17e3f0v
0x000000000017e400,sub_17e400,4,_Z16subsdk0_f_17e400v
0x000000000017e410,sub_17e410,52,_ZN7subsdk025sub_17e410_subsdk0_17e410Ev!
0x000000000017e450,sub_17e450,60,_ZN7subsdk010sub_17e450Ev!
0x000000000017e490,sub_17e490,4,_Z16subsdk0_f_17e490v
0x000000000017e4a0,sub_17e4a0,4,_Z16subsdk0_f_17e4a0v
0x000000000017e4b0,sub_17e4b0,20,_ZN7subsdk010sub_17e4b0Ev!
0x000000000017e4d0,sub_17e4d0,96,_ZN7subsdk010sub_17e4d0Ev!
0x000000000017e530,sub_17e530,20,_ZN7subsdk010sub_17e530Ev!
0x000000000017e550,sub_17e550,20,_ZN7subsdk010sub_17e550Ev!
0x000000000017e570,sub_17e570,32,_ZN7subsdk010sub_17e570Ev!
0x000000000017e590,sub_17e590,52,_ZN7subsdk010sub_17e590Ev!
0x000000000017e5d0,sub_17e5d0,60,_ZN7subsdk010sub_17e5d0Ev!
0x000000000017e610,sub_17e610,92,_ZN7subsdk010sub_17e610Ev!
0x000000000017e670,sub_17e670,76,_ZN7subsdk010sub_17e670Ev!
0x000000000017e6c0,sub_17e6c0,104,_ZN7subsdk010sub_17e6c0Ev!
0x000000000017e730,sub_17e730,100,_ZN7subsdk010sub_17e730Ev!
0x000000000017e7a0,sub_17e7a0,152,_ZN7subsdk010sub_17e7a0Ev!
0x000000000017e840,sub_17e840,132,_ZN7subsdk010sub_17e840Ev!
0x000000000017e8d0,sub_17e8d0,32,_ZN7subsdk010sub_17e8d0Ev!
0x000000000017e8f0,sub_17e8f0,144,_ZN7subsdk010sub_17e8f0Ev!
0x000000000017e980,sub_17e980,156,_ZN7subsdk010sub_17e980Ev!
0x000000000017ea20,sub_17ea20,16,_ZN7subsdk010sub_17ea20Ev!
0x000000000017ea30,sub_17ea30,16,_ZN7subsdk010sub_17ea30Ev!
0x000000000017ea40,sub_17ea40,16,_ZN7subsdk010sub_17ea40Ev!
0x000000000017ea50,sub_17ea50,324,_ZN7subsdk010sub_17ea50Ev!
0x000000000017eba0,sub_17eba0,144,_ZN7subsdk010sub_17eba0Ev!
0x000000000017ec30,sub_17ec30,176,_ZN7subsdk025sub_17ec30_subsdk0_17ec30Ev!
0x000000000017ece0,sub_17ece0,536,_ZN7subsdk010sub_17ece0Ev!
0x000000000017ef00,sub_17ef00,8,_Z16subsdk0_f_17ef00Pv
0x000000000017ef10,MPEG2TSExtractor,444,_ZN7subsdk016MPEG2TSExtractorEv!
0x000000000017f0d0,sub_17f0d0,80,_ZN7subsdk025sub_17f0d0_subsdk0_17f0d0Ev!
0x000000000017f120,sub_17f120,92,_ZN7subsdk010sub_17f120Ev!
0x000000000017f180,sub_17f180,8,_Z16subsdk0_f_17f180v
0x000000000017f190,sub_17f190,360,_ZN7subsdk010sub_17f190Ev!
0x000000000017f300,sub_17f300,124,_ZN7subsdk010sub_17f300Ev!
0x000000000017f380,sub_17f380,132,_ZN7subsdk010sub_17f380Ev!
0x000000000017f410,sub_17f410,132,_ZN7subsdk010sub_17f410Ev!
0x000000000017f4a0,sub_17f4a0,140,_ZN7subsdk025sub_17f4a0_subsdk0_17f4a0Ev!
0x000000000017f530,sub_17f530,124,_ZN7subsdk010sub_17f530Ev!
0x000000000017f5b0,sub_17f5b0,132,_ZN7subsdk010sub_17f5b0Ev!
0x000000000017f640,sub_17f640,52,_ZN7subsdk010sub_17f640Ev!
0x000000000017f680,sub_17f680,60,_ZN7subsdk025sub_17f680_subsdk0_17f680Ev!
0x000000000017f6c0,sub_17f6c0,24,_ZN7subsdk010sub_17f6c0Ev!
0x000000000017f6e0,sub_17f6e0,76,_ZN7subsdk025sub_17f6e0_subsdk0_17f6e0Ev!
0x000000000017f730,sub_17f730,96,_ZN7subsdk010sub_17f730Ev!
0x000000000017f790,sub_17f790,92,_ZN7subsdk010sub_17f790Ev!
0x000000000017f7f0,sub_17f7f0,100,_ZN7subsdk010sub_17f7f0Ev!
0x000000000017f860,sub_17f860,100,_ZN7subsdk010sub_17f860Ev!
0x000000000017f8d0,sub_17f8d0,44,_ZN7subsdk010sub_17f8d0Ev!
0x000000000017f900,GraphicBufferSource,892,_ZN7subsdk019GraphicBufferSourceEv!
0x000000000017fc80,GraphicBufferSource_2,884,_ZN7subsdk021GraphicBufferSource_2Ev!
0x0000000000180000,sub_180000,308,_ZN7subsdk025sub_180000_subsdk0_180000Ev!
0x0000000000180140,sub_180140,52,_ZN7subsdk025sub_180140_subsdk0_180140Ev!
0x0000000000180180,sub_180180,44,_ZN7subsdk025sub_180180_subsdk0_180180Ev!
0x00000000001801b0,sub_1801b0,56,_ZN7subsdk025sub_1801b0_subsdk0_1801b0Ev!
0x00000000001801f0,sub_1801f0,52,_ZN7subsdk025sub_1801f0_subsdk0_1801f0Ev!
0x0000000000180230,sub_180230,64,_ZN7subsdk010sub_180230Ev!
0x0000000000180270,GraphicBufferSource_3,508,_ZN7subsdk021GraphicBufferSource_3Ev!
0x0000000000180470,GraphicBufferSource_4,532,_ZN7subsdk021GraphicBufferSource_4Ev!
0x0000000000180690,GraphicBufferSource_5,352,_ZN7subsdk021GraphicBufferSource_5Ev!
0x00000000001807f0,sub_1807f0,56,_ZN7subsdk010sub_1807f0Ev!
0x0000000000180830,sub_180830,140,_ZN7subsdk025sub_180830_subsdk0_180830Ev!
0x00000000001808c0,sub_1808c0,116,_ZN7subsdk010sub_1808c0Ev!
0x0000000000180940,GraphicBufferSource_6,492,_ZN7subsdk021GraphicBufferSource_6Ev!
0x0000000000180b30,sub_180b30,56,_ZN7subsdk010sub_180b30Ev!
0x0000000000180b70,GraphicBufferSource_7,584,_ZN7subsdk021GraphicBufferSource_7Ev!
0x0000000000180dc0,sub_180dc0,192,_ZN7subsdk010sub_180dc0Ev!
0x0000000000180e80,sub_180e80,352,_ZN7subsdk010sub_180e80Ev!
0x0000000000180fe0,GraphicBufferSource_8,124,_ZN7subsdk021GraphicBufferSource_8Ev!
0x0000000000181060,GraphicBufferSource_9,520,_ZN7subsdk021GraphicBufferSource_9Ev!
0x0000000000181270,generation_11,276,_ZN7subsdk013generation_11Ev!
0x0000000000181390,sub_181390,104,_ZN7subsdk010sub_181390Ev!
0x0000000000181400,sub_181400,292,_ZN7subsdk025sub_181400_subsdk0_181400Ev!
0x0000000000181530,sub_181530,320,_ZN7subsdk010sub_181530Ev!
0x0000000000181670,sub_181670,96,_ZN7subsdk025sub_181670_subsdk0_181670Ev!
0x00000000001816d0,sub_1816d0,152,_ZN7subsdk010sub_1816d0Ev!
0x0000000000181770,sub_181770,4,_Z16subsdk0_f_181770v
0x0000000000181780,sub_181780,92,_ZN7subsdk010sub_181780Ev!
0x00000000001817e0,sub_1817e0,92,_ZN7subsdk010sub_1817e0Ev!
0x0000000000181840,sub_181840,76,_ZN7subsdk025sub_181840_subsdk0_181840Ev!
0x0000000000181890,sub_181890,120,_ZN7subsdk010sub_181890Ev!
0x0000000000181910,generation_12,148,_ZN7subsdk013generation_12Ev!
0x00000000001819b0,GraphicBufferSource_10,300,_ZN7subsdk022GraphicBufferSource_10Ev!
0x0000000000181ae0,sub_181ae0,52,_ZN7subsdk010sub_181ae0Ev!
0x0000000000181b20,sub_181b20,60,_ZN7subsdk010sub_181b20Ev!
0x0000000000181b60,sub_181b60,4,_Z16subsdk0_f_181b60v
0x0000000000181b70,sub_181b70,4,_Z16subsdk0_f_181b70v
0x0000000000181b80,sub_181b80,20,_ZN7subsdk010sub_181b80Ev!
0x0000000000181ba0,sub_181ba0,108,_ZN7subsdk010sub_181ba0Ev!
0x0000000000181c10,sub_181c10,20,_ZN7subsdk010sub_181c10Ev!
0x0000000000181c30,sub_181c30,20,_ZN7subsdk025sub_181c30_subsdk0_181c30Ev!
0x0000000000181c50,sub_181c50,32,_ZN7subsdk010sub_181c50Ev!
0x0000000000181c70,sub_181c70,60,_ZN7subsdk010sub_181c70Ev!
0x0000000000181cb0,sub_181cb0,92,_ZN7subsdk010sub_181cb0Ev!
0x0000000000181d10,sub_181d10,64,_ZN7subsdk010sub_181d10Ev!
0x0000000000181d50,sub_181d50,100,_ZN7subsdk010sub_181d50Ev!
0x0000000000181dc0,sub_181dc0,96,_ZN7subsdk010sub_181dc0Ev!
0x0000000000181e20,sub_181e20,136,_ZN7subsdk025sub_181e20_subsdk0_181e20Ev!
0x0000000000181eb0,sub_181eb0,124,_ZN7subsdk010sub_181eb0Ev!
0x0000000000181f30,sub_181f30,68,_ZN7subsdk010sub_181f30Ev!
0x0000000000181f80,sub_181f80,76,_ZN7subsdk010sub_181f80Ev!
0x0000000000181fd0,sub_181fd0,128,_ZN7subsdk010sub_181fd0Ev!
0x0000000000182050,OMXCallbackDisp,284,_ZN7subsdk015OMXCallbackDispEv!
0x0000000000182170,OMX_cpp_111_CHECK_EQ_status_status_t_NO_ERROR_failed,420,_ZN7subsdk052OMX_cpp_111_CHECK_EQ_status_status_t_NO_ERROR_failedEv!
0x0000000000182320,sub_182320,128,_ZN7subsdk025sub_182320_subsdk0_182320Ev!
0x00000000001823a0,sub_1823a0,36,_ZN7subsdk010sub_1823a0Ev!
0x00000000001823d0,sub_1823d0,116,_ZN7subsdk010sub_1823d0Ev!
0x0000000000182450,sub_182450,16,_ZN7subsdk010sub_182450Ev!
0x0000000000182460,sub_182460,196,_ZN7subsdk010sub_182460Ev!
0x0000000000182530,sub_182530,8,_ZN7subsdk010sub_182530Ev!
0x0000000000182540,sub_182540,28,_ZN7subsdk010sub_182540Ev!
0x0000000000182560,sub_182560,304,_ZN7subsdk010sub_182560Ev!
0x0000000000182690,sub_182690,240,_ZN7subsdk010sub_182690Ev!
0x0000000000182780,sub_182780,240,_ZN7subsdk010sub_182780Ev!
0x0000000000182870,sub_182870,44,_ZN7subsdk010sub_182870Ev!
0x00000000001828a0,sub_1828a0,48,_ZN7subsdk010sub_1828a0Ev!
0x00000000001828d0,sub_1828d0,48,_ZN7subsdk010sub_1828d0Ev!
0x0000000000182900,sub_182900,56,_ZN7subsdk010sub_182900Ev!
0x0000000000182940,sub_182940,52,_ZN7subsdk025sub_182940_subsdk0_182940Ev!
0x0000000000182980,sub_182980,60,_ZN7subsdk010sub_182980Ev!
0x00000000001829c0,sub_1829c0,60,_ZN7subsdk025sub_1829c0_subsdk0_1829c0Ev!
0x0000000000182a00,sub_182a00,64,_ZN7subsdk025sub_182a00_subsdk0_182a00Ev!
0x0000000000182a40,OMX_cpp_196_CHECK_index_0_failed,336,_ZN7subsdk032OMX_cpp_196_CHECK_index_0_failedEv!
0x0000000000182b90,sub_182b90,40,_ZN7subsdk010sub_182b90Ev!
0x0000000000182bc0,sub_182bc0,8,_ZN7subsdk010sub_182bc0Ev!
0x0000000000182bd0,sub_182bd0,132,_ZN7subsdk025sub_182bd0_subsdk0_182bd0Ev!
0x0000000000182c60,sub_182c60,112,_ZN7subsdk010sub_182c60Ev!
0x0000000000182cd0,sub_182cd0,40,_ZN7subsdk025sub_182cd0_subsdk0_182cd0Ev!
0x0000000000182d00,sub_182d00,692,_ZN7subsdk010sub_182d00Ev!
0x0000000000182fc0,sub_182fc0,192,_ZN7subsdk025sub_182fc0_subsdk0_182fc0Ev!
0x0000000000183080,sub_183080,52,_ZN7subsdk010sub_183080Ev!
0x00000000001830c0,sub_1830c0,660,_ZN7subsdk025sub_1830c0_subsdk0_1830c0Ev!
0x0000000000183360,sub_183360,64,_ZN7subsdk010sub_183360Ev!
0x00000000001833a0,OMX_cpp_295_CHECK_index_0_failed,700,_ZN7subsdk032OMX_cpp_295_CHECK_index_0_failedEv!
0x0000000000183660,sub_183660,140,_ZN7subsdk010sub_183660Ev!
0x00000000001836f0,sub_1836f0,148,_ZN7subsdk010sub_1836f0Ev!
0x0000000000183790,sub_183790,148,_ZN7subsdk010sub_183790Ev!
0x0000000000183830,sub_183830,148,_ZN7subsdk010sub_183830Ev!
0x00000000001838d0,sub_1838d0,148,_ZN7subsdk010sub_1838d0Ev!
0x0000000000183970,sub_183970,124,_ZN7subsdk010sub_183970Ev!
0x00000000001839f0,sub_1839f0,140,_ZN7subsdk010sub_1839f0Ev!
0x0000000000183a80,sub_183a80,140,_ZN7subsdk010sub_183a80Ev!
0x0000000000183b10,sub_183b10,140,_ZN7subsdk010sub_183b10Ev!
0x0000000000183ba0,sub_183ba0,164,_ZN7subsdk010sub_183ba0Ev!
0x0000000000183c50,sub_183c50,164,_ZN7subsdk010sub_183c50Ev!
0x0000000000183d00,sub_183d00,148,_ZN7subsdk010sub_183d00Ev!
0x0000000000183da0,sub_183da0,148,_ZN7subsdk010sub_183da0Ev!
0x0000000000183e40,sub_183e40,148,_ZN7subsdk010sub_183e40Ev!
0x0000000000183ee0,sub_183ee0,140,_ZN7subsdk010sub_183ee0Ev!
0x0000000000183f70,sub_183f70,116,_ZN7subsdk010sub_183f70Ev!
0x0000000000183ff0,sub_183ff0,164,_ZN7subsdk010sub_183ff0Ev!
0x00000000001840a0,sub_1840a0,148,_ZN7subsdk010sub_1840a0Ev!
0x0000000000184140,sub_184140,140,_ZN7subsdk010sub_184140Ev!
0x00000000001841d0,sub_1841d0,124,_ZN7subsdk010sub_1841d0Ev!
0x0000000000184250,sub_184250,172,_ZN7subsdk010sub_184250Ev!
0x0000000000184300,sub_184300,140,_ZN7subsdk010sub_184300Ev!
0x0000000000184390,sub_184390,332,_ZN7subsdk010sub_184390Ev!
0x00000000001844e0,sub_1844e0,164,_ZN7subsdk010sub_1844e0Ev!
0x0000000000184590,sub_184590,372,_ZN7subsdk010sub_184590Ev!
0x0000000000184710,sub_184710,284,_ZN7subsdk010sub_184710Ev!
0x0000000000184830,sub_184830,300,_ZN7subsdk010sub_184830Ev!
0x0000000000184960,sub_184960,84,_ZN7subsdk010sub_184960Ev!
0x00000000001849c0,sub_1849c0,48,_ZN7subsdk010sub_1849c0Ev!
0x00000000001849f0,sub_1849f0,56,_ZN7subsdk010sub_1849f0Ev!
0x0000000000184a30,sub_184a30,60,_ZN7subsdk010sub_184a30Ev!
0x0000000000184a70,sub_184a70,68,_ZN7subsdk010sub_184a70Ev!
0x0000000000184ac0,sub_184ac0,52,_ZN7subsdk010sub_184ac0Ev!
0x0000000000184b00,sub_184b00,60,_ZN7subsdk010sub_184b00Ev!
0x0000000000184b40,sub_184b40,92,_ZN7subsdk010sub_184b40Ev!
0x0000000000184ba0,sub_184ba0,64,_ZN7subsdk010sub_184ba0Ev!
0x0000000000184be0,sub_184be0,92,_ZN7subsdk010sub_184be0Ev!
0x0000000000184c40,sub_184c40,88,_ZN7subsdk010sub_184c40Ev!
0x0000000000184ca0,sub_184ca0,128,_ZN7subsdk010sub_184ca0Ev!
0x0000000000184d20,sub_184d20,108,_ZN7subsdk010sub_184d20Ev!
0x0000000000184d90,sub_184d90,32,_ZN7subsdk010sub_184d90Ev!
0x0000000000184db0,sub_184db0,52,_ZN7subsdk010sub_184db0Ev!
0x0000000000184df0,sub_184df0,60,_ZN7subsdk010sub_184df0Ev!
0x0000000000184e30,sub_184e30,4,_Z16subsdk0_f_184e30v
0x0000000000184e40,sub_184e40,4,_Z16subsdk0_f_184e40v
0x0000000000184e50,sub_184e50,20,_ZN7subsdk010sub_184e50Ev!
0x0000000000184e70,sub_184e70,108,_ZN7subsdk010sub_184e70Ev!
0x0000000000184ee0,sub_184ee0,20,_ZN7subsdk010sub_184ee0Ev!
0x0000000000184f00,sub_184f00,20,_ZN7subsdk010sub_184f00Ev!
0x0000000000184f20,sub_184f20,32,_ZN7subsdk010sub_184f20Ev!
0x0000000000184f40,sub_184f40,52,_ZN7subsdk010sub_184f40Ev!
0x0000000000184f80,sub_184f80,60,_ZN7subsdk010sub_184f80Ev!
0x0000000000184fc0,sub_184fc0,76,_ZN7subsdk010sub_184fc0Ev!
0x0000000000185010,sub_185010,68,_ZN7subsdk010sub_185010Ev!
0x0000000000185060,sub_185060,100,_ZN7subsdk010sub_185060Ev!
0x00000000001850d0,sub_1850d0,96,_ZN7subsdk010sub_1850d0Ev!
0x0000000000185130,sub_185130,144,_ZN7subsdk010sub_185130Ev!
0x00000000001851c0,sub_1851c0,120,_ZN7subsdk010sub_1851c0Ev!
0x0000000000185240,sub_185240,48,_ZN7subsdk010sub_185240Ev!
0x0000000000185270,sub_185270,124,_ZN7subsdk010sub_185270Ev!
0x00000000001852f0,sub_1852f0,60,_ZN7subsdk010sub_1852f0Ev!
0x0000000000185330,sub_185330,56,_ZN7subsdk010sub_185330Ev!
0x0000000000185370,sub_185370,56,_ZN7subsdk010sub_185370Ev!
0x00000000001853b0,sub_1853b0,76,_ZN7subsdk010sub_1853b0Ev!
0x0000000000185400,sub_185400,72,_ZN7subsdk010sub_185400Ev!
0x0000000000185450,sub_185450,20,_ZN7subsdk010sub_185450Ev!
0x0000000000185470,sub_185470,20,_ZN7subsdk025sub_185470_subsdk0_185470Ev!
0x0000000000185490,sub_185490,212,_ZN7subsdk025sub_185490_subsdk0_185490Ev!
0x0000000000185570,sub_185570,4,_Z16subsdk0_f_185570v
0x0000000000185580,sub_185580,292,_ZN7subsdk010sub_185580Ev!
0x00000000001856b0,sub_1856b0,376,_ZN7subsdk010sub_1856b0Ev!
0x0000000000185830,sub_185830,176,_ZN7subsdk010sub_185830Ev!
0x00000000001858e0,sub_1858e0,128,_ZN7subsdk010sub_1858e0Ev!
0x0000000000185960,sub_185960,36,_ZN7subsdk010sub_185960Ev!
0x0000000000185990,sub_185990,4,_Z16subsdk0_f_185990v
0x00000000001859a0,sub_1859a0,248,_ZN7subsdk010sub_1859a0Ev!
0x0000000000185aa0,sub_185aa0,160,_ZN7subsdk010sub_185aa0Ev!
0x0000000000185b40,OMXMaster,192,_ZN7subsdk09OMXMasterEv!
0x0000000000185c00,sub_185c00,200,_ZN7subsdk010sub_185c00Ev!
0x0000000000185cd0,sub_185cd0,52,_ZN7subsdk010sub_185cd0Ev!
0x0000000000185d10,sub_185d10,60,_ZN7subsdk010sub_185d10Ev!
0x0000000000185d50,sub_185d50,4,_Z16subsdk0_f_185d50v
0x0000000000185d60,sub_185d60,4,_Z16subsdk0_f_185d60v
0x0000000000185d70,sub_185d70,20,_ZN7subsdk010sub_185d70Ev!
0x0000000000185d90,sub_185d90,108,_ZN7subsdk010sub_185d90Ev!
0x0000000000185e00,sub_185e00,20,_ZN7subsdk010sub_185e00Ev!
0x0000000000185e20,sub_185e20,20,_ZN7subsdk010sub_185e20Ev!
0x0000000000185e40,sub_185e40,32,_ZN7subsdk010sub_185e40Ev!
0x0000000000185e60,sub_185e60,52,_ZN7subsdk010sub_185e60Ev!
0x0000000000185ea0,sub_185ea0,60,_ZN7subsdk010sub_185ea0Ev!
0x0000000000185ee0,sub_185ee0,56,_ZN7subsdk010sub_185ee0Ev!
0x0000000000185f20,sub_185f20,56,_ZN7subsdk010sub_185f20Ev!
0x0000000000185f60,sub_185f60,84,_ZN7subsdk010sub_185f60Ev!
0x0000000000185fc0,sub_185fc0,80,_ZN7subsdk010sub_185fc0Ev!
0x0000000000186010,sub_186010,20,_ZN7subsdk010sub_186010Ev!
0x0000000000186030,sub_186030,20,_ZN7subsdk010sub_186030Ev!
0x0000000000186050,sub_186050,72,_ZN7subsdk010sub_186050Ev!
0x00000000001860a0,sub_1860a0,124,_ZN7subsdk010sub_1860a0Ev!
0x0000000000186120,sub_186120,28,_ZN7subsdk010sub_186120Ev!
0x0000000000186140,OMXNodeInstance,216,_ZN7subsdk015OMXNodeInstanceEv!
0x0000000000186220,OMXNodeInstance_2,216,_ZN7subsdk017OMXNodeInstance_2Ev!
0x0000000000186300,secure,412,_ZN7subsdk06secureEv!
0x00000000001864a0,OMXNodeInstance_3,344,_ZN7subsdk017OMXNodeInstance_3Ev!
0x0000000000186600,sub_186600,52,_ZN7subsdk010sub_186600Ev!
0x0000000000186640,sub_186640,52,_ZN7subsdk010sub_186640Ev!
0x0000000000186680,OMXNodeInstance_4,100,_ZN7subsdk017OMXNodeInstance_4Ev!
0x00000000001866f0,sub_1866f0,88,_ZN7subsdk010sub_1866f0Ev!
0x0000000000186750,sub_186750,120,_ZN7subsdk010sub_186750Ev!
0x00000000001867d0,sub_1867d0,8,_Z16subsdk0_f_1867d0Pv
0x00000000001867e0,sub_1867e0,36,_ZN7subsdk010sub_1867e0Ev!
0x0000000000186810,sub_186810,8,_Z16subsdk0_f_186810Pv
0x0000000000186820,OMXNodeInstance_5,1108,_ZN7subsdk017OMXNodeInstance_5Ev!
0x0000000000186c80,sub_186c80,428,_ZN7subsdk010sub_186c80Ev!
0x0000000000186e30,sub_186e30,80,_ZN7subsdk025sub_186e30_subsdk0_186e30Ev!
0x0000000000186e80,sub_186e80,40,_ZN7subsdk010sub_186e80Ev!
0x0000000000186eb0,sub_186eb0,120,_ZN7subsdk010sub_186eb0Ev!
0x0000000000186f30,sub_186f30,120,_ZN7subsdk010sub_186f30Ev!
0x0000000000186fb0,sub_186fb0,120,_ZN7subsdk010sub_186fb0Ev!
0x0000000000187030,sub_187030,120,_ZN7subsdk010sub_187030Ev!
0x00000000001870b0,sub_1870b0,104,_ZN7subsdk010sub_1870b0Ev!
0x0000000000187120,OMX_google_android_index_enableAndroidNativeBuffers,184,_ZN7subsdk051OMX_google_android_index_enableAndroidNativeBuffersEv!
0x00000000001871e0,OMX_google_android_index_getAndroidNativeBufferUsage,196,_ZN7subsdk052OMX_google_android_index_getAndroidNativeBufferUsageEv!
0x00000000001872b0,OMX_google_android_index_storeMetaDataInBuffers,180,_ZN7subsdk047OMX_google_android_index_storeMetaDataInBuffersEv!
0x0000000000187370,OMX_google_android_index_storeMetaDataInBuffers_2,224,_ZN7subsdk049OMX_google_android_index_storeMetaDataInBuffers_2Ev!
0x0000000000187450,OMX_google_android_index_prepareForAdaptivePlayback,204,_ZN7subsdk051OMX_google_android_index_prepareForAdaptivePlaybackEv!
0x0000000000187520,OMX_google_android_index_configureVideoTunnelMode,264,_ZN7subsdk049OMX_google_android_index_configureVideoTunnelModeEv!
0x0000000000187630,OMXNodeInstance_6,836,_ZN7subsdk017OMXNodeInstance_6Ev!
0x0000000000187980,sub_187980,176,_ZN7subsdk010sub_187980Ev!
0x0000000000187a30,sub_187a30,80,_ZN7subsdk010sub_187a30Ev!
0x0000000000187a80,OMXNodeInstance_7,816,_ZN7subsdk017OMXNodeInstance_7Ev!
0x0000000000187db0,OMXNodeInstance_8,772,_ZN7subsdk017OMXNodeInstance_8Ev!
0x00000000001880c0,OMXNodeInstance_9,244,_ZN7subsdk017OMXNodeInstance_9Ev!
0x00000000001881c0,OMXNodeInstance_10,160,_ZN7subsdk018OMXNodeInstance_10Ev!
0x0000000000188260,OMX_google_android_index_storeMetaDataInBuffers_3,808,_ZN7subsdk049OMX_google_android_index_storeMetaDataInBuffers_3Ev!
0x0000000000188590,sub_188590,144,_ZN7subsdk010sub_188590Ev!
0x0000000000188620,OMXNodeInstance_11,684,_ZN7subsdk018OMXNodeInstance_11Ev!
0x00000000001888d0,OMXNodeInstance_12,716,_ZN7subsdk018OMXNodeInstance_12Ev!
0x0000000000188ba0,OMXNodeInstance_13,420,_ZN7subsdk018OMXNodeInstance_13Ev!
0x0000000000188d50,sub_188d50,132,_ZN7subsdk010sub_188d50Ev!
0x0000000000188de0,OMXNodeInstance_14,192,_ZN7subsdk018OMXNodeInstance_14Ev!
0x0000000000188ea0,OMXNodeInstance_15,316,_ZN7subsdk018OMXNodeInstance_15Ev!
0x0000000000188fe0,OMXNodeInstance_16,296,_ZN7subsdk018OMXNodeInstance_16Ev!
0x0000000000189110,sub_189110,264,_ZN7subsdk010sub_189110Ev!
0x0000000000189220,sub_189220,56,_ZN7subsdk010sub_189220Ev!
0x0000000000189260,sub_189260,108,_ZN7subsdk010sub_189260Ev!
0x00000000001892d0,sub_1892d0,120,_ZN7subsdk010sub_1892d0Ev!
0x0000000000189350,sub_189350,420,_ZN7subsdk010sub_189350Ev!
0x0000000000189500,OMXNodeInstance_17,680,_ZN7subsdk018OMXNodeInstance_17Ev!
0x00000000001897b0,sub_1897b0,4,_ZN7subsdk025sub_1897b0_subsdk0_1897b0Ev!
0x00000000001897c0,sub_1897c0,44,_ZN7subsdk010sub_1897c0Ev!
0x00000000001897f0,sub_1897f0,228,_ZN7subsdk010sub_1897f0Ev!
0x00000000001898e0,OMXNodeInstance_18,160,_ZN7subsdk018OMXNodeInstance_18Ev!
0x0000000000189980,sub_189980,52,_ZN7subsdk010sub_189980Ev!
0x00000000001899c0,sub_1899c0,60,_ZN7subsdk025sub_1899c0_subsdk0_1899c0Ev!
0x0000000000189a00,sub_189a00,4,_Z16subsdk0_f_189a00v
0x0000000000189a10,sub_189a10,4,_Z16subsdk0_f_189a10v
0x0000000000189a20,sub_189a20,20,_ZN7subsdk025sub_189a20_subsdk0_189a20Ev!
0x0000000000189a40,sub_189a40,148,_ZN7subsdk010sub_189a40Ev!
0x0000000000189ae0,sub_189ae0,20,_ZN7subsdk025sub_189ae0_subsdk0_189ae0Ev!
0x0000000000189b00,sub_189b00,20,_ZN7subsdk025sub_189b00_subsdk0_189b00Ev!
0x0000000000189b20,sub_189b20,32,_ZN7subsdk010sub_189b20Ev!
0x0000000000189b40,sub_189b40,52,_ZN7subsdk010sub_189b40Ev!
0x0000000000189b80,sub_189b80,60,_ZN7subsdk010sub_189b80Ev!
0x0000000000189bc0,sub_189bc0,4,_Z16subsdk0_f_189bc0v
0x0000000000189bd0,sub_189bd0,4,_Z16subsdk0_f_189bd0v
0x0000000000189be0,sub_189be0,20,_ZN7subsdk025sub_189be0_subsdk0_189be0Ev!
0x0000000000189c00,sub_189c00,108,_ZN7subsdk025sub_189c00_subsdk0_189c00Ev!
0x0000000000189c70,sub_189c70,20,_ZN7subsdk010sub_189c70Ev!
0x0000000000189c90,sub_189c90,20,_ZN7subsdk025sub_189c90_subsdk0_189c90Ev!
0x0000000000189cb0,sub_189cb0,32,_ZN7subsdk025sub_189cb0_subsdk0_189cb0Ev!
0x0000000000189cd0,sub_189cd0,60,_ZN7subsdk025sub_189cd0_subsdk0_189cd0Ev!
0x0000000000189d10,sub_189d10,4,_Z16subsdk0_f_189d10v
0x0000000000189d20,sub_189d20,4,_Z16subsdk0_f_189d20v
0x0000000000189d30,sub_189d30,100,_ZN7subsdk025sub_189d30_subsdk0_189d30Ev!
0x0000000000189da0,sub_189da0,96,_ZN7subsdk010sub_189da0Ev!
0x0000000000189e00,sub_189e00,156,_ZN7subsdk010sub_189e00Ev!
0x0000000000189ea0,sub_189ea0,100,_ZN7subsdk010sub_189ea0Ev!
0x0000000000189f10,sub_189f10,60,_ZN7subsdk010sub_189f10Ev!
0x0000000000189f50,sub_189f50,4,_Z16subsdk0_f_189f50v
0x0000000000189f60,sub_189f60,4,_Z16subsdk0_f_189f60v
0x0000000000189f70,sub_189f70,20,_ZN7subsdk010sub_189f70Ev!
0x0000000000189f90,sub_189f90,96,_ZN7subsdk010sub_189f90Ev!
0x0000000000189ff0,sub_189ff0,20,_ZN7subsdk010sub_189ff0Ev!
0x000000000018a010,sub_18a010,20,_ZN7subsdk010sub_18a010Ev!
0x000000000018a030,sub_18a030,32,_ZN7subsdk010sub_18a030Ev!
0x000000000018a050,sub_18a050,320,_ZN7subsdk010sub_18a050Ev!
0x000000000018a190,sub_18a190,48,_ZN7subsdk010sub_18a190Ev!
0x000000000018a1c0,SimpleSoftOMXComponent,220,_ZN7subsdk022SimpleSoftOMXComponentEv!
0x000000000018a2a0,SimpleSoftOMXComponent_2,188,_ZN7subsdk024SimpleSoftOMXComponent_2Ev!
0x000000000018a360,sub_18a360,96,_ZN7subsdk010sub_18a360Ev!
0x000000000018a3c0,SimpleSoftOMXComponent_3,276,_ZN7subsdk024SimpleSoftOMXComponent_3Ev!
0x000000000018a4e0,sub_18a4e0,156,_ZN7subsdk010sub_18a4e0Ev!
0x000000000018a580,sub_18a580,284,_ZN7subsdk010sub_18a580Ev!
0x000000000018a6a0,SimpleSoftOMXComponent_4,636,_ZN7subsdk024SimpleSoftOMXComponent_4Ev!
0x000000000018a920,SimpleSoftOMXComponent_5,1196,_ZN7subsdk024SimpleSoftOMXComponent_5Ev!
0x000000000018add0,SimpleSoftOMXComponent_6,196,_ZN7subsdk024SimpleSoftOMXComponent_6Ev!
0x000000000018aea0,SimpleSoftOMXComponent_7,516,_ZN7subsdk024SimpleSoftOMXComponent_7Ev!
0x000000000018b0b0,header,144,_ZN7subsdk06headerEv!
0x000000000018b140,header_2,144,_ZN7subsdk08header_2Ev!
0x000000000018b1d0,sub_18b1d0,72,_ZN7subsdk010sub_18b1d0Ev!
0x000000000018b220,SimpleSoftOMXComponent_8,840,_ZN7subsdk024SimpleSoftOMXComponent_8Ev!
0x000000000018b570,SimpleSoftOMXComponent_9,88,_ZN7subsdk024SimpleSoftOMXComponent_9Ev!
0x000000000018b5d0,SimpleSoftOMXComponent_10,728,_ZN7subsdk025SimpleSoftOMXComponent_10Ev!
0x000000000018b8b0,SimpleSoftOMXComponent_11,868,_ZN7subsdk025SimpleSoftOMXComponent_11Ev!
0x000000000018bc20,SimpleSoftOMXComponent_12,928,_ZN7subsdk025SimpleSoftOMXComponent_12Ev!
0x000000000018bfc0,sub_18bfc0,4,_Z16subsdk0_f_18bfc0v
0x000000000018bfd0,SimpleSoftOMXComponent_13,288,_ZN7subsdk025SimpleSoftOMXComponent_13Ev!
0x000000000018c0f0,sub_18c0f0,4,_Z16subsdk0_f_18c0f0v
0x000000000018c100,sub_18c100,4,_Z16subsdk0_f_18c100v
0x000000000018c110,sub_18c110,4,_Z16subsdk0_f_18c110v
0x000000000018c120,SimpleSoftOMXComponent_14,220,_ZN7subsdk025SimpleSoftOMXComponent_14Ev!
0x000000000018c200,SimpleSoftOMXComponent_15,216,_ZN7subsdk025SimpleSoftOMXComponent_15Ev!
0x000000000018c2e0,sub_18c2e0,124,_ZN7subsdk010sub_18c2e0Ev!
0x000000000018c360,sub_18c360,132,_ZN7subsdk025sub_18c360_subsdk0_18c360Ev!
0x000000000018c3f0,sub_18c3f0,68,_ZN7subsdk010sub_18c3f0Ev!
0x000000000018c440,sub_18c440,76,_ZN7subsdk010sub_18c440Ev!
0x000000000018c490,sub_18c490,116,_ZN7subsdk010sub_18c490Ev!
0x000000000018c510,sub_18c510,260,_ZN7subsdk010sub_18c510Ev!
0x000000000018c620,sub_18c620,16,_ZN7subsdk010sub_18c620Ev!
0x000000000018c630,sub_18c630,16,_ZN7subsdk010sub_18c630Ev!
0x000000000018c640,sub_18c640,16,_ZN7subsdk010sub_18c640Ev!
0x000000000018c650,sub_18c650,16,_ZN7subsdk010sub_18c650Ev!
0x000000000018c660,sub_18c660,16,_ZN7subsdk010sub_18c660Ev!
0x000000000018c670,sub_18c670,16,_ZN7subsdk010sub_18c670Ev!
0x000000000018c680,sub_18c680,16,_ZN7subsdk010sub_18c680Ev!
0x000000000018c690,sub_18c690,16,_ZN7subsdk010sub_18c690Ev!
0x000000000018c6a0,sub_18c6a0,16,_ZN7subsdk010sub_18c6a0Ev!
0x000000000018c6b0,sub_18c6b0,16,_ZN7subsdk010sub_18c6b0Ev!
0x000000000018c6c0,sub_18c6c0,16,_ZN7subsdk010sub_18c6c0Ev!
0x000000000018c6d0,sub_18c6d0,16,_ZN7subsdk010sub_18c6d0Ev!
0x000000000018c6e0,sub_18c6e0,72,_ZN7subsdk010sub_18c6e0Ev!
0x000000000018c730,sub_18c730,80,_ZN7subsdk025sub_18c730_subsdk0_18c730Ev!
0x000000000018c780,SoftOMXComponent,92,_ZN7subsdk016SoftOMXComponentEv!
0x000000000018c7e0,sub_18c7e0,8,_Z16subsdk0_f_18c7e0Pv
0x000000000018c7f0,sub_18c7f0,8,_Z16subsdk0_f_18c7f0v
0x000000000018c800,sub_18c800,8,_ZN7subsdk010sub_18c800Ev!
0x000000000018c810,sub_18c810,32,_ZN7subsdk010sub_18c810Ev!
0x000000000018c830,sub_18c830,20,_ZN7subsdk010sub_18c830Ev!
0x000000000018c850,sub_18c850,20,_ZN7subsdk010sub_18c850Ev!
0x000000000018c870,sub_18c870,12,_Z16subsdk0_f_18c870v
0x000000000018c880,sub_18c880,12,_Z16subsdk0_f_18c880v
0x000000000018c890,sub_18c890,12,_Z16subsdk0_f_18c890v
0x000000000018c8a0,sub_18c8a0,12,_Z16subsdk0_f_18c8a0v
0x000000000018c8b0,sub_18c8b0,12,_Z16subsdk0_f_18c8b0v
0x000000000018c8c0,sub_18c8c0,12,_Z16subsdk0_f_18c8c0v
0x000000000018c8d0,sub_18c8d0,12,_Z16subsdk0_f_18c8d0v
0x000000000018c8e0,sub_18c8e0,12,_Z16subsdk0_f_18c8e0v
0x000000000018c8f0,sub_18c8f0,12,_Z16subsdk0_f_18c8f0v
0x000000000018c900,sub_18c900,12,_Z16subsdk0_f_18c900v
0x000000000018c910,sub_18c910,12,_Z16subsdk0_f_18c910v
0x000000000018c920,sub_18c920,12,_Z16subsdk0_f_18c920v
0x000000000018c930,sub_18c930,4,_Z16subsdk0_f_18c930v
0x000000000018c940,sub_18c940,20,_ZN7subsdk010sub_18c940Ev!
0x000000000018c960,OMX_google_aac_encoder,416,_ZN7subsdk022OMX_google_aac_encoderEv!
0x000000000018cb00,SoftOMXPlugin,240,_ZN7subsdk013SoftOMXPluginEv!
0x000000000018cbf0,sub_18cbf0,72,_ZN7subsdk010sub_18cbf0Ev!
0x000000000018cc40,OMX_google_aac_encoder_2,340,_ZN7subsdk024OMX_google_aac_encoder_2Ev!
0x000000000018cda0,sub_18cda0,4,_Z16subsdk0_f_18cda0v
0x000000000018cdb0,sub_18cdb0,4,_ZN7subsdk010sub_18cdb0Ev!
0x000000000018cdc0,sub_18cdc0,80,_ZN7subsdk010sub_18cdc0Ev!
0x000000000018ce10,sub_18ce10,56,_ZN7subsdk010sub_18ce10Ev!
0x000000000018ce50,sub_18ce50,56,_ZN7subsdk010sub_18ce50Ev!
0x000000000018ce90,OMX_Nvidia_drm,112,_ZN7subsdk014OMX_Nvidia_drmEv!
0x000000000018cf00,sub_18cf00,48,_ZN7subsdk010sub_18cf00Ev!
0x000000000018cf30,sub_18cf30,20,_ZN7subsdk010sub_18cf30Ev!
0x000000000018cf50,sub_18cf50,308,_ZN7subsdk010sub_18cf50Ev!
0x000000000018d090,video_encoder,300,_ZN7subsdk013video_encoderEv!
0x000000000018d1c0,SoftAVCEncoder,392,_ZN7subsdk014SoftAVCEncoderEv!
0x000000000018d350,sub_18d350,200,_ZN7subsdk010sub_18d350Ev!
0x000000000018d420,sub_18d420,52,_ZN7subsdk010sub_18d420Ev!
0x000000000018d460,sub_18d460,8,_ZN7subsdk010sub_18d460Ev!
0x000000000018d470,sub_18d470,36,_ZN7subsdk010sub_18d470Ev!
0x000000000018d4a0,sub_18d4a0,40,_ZN7subsdk010sub_18d4a0Ev!
0x000000000018d4d0,SoftAVCEncoder_2,1088,_ZN7subsdk016SoftAVCEncoder_2Ev!
0x000000000018d910,SoftAVCEncoder_3,240,_ZN7subsdk016SoftAVCEncoder_3Ev!
0x000000000018da00,SoftAVCEncoder_4,212,_ZN7subsdk016SoftAVCEncoder_4Ev!
0x000000000018dae0,SoftAVCEncoder_5,120,_ZN7subsdk016SoftAVCEncoder_5Ev!
0x000000000018db60,sub_18db60,64,_ZN7subsdk010sub_18db60Ev!
0x000000000018dba0,sub_18dba0,8,_ZN7subsdk010sub_18dba0Ev!
0x000000000018dbb0,SoftAVCEncoder_6,240,_ZN7subsdk016SoftAVCEncoder_6Ev!
0x000000000018dca0,sub_18dca0,116,_ZN7subsdk010sub_18dca0Ev!
0x000000000018dd20,sub_18dd20,252,_ZN7subsdk010sub_18dd20Ev!
0x000000000018de20,sub_18de20,8,_ZN7subsdk010sub_18de20Ev!
0x000000000018de30,sub_18de30,376,_ZN7subsdk010sub_18de30Ev!
0x000000000018dfb0,sub_18dfb0,8,_ZN7subsdk010sub_18dfb0Ev!
0x000000000018dfc0,SoftAVCEncoder_7,1980,_ZN7subsdk016SoftAVCEncoder_7Ev!
0x000000000018e780,sub_18e780,8,_ZN7subsdk010sub_18e780Ev!
0x000000000018e790,SoftAVCEncoder_8,192,_ZN7subsdk016SoftAVCEncoder_8Ev!
0x000000000018e850,SoftAVCEncoder_9,44,_ZN7subsdk016SoftAVCEncoder_9Ev!
0x000000000018e880,SoftAVCEncoder_10,168,_ZN7subsdk017SoftAVCEncoder_10Ev!
0x000000000018e930,sub_18e930,4,_Z16subsdk0_f_18e930v
0x000000000018e940,video_encoder_2,352,_ZN7subsdk015video_encoder_2Ev!
0x000000000018eaa0,sub_18eaa0,4,_Z16subsdk0_f_18eaa0v
0x000000000018eab0,sub_18eab0,4,_ZN7subsdk010sub_18eab0Ev!
0x000000000018eac0,sub_18eac0,60,_ZN7subsdk010sub_18eac0Ev!
0x000000000018eb00,sub_18eb00,4,_Z16subsdk0_f_18eb00v
0x000000000018eb10,sub_18eb10,4,_Z16subsdk0_f_18eb10v
0x000000000018eb20,sub_18eb20,100,_ZN7subsdk010sub_18eb20Ev!
0x000000000018eb90,sub_18eb90,96,_ZN7subsdk010sub_18eb90Ev!
0x000000000018ebf0,sub_18ebf0,128,_ZN7subsdk010sub_18ebf0Ev!
0x000000000018ec70,sub_18ec70,100,_ZN7subsdk010sub_18ec70Ev!
0x000000000018ece0,sub_18ece0,60,_ZN7subsdk010sub_18ece0Ev!
0x000000000018ed20,sub_18ed20,784,_ZN7subsdk010sub_18ed20Ev!
0x000000000018f030,sub_18f030,36,_ZN7subsdk010sub_18f030Ev!
0x000000000018f060,sub_18f060,364,_ZN7subsdk010sub_18f060Ev!
0x000000000018f1d0,sub_18f1d0,656,_ZN7subsdk010sub_18f1d0Ev!
0x000000000018f460,sub_18f460,40,_ZN7subsdk010sub_18f460Ev!
0x000000000018f490,sub_18f490,108,_ZN7subsdk010sub_18f490Ev!
0x000000000018f500,sub_18f500,8,_Z16subsdk0_f_18f500v
0x000000000018f510,sub_18f510,408,_ZN7subsdk010sub_18f510Ev!
0x000000000018f6b0,sub_18f6b0,8,_Z16subsdk0_f_18f6b0v
0x000000000018f6c0,sub_18f6c0,8,_Z16subsdk0_f_18f6c0v
0x000000000018f6d0,sub_18f6d0,8,_Z16subsdk0_f_18f6d0v
0x000000000018f6e0,sub_18f6e0,8,_Z16subsdk0_f_18f6e0v
0x000000000018f6f0,sub_18f6f0,8,_Z16subsdk0_f_18f6f0v
0x000000000018f700,sub_18f700,52,_ZN7subsdk010sub_18f700Ev!
0x000000000018f740,sub_18f740,2696,_ZN7subsdk025sub_18f740_subsdk0_18f740Ev!
0x00000000001901d0,sub_1901d0,368,_ZN7subsdk010sub_1901d0Ev!
0x0000000000190340,sub_190340,488,_ZN7subsdk010sub_190340Ev!
0x0000000000190530,sub_190530,380,_ZN7subsdk010sub_190530Ev!
0x00000000001906b0,sub_1906b0,352,_ZN7subsdk010sub_1906b0Ev!
0x0000000000190810,sub_190810,624,_ZN7subsdk025sub_190810_subsdk0_190810Ev!
0x0000000000190a80,sub_190a80,52,_ZN7subsdk010sub_190a80Ev!
0x0000000000190ac0,sub_190ac0,844,_ZN7subsdk010sub_190ac0Ev!
0x0000000000190e10,sub_190e10,1972,_ZN7subsdk010sub_190e10Ev!
0x00000000001915d0,sub_1915d0,892,_ZN7subsdk010sub_1915d0Ev!
0x0000000000191950,sub_191950,220,_ZN7subsdk010sub_191950Ev!
0x0000000000191a30,sub_191a30,580,_ZN7subsdk010sub_191a30Ev!
0x0000000000191c80,sub_191c80,3312,_ZN7subsdk010sub_191c80Ev!
0x0000000000192970,sub_192970,1996,_ZN7subsdk010sub_192970Ev!
0x0000000000193140,sub_193140,688,_ZN7subsdk010sub_193140Ev!
0x00000000001933f0,sub_1933f0,224,_ZN7subsdk010sub_1933f0Ev!
0x00000000001934d0,sub_1934d0,128,_ZN7subsdk010sub_1934d0Ev!
0x0000000000193550,sub_193550,772,_ZN7subsdk010sub_193550Ev!
0x0000000000193860,sub_193860,636,_ZN7subsdk010sub_193860Ev!
0x0000000000193ae0,sub_193ae0,572,_ZN7subsdk010sub_193ae0Ev!
0x0000000000193d20,sub_193d20,564,_ZN7subsdk010sub_193d20Ev!
0x0000000000193f60,sub_193f60,592,_ZN7subsdk025sub_193f60_subsdk0_193f60Ev!
0x00000000001941b0,sub_1941b0,212,_ZN7subsdk025sub_1941b0_subsdk0_1941b0Ev!
0x0000000000194290,sub_194290,552,_ZN7subsdk010sub_194290Ev!
0x00000000001944c0,sub_1944c0,884,_ZN7subsdk010sub_1944c0Ev!
0x0000000000194840,sub_194840,328,_ZN7subsdk010sub_194840Ev!
0x0000000000194990,sub_194990,328,_ZN7subsdk010sub_194990Ev!
0x0000000000194ae0,sub_194ae0,1304,_ZN7subsdk010sub_194ae0Ev!
0x0000000000195000,sub_195000,124,_ZN7subsdk010sub_195000Ev!
0x0000000000195080,sub_195080,60,_ZN7subsdk010sub_195080Ev!
0x00000000001950c0,sub_1950c0,280,_ZN7subsdk025sub_1950c0_subsdk0_1950c0Ev!
0x00000000001951e0,sub_1951e0,284,_ZN7subsdk010sub_1951e0Ev!
0x0000000000195300,sub_195300,1228,_ZN7subsdk010sub_195300Ev!
0x00000000001957d0,sub_1957d0,296,_ZN7subsdk010sub_1957d0Ev!
0x0000000000195900,sub_195900,324,_ZN7subsdk010sub_195900Ev!
0x0000000000195a50,sub_195a50,16,_ZN7subsdk010sub_195a50Ev!
0x0000000000195a60,sub_195a60,8,_Z16subsdk0_f_195a60Pv
0x0000000000195a70,sub_195a70,524,_ZN7subsdk010sub_195a70Ev!
0x0000000000195c80,sub_195c80,160,_ZN7subsdk010sub_195c80Ev!
0x0000000000195d20,ffffff,972,_ZN7subsdk06ffffffEv!
0x00000000001960f0,sub_1960f0,184,_ZN7subsdk010sub_1960f0Ev!
0x00000000001961b0,sub_1961b0,4,_Z16subsdk0_f_1961b0v
0x00000000001961c0,f_333333,588,_ZN7subsdk08f_333333Ev!
0x0000000000196410,sub_196410,1408,_ZN7subsdk025sub_196410_subsdk0_196410Ev!
0x0000000000196990,sub_196990,1156,_ZN7subsdk010sub_196990Ev!
0x0000000000196e20,sub_196e20,120,_ZN7subsdk010sub_196e20Ev!
0x0000000000196ea0,sub_196ea0,200,_ZN7subsdk010sub_196ea0Ev!
0x0000000000196f70,sub_196f70,296,_ZN7subsdk010sub_196f70Ev!
0x00000000001970a0,sub_1970a0,248,_ZN7subsdk010sub_1970a0Ev!
0x00000000001971a0,sub_1971a0,264,_ZN7subsdk010sub_1971a0Ev!
0x00000000001972b0,sub_1972b0,32,_ZN7subsdk010sub_1972b0Ev!
0x00000000001972d0,sub_1972d0,256,_ZN7subsdk010sub_1972d0Ev!
0x00000000001973d0,sub_1973d0,140,_ZN7subsdk010sub_1973d0Ev!
0x0000000000197460,sub_197460,480,_ZN7subsdk010sub_197460Ev!
0x0000000000197640,sub_197640,136,_ZN7subsdk010sub_197640Ev!
0x00000000001976d0,sub_1976d0,360,_ZN7subsdk010sub_1976d0Ev!
0x0000000000197840,sub_197840,156,_ZN7subsdk025sub_197840_subsdk0_197840Ev!
0x00000000001978e0,sub_1978e0,16,_ZN7subsdk010sub_1978e0Ev!
0x00000000001978f0,sub_1978f0,388,_ZN7subsdk010sub_1978f0Ev!
0x0000000000197a80,sub_197a80,340,_ZN7subsdk010sub_197a80Ev!
0x0000000000197be0,sub_197be0,340,_ZN7subsdk010sub_197be0Ev!
0x0000000000197d40,sub_197d40,340,_ZN7subsdk010sub_197d40Ev!
0x0000000000197ea0,sub_197ea0,1892,_ZN7subsdk010sub_197ea0Ev!
0x0000000000198610,sub_198610,1416,_ZN7subsdk025sub_198610_subsdk0_198610Ev!
0x0000000000198ba0,sub_198ba0,780,_ZN7subsdk010sub_198ba0Ev!
0x0000000000198eb0,sub_198eb0,1456,_ZN7subsdk010sub_198eb0Ev!
0x0000000000199460,sub_199460,176,_ZN7subsdk010sub_199460Ev!
0x0000000000199510,sub_199510,448,_ZN7subsdk010sub_199510Ev!
0x00000000001996d0,sub_1996d0,1832,_ZN7subsdk010sub_1996d0Ev!
0x0000000000199e00,sub_199e00,2020,_ZN7subsdk025sub_199e00_subsdk0_199e00Ev!
0x000000000019a5f0,sub_19a5f0,404,_ZN7subsdk010sub_19a5f0Ev!
0x000000000019a790,sub_19a790,900,_ZN7subsdk010sub_19a790Ev!
0x000000000019ab20,sub_19ab20,268,_ZN7subsdk010sub_19ab20Ev!
0x000000000019ac30,sub_19ac30,1128,_ZN7subsdk010sub_19ac30Ev!
0x000000000019b0a0,sub_19b0a0,1920,_ZN7subsdk010sub_19b0a0Ev!
0x000000000019b820,sub_19b820,828,_ZN7subsdk010sub_19b820Ev!
0x000000000019bb60,sub_19bb60,668,_ZN7subsdk010sub_19bb60Ev!
0x000000000019be00,sub_19be00,384,_ZN7subsdk010sub_19be00Ev!
0x000000000019bf80,sub_19bf80,156,_ZN7subsdk010sub_19bf80Ev!
0x000000000019c020,sub_19c020,192,_ZN7subsdk010sub_19c020Ev!
0x000000000019c0e0,sub_19c0e0,180,_ZN7subsdk010sub_19c0e0Ev!
0x000000000019c1a0,sub_19c1a0,100,_ZN7subsdk010sub_19c1a0Ev!
0x000000000019c210,sub_19c210,108,_ZN7subsdk010sub_19c210Ev!
0x000000000019c280,sub_19c280,492,_ZN7subsdk010sub_19c280Ev!
0x000000000019c470,sub_19c470,632,_ZN7subsdk010sub_19c470Ev!
0x000000000019c6f0,sub_19c6f0,2608,_ZN7subsdk010sub_19c6f0Ev!
0x000000000019d120,sub_19d120,368,_ZN7subsdk010sub_19d120Ev!
0x000000000019d290,sub_19d290,908,_ZN7subsdk010sub_19d290Ev!
0x000000000019d620,sub_19d620,124,_ZN7subsdk010sub_19d620Ev!
0x000000000019d6a0,sub_19d6a0,1096,_ZN7subsdk010sub_19d6a0Ev!
0x000000000019daf0,sub_19daf0,500,_ZN7subsdk010sub_19daf0Ev!
0x000000000019dcf0,sub_19dcf0,960,_ZN7subsdk010sub_19dcf0Ev!
0x000000000019e0b0,sub_19e0b0,52,_Z16subsdk0_f_19e0b0PvS_
0x000000000019e0f0,sub_19e0f0,328,_ZN7subsdk010sub_19e0f0Ev!
0x000000000019e240,sub_19e240,644,_ZN7subsdk025sub_19e240_subsdk0_19e240Ev!
0x000000000019e4d0,sub_19e4d0,2188,_ZN7subsdk010sub_19e4d0Ev!
0x000000000019ed60,sub_19ed60,1228,_ZN7subsdk010sub_19ed60Ev!
0x000000000019f230,sub_19f230,4592,_ZN7subsdk010sub_19f230Ev!
0x00000000001a0420,sub_1a0420,5188,_ZN7subsdk010sub_1a0420Ev!
0x00000000001a1870,sub_1a1870,752,_ZN7subsdk010sub_1a1870Ev!
0x00000000001a1b60,sub_1a1b60,444,_ZN7subsdk010sub_1a1b60Ev!
0x00000000001a1d20,sub_1a1d20,1820,_ZN7subsdk010sub_1a1d20Ev!
0x00000000001a2440,sub_1a2440,4104,_ZN7subsdk010sub_1a2440Ev!
0x00000000001a3450,sub_1a3450,20,_ZN7subsdk010sub_1a3450Ev!
0x00000000001a3470,sub_1a3470,416,_ZN7subsdk010sub_1a3470Ev!
0x00000000001a3610,sub_1a3610,1008,_ZN7subsdk010sub_1a3610Ev!
0x00000000001a3a00,sub_1a3a00,1788,_ZN7subsdk010sub_1a3a00Ev!
0x00000000001a4100,sub_1a4100,1564,_ZN7subsdk010sub_1a4100Ev!
0x00000000001a4720,sub_1a4720,2360,_ZN7subsdk010sub_1a4720Ev!
0x00000000001a5060,sub_1a5060,328,_ZN7subsdk010sub_1a5060Ev!
0x00000000001a51b0,sub_1a51b0,1000,_ZN7subsdk010sub_1a51b0Ev!
0x00000000001a55a0,sub_1a55a0,3396,_ZN7subsdk010sub_1a55a0Ev!
0x00000000001a62f0,sub_1a62f0,1656,_ZN7subsdk010sub_1a62f0Ev!
0x00000000001a6970,sub_1a6970,2928,_ZN7subsdk010sub_1a6970Ev!
0x00000000001a74e0,sub_1a74e0,224,_ZN7subsdk010sub_1a74e0Ev!
0x00000000001a75c0,sub_1a75c0,888,_ZN7subsdk010sub_1a75c0Ev!
0x00000000001a7940,sub_1a7940,808,_ZN7subsdk010sub_1a7940Ev!
0x00000000001a7c70,sub_1a7c70,236,_ZN7subsdk010sub_1a7c70Ev!
0x00000000001a7d60,sub_1a7d60,144,_ZN7subsdk010sub_1a7d60Ev!
0x00000000001a7df0,sub_1a7df0,140,_ZN7subsdk010sub_1a7df0Ev!
0x00000000001a7e80,sub_1a7e80,156,_ZN7subsdk010sub_1a7e80Ev!
0x00000000001a7f20,sub_1a7f20,180,_ZN7subsdk010sub_1a7f20Ev!
0x00000000001a7fe0,sub_1a7fe0,172,_ZN7subsdk010sub_1a7fe0Ev!
0x00000000001a8090,sub_1a8090,116,_ZN7subsdk010sub_1a8090Ev!
0x00000000001a8110,sub_1a8110,32,_ZN7subsdk010sub_1a8110Ev!
0x00000000001a8130,sub_1a8130,48,_ZN7subsdk010sub_1a8130Ev!
0x00000000001a8160,sub_1a8160,48,_ZN7subsdk010sub_1a8160Ev!
0x00000000001a8190,sub_1a8190,88,_ZN7subsdk010sub_1a8190Ev!
0x00000000001a81f0,sub_1a81f0,1292,_ZN7subsdk010sub_1a81f0Ev!
0x00000000001a8700,sub_1a8700,120,_ZN7subsdk010sub_1a8700Ev!
0x00000000001a8780,sub_1a8780,60,_ZN7subsdk010sub_1a8780Ev!
0x00000000001a87c0,sub_1a87c0,220,_ZN7subsdk010sub_1a87c0Ev!
0x00000000001a88a0,sub_1a88a0,464,_ZN7subsdk010sub_1a88a0Ev!
0x00000000001a8a70,sub_1a8a70,120,_ZN7subsdk010sub_1a8a70Ev!
0x00000000001a8af0,sub_1a8af0,300,_ZN7subsdk010sub_1a8af0Ev!
0x00000000001a8c20,sub_1a8c20,144,_ZN7subsdk010sub_1a8c20Ev!
0x00000000001a8cb0,sub_1a8cb0,1100,_ZN7subsdk010sub_1a8cb0Ev!
0x00000000001a9100,sub_1a9100,228,_ZN7subsdk010sub_1a9100Ev!
0x00000000001a91f0,sub_1a91f0,228,_ZN7subsdk010sub_1a91f0Ev!
0x00000000001a92e0,sub_1a92e0,100,_ZN7subsdk010sub_1a92e0Ev!
0x00000000001a9350,sub_1a9350,888,_ZN7subsdk010sub_1a9350Ev!
0x00000000001a96d0,sub_1a96d0,296,_ZN7subsdk010sub_1a96d0Ev!
0x00000000001a9800,sub_1a9800,288,_ZN7subsdk010sub_1a9800Ev!
0x00000000001a9920,sub_1a9920,96,_ZN7subsdk010sub_1a9920Ev!
0x00000000001a9980,sub_1a9980,100,_ZN7subsdk010sub_1a9980Ev!
0x00000000001a99f0,sub_1a99f0,32,_ZN7subsdk010sub_1a99f0Ev!
0x00000000001a9a10,sub_1a9a10,32,_ZN7subsdk010sub_1a9a10Ev!
0x00000000001a9a30,sub_1a9a30,228,_ZN7subsdk025sub_1a9a30_subsdk0_1a9a30Ev!
0x00000000001a9b20,sub_1a9b20,228,_ZN7subsdk010sub_1a9b20Ev!
0x00000000001a9c10,sub_1a9c10,456,_ZN7subsdk010sub_1a9c10Ev!
0x00000000001a9de0,sub_1a9de0,228,_ZN7subsdk010sub_1a9de0Ev!
0x00000000001a9ed0,sub_1a9ed0,456,_ZN7subsdk010sub_1a9ed0Ev!
0x00000000001aa0a0,sub_1aa0a0,440,_ZN7subsdk010sub_1aa0a0Ev!
0x00000000001aa260,sub_1aa260,612,_ZN7subsdk010sub_1aa260Ev!
0x00000000001aa4d0,sub_1aa4d0,460,_ZN7subsdk010sub_1aa4d0Ev!
0x00000000001aa6a0,sub_1aa6a0,156,_ZN7subsdk010sub_1aa6a0Ev!
0x00000000001aa740,sub_1aa740,324,_ZN7subsdk010sub_1aa740Ev!
0x00000000001aa890,sub_1aa890,76,_ZN7subsdk010sub_1aa890Ev!
0x00000000001aa8e0,sub_1aa8e0,668,_ZN7subsdk010sub_1aa8e0Ev!
0x00000000001aab80,sub_1aab80,420,_ZN7subsdk010sub_1aab80Ev!
0x00000000001aad30,sub_1aad30,1052,_ZN7subsdk010sub_1aad30Ev!
0x00000000001ab150,sub_1ab150,128,_ZN7subsdk010sub_1ab150Ev!
0x00000000001ab1d0,sub_1ab1d0,160,_ZN7subsdk010sub_1ab1d0Ev!
0x00000000001ab270,sub_1ab270,276,_ZN7subsdk010sub_1ab270Ev!
0x00000000001ab390,sub_1ab390,180,_ZN7subsdk010sub_1ab390Ev!
0x00000000001ab450,sub_1ab450,164,_ZN7subsdk010sub_1ab450Ev!
0x00000000001ab500,sub_1ab500,208,_ZN7subsdk010sub_1ab500Ev!
0x00000000001ab5d0,sub_1ab5d0,56,_ZN7subsdk010sub_1ab5d0Ev!
0x00000000001ab610,sub_1ab610,156,_ZN7subsdk010sub_1ab610Ev!
0x00000000001ab6b0,sub_1ab6b0,3536,_ZN7subsdk010sub_1ab6b0Ev!
0x00000000001ac480,sub_1ac480,972,_ZN7subsdk010sub_1ac480Ev!
0x00000000001ac850,sub_1ac850,844,_ZN7subsdk010sub_1ac850Ev!
0x00000000001acba0,sub_1acba0,304,_ZN7subsdk010sub_1acba0Ev!
0x00000000001accd0,sub_1accd0,936,_ZN7subsdk010sub_1accd0Ev!
0x00000000001ad080,sub_1ad080,312,_ZN7subsdk010sub_1ad080Ev!
0x00000000001ad1c0,sub_1ad1c0,220,_ZN7subsdk010sub_1ad1c0Ev!
0x00000000001ad2a0,sub_1ad2a0,52,_ZN7subsdk010sub_1ad2a0Ev!
0x00000000001ad2e0,sub_1ad2e0,192,_ZN7subsdk010sub_1ad2e0Ev!
0x00000000001ad3a0,sub_1ad3a0,188,_ZN7subsdk010sub_1ad3a0Ev!
0x00000000001ad460,sub_1ad460,1712,_ZN7subsdk010sub_1ad460Ev!
0x00000000001adb10,sub_1adb10,152,_ZN7subsdk010sub_1adb10Ev!
0x00000000001adbb0,raw_3,208,_ZN7subsdk05raw_3Ev!
0x00000000001adc80,sub_1adc80,240,_ZN7subsdk010sub_1adc80Ev!
0x00000000001add70,sub_1add70,28,_ZN7subsdk010sub_1add70Ev!
0x00000000001add90,sub_1add90,28,_ZN7subsdk010sub_1add90Ev!
0x00000000001addb0,sub_1addb0,440,_ZN7subsdk010sub_1addb0Ev!
0x00000000001adf70,sub_1adf70,332,_ZN7subsdk010sub_1adf70Ev!
0x00000000001ae0c0,SoftVideoDecoderOMXComponent,512,_ZN7subsdk028SoftVideoDecoderOMXComponentEv!
0x00000000001ae2c0,sub_1ae2c0,532,_ZN7subsdk010sub_1ae2c0Ev!
0x00000000001ae4e0,sub_1ae4e0,108,_ZN7subsdk010sub_1ae4e0Ev!
0x00000000001ae550,OMX_google_android_index_prepareForAdaptivePlayback_2,104,_ZN7subsdk053OMX_google_android_index_prepareForAdaptivePlayback_2Ev!
0x00000000001ae5c0,sub_1ae5c0,8,_Z16subsdk0_f_1ae5c0Pv
0x00000000001ae5d0,SoftVideoDecoderOMXComponent_2,348,_ZN7subsdk030SoftVideoDecoderOMXComponent_2Ev!
0x00000000001ae730,sub_1ae730,132,_ZN7subsdk010sub_1ae730Ev!
0x00000000001ae7c0,sub_1ae7c0,160,_ZN7subsdk010sub_1ae7c0Ev!
0x00000000001ae860,raw_4,380,_ZN7subsdk05raw_4Ev!
0x00000000001ae9e0,sub_1ae9e0,164,_ZN7subsdk010sub_1ae9e0Ev!
0x00000000001aea90,sub_1aea90,336,_ZN7subsdk010sub_1aea90Ev!
0x00000000001aebe0,sub_1aebe0,604,_ZN7subsdk010sub_1aebe0Ev!
0x00000000001aee40,sub_1aee40,240,_ZN7subsdk010sub_1aee40Ev!
0x00000000001aef30,sub_1aef30,932,_ZN7subsdk010sub_1aef30Ev!
0x00000000001af2e0,sub_1af2e0,184,_ZN7subsdk010sub_1af2e0Ev!
0x00000000001af3a0,SoftVideoEncoderOMXComponent,400,_ZN7subsdk028SoftVideoEncoderOMXComponentEv!
0x00000000001af530,SoftVideoEncoderOMXComponent_2,3280,_ZN7subsdk030SoftVideoEncoderOMXComponent_2Ev!
0x00000000001b0200,OMX_google_android_index_storeMetaDataInBuffers_4,128,_ZN7subsdk049OMX_google_android_index_storeMetaDataInBuffers_4Ev!
0x00000000001b0280,sub_1b0280,132,_ZN7subsdk025sub_1b0280_subsdk0_1b0280Ev!
0x00000000001b0310,sub_1b0310,4,_Z16subsdk0_f_1b0310v
0x00000000001b0320,sub_1b0320,244,_ZN7subsdk010sub_1b0320Ev!
0x00000000001b0420,sub_1b0420,700,_ZN7subsdk010sub_1b0420Ev!
0x00000000001b06e0,sub_1b06e0,1236,_ZN7subsdk010sub_1b06e0Ev!
0x00000000001b0bc0,sub_1b0bc0,140,_ZN7subsdk010sub_1b0bc0Ev!
0x00000000001b0c50,sub_1b0c50,92,_ZN7subsdk010sub_1b0c50Ev!
0x00000000001b0cb0,sub_1b0cb0,76,_ZN7subsdk010sub_1b0cb0Ev!
0x00000000001b0d00,sub_1b0d00,84,_ZN7subsdk010sub_1b0d00Ev!
0x00000000001b0d60,TimedText3GPPSource,404,_ZN7subsdk019TimedText3GPPSourceEv!
0x00000000001b0f00,TimedText3GPPSource_2,312,_ZN7subsdk021TimedText3GPPSource_2Ev!
0x00000000001b1040,TimedText3GPPSource_3,356,_ZN7subsdk021TimedText3GPPSource_3Ev!
0x00000000001b11b0,sub_1b11b0,16,_ZN7subsdk010sub_1b11b0Ev!
0x00000000001b11c0,sub_1b11c0,20,_ZN7subsdk010sub_1b11c0Ev!
0x00000000001b11e0,sub_1b11e0,16,_ZN7subsdk010sub_1b11e0Ev!
0x00000000001b11f0,TimedTextDriver,392,_ZN7subsdk015TimedTextDriverEv!
0x00000000001b1380,sub_1b1380,220,_ZN7subsdk010sub_1b1380Ev!
0x00000000001b1460,sub_1b1460,52,_ZN7subsdk010sub_1b1460Ev!
0x00000000001b14a0,TimedTextDriver_2,300,_ZN7subsdk017TimedTextDriver_2Ev!
0x00000000001b15d0,TimedTextDriver_3,152,_ZN7subsdk017TimedTextDriver_3Ev!
0x00000000001b1670,TimedTextDriver_4,140,_ZN7subsdk017TimedTextDriver_4Ev!
0x00000000001b1700,TimedTextDriver_5,144,_ZN7subsdk017TimedTextDriver_5Ev!
0x00000000001b1790,TimedTextDriver_6,192,_ZN7subsdk017TimedTextDriver_6Ev!
0x00000000001b1850,TimedTextDriver_7,200,_ZN7subsdk017TimedTextDriver_7Ev!
0x00000000001b1920,sub_1b1920,192,_ZN7subsdk010sub_1b1920Ev!
0x00000000001b19e0,unnamed_6,188,_ZN7subsdk024unnamed_6_subsdk0_1b19e0Ev!
0x00000000001b1aa0,sub_1b1aa0,304,_ZN7subsdk010sub_1b1aa0Ev!
0x00000000001b1bd0,sub_1b1bd0,188,_ZN7subsdk010sub_1b1bd0Ev!
0x00000000001b1c90,sub_1b1c90,116,_ZN7subsdk010sub_1b1c90Ev!
0x00000000001b1d10,sub_1b1d10,264,_ZN7subsdk010sub_1b1d10Ev!
0x00000000001b1e20,sub_1b1e20,52,_ZN7subsdk010sub_1b1e20Ev!
0x00000000001b1e60,sub_1b1e60,60,_ZN7subsdk010sub_1b1e60Ev!
0x00000000001b1ea0,sub_1b1ea0,92,_ZN7subsdk025sub_1b1ea0_subsdk0_1b1ea0Ev!
0x00000000001b1f00,sub_1b1f00,64,_ZN7subsdk010sub_1b1f00Ev!
0x00000000001b1f40,sub_1b1f40,92,_ZN7subsdk025sub_1b1f40_subsdk0_1b1f40Ev!
0x00000000001b1fa0,sub_1b1fa0,88,_ZN7subsdk010sub_1b1fa0Ev!
0x00000000001b2000,sub_1b2000,128,_ZN7subsdk010sub_1b2000Ev!
0x00000000001b2080,sub_1b2080,108,_ZN7subsdk025sub_1b2080_subsdk0_1b2080Ev!
0x00000000001b20f0,sub_1b20f0,32,_ZN7subsdk025sub_1b20f0_subsdk0_1b20f0Ev!
0x00000000001b2110,sub_1b2110,60,_ZN7subsdk025sub_1b2110_subsdk0_1b2110Ev!
0x00000000001b2150,sub_1b2150,4,_Z16subsdk0_f_1b2150v
0x00000000001b2160,sub_1b2160,4,_Z16subsdk0_f_1b2160v
0x00000000001b2170,sub_1b2170,100,_ZN7subsdk010sub_1b2170Ev!
0x00000000001b21e0,sub_1b21e0,96,_ZN7subsdk010sub_1b21e0Ev!
0x00000000001b2240,sub_1b2240,156,_ZN7subsdk010sub_1b2240Ev!
0x00000000001b22e0,sub_1b22e0,100,_ZN7subsdk010sub_1b22e0Ev!
0x00000000001b2350,sub_1b2350,100,_ZN7subsdk010sub_1b2350Ev!
0x00000000001b23c0,sub_1b23c0,116,_ZN7subsdk010sub_1b23c0Ev!
0x00000000001b2440,sub_1b2440,124,_ZN7subsdk010sub_1b2440Ev!
0x00000000001b24c0,sub_1b24c0,64,_ZN7subsdk025sub_1b24c0_subsdk0_1b24c0Ev!
0x00000000001b2500,sub_1b2500,64,_ZN7subsdk010sub_1b2500Ev!
0x00000000001b2540,sub_1b2540,64,_ZN7subsdk010sub_1b2540Ev!
0x00000000001b2580,seekTimeUs_2,140,_ZN7subsdk012seekTimeUs_2Ev!
0x00000000001b2610,source_5,184,_ZN7subsdk08source_5Ev!
0x00000000001b26d0,subtitle,2188,_ZN7subsdk08subtitleEv!
0x00000000001b2f60,TimedTextPlayer,812,_ZN7subsdk015TimedTextPlayerEv!
0x00000000001b3290,sub_1b3290,252,_ZN7subsdk010sub_1b3290Ev!
0x00000000001b3390,sub_1b3390,76,_ZN7subsdk025sub_1b3390_subsdk0_1b3390Ev!
0x00000000001b33e0,sub_1b33e0,236,_ZN7subsdk010sub_1b33e0Ev!
0x00000000001b34d0,sub_1b34d0,168,_ZN7subsdk010sub_1b34d0Ev!
0x00000000001b3580,subtitle_2,416,_ZN7subsdk010subtitle_2Ev!
0x00000000001b3720,sub_1b3720,52,_ZN7subsdk025sub_1b3720_subsdk0_1b3720Ev!
0x00000000001b3760,sub_1b3760,60,_ZN7subsdk010sub_1b3760Ev!
0x00000000001b37a0,TimedTextSource,228,_ZN7subsdk015TimedTextSourceEv!
0x00000000001b3890,sub_1b3890,104,_ZN7subsdk010sub_1b3890Ev!
0x00000000001b3900,sub_1b3900,8,_ZN7subsdk010sub_1b3900Ev!
0x00000000001b3910,sub_1b3910,4,_ZN7subsdk010sub_1b3910Ev!
0x00000000001b3920,sub_1b3920,8,_Z16subsdk0_f_1b3920v
0x00000000001b3930,sub_1b3930,164,_ZN7subsdk010sub_1b3930Ev!
0x00000000001b39e0,sub_1b39e0,116,_ZN7subsdk010sub_1b39e0Ev!
0x00000000001b3a60,sub_1b3a60,124,_ZN7subsdk010sub_1b3a60Ev!
0x00000000001b3ae0,sub_1b3ae0,168,_ZN7subsdk025sub_1b3ae0_subsdk0_1b3ae0Ev!
0x00000000001b3b90,sub_1b3b90,144,_ZN7subsdk010sub_1b3b90Ev!
0x00000000001b3c20,sub_1b3c20,40,_ZN7subsdk025sub_1b3c20_subsdk0_1b3c20Ev!
0x00000000001b3c50,sub_1b3c50,44,_ZN7subsdk010sub_1b3c50Ev!
0x00000000001b3c80,TimedTextSRTSource,360,_ZN7subsdk018TimedTextSRTSourceEv!
0x00000000001b3df0,sub_1b3df0,392,_ZN7subsdk010sub_1b3df0Ev!
0x00000000001b3f80,sub_1b3f80,132,_ZN7subsdk025sub_1b3f80_subsdk0_1b3f80Ev!
0x00000000001b4010,sub_1b4010,24,_ZN7subsdk010sub_1b4010Ev!
0x00000000001b4030,f_02d_02d_02d_03d_02d_02d_02d_03d,416,_ZN7subsdk033f_02d_02d_02d_03d_02d_02d_02d_03dEv!
0x00000000001b41d0,sub_1b41d0,268,_ZN7subsdk010sub_1b41d0Ev!
0x00000000001b42e0,TimedTextSRTSource_2,256,_ZN7subsdk020TimedTextSRTSource_2Ev!
0x00000000001b43e0,sub_1b43e0,52,_ZN7subsdk010sub_1b43e0Ev!
0x00000000001b4420,sub_1b4420,60,_ZN7subsdk010sub_1b4420Ev!
0x00000000001b4460,sub_1b4460,4,_Z16subsdk0_f_1b4460v
0x00000000001b4470,sub_1b4470,4,_Z16subsdk0_f_1b4470v
0x00000000001b4480,sub_1b4480,136,_ZN7subsdk010sub_1b4480Ev!
0x00000000001b4510,sub_1b4510,132,_ZN7subsdk010sub_1b4510Ev!
0x00000000001b45a0,sub_1b45a0,148,_ZN7subsdk010sub_1b45a0Ev!
0x00000000001b4640,sub_1b4640,136,_ZN7subsdk010sub_1b4640Ev!
0x00000000001b46d0,sub_1b46d0,32,_ZN7subsdk010sub_1b46d0Ev!
0x00000000001b46f0,sub_1b46f0,40,_ZN7subsdk010sub_1b46f0Ev!
0x00000000001b4720,AACExtractor,644,_ZN7subsdk012AACExtractorEv!
0x00000000001b49b0,offset,436,_ZN7subsdk06offsetEv!
0x00000000001b4b70,sub_1b4b70,280,_ZN7subsdk010sub_1b4b70Ev!
0x00000000001b4c90,sub_1b4c90,116,_ZN7subsdk010sub_1b4c90Ev!
0x00000000001b4d10,sub_1b4d10,124,_ZN7subsdk010sub_1b4d10Ev!
0x00000000001b4d90,sub_1b4d90,124,_ZN7subsdk010sub_1b4d90Ev!
0x00000000001b4e10,sub_1b4e10,16,_Z16subsdk0_f_1b4e10Pv
0x00000000001b4e20,sub_1b4e20,244,_ZN7subsdk010sub_1b4e20Ev!
0x00000000001b4f20,sub_1b4f20,196,_ZN7subsdk010sub_1b4f20Ev!
0x00000000001b4ff0,sub_1b4ff0,44,_ZN7subsdk010sub_1b4ff0Ev!
0x00000000001b5020,sub_1b5020,176,_ZN7subsdk010sub_1b5020Ev!
0x00000000001b50d0,sub_1b50d0,160,_ZN7subsdk010sub_1b50d0Ev!
0x00000000001b5170,sub_1b5170,192,_ZN7subsdk010sub_1b5170Ev!
0x00000000001b5230,sub_1b5230,16,_ZN7subsdk025sub_1b5230_subsdk0_1b5230Ev!
0x00000000001b5240,sub_1b5240,36,_ZN7subsdk010sub_1b5240Ev!
0x00000000001b5270,sub_1b5270,48,_ZN7subsdk010sub_1b5270Ev!
0x00000000001b52a0,AACExtractor_2,176,_ZN7subsdk014AACExtractor_2Ev!
0x00000000001b5350,AACExtractor_3,120,_ZN7subsdk014AACExtractor_3Ev!
0x00000000001b53d0,sub_1b53d0,24,_ZN7subsdk010sub_1b53d0Ev!
0x00000000001b53f0,sub_1b53f0,416,_ZN7subsdk010sub_1b53f0Ev!
0x00000000001b5590,sub_1b5590,1412,_ZN7subsdk025sub_1b5590_subsdk0_1b5590Ev!
0x00000000001b5b20,sub_1b5b20,596,_ZN7subsdk010sub_1b5b20Ev!
0x00000000001b5d80,sub_1b5d80,52,_ZN7subsdk010sub_1b5d80Ev!
0x00000000001b5dc0,sub_1b5dc0,8,_ZN7subsdk010sub_1b5dc0Ev!
0x00000000001b5dd0,sub_1b5dd0,36,_ZN7subsdk010sub_1b5dd0Ev!
0x00000000001b5e00,sub_1b5e00,40,_ZN7subsdk010sub_1b5e00Ev!
0x00000000001b5e30,sub_1b5e30,68,_ZN7subsdk010sub_1b5e30Ev!
0x00000000001b5e80,sub_1b5e80,68,_ZN7subsdk010sub_1b5e80Ev!
0x00000000001b5ed0,sub_1b5ed0,68,_ZN7subsdk010sub_1b5ed0Ev!
0x00000000001b5f20,params_2,140,_ZN7subsdk08params_2Ev!
0x00000000001b5fb0,sub_1b5fb0,8,_ZN7subsdk010sub_1b5fb0Ev!
0x00000000001b5fc0,sub_1b5fc0,68,_ZN7subsdk010sub_1b5fc0Ev!
0x00000000001b6010,sub_1b6010,68,_ZN7subsdk010sub_1b6010Ev!
0x00000000001b6060,sub_1b6060,68,_ZN7subsdk010sub_1b6060Ev!
0x00000000001b60b0,sub_1b60b0,68,_ZN7subsdk010sub_1b60b0Ev!
0x00000000001b6100,sub_1b6100,64,_ZN7subsdk010sub_1b6100Ev!
0x00000000001b6140,sub_1b6140,64,_ZN7subsdk025sub_1b6140_subsdk0_1b6140Ev!
0x00000000001b6180,sub_1b6180,64,_ZN7subsdk010sub_1b6180Ev!
0x00000000001b61c0,sub_1b61c0,64,_ZN7subsdk025sub_1b61c0_subsdk0_1b61c0Ev!
0x00000000001b6200,sub_1b6200,64,_ZN7subsdk025sub_1b6200_subsdk0_1b6200Ev!
0x00000000001b6240,sub_1b6240,64,_ZN7subsdk010sub_1b6240Ev!
0x00000000001b6280,sub_1b6280,64,_ZN7subsdk010sub_1b6280Ev!
0x00000000001b62c0,sub_1b62c0,64,_ZN7subsdk010sub_1b62c0Ev!
0x00000000001b6300,sub_1b6300,64,_ZN7subsdk010sub_1b6300Ev!
0x00000000001b6340,sub_1b6340,64,_ZN7subsdk010sub_1b6340Ev!
0x00000000001b6380,keepComponentAllocated,188,_ZN7subsdk022keepComponentAllocatedEv!
0x00000000001b6440,sub_1b6440,12,_ZN7subsdk010sub_1b6440Ev!
0x00000000001b6450,sub_1b6450,64,_ZN7subsdk010sub_1b6450Ev!
0x00000000001b6490,sub_1b6490,64,_ZN7subsdk010sub_1b6490Ev!
0x00000000001b64d0,sub_1b64d0,104,_ZN7subsdk010sub_1b64d0Ev!
0x00000000001b6540,portIndex,1876,_ZN7subsdk09portIndexEv!
0x00000000001b6ca0,ACodec,996,_ZN7subsdk06ACodecEv!
0x00000000001b7090,sub_1b7090,652,_ZN7subsdk010sub_1b7090Ev!
0x00000000001b7320,sub_1b7320,84,_ZN7subsdk010sub_1b7320Ev!
0x00000000001b7380,OMX_Nvidia_index_param_useSyncPtInNativeBuffer,788,_ZN7subsdk046OMX_Nvidia_index_param_useSyncPtInNativeBufferEv!
0x00000000001b76a0,ACodec_2,260,_ZN7subsdk08ACodec_2Ev!
0x00000000001b77b0,ACodec_3,352,_ZN7subsdk08ACodec_3Ev!
0x00000000001b7910,ACodec_4,920,_ZN7subsdk08ACodec_4Ev!
0x00000000001b7cb0,ACodec_5,256,_ZN7subsdk08ACodec_5Ev!
0x00000000001b7db0,ACodec_6,384,_ZN7subsdk08ACodec_6Ev!
0x00000000001b7f30,ACodec_7,256,_ZN7subsdk08ACodec_7Ev!
0x00000000001b8030,ACodec_8,168,_ZN7subsdk08ACodec_8Ev!
0x00000000001b80e0,video_encoder_3,1636,_ZN7subsdk015video_encoder_3Ev!
0x00000000001b8750,complexity,5716,_ZN7subsdk010complexityEv!
0x00000000001b9db0,sub_1b9db0,104,_ZN7subsdk010sub_1b9db0Ev!
0x00000000001b9e20,bitrate,840,_ZN7subsdk07bitrateEv!
0x00000000001ba170,height_10,364,_ZN7subsdk09height_10Ev!
0x00000000001ba2e0,sub_1ba2e0,72,_ZN7subsdk010sub_1ba2e0Ev!
0x00000000001ba330,stride_7,5844,_ZN7subsdk08stride_7Ev!
0x00000000001bba10,ACodec_9,356,_ZN7subsdk08ACodec_9Ev!
0x00000000001bbb80,sub_1bbb80,308,_ZN7subsdk010sub_1bbb80Ev!
0x00000000001bbcc0,sub_1bbcc0,856,_ZN7subsdk010sub_1bbcc0Ev!
0x00000000001bc020,sub_1bc020,508,_ZN7subsdk010sub_1bc020Ev!
0x00000000001bc220,ACodec_10,92,_ZN7subsdk09ACodec_10Ev!
0x00000000001bc280,sub_1bc280,200,_ZN7subsdk010sub_1bc280Ev!
0x00000000001bc350,sub_1bc350,196,_ZN7subsdk010sub_1bc350Ev!
0x00000000001bc420,sub_1bc420,196,_ZN7subsdk010sub_1bc420Ev!
0x00000000001bc4f0,ACodec_11,380,_ZN7subsdk09ACodec_11Ev!
0x00000000001bc670,sub_1bc670,216,_ZN7subsdk010sub_1bc670Ev!
0x00000000001bc750,OMX_TI_Video_encoder,536,_ZN7subsdk020OMX_TI_Video_encoderEv!
0x00000000001bc970,sub_1bc970,508,_ZN7subsdk025sub_1bc970_subsdk0_1bc970Ev!
0x00000000001bcb70,sub_1bcb70,268,_ZN7subsdk010sub_1bcb70Ev!
0x00000000001bcc80,ACodec_12,556,_ZN7subsdk09ACodec_12Ev!
0x00000000001bceb0,profile_3,788,_ZN7subsdk09profile_3Ev!
0x00000000001bd1d0,profile_4,768,_ZN7subsdk09profile_4Ev!
0x00000000001bd4d0,profile_5,840,_ZN7subsdk09profile_5Ev!
0x00000000001bd820,profile_6,616,_ZN7subsdk09profile_6Ev!
0x00000000001bda90,bitrate_2,724,_ZN7subsdk09bitrate_2Ev!
0x00000000001bdd70,intra_refresh_CIR_mbs,260,_ZN7subsdk021intra_refresh_CIR_mbsEv!
0x00000000001bde80,sub_1bde80,160,_ZN7subsdk010sub_1bde80Ev!
0x00000000001bdf20,sub_1bdf20,152,_ZN7subsdk010sub_1bdf20Ev!
0x00000000001bdfc0,sub_1bdfc0,172,_ZN7subsdk025sub_1bdfc0_subsdk0_1bdfc0Ev!
0x00000000001be070,sub_1be070,980,_ZN7subsdk010sub_1be070Ev!
0x00000000001be450,sub_1be450,144,_ZN7subsdk010sub_1be450Ev!
0x00000000001be4e0,sub_1be4e0,124,_ZN7subsdk010sub_1be4e0Ev!
0x00000000001be560,sub_1be560,140,_ZN7subsdk010sub_1be560Ev!
0x00000000001be5f0,sub_1be5f0,140,_ZN7subsdk010sub_1be5f0Ev!
0x00000000001be680,sub_1be680,200,_ZN7subsdk010sub_1be680Ev!
0x00000000001be750,sub_1be750,96,_ZN7subsdk010sub_1be750Ev!
0x00000000001be7b0,sub_1be7b0,332,_ZN7subsdk010sub_1be7b0Ev!
0x00000000001be900,ACodec_13,468,_ZN7subsdk09ACodec_13Ev!
0x00000000001beae0,OMX_google_android_index_describeColorFormat,140,_ZN7subsdk044OMX_google_android_index_describeColorFormatEv!
0x00000000001beb70,ACodec_14,796,_ZN7subsdk09ACodec_14Ev!
0x00000000001bee90,actionCode,232,_ZN7subsdk010actionCodeEv!
0x00000000001bef80,sub_1bef80,636,_ZN7subsdk010sub_1bef80Ev!
0x00000000001bf200,sub_1bf200,116,_ZN7subsdk010sub_1bf200Ev!
0x00000000001bf280,sub_1bf280,100,_ZN7subsdk010sub_1bf280Ev!
0x00000000001bf2f0,sub_1bf2f0,8,_Z16subsdk0_f_1bf2f0Pv
0x00000000001bf300,sub_1bf300,12,_Z16subsdk0_f_1bf300Pvm
0x00000000001bf310,sub_1bf310,28,_ZN7subsdk010sub_1bf310Ev!
0x00000000001bf330,sub_1bf330,60,_ZN7subsdk010sub_1bf330Ev!
0x00000000001bf370,sub_1bf370,8,_Z16subsdk0_f_1bf370v
0x00000000001bf380,priority,672,_ZN7subsdk08priorityEv!
0x00000000001bf620,range_offset,1140,_ZN7subsdk012range_offsetEv!
0x00000000001bfaa0,priority_2,488,_ZN7subsdk010priority_2Ev!
0x00000000001bfc90,ACodec_15,548,_ZN7subsdk09ACodec_15Ev!
0x00000000001bfec0,rangeOffset,1620,_ZN7subsdk011rangeOffsetEv!
0x00000000001c0520,sub_1c0520,108,_ZN7subsdk010sub_1c0520Ev!
0x00000000001c0590,buffer_2,480,_ZN7subsdk08buffer_2Ev!
0x00000000001c0770,timeUs_14,1864,_ZN7subsdk09timeUs_14Ev!
0x00000000001c0ec0,sub_1c0ec0,136,_ZN7subsdk010sub_1c0ec0Ev!
0x00000000001c0f50,timestampNs_5,1496,_ZN7subsdk013timestampNs_5Ev!
0x00000000001c1530,sub_1c1530,108,_ZN7subsdk010sub_1c1530Ev!
0x00000000001c15a0,sub_1c15a0,352,_ZN7subsdk010sub_1c15a0Ev!
0x00000000001c1700,keepComponentAllocated_2,412,_ZN7subsdk024keepComponentAllocated_2Ev!
0x00000000001c18a0,sub_1c18a0,80,_ZN7subsdk010sub_1c18a0Ev!
0x00000000001c18f0,componentName,1804,_ZN7subsdk013componentNameEv!
0x00000000001c2000,ACodec_16,400,_ZN7subsdk09ACodec_16Ev!
0x00000000001c2190,ACodec_17,268,_ZN7subsdk09ACodec_17Ev!
0x00000000001c22a0,sub_1c22a0,104,_ZN7subsdk010sub_1c22a0Ev!
0x00000000001c2310,sub_1c2310,212,_ZN7subsdk010sub_1c2310Ev!
0x00000000001c23f0,ACodec_18,368,_ZN7subsdk09ACodec_18Ev!
0x00000000001c2560,keepComponentAllocated_3,380,_ZN7subsdk024keepComponentAllocated_3Ev!
0x00000000001c26e0,input_surface,596,_ZN7subsdk013input_surfaceEv!
0x00000000001c2940,sub_1c2940,104,_ZN7subsdk010sub_1c2940Ev!
0x00000000001c29b0,sub_1c29b0,192,_ZN7subsdk010sub_1c29b0Ev!
0x00000000001c2a70,sub_1c2a70,64,_ZN7subsdk010sub_1c2a70Ev!
0x00000000001c2ab0,sub_1c2ab0,320,_ZN7subsdk010sub_1c2ab0Ev!
0x00000000001c2bf0,sub_1c2bf0,136,_ZN7subsdk010sub_1c2bf0Ev!
0x00000000001c2c80,ACodec_19,660,_ZN7subsdk09ACodec_19Ev!
0x00000000001c2f20,sub_1c2f20,104,_ZN7subsdk010sub_1c2f20Ev!
0x00000000001c2f90,sub_1c2f90,4,_Z16subsdk0_f_1c2f90v
0x00000000001c2fa0,sub_1c2fa0,320,_ZN7subsdk010sub_1c2fa0Ev!
0x00000000001c30e0,ACodec_20,492,_ZN7subsdk09ACodec_20Ev!
0x00000000001c32d0,ACodec_21,316,_ZN7subsdk09ACodec_21Ev!
0x00000000001c3410,sub_1c3410,108,_ZN7subsdk010sub_1c3410Ev!
0x00000000001c3480,sub_1c3480,8,_Z16subsdk0_f_1c3480v
0x00000000001c3490,sub_1c3490,204,_ZN7subsdk010sub_1c3490Ev!
0x00000000001c3560,ACodec_22,548,_ZN7subsdk09ACodec_22Ev!
0x00000000001c3790,sub_1c3790,60,_ZN7subsdk010sub_1c3790Ev!
0x00000000001c37d0,sub_1c37d0,8,_ZN7subsdk010sub_1c37d0Ev!
0x00000000001c37e0,keepComponentAllocated_4,1136,_ZN7subsdk024keepComponentAllocated_4Ev!
0x00000000001c3c50,ACodec_23,620,_ZN7subsdk09ACodec_23Ev!
0x00000000001c3ec0,sub_1c3ec0,104,_ZN7subsdk025sub_1c3ec0_subsdk0_1c3ec0Ev!
0x00000000001c3f30,ACodec_24,200,_ZN7subsdk09ACodec_24Ev!
0x00000000001c4000,sub_1c4000,188,_ZN7subsdk025sub_1c4000_subsdk0_1c4000Ev!
0x00000000001c40c0,sub_1c40c0,4,_Z16subsdk0_f_1c40c0v
0x00000000001c40d0,ACodec_25,876,_ZN7subsdk09ACodec_25Ev!
0x00000000001c4440,sub_1c4440,108,_ZN7subsdk010sub_1c4440Ev!
0x00000000001c44b0,ACodec_26,136,_ZN7subsdk09ACodec_26Ev!
0x00000000001c4540,sub_1c4540,16,_Z16subsdk0_f_1c4540Pv
0x00000000001c4550,ACodec_27,468,_ZN7subsdk09ACodec_27Ev!
0x00000000001c4730,ACodec_28,660,_ZN7subsdk09ACodec_28Ev!
0x00000000001c49d0,sub_1c49d0,36,_ZN7subsdk025sub_1c49d0_subsdk0_1c49d0Ev!
0x00000000001c4a00,sub_1c4a00,36,_ZN7subsdk010sub_1c4a00Ev!
0x00000000001c4a30,sub_1c4a30,104,_ZN7subsdk010sub_1c4a30Ev!
0x00000000001c4aa0,ACodec_29,136,_ZN7subsdk09ACodec_29Ev!
0x00000000001c4b30,sub_1c4b30,4,_Z16subsdk0_f_1c4b30v
0x00000000001c4b40,ACodec_30,480,_ZN7subsdk09ACodec_30Ev!
0x00000000001c4d20,sub_1c4d20,104,_ZN7subsdk010sub_1c4d20Ev!
0x00000000001c4d90,sub_1c4d90,8,_Z16subsdk0_f_1c4d90Pv
0x00000000001c4da0,sub_1c4da0,192,_ZN7subsdk010sub_1c4da0Ev!
0x00000000001c4e60,ACodec_31,936,_ZN7subsdk09ACodec_31Ev!
0x00000000001c5210,sub_1c5210,460,_ZN7subsdk010sub_1c5210Ev!
0x00000000001c53e0,fenceFd,236,_ZN7subsdk07fenceFdEv!
0x00000000001c54d0,sub_1c54d0,36,_ZN7subsdk010sub_1c54d0Ev!
0x00000000001c5500,sub_1c5500,12,_ZN7subsdk010sub_1c5500Ev!
0x00000000001c5510,sub_1c5510,12,_ZN7subsdk010sub_1c5510Ev!
0x00000000001c5520,sub_1c5520,120,_ZN7subsdk010sub_1c5520Ev!
0x00000000001c55a0,sub_1c55a0,128,_ZN7subsdk010sub_1c55a0Ev!
0x00000000001c5620,sub_1c5620,36,_ZN7subsdk010sub_1c5620Ev!
0x00000000001c5650,sub_1c5650,76,_ZN7subsdk010sub_1c5650Ev!
0x00000000001c56a0,sub_1c56a0,84,_ZN7subsdk010sub_1c56a0Ev!
0x00000000001c5700,sub_1c5700,36,_ZN7subsdk010sub_1c5700Ev!
0x00000000001c5730,sub_1c5730,36,_ZN7subsdk010sub_1c5730Ev!
0x00000000001c5760,sub_1c5760,36,_ZN7subsdk010sub_1c5760Ev!
0x00000000001c5790,sub_1c5790,36,_ZN7subsdk010sub_1c5790Ev!
0x00000000001c57c0,sub_1c57c0,36,_ZN7subsdk010sub_1c57c0Ev!
0x00000000001c57f0,sub_1c57f0,36,_ZN7subsdk010sub_1c57f0Ev!
0x00000000001c5820,sub_1c5820,36,_ZN7subsdk010sub_1c5820Ev!
0x00000000001c5850,sub_1c5850,36,_ZN7subsdk010sub_1c5850Ev!
0x00000000001c5880,sub_1c5880,12,_ZN7subsdk010sub_1c5880Ev!
0x00000000001c5890,sub_1c5890,72,_ZN7subsdk010sub_1c5890Ev!
0x00000000001c58e0,sub_1c58e0,84,_ZN7subsdk010sub_1c58e0Ev!
0x00000000001c5940,sub_1c5940,80,_ZN7subsdk010sub_1c5940Ev!
0x00000000001c5990,sub_1c5990,92,_ZN7subsdk010sub_1c5990Ev!
0x00000000001c59f0,sub_1c59f0,128,_ZN7subsdk010sub_1c59f0Ev!
0x00000000001c5a70,sub_1c5a70,136,_ZN7subsdk010sub_1c5a70Ev!
0x00000000001c5b00,range_offset_2,348,_ZN7subsdk014range_offset_2Ev!
0x00000000001c5c60,sub_1c5c60,128,_ZN7subsdk010sub_1c5c60Ev!
0x00000000001c5ce0,sub_1c5ce0,136,_ZN7subsdk010sub_1c5ce0Ev!
0x00000000001c5d70,sub_1c5d70,136,_ZN7subsdk010sub_1c5d70Ev!
0x00000000001c5e00,sub_1c5e00,144,_ZN7subsdk010sub_1c5e00Ev!
0x00000000001c5e90,sub_1c5e90,76,_ZN7subsdk010sub_1c5e90Ev!
0x00000000001c5ee0,sub_1c5ee0,84,_ZN7subsdk010sub_1c5ee0Ev!
0x00000000001c5f40,sub_1c5f40,60,_ZN7subsdk010sub_1c5f40Ev!
0x00000000001c5f80,sub_1c5f80,92,_ZN7subsdk010sub_1c5f80Ev!
0x00000000001c5fe0,sub_1c5fe0,80,_ZN7subsdk010sub_1c5fe0Ev!
0x00000000001c6030,sub_1c6030,124,_ZN7subsdk010sub_1c6030Ev!
0x00000000001c60b0,sub_1c60b0,120,_ZN7subsdk010sub_1c60b0Ev!
0x00000000001c6130,sub_1c6130,172,_ZN7subsdk010sub_1c6130Ev!
0x00000000001c61e0,sub_1c61e0,168,_ZN7subsdk010sub_1c61e0Ev!
0x00000000001c6290,sub_1c6290,184,_ZN7subsdk010sub_1c6290Ev!
0x00000000001c6350,sub_1c6350,52,_ZN7subsdk010sub_1c6350Ev!
0x00000000001c6390,sub_1c6390,4,_ZN7subsdk010sub_1c6390Ev!
0x00000000001c63a0,sub_1c63a0,4,_ZN7subsdk010sub_1c63a0Ev!
0x00000000001c63b0,sub_1c63b0,48,_ZN7subsdk010sub_1c63b0Ev!
0x00000000001c63e0,sub_1c63e0,4,_ZN7subsdk010sub_1c63e0Ev!
0x00000000001c63f0,sub_1c63f0,4,_ZN7subsdk010sub_1c63f0Ev!
0x00000000001c6400,AMRExtractor,1000,_ZN7subsdk012AMRExtractorEv!
0x00000000001c67f0,AMR_WB,208,_ZN7subsdk06AMR_WBEv!
0x00000000001c68c0,sub_1c68c0,80,_ZN7subsdk010sub_1c68c0Ev!
0x00000000001c6910,sub_1c6910,88,_ZN7subsdk010sub_1c6910Ev!
0x00000000001c6970,amr_wb,140,_ZN7subsdk06amr_wbEv!
0x00000000001c6a00,sub_1c6a00,16,_Z16subsdk0_f_1c6a00Pv
0x00000000001c6a10,sub_1c6a10,280,_ZN7subsdk010sub_1c6a10Ev!
0x00000000001c6b30,sub_1c6b30,252,_ZN7subsdk010sub_1c6b30Ev!
0x00000000001c6c30,sub_1c6c30,44,_ZN7subsdk010sub_1c6c30Ev!
0x00000000001c6c60,sub_1c6c60,232,_ZN7subsdk010sub_1c6c60Ev!
0x00000000001c6d50,sub_1c6d50,116,_ZN7subsdk010sub_1c6d50Ev!
0x00000000001c6dd0,sub_1c6dd0,148,_ZN7subsdk010sub_1c6dd0Ev!
0x00000000001c6e70,sub_1c6e70,156,_ZN7subsdk010sub_1c6e70Ev!
0x00000000001c6f10,sub_1c6f10,156,_ZN7subsdk010sub_1c6f10Ev!
0x00000000001c6fb0,sub_1c6fb0,16,_ZN7subsdk010sub_1c6fb0Ev!
0x00000000001c6fc0,AMRExtractor_2,172,_ZN7subsdk014AMRExtractor_2Ev!
0x00000000001c7070,AMRExtractor_3,120,_ZN7subsdk014AMRExtractor_3Ev!
0x00000000001c70f0,sub_1c70f0,24,_ZN7subsdk010sub_1c70f0Ev!
0x00000000001c7110,sub_1c7110,852,_ZN7subsdk010sub_1c7110Ev!
0x00000000001c7470,sub_1c7470,176,_ZN7subsdk010sub_1c7470Ev!
0x00000000001c7520,sub_1c7520,136,_ZN7subsdk010sub_1c7520Ev!
0x00000000001c75b0,AudioPlayer,516,_ZN5audio11AudioPlayerEv!
0x00000000001c77c0,sub_1c77c0,132,_ZN7subsdk010sub_1c77c0Ev!
0x00000000001c7850,AudioPlayer_2,148,_ZN5audio13AudioPlayer_2Ev!
0x00000000001c78f0,AudioPlayer_3,1276,_ZN5audio13AudioPlayer_3Ev!
0x00000000001c7df0,sub_1c7df0,96,_ZN7subsdk010sub_1c7df0Ev!
0x00000000001c7e50,AudioPlayer_4,168,_ZN5audio13AudioPlayer_4Ev!
0x00000000001c7f00,AudioPlayer_5,132,_ZN5audio13AudioPlayer_5Ev!
0x00000000001c7f90,sub_1c7f90,92,_ZN7subsdk010sub_1c7f90Ev!
0x00000000001c7ff0,sub_1c7ff0,84,_ZN7subsdk025sub_1c7ff0_subsdk0_1c7ff0Ev!
0x00000000001c8050,sub_1c8050,56,_ZN7subsdk010sub_1c8050Ev!
0x00000000001c8090,sub_1c8090,80,_ZN7subsdk010sub_1c8090Ev!
0x00000000001c80e0,sub_1c80e0,20,_ZN7subsdk010sub_1c80e0Ev!
0x00000000001c8100,sub_1c8100,28,_ZN7subsdk010sub_1c8100Ev!
0x00000000001c8120,AudioPlayer_6,1372,_ZN5audio13AudioPlayer_6Ev!
0x00000000001c8680,sub_1c8680,96,_ZN7subsdk010sub_1c8680Ev!
0x00000000001c86e0,sub_1c86e0,128,_ZN7subsdk010sub_1c86e0Ev!
0x00000000001c8760,sub_1c8760,204,_ZN7subsdk010sub_1c8760Ev!
0x00000000001c8830,AudioPlayer_7,328,_ZN5audio13AudioPlayer_7Ev!
0x00000000001c8980,sub_1c8980,312,_ZN7subsdk010sub_1c8980Ev!
0x00000000001c8ac0,sub_1c8ac0,260,_ZN7subsdk010sub_1c8ac0Ev!
0x00000000001c8bd0,sub_1c8bd0,168,_ZN7subsdk010sub_1c8bd0Ev!
0x00000000001c8c80,AudioSource,512,_ZN5audio11AudioSourceEv!
0x00000000001c8e80,sub_1c8e80,20,_ZN7subsdk010sub_1c8e80Ev!
0x00000000001c8ea0,AudioSource_2,504,_ZN5audio13AudioSource_2Ev!
0x00000000001c90a0,sub_1c90a0,232,_ZN7subsdk010sub_1c90a0Ev!
0x00000000001c9190,sub_1c9190,220,_ZN7subsdk010sub_1c9190Ev!
0x00000000001c9270,sub_1c9270,128,_ZN7subsdk010sub_1c9270Ev!
0x00000000001c92f0,sub_1c92f0,44,_ZN7subsdk010sub_1c92f0Ev!
0x00000000001c9320,sub_1c9320,48,_ZN7subsdk010sub_1c9320Ev!
0x00000000001c9350,sub_1c9350,56,_ZN7subsdk010sub_1c9350Ev!
0x00000000001c9390,sub_1c9390,52,_ZN7subsdk010sub_1c9390Ev!
0x00000000001c93d0,sub_1c93d0,60,_ZN7subsdk010sub_1c93d0Ev!
0x00000000001c9410,sub_1c9410,64,_ZN7subsdk010sub_1c9410Ev!
0x00000000001c9450,sub_1c9450,8,_Z16subsdk0_f_1c9450Pv
0x00000000001c9460,sub_1c9460,216,_ZN7subsdk010sub_1c9460Ev!
0x00000000001c9540,sub_1c9540,100,_ZN7subsdk010sub_1c9540Ev!
0x00000000001c95b0,sub_1c95b0,80,_ZN7subsdk010sub_1c95b0Ev!
0x00000000001c9600,sub_1c9600,252,_ZN7subsdk010sub_1c9600Ev!
0x00000000001c9700,sub_1c9700,188,_ZN7subsdk010sub_1c9700Ev!
0x00000000001c97c0,AudioSource_3,764,_ZN5audio13AudioSource_3Ev!
0x00000000001c9ac0,sub_1c9ac0,72,_ZN7subsdk010sub_1c9ac0Ev!
0x00000000001c9b10,sub_1c9b10,104,_ZN7subsdk010sub_1c9b10Ev!
0x00000000001c9b80,sub_1c9b80,104,_ZN7subsdk010sub_1c9b80Ev!
0x00000000001c9bf0,AudioSource_4,792,_ZN5audio13AudioSource_4Ev!
0x00000000001c9f10,sub_1c9f10,336,_ZN7subsdk010sub_1c9f10Ev!
0x00000000001ca060,sub_1ca060,48,_ZN7subsdk010sub_1ca060Ev!
0x00000000001ca090,sub_1ca090,4,_ZN7subsdk010sub_1ca090Ev!
0x00000000001ca0a0,sub_1ca0a0,124,_ZN7subsdk010sub_1ca0a0Ev!
0x00000000001ca120,sub_1ca120,88,_ZN7subsdk010sub_1ca120Ev!
0x00000000001ca180,sub_1ca180,108,_ZN7subsdk010sub_1ca180Ev!
0x00000000001ca1f0,sub_1ca1f0,1824,_ZN7subsdk010sub_1ca1f0Ev!
0x00000000001ca910,sub_1ca910,324,_ZN7subsdk010sub_1ca910Ev!
0x00000000001caa60,Extended_2,156,_ZN7subsdk010Extended_2Ev!
0x00000000001cab00,avc_utils,724,_ZN7subsdk09avc_utilsEv!
0x00000000001cade0,sub_1cade0,364,_ZN7subsdk010sub_1cade0Ev!
0x00000000001caf50,sub_1caf50,288,_ZN7subsdk010sub_1caf50Ev!
0x00000000001cb070,sub_1cb070,316,_ZN7subsdk010sub_1cb070Ev!
0x00000000001cb1b0,avc_utils_2,516,_ZN7subsdk011avc_utils_2Ev!
0x00000000001cb3c0,avc_utils_3,1476,_ZN7subsdk011avc_utils_3Ev!
0x00000000001cb990,sub_1cb990,492,_ZN7subsdk010sub_1cb990Ev!
0x00000000001cbb80,sub_1cbb80,136,_ZN7subsdk010sub_1cbb80Ev!
0x00000000001cbc10,sub_1cbc10,156,_ZN7subsdk010sub_1cbc10Ev!
0x00000000001cbcb0,sub_1cbcb0,116,_ZN7subsdk010sub_1cbcb0Ev!
0x00000000001cbd30,sub_1cbd30,184,_ZN7subsdk010sub_1cbd30Ev!
0x00000000001cbdf0,sub_1cbdf0,16,_ZN7subsdk010sub_1cbdf0Ev!
0x00000000001cbe00,sub_1cbe00,36,_ZN7subsdk010sub_1cbe00Ev!
0x00000000001cbe30,sub_1cbe30,48,_ZN7subsdk010sub_1cbe30Ev!
0x00000000001cbe60,AVIExtractor,408,_ZN7subsdk012AVIExtractorEv!
0x00000000001cc000,AVIExtractor_2,124,_ZN7subsdk014AVIExtractor_2Ev!
0x00000000001cc080,sub_1cc080,28,_ZN7subsdk010sub_1cc080Ev!
0x00000000001cc0a0,AVIExtractor_3,736,_ZN7subsdk014AVIExtractor_3Ev!
0x00000000001cc380,AVIExtractor_4,488,_ZN7subsdk014AVIExtractor_4Ev!
0x00000000001cc570,sub_1cc570,44,_ZN7subsdk010sub_1cc570Ev!
0x00000000001cc5a0,sub_1cc5a0,344,_ZN7subsdk010sub_1cc5a0Ev!
0x00000000001cc700,sub_1cc700,520,_ZN7subsdk010sub_1cc700Ev!
0x00000000001cc910,AVIExtractor_5,640,_ZN7subsdk014AVIExtractor_5Ev!
0x00000000001ccb90,sub_1ccb90,68,_ZN7subsdk010sub_1ccb90Ev!
0x00000000001ccbe0,sub_1ccbe0,64,_ZN7subsdk010sub_1ccbe0Ev!
0x00000000001ccc20,sub_1ccc20,72,_ZN7subsdk010sub_1ccc20Ev!
0x00000000001ccc70,sub_1ccc70,516,_ZN7subsdk010sub_1ccc70Ev!
0x00000000001cce80,sub_1cce80,224,_ZN7subsdk010sub_1cce80Ev!
0x00000000001ccf60,sub_1ccf60,104,_ZN7subsdk010sub_1ccf60Ev!
0x00000000001ccfd0,sub_1ccfd0,100,_ZN7subsdk010sub_1ccfd0Ev!
0x00000000001cd040,sub_1cd040,52,_ZN7subsdk010sub_1cd040Ev!
0x00000000001cd080,sub_1cd080,108,_ZN7subsdk010sub_1cd080Ev!
0x00000000001cd0f0,sub_1cd0f0,8,_Z16subsdk0_f_1cd0f0Pv
0x00000000001cd100,sub_1cd100,256,_ZN7subsdk010sub_1cd100Ev!
0x00000000001cd200,sub_1cd200,80,_ZN7subsdk010sub_1cd200Ev!
0x00000000001cd250,sub_1cd250,124,_ZN7subsdk010sub_1cd250Ev!
0x00000000001cd2d0,sub_1cd2d0,520,_ZN7subsdk010sub_1cd2d0Ev!
0x00000000001cd4e0,unnamed_7,1572,_ZN7subsdk024unnamed_7_subsdk0_1cd4e0Ev!
0x00000000001cdb10,sub_1cdb10,472,_ZN7subsdk010sub_1cdb10Ev!
0x00000000001cdcf0,AVIExtractor_6,1600,_ZN7subsdk014AVIExtractor_6Ev!
0x00000000001ce330,sub_1ce330,156,_ZN7subsdk010sub_1ce330Ev!
0x00000000001ce3d0,sub_1ce3d0,44,_ZN7subsdk010sub_1ce3d0Ev!
0x00000000001ce400,sub_1ce400,384,_ZN7subsdk010sub_1ce400Ev!
0x00000000001ce580,AVIExtractor_7,572,_ZN7subsdk014AVIExtractor_7Ev!
0x00000000001ce7c0,sub_1ce7c0,428,_ZN7subsdk010sub_1ce7c0Ev!
0x00000000001ce970,sub_1ce970,212,_ZN7subsdk010sub_1ce970Ev!
0x00000000001cea50,sub_1cea50,60,_ZN7subsdk010sub_1cea50Ev!
0x00000000001cea90,sub_1cea90,96,_ZN7subsdk010sub_1cea90Ev!
0x00000000001ceaf0,sub_1ceaf0,104,_ZN7subsdk010sub_1ceaf0Ev!
0x00000000001ceb60,sub_1ceb60,144,_ZN7subsdk010sub_1ceb60Ev!
0x00000000001cebf0,sub_1cebf0,156,_ZN7subsdk010sub_1cebf0Ev!
0x00000000001cec90,sub_1cec90,216,_ZN7subsdk010sub_1cec90Ev!
0x00000000001ced70,sub_1ced70,196,_ZN7subsdk010sub_1ced70Ev!
0x00000000001cee40,sub_1cee40,52,_ZN7subsdk010sub_1cee40Ev!
0x00000000001cee80,sub_1cee80,60,_ZN7subsdk010sub_1cee80Ev!
0x00000000001ceec0,sub_1ceec0,4,_Z16subsdk0_f_1ceec0v
0x00000000001ceed0,sub_1ceed0,4,_Z16subsdk0_f_1ceed0v
0x00000000001ceee0,sub_1ceee0,100,_ZN7subsdk010sub_1ceee0Ev!
0x00000000001cef50,sub_1cef50,96,_ZN7subsdk025sub_1cef50_subsdk0_1cef50Ev!
0x00000000001cefb0,sub_1cefb0,156,_ZN7subsdk010sub_1cefb0Ev!
0x00000000001cf050,sub_1cf050,100,_ZN7subsdk010sub_1cf050Ev!
0x00000000001cf0c0,sub_1cf0c0,4,_Z16subsdk0_f_1cf0c0v
0x00000000001cf0d0,AwesomePlayer,1196,_ZN7subsdk013AwesomePlayerEv!
0x00000000001cf580,AwesomePlayer_2,2100,_ZN7subsdk015AwesomePlayer_2Ev!
0x00000000001cfdc0,sub_1cfdc0,756,_ZN7subsdk010sub_1cfdc0Ev!
0x00000000001d00c0,sub_1d00c0,1540,_ZN7subsdk010sub_1d00c0Ev!
0x00000000001d06d0,sub_1d06d0,312,_ZN7subsdk010sub_1d06d0Ev!
0x00000000001d0810,sub_1d0810,472,_ZN7subsdk010sub_1d0810Ev!
0x00000000001d09f0,sub_1d09f0,608,_ZN7subsdk010sub_1d09f0Ev!
0x00000000001d0c50,sub_1d0c50,52,_ZN7subsdk010sub_1d0c50Ev!
0x00000000001d0c90,sub_1d0c90,756,_ZN7subsdk010sub_1d0c90Ev!
0x00000000001d0f90,sub_1d0f90,36,_ZN7subsdk010sub_1d0f90Ev!
0x00000000001d0fc0,sub_1d0fc0,4,_Z16subsdk0_f_1d0fc0v
0x00000000001d0fd0,sub_1d0fd0,180,_ZN7subsdk010sub_1d0fd0Ev!
0x00000000001d1090,sub_1d1090,112,_ZN7subsdk010sub_1d1090Ev!
0x00000000001d1100,sub_1d1100,16,_Z16subsdk0_f_1d1100Pvm
0x00000000001d1110,sub_1d1110,84,_ZN7subsdk010sub_1d1110Ev!
0x00000000001d1170,x_hide_urls_from_log_2,344,_ZN7subsdk022x_hide_urls_from_log_2Ev!
0x00000000001d12d0,sub_1d12d0,896,_ZN7subsdk010sub_1d12d0Ev!
0x00000000001d1650,AwesomePlayer_3,296,_ZN7subsdk015AwesomePlayer_3Ev!
0x00000000001d1780,sub_1d1780,368,_ZN7subsdk010sub_1d1780Ev!
0x00000000001d18f0,sub_1d18f0,108,_ZN7subsdk010sub_1d18f0Ev!
0x00000000001d1960,sub_1d1960,8,_Z16subsdk0_f_1d1960v
0x00000000001d1970,AwesomePlayer_4,1716,_ZN7subsdk015AwesomePlayer_4Ev!
0x00000000001d2030,AwesomePlayer_5,156,_ZN7subsdk015AwesomePlayer_5Ev!
0x00000000001d20d0,AwesomePlayer_6,156,_ZN7subsdk015AwesomePlayer_6Ev!
0x00000000001d2170,AwesomePlayer_7,148,_ZN7subsdk015AwesomePlayer_7Ev!
0x00000000001d2210,sub_1d2210,192,_ZN7subsdk010sub_1d2210Ev!
0x00000000001d22d0,sub_1d22d0,528,_ZN7subsdk010sub_1d22d0Ev!
0x00000000001d24e0,sub_1d24e0,288,_ZN7subsdk010sub_1d24e0Ev!
0x00000000001d2600,sub_1d2600,132,_ZN7subsdk010sub_1d2600Ev!
0x00000000001d2690,sub_1d2690,200,_ZN7subsdk010sub_1d2690Ev!
0x00000000001d2760,sub_1d2760,16,_ZN7subsdk010sub_1d2760Ev!
0x00000000001d2770,sub_1d2770,44,_ZN7subsdk010sub_1d2770Ev!
0x00000000001d27a0,sub_1d27a0,544,_ZN7subsdk010sub_1d27a0Ev!
0x00000000001d29c0,sub_1d29c0,200,_ZN7subsdk010sub_1d29c0Ev!
0x00000000001d2a90,AwesomePlayer_8,1032,_ZN7subsdk015AwesomePlayer_8Ev!
0x00000000001d2ea0,sub_1d2ea0,44,_ZN7subsdk010sub_1d2ea0Ev!
0x00000000001d2ed0,sub_1d2ed0,632,_ZN7subsdk010sub_1d2ed0Ev!
0x00000000001d3150,sub_1d3150,52,_ZN7subsdk010sub_1d3150Ev!
0x00000000001d3190,sub_1d3190,80,_ZN7subsdk010sub_1d3190Ev!
0x00000000001d31e0,sub_1d31e0,156,_ZN7subsdk010sub_1d31e0Ev!
0x00000000001d3280,sub_1d3280,340,_ZN7subsdk010sub_1d3280Ev!
0x00000000001d33e0,AwesomePlayer_9,560,_ZN7subsdk015AwesomePlayer_9Ev!
0x00000000001d3610,sub_1d3610,140,_ZN7subsdk010sub_1d3610Ev!
0x00000000001d36a0,sub_1d36a0,16,_Z16subsdk0_f_1d36a0Pv
0x00000000001d36b0,sub_1d36b0,68,_ZN7subsdk010sub_1d36b0Ev!
0x00000000001d3700,sub_1d3700,188,_ZN7subsdk010sub_1d3700Ev!
0x00000000001d37c0,sub_1d37c0,92,_ZN7subsdk010sub_1d37c0Ev!
0x00000000001d3820,AwesomePlayer_10,752,_ZN7subsdk016AwesomePlayer_10Ev!
0x00000000001d3b10,AwesomePlayer_11,768,_ZN7subsdk016AwesomePlayer_11Ev!
0x00000000001d3e10,sub_1d3e10,32,_ZN7subsdk010sub_1d3e10Ev!
0x00000000001d3e30,sub_1d3e30,80,_ZN7subsdk010sub_1d3e30Ev!
0x00000000001d3e80,sub_1d3e80,88,_ZN7subsdk010sub_1d3e80Ev!
0x00000000001d3ee0,sub_1d3ee0,20,_ZN7subsdk010sub_1d3ee0Ev!
0x00000000001d3f00,sub_1d3f00,200,_ZN7subsdk010sub_1d3f00Ev!
0x00000000001d3fd0,sub_1d3fd0,244,_ZN7subsdk010sub_1d3fd0Ev!
0x00000000001d40d0,sub_1d40d0,184,_ZN7subsdk010sub_1d40d0Ev!
0x00000000001d4190,AwesomePlayer_12,848,_ZN7subsdk016AwesomePlayer_12Ev!
0x00000000001d44e0,sub_1d44e0,100,_ZN7subsdk010sub_1d44e0Ev!
0x00000000001d4550,sub_1d4550,144,_ZN7subsdk010sub_1d4550Ev!
0x00000000001d45e0,sub_1d45e0,88,_ZN7subsdk010sub_1d45e0Ev!
0x00000000001d4640,sub_1d4640,84,_ZN7subsdk010sub_1d4640Ev!
0x00000000001d46a0,AwesomePlayer_13,1028,_ZN7subsdk016AwesomePlayer_13Ev!
0x00000000001d4ab0,sub_1d4ab0,456,_ZN7subsdk010sub_1d4ab0Ev!
0x00000000001d4c80,sub_1d4c80,40,_ZN7subsdk010sub_1d4c80Ev!
0x00000000001d4cb0,sub_1d4cb0,100,_ZN7subsdk010sub_1d4cb0Ev!
0x00000000001d4d20,sub_1d4d20,100,_ZN7subsdk010sub_1d4d20Ev!
0x00000000001d4d90,sub_1d4d90,144,_ZN7subsdk010sub_1d4d90Ev!
0x00000000001d4e20,sub_1d4e20,224,_ZN7subsdk010sub_1d4e20Ev!
0x00000000001d4f00,sub_1d4f00,88,_ZN7subsdk010sub_1d4f00Ev!
0x00000000001d4f60,sub_1d4f60,52,_ZN7subsdk010sub_1d4f60Ev!
0x00000000001d4fa0,unnamed_8,528,_ZN7subsdk024unnamed_8_subsdk0_1d4fa0Ev!
0x00000000001d51b0,AwesomePlayer_14,316,_ZN7subsdk016AwesomePlayer_14Ev!
0x00000000001d52f0,sub_1d52f0,16,_ZN7subsdk010sub_1d52f0Ev!
0x00000000001d5300,sub_1d5300,284,_ZN7subsdk010sub_1d5300Ev!
0x00000000001d5420,sub_1d5420,8,_Z16subsdk0_f_1d5420Pv
0x00000000001d5430,sub_1d5430,100,_ZN7subsdk010sub_1d5430Ev!
0x00000000001d54a0,sub_1d54a0,92,_ZN7subsdk010sub_1d54a0Ev!
0x00000000001d5500,sub_1d5500,152,_ZN7subsdk010sub_1d5500Ev!
0x00000000001d55a0,sub_1d55a0,60,_ZN7subsdk010sub_1d55a0Ev!
0x00000000001d55e0,sub_1d55e0,148,_ZN7subsdk010sub_1d55e0Ev!
0x00000000001d5680,AwesomePlayer_15,564,_ZN7subsdk016AwesomePlayer_15Ev!
0x00000000001d58c0,AwesomePlayer_16,856,_ZN7subsdk016AwesomePlayer_16Ev!
0x00000000001d5c20,AwesomePlayer_17,648,_ZN7subsdk016AwesomePlayer_17Ev!
0x00000000001d5eb0,sub_1d5eb0,60,_ZN7subsdk010sub_1d5eb0Ev!
0x00000000001d5ef0,sub_1d5ef0,104,_ZN7subsdk010sub_1d5ef0Ev!
0x00000000001d5f60,sub_1d5f60,656,_ZN7subsdk025sub_1d5f60_subsdk0_1d5f60Ev!
0x00000000001d61f0,sub_1d61f0,8,_Z16subsdk0_f_1d61f0v
0x00000000001d6200,sub_1d6200,52,_ZN7subsdk010sub_1d6200Ev!
0x00000000001d6240,sub_1d6240,60,_ZN7subsdk010sub_1d6240Ev!
0x00000000001d6280,sub_1d6280,64,_ZN7subsdk010sub_1d6280Ev!
0x00000000001d62c0,sub_1d62c0,64,_ZN7subsdk010sub_1d62c0Ev!
0x00000000001d6300,sub_1d6300,88,_ZN7subsdk010sub_1d6300Ev!
0x00000000001d6360,sub_1d6360,88,_ZN7subsdk010sub_1d6360Ev!
0x00000000001d63c0,sub_1d63c0,116,_ZN7subsdk010sub_1d63c0Ev!
0x00000000001d6440,sub_1d6440,108,_ZN7subsdk010sub_1d6440Ev!
0x00000000001d64b0,sub_1d64b0,36,_ZN7subsdk010sub_1d64b0Ev!
0x00000000001d64e0,sub_1d64e0,28,_ZN7subsdk010sub_1d64e0Ev!
0x00000000001d6500,AwesomePlayer_18,240,_ZN7subsdk016AwesomePlayer_18Ev!
0x00000000001d65f0,sub_1d65f0,64,_ZN7subsdk010sub_1d65f0Ev!
0x00000000001d6630,sub_1d6630,72,_ZN7subsdk010sub_1d6630Ev!
0x00000000001d6680,AwesomePlayer_19,308,_ZN7subsdk016AwesomePlayer_19Ev!
0x00000000001d67c0,sub_1d67c0,92,_ZN7subsdk010sub_1d67c0Ev!
0x00000000001d6820,sub_1d6820,100,_ZN7subsdk010sub_1d6820Ev!
0x00000000001d6890,AwesomePlayer_20,216,_ZN7subsdk016AwesomePlayer_20Ev!
0x00000000001d6970,sub_1d6970,216,_ZN7subsdk010sub_1d6970Ev!
0x00000000001d6a50,sub_1d6a50,124,_ZN7subsdk010sub_1d6a50Ev!
0x00000000001d6ad0,sub_1d6ad0,132,_ZN7subsdk010sub_1d6ad0Ev!
0x00000000001d6b60,sub_1d6b60,20,_ZN7subsdk010sub_1d6b60Ev!
0x00000000001d6b80,CallbackDataSource,268,_ZN7subsdk018CallbackDataSourceEv!
0x00000000001d6c90,sub_1d6c90,76,_ZN7subsdk010sub_1d6c90Ev!
0x00000000001d6ce0,sub_1d6ce0,268,_ZN7subsdk010sub_1d6ce0Ev!
0x00000000001d6df0,sub_1d6df0,16,_Z16subsdk0_f_1d6df0Pv
0x00000000001d6e00,sub_1d6e00,16,_Z16subsdk0_f_1d6e00Pv
0x00000000001d6e10,sub_1d6e10,60,_ZN7subsdk025sub_1d6e10_subsdk0_1d6e10Ev!
0x00000000001d6e50,sub_1d6e50,80,_ZN7subsdk010sub_1d6e50Ev!
0x00000000001d6ea0,sub_1d6ea0,88,_ZN7subsdk010sub_1d6ea0Ev!
0x00000000001d6f00,sub_1d6f00,64,_ZN7subsdk010sub_1d6f00Ev!
0x00000000001d6f40,sub_1d6f40,96,_ZN7subsdk010sub_1d6f40Ev!
0x00000000001d6fa0,sub_1d6fa0,776,_ZN7subsdk010sub_1d6fa0Ev!
0x00000000001d72b0,sub_1d72b0,52,_ZN7subsdk010sub_1d72b0Ev!
0x00000000001d72f0,sub_1d72f0,116,_ZN7subsdk010sub_1d72f0Ev!
0x00000000001d7370,sub_1d7370,124,_ZN7subsdk010sub_1d7370Ev!
0x00000000001d73f0,sub_1d73f0,88,_ZN7subsdk010sub_1d73f0Ev!
0x00000000001d7450,sub_1d7450,100,_ZN7subsdk010sub_1d7450Ev!
0x00000000001d74c0,sub_1d74c0,84,_ZN7subsdk010sub_1d74c0Ev!
0x00000000001d7520,sub_1d7520,92,_ZN7subsdk010sub_1d7520Ev!
0x00000000001d7580,sub_1d7580,12,_Z16subsdk0_f_1d7580mPv
0x00000000001d7590,sub_1d7590,80,_ZN7subsdk010sub_1d7590Ev!
0x00000000001d75e0,sub_1d75e0,68,_ZN7subsdk010sub_1d75e0Ev!
0x00000000001d7630,sub_1d7630,588,_ZN7subsdk025sub_1d7630_subsdk0_1d7630Ev!
0x00000000001d7880,sub_1d7880,120,_ZN7subsdk010sub_1d7880Ev!
0x00000000001d7900,sub_1d7900,808,_ZN7subsdk010sub_1d7900Ev!
0x00000000001d7c30,f_1,124,_ZN7subsdk03f_1Ev!
0x00000000001d7cb0,unnamed_9,1248,_ZN7subsdk024unnamed_9_subsdk0_1d7cb0Ev!
0x00000000001d8190,sub_1d8190,404,_ZN7subsdk010sub_1d8190Ev!
0x00000000001d8330,sub_1d8330,108,_ZN7subsdk010sub_1d8330Ev!
0x00000000001d83a0,octet_stream,16,_ZN7subsdk027octet_stream_subsdk0_1d83a0Ev!
0x00000000001d83b0,sub_1d83b0,80,_ZN7subsdk010sub_1d83b0Ev!
0x00000000001d8400,sub_1d8400,68,_ZN7subsdk010sub_1d8400Ev!
0x00000000001d8450,sub_1d8450,4,_ZN7subsdk010sub_1d8450Ev!
0x00000000001d8460,sub_1d8460,128,_ZN7subsdk010sub_1d8460Ev!
0x00000000001d84e0,sub_1d84e0,124,_ZN7subsdk010sub_1d84e0Ev!
0x00000000001d8560,sub_1d8560,76,_ZN7subsdk010sub_1d8560Ev!
0x00000000001d85b0,base64,472,_ZN7subsdk06base64Ev!
0x00000000001d8790,sub_1d8790,80,_ZN7subsdk010sub_1d8790Ev!
0x00000000001d87e0,sub_1d87e0,64,_ZN7subsdk025sub_1d87e0_subsdk0_1d87e0Ev!
0x00000000001d8820,sub_1d8820,72,_ZN7subsdk010sub_1d8820Ev!
0x00000000001d8870,sub_1d8870,8,_Z16subsdk0_f_1d8870v
0x00000000001d8880,sub_1d8880,124,_ZN7subsdk025sub_1d8880_subsdk0_1d8880Ev!
0x00000000001d8900,sub_1d8900,20,_Z16subsdk0_f_1d8900PvS_
0x00000000001d8920,sub_1d8920,188,_ZN7subsdk010sub_1d8920Ev!
0x00000000001d89e0,sub_1d89e0,92,_ZN7subsdk010sub_1d89e0Ev!
0x00000000001d8a40,sub_1d8a40,44,_ZN7subsdk010sub_1d8a40Ev!
0x00000000001d8a70,sub_1d8a70,8,_Z16subsdk0_f_1d8a70Pv
0x00000000001d8a80,sub_1d8a80,28,_ZN7subsdk010sub_1d8a80Ev!
0x00000000001d8aa0,sub_1d8aa0,44,_ZN7subsdk010sub_1d8aa0Ev!
0x00000000001d8ad0,sub_1d8ad0,120,_ZN7subsdk010sub_1d8ad0Ev!
0x00000000001d8b50,sub_1d8b50,480,_ZN7subsdk010sub_1d8b50Ev!
0x00000000001d8d30,sub_1d8d30,148,_ZN7subsdk010sub_1d8d30Ev!
0x00000000001d8dd0,sub_1d8dd0,148,_ZN7subsdk010sub_1d8dd0Ev!
0x00000000001d8e70,sub_1d8e70,68,_ZN7subsdk010sub_1d8e70Ev!
0x00000000001d8ec0,sub_1d8ec0,132,_ZN7subsdk010sub_1d8ec0Ev!
0x00000000001d8f50,sub_1d8f50,136,_ZN7subsdk010sub_1d8f50Ev!
0x00000000001d8fe0,sub_1d8fe0,144,_ZN7subsdk010sub_1d8fe0Ev!
0x00000000001d9070,sub_1d9070,36,_ZN7subsdk010sub_1d9070Ev!
0x00000000001d90a0,sub_1d90a0,212,_ZN7subsdk010sub_1d90a0Ev!
0x00000000001d9180,sub_1d9180,128,_ZN7subsdk010sub_1d9180Ev!
0x00000000001d9200,sub_1d9200,44,_ZN7subsdk010sub_1d9200Ev!
0x00000000001d9230,sub_1d9230,92,_ZN7subsdk010sub_1d9230Ev!
0x00000000001d9290,sub_1d9290,152,_ZN7subsdk010sub_1d9290Ev!
0x00000000001d9330,sub_1d9330,8,_Z16subsdk0_f_1d9330v
0x00000000001d9340,sub_1d9340,112,_ZN7subsdk010sub_1d9340Ev!
0x00000000001d93b0,sub_1d93b0,68,_ZN7subsdk010sub_1d93b0Ev!
0x00000000001d9400,sub_1d9400,72,_ZN7subsdk010sub_1d9400Ev!
0x00000000001d9450,sub_1d9450,80,_ZN7subsdk025sub_1d9450_subsdk0_1d9450Ev!
0x00000000001d94a0,sub_1d94a0,32,_ZN7subsdk010sub_1d94a0Ev!
0x00000000001d94c0,sub_1d94c0,164,_ZN7subsdk010sub_1d94c0Ev!
0x00000000001d9570,sub_1d9570,88,_ZN7subsdk010sub_1d9570Ev!
0x00000000001d95d0,sub_1d95d0,8,_ZN7subsdk010sub_1d95d0Ev!
0x00000000001d95e0,sub_1d95e0,4,_Z16subsdk0_f_1d95e0v
0x00000000001d95f0,sub_1d95f0,8,_Z16subsdk0_f_1d95f0v
0x00000000001d9600,sub_1d9600,124,_ZN7subsdk010sub_1d9600Ev!
0x00000000001d9680,sub_1d9680,300,_ZN7subsdk010sub_1d9680Ev!
0x00000000001d97b0,sub_1d97b0,124,_ZN7subsdk010sub_1d97b0Ev!
0x00000000001d9830,sub_1d9830,72,_ZN7subsdk010sub_1d9830Ev!
0x00000000001d9880,sub_1d9880,96,_ZN7subsdk010sub_1d9880Ev!
0x00000000001d98e0,sub_1d98e0,8,_Z16subsdk0_f_1d98e0Pvm
0x00000000001d98f0,sub_1d98f0,16,_Z16subsdk0_f_1d98f0Pvm
0x00000000001d9900,sub_1d9900,32,_ZN7subsdk010sub_1d9900Ev!
0x00000000001d9920,sub_1d9920,148,_ZN7subsdk010sub_1d9920Ev!
0x00000000001d99c0,sub_1d99c0,4,_ZN7subsdk010sub_1d99c0Ev!
0x00000000001d99d0,sub_1d99d0,128,_ZN7subsdk010sub_1d99d0Ev!
0x00000000001d9a50,sub_1d9a50,124,_ZN7subsdk010sub_1d9a50Ev!
0x00000000001d9ad0,sub_1d9ad0,212,_ZN7subsdk010sub_1d9ad0Ev!
0x00000000001d9bb0,sub_1d9bb0,176,_ZN7subsdk010sub_1d9bb0Ev!
0x00000000001d9c60,sub_1d9c60,256,_ZN7subsdk010sub_1d9c60Ev!
0x00000000001d9d60,sub_1d9d60,36,_ZN7subsdk010sub_1d9d60Ev!
0x00000000001d9d90,sub_1d9d90,8,_Z16subsdk0_f_1d9d90v
0x00000000001d9da0,sub_1d9da0,8,_Z16subsdk0_f_1d9da0v
0x00000000001d9db0,sub_1d9db0,8,_Z16subsdk0_f_1d9db0v
0x00000000001d9dc0,sub_1d9dc0,4,_Z16subsdk0_f_1d9dc0v
0x00000000001d9dd0,sub_1d9dd0,8,_Z16subsdk0_f_1d9dd0v
0x00000000001d9de0,sub_1d9de0,8,_Z16subsdk0_f_1d9de0v
0x00000000001d9df0,sub_1d9df0,4,_Z16subsdk0_f_1d9df0v
0x00000000001d9e00,sub_1d9e00,4,_Z16subsdk0_f_1d9e00v
0x00000000001d9e10,sub_1d9e10,8,_Z16subsdk0_f_1d9e10v
0x00000000001d9e20,sub_1d9e20,8,_Z16subsdk0_f_1d9e20v
0x00000000001d9e30,sub_1d9e30,8,_Z16subsdk0_f_1d9e30v
0x00000000001d9e40,sub_1d9e40,8,_Z16subsdk0_f_1d9e40v
0x00000000001d9e50,sub_1d9e50,8,_Z16subsdk0_f_1d9e50v
0x00000000001d9e60,sub_1d9e60,8,_Z16subsdk0_f_1d9e60v
0x00000000001d9e70,sub_1d9e70,16,_ZN7subsdk010sub_1d9e70Ev!
0x00000000001d9e80,sub_1d9e80,16,_ZN7subsdk010sub_1d9e80Ev!
0x00000000001d9e90,sub_1d9e90,8,_Z16subsdk0_f_1d9e90v
0x00000000001d9ea0,sub_1d9ea0,4,_Z16subsdk0_f_1d9ea0v
0x00000000001d9eb0,JPEGSource,344,_ZN7subsdk010JPEGSourceEv!
0x00000000001da010,JPEGSource_2,644,_ZN7subsdk012JPEGSource_2Ev!
0x00000000001da2a0,JPEGSource_3,364,_ZN7subsdk012JPEGSource_3Ev!
0x00000000001da410,sub_1da410,100,_ZN7subsdk010sub_1da410Ev!
0x00000000001da480,sub_1da480,132,_ZN7subsdk010sub_1da480Ev!
0x00000000001da510,sub_1da510,140,_ZN7subsdk010sub_1da510Ev!
0x00000000001da5a0,sub_1da5a0,140,_ZN7subsdk010sub_1da5a0Ev!
0x00000000001da630,sub_1da630,148,_ZN7subsdk025sub_1da630_subsdk0_1da630Ev!
0x00000000001da6d0,sub_1da6d0,120,_ZN7subsdk010sub_1da6d0Ev!
0x00000000001da750,sub_1da750,76,_ZN7subsdk010sub_1da750Ev!
0x00000000001da7a0,sub_1da7a0,164,_ZN7subsdk025sub_1da7a0_subsdk0_1da7a0Ev!
0x00000000001da850,sub_1da850,224,_ZN7subsdk010sub_1da850Ev!
0x00000000001da930,sub_1da930,176,_ZN7subsdk010sub_1da930Ev!
0x00000000001da9e0,sub_1da9e0,156,_ZN7subsdk010sub_1da9e0Ev!
0x00000000001daa80,MediaAdapter,232,_ZN7subsdk012MediaAdapterEv!
0x00000000001dab70,sub_1dab70,44,_ZN7subsdk010sub_1dab70Ev!
0x00000000001daba0,sub_1daba0,48,_ZN7subsdk010sub_1daba0Ev!
0x00000000001dabd0,sub_1dabd0,56,_ZN7subsdk010sub_1dabd0Ev!
0x00000000001dac10,sub_1dac10,52,_ZN7subsdk010sub_1dac10Ev!
0x00000000001dac50,sub_1dac50,60,_ZN7subsdk025sub_1dac50_subsdk0_1dac50Ev!
0x00000000001dac90,sub_1dac90,64,_ZN7subsdk010sub_1dac90Ev!
0x00000000001dacd0,sub_1dacd0,68,_ZN7subsdk010sub_1dacd0Ev!
0x00000000001dad20,sub_1dad20,96,_ZN7subsdk010sub_1dad20Ev!
0x00000000001dad80,sub_1dad80,76,_ZN7subsdk010sub_1dad80Ev!
0x00000000001dadd0,MediaAdapter_2,136,_ZN7subsdk014MediaAdapter_2Ev!
0x00000000001dae60,MediaAdapter_3,136,_ZN7subsdk014MediaAdapter_3Ev!
0x00000000001daef0,MediaAdapter_4,200,_ZN7subsdk014MediaAdapter_4Ev!
0x00000000001dafc0,sub_1dafc0,120,_ZN7subsdk010sub_1dafc0Ev!
0x00000000001db040,sub_1db040,108,_ZN7subsdk010sub_1db040Ev!
0x00000000001db0b0,sub_1db0b0,124,_ZN7subsdk010sub_1db0b0Ev!
0x00000000001db130,sub_1db130,132,_ZN7subsdk010sub_1db130Ev!
0x00000000001db1c0,sub_1db1c0,152,_ZN7subsdk025sub_1db1c0_subsdk0_1db1c0Ev!
0x00000000001db260,MediaBuffer,364,_ZN7subsdk011MediaBufferEv!
0x00000000001db3d0,MediaBuffer_2,236,_ZN7subsdk013MediaBuffer_2Ev!
0x00000000001db4c0,sub_1db4c0,24,_ZN7subsdk025sub_1db4c0_subsdk0_1db4c0Ev!
0x00000000001db4e0,MediaBuffer_3,92,_ZN7subsdk013MediaBuffer_3Ev!
0x00000000001db540,MediaBuffer_4,92,_ZN7subsdk013MediaBuffer_4Ev!
0x00000000001db5a0,sub_1db5a0,8,_Z16subsdk0_f_1db5a0Pv
0x00000000001db5b0,sub_1db5b0,8,_Z16subsdk0_f_1db5b0Pv
0x00000000001db5c0,MediaBuffer_5,112,_ZN7subsdk013MediaBuffer_5Ev!
0x00000000001db630,sub_1db630,24,_ZN7subsdk010sub_1db630Ev!
0x00000000001db650,sub_1db650,24,_ZN7subsdk010sub_1db650Ev!
0x00000000001db670,sub_1db670,44,_ZN7subsdk025sub_1db670_subsdk0_1db670Ev!
0x00000000001db6a0,MediaBuffer_6,204,_ZN7subsdk013MediaBuffer_6Ev!
0x00000000001db770,sub_1db770,36,_ZN7subsdk010sub_1db770Ev!
0x00000000001db7a0,MediaBuffer_7,100,_ZN7subsdk013MediaBuffer_7Ev!
0x00000000001db810,sub_1db810,8,_Z16subsdk0_f_1db810Pvm
0x00000000001db820,sub_1db820,8,_Z16subsdk0_f_1db820Pv
0x00000000001db830,sub_1db830,8,_Z16subsdk0_f_1db830Pv
0x00000000001db840,MediaBuffer_8,356,_ZN7subsdk013MediaBuffer_8Ev!
0x00000000001db9b0,sub_1db9b0,68,_ZN7subsdk010sub_1db9b0Ev!
0x00000000001dba00,MediaBufferGroup,320,_ZN7subsdk016MediaBufferGroupEv!
0x00000000001dbb40,sub_1dbb40,36,_ZN7subsdk010sub_1dbb40Ev!
0x00000000001dbb70,sub_1dbb70,96,_ZN7subsdk010sub_1dbb70Ev!
0x00000000001dbbd0,sub_1dbbd0,228,_ZN7subsdk025sub_1dbbd0_subsdk0_1dbbd0Ev!
0x00000000001dbcc0,sub_1dbcc0,52,_ZN7subsdk010sub_1dbcc0Ev!
0x00000000001dbd00,sub_1dbd00,112,_ZN7subsdk025sub_1dbd00_subsdk0_1dbd00Ev!
0x00000000001dbd70,sub_1dbd70,100,_ZN7subsdk010sub_1dbd70Ev!
0x00000000001dbde0,sub_1dbde0,72,_ZN7subsdk025sub_1dbde0_subsdk0_1dbde0Ev!
0x00000000001dbe30,sub_1dbe30,4,_Z16subsdk0_f_1dbe30v
0x00000000001dbe40,sub_1dbe40,4,_Z16subsdk0_f_1dbe40v
0x00000000001dbe50,sub_1dbe50,8,_ZN7subsdk010sub_1dbe50Ev!
0x00000000001dbe60,sub_1dbe60,80,_ZN7subsdk010sub_1dbe60Ev!
0x00000000001dbeb0,sub_1dbeb0,48,_ZN7subsdk025sub_1dbeb0_subsdk0_1dbeb0Ev!
0x00000000001dbee0,sub_1dbee0,80,_ZN7subsdk010sub_1dbee0Ev!
0x00000000001dbf30,sub_1dbf30,48,_ZN7subsdk010sub_1dbf30Ev!
0x00000000001dbf60,sub_1dbf60,220,_ZN7subsdk010sub_1dbf60Ev!
0x00000000001dc040,CodecLooper,1208,_ZN7subsdk011CodecLooperEv!
0x00000000001dc500,sub_1dc500,216,_ZN7subsdk010sub_1dc500Ev!
0x00000000001dc5e0,sub_1dc5e0,300,_ZN7subsdk025sub_1dc5e0_subsdk0_1dc5e0Ev!
0x00000000001dc710,MediaCodec,740,_ZN7subsdk010MediaCodecEv!
0x00000000001dca00,sub_1dca00,52,_ZN7subsdk010sub_1dca00Ev!
0x00000000001dca40,sub_1dca40,128,_ZN7subsdk010sub_1dca40Ev!
0x00000000001dcac0,sub_1dcac0,36,_ZN7subsdk010sub_1dcac0Ev!
0x00000000001dcaf0,sub_1dcaf0,104,_ZN7subsdk010sub_1dcaf0Ev!
0x00000000001dcb60,sub_1dcb60,136,_ZN7subsdk010sub_1dcb60Ev!
0x00000000001dcbf0,callback,244,_ZN7subsdk08callbackEv!
0x00000000001dccf0,format_4,444,_ZN7subsdk08format_4Ev!
0x00000000001dceb0,sub_1dceb0,184,_ZN7subsdk010sub_1dceb0Ev!
0x00000000001dcf70,MediaCodec_2,496,_ZN7subsdk012MediaCodec_2Ev!
0x00000000001dd160,sub_1dd160,212,_ZN7subsdk010sub_1dd160Ev!
0x00000000001dd240,sub_1dd240,212,_ZN7subsdk010sub_1dd240Ev!
0x00000000001dd320,sub_1dd320,212,_ZN7subsdk010sub_1dd320Ev!
0x00000000001dd400,errorDetailMsg,392,_ZN7subsdk014errorDetailMsgEv!
0x00000000001dd590,errorDetailMsg_2,500,_ZN7subsdk016errorDetailMsg_2Ev!
0x00000000001dd790,MediaCodec_3,300,_ZN7subsdk012MediaCodec_3Ev!
0x00000000001dd8c0,MediaCodec_4,588,_ZN7subsdk012MediaCodec_4Ev!
0x00000000001ddb10,render,284,_ZN7subsdk06renderEv!
0x00000000001ddc30,timestampNs_6,308,_ZN7subsdk013timestampNs_6Ev!
0x00000000001ddd70,sub_1ddd70,264,_ZN7subsdk010sub_1ddd70Ev!
0x00000000001dde80,sub_1dde80,212,_ZN7subsdk010sub_1dde80Ev!
0x00000000001ddf60,MediaCodec_5,276,_ZN7subsdk012MediaCodec_5Ev!
0x00000000001de080,MediaCodec_6,276,_ZN7subsdk012MediaCodec_6Ev!
0x00000000001de1a0,MediaCodec_7,276,_ZN7subsdk012MediaCodec_7Ev!
0x00000000001de2c0,portIndex_2,264,_ZN7subsdk011portIndex_2Ev!
0x00000000001de3d0,portIndex_3,264,_ZN7subsdk011portIndex_3Ev!
0x00000000001de4e0,sub_1de4e0,72,_ZN7subsdk010sub_1de4e0Ev!
0x00000000001de530,sub_1de530,392,_ZN7subsdk010sub_1de530Ev!
0x00000000001de6c0,sub_1de6c0,72,_ZN7subsdk010sub_1de6c0Ev!
0x00000000001de710,sub_1de710,72,_ZN7subsdk010sub_1de710Ev!
0x00000000001de760,sub_1de760,28,_ZN7subsdk010sub_1de760Ev!
0x00000000001de780,sub_1de780,212,_ZN7subsdk010sub_1de780Ev!
0x00000000001de860,sub_1de860,72,_ZN7subsdk010sub_1de860Ev!
0x00000000001de8b0,notify,140,_ZN7subsdk06notifyEv!
0x00000000001de940,sub_1de940,136,_ZN7subsdk010sub_1de940Ev!
0x00000000001de9d0,MediaCodec_8,388,_ZN7subsdk012MediaCodec_8Ev!
0x00000000001deb60,MediaCodec_9,440,_ZN7subsdk012MediaCodec_9Ev!
0x00000000001ded20,MediaCodec_10,848,_ZN7subsdk013MediaCodec_10Ev!
0x00000000001df070,portIndex_4,10796,_ZN7subsdk011portIndex_4Ev!
0x00000000001e1aa0,sub_1e1aa0,408,_ZN7subsdk010sub_1e1aa0Ev!
0x00000000001e1c40,input_buffers,276,_ZN7subsdk013input_buffersEv!
0x00000000001e1d60,callbackID_4,176,_ZN7subsdk012callbackID_4Ev!
0x00000000001e1e10,callbackID_5,112,_ZN7subsdk012callbackID_5Ev!
0x00000000001e1e80,MediaCodec_11,536,_ZN7subsdk013MediaCodec_11Ev!
0x00000000001e20a0,MediaCodec_12,488,_ZN7subsdk013MediaCodec_12Ev!
0x00000000001e2290,errorDetailMsg_3,540,_ZN7subsdk016errorDetailMsg_3Ev!
0x00000000001e24b0,callbackID_6,168,_ZN7subsdk012callbackID_6Ev!
0x00000000001e2560,MediaCodec_13,468,_ZN7subsdk013MediaCodec_13Ev!
0x00000000001e2740,callbackID_7,520,_ZN7subsdk012callbackID_7Ev!
0x00000000001e2950,sub_1e2950,204,_ZN7subsdk010sub_1e2950Ev!
0x00000000001e2a20,csd_u,320,_ZN7subsdk05csd_uEv!
0x00000000001e2b60,sub_1e2b60,44,_ZN7subsdk010sub_1e2b60Ev!
0x00000000001e2b90,errorDetailMsg_4,1380,_ZN7subsdk016errorDetailMsg_4Ev!
0x00000000001e3100,timestampNs_7,432,_ZN7subsdk013timestampNs_7Ev!
0x00000000001e32b0,sub_1e32b0,36,_ZN7subsdk010sub_1e32b0Ev!
0x00000000001e32e0,sub_1e32e0,4,_Z16subsdk0_f_1e32e0v
0x00000000001e32f0,params_3,244,_ZN7subsdk08params_3Ev!
0x00000000001e33f0,sub_1e33f0,124,_ZN7subsdk010sub_1e33f0Ev!
0x00000000001e3470,sub_1e3470,60,_ZN7subsdk010sub_1e3470Ev!
0x00000000001e34b0,sub_1e34b0,112,_ZN7subsdk010sub_1e34b0Ev!
0x00000000001e3520,sub_1e3520,112,_ZN7subsdk025sub_1e3520_subsdk0_1e3520Ev!
0x00000000001e3590,sub_1e3590,160,_ZN7subsdk010sub_1e3590Ev!
0x00000000001e3630,sub_1e3630,156,_ZN7subsdk010sub_1e3630Ev!
0x00000000001e36d0,sub_1e36d0,16,_ZN7subsdk010sub_1e36d0Ev!
0x00000000001e36e0,sub_1e36e0,16,_ZN7subsdk010sub_1e36e0Ev!
0x00000000001e36f0,sub_1e36f0,248,_ZN7subsdk010sub_1e36f0Ev!
0x00000000001e37f0,sub_1e37f0,240,_ZN7subsdk010sub_1e37f0Ev!
0x00000000001e38e0,sub_1e38e0,76,_ZN7subsdk010sub_1e38e0Ev!
0x00000000001e3930,sub_1e3930,32,_ZN7subsdk010sub_1e3930Ev!
0x00000000001e3950,sub_1e3950,396,_ZN7subsdk010sub_1e3950Ev!
0x00000000001e3ae0,sub_1e3ae0,180,_ZN7subsdk010sub_1e3ae0Ev!
0x00000000001e3ba0,sub_1e3ba0,8,_Z16subsdk0_f_1e3ba0Pv
0x00000000001e3bb0,sub_1e3bb0,32,_ZN7subsdk010sub_1e3bb0Ev!
0x00000000001e3bd0,sub_1e3bd0,124,_ZN7subsdk010sub_1e3bd0Ev!
0x00000000001e3c50,sub_1e3c50,220,_ZN7subsdk010sub_1e3c50Ev!
0x00000000001e3d30,sub_1e3d30,220,_ZN7subsdk010sub_1e3d30Ev!
0x00000000001e3e10,MediaCodecList,556,_ZN7subsdk014MediaCodecListEv!
0x00000000001e4040,sub_1e4040,4,_Z16subsdk0_f_1e4040v
0x00000000001e4050,sub_1e4050,216,_ZN7subsdk010sub_1e4050Ev!
0x00000000001e4130,sub_1e4130,52,_ZN7subsdk010sub_1e4130Ev!
0x00000000001e4170,sub_1e4170,52,_ZN7subsdk010sub_1e4170Ev!
0x00000000001e41b0,sub_1e41b0,44,_ZN7subsdk010sub_1e41b0Ev!
0x00000000001e41e0,sub_1e41e0,48,_ZN7subsdk010sub_1e41e0Ev!
0x00000000001e4210,sub_1e4210,56,_ZN7subsdk010sub_1e4210Ev!
0x00000000001e4250,sub_1e4250,52,_ZN7subsdk010sub_1e4250Ev!
0x00000000001e4290,sub_1e4290,60,_ZN7subsdk010sub_1e4290Ev!
0x00000000001e42d0,sub_1e42d0,64,_ZN7subsdk025sub_1e42d0_subsdk0_1e42d0Ev!
0x00000000001e4310,sub_1e4310,4,_ZN7subsdk010sub_1e4310Ev!
0x00000000001e4320,MediaCodec_14,748,_ZN7subsdk013MediaCodec_14Ev!
0x00000000001e4610,sub_1e4610,4,_ZN7subsdk010sub_1e4610Ev!
0x00000000001e4620,MediaCodec_15,384,_ZN7subsdk013MediaCodec_15Ev!
0x00000000001e47a0,media_codecs,288,_ZN7subsdk012media_codecsEv!
0x00000000001e48c0,sub_1e48c0,340,_ZN7subsdk010sub_1e48c0Ev!
0x00000000001e4a20,sub_1e4a20,112,_ZN7subsdk025sub_1e4a20_subsdk0_1e4a20Ev!
0x00000000001e4a90,sub_1e4a90,160,_ZN7subsdk010sub_1e4a90Ev!
0x00000000001e4b30,complexity_2,3132,_ZN7subsdk012complexity_2Ev!
0x00000000001e5770,required,528,_ZN7subsdk08requiredEv!
0x00000000001e5980,sub_1e5980,284,_ZN7subsdk010sub_1e5980Ev!
0x00000000001e5aa0,MediaCodecList_2,388,_ZN7subsdk016MediaCodecList_2Ev!
0x00000000001e5c30,sub_1e5c30,136,_ZN7subsdk010sub_1e5c30Ev!
0x00000000001e5cc0,sub_1e5cc0,8,_Z16subsdk0_f_1e5cc0Pv
0x00000000001e5cd0,sub_1e5cd0,8,_ZN7subsdk010sub_1e5cd0Ev!
0x00000000001e5ce0,sub_1e5ce0,40,_ZN7subsdk010sub_1e5ce0Ev!
0x00000000001e5d10,sub_1e5d10,20,_ZN7subsdk010sub_1e5d10Ev!
0x00000000001e5d30,sub_1e5d30,48,_ZN7subsdk010sub_1e5d30Ev!
0x00000000001e5d60,sub_1e5d60,48,_ZN7subsdk010sub_1e5d60Ev!
0x00000000001e5d90,sub_1e5d90,52,_ZN7subsdk010sub_1e5d90Ev!
0x00000000001e5dd0,sub_1e5dd0,60,_ZN7subsdk010sub_1e5dd0Ev!
0x00000000001e5e10,sub_1e5e10,4,_Z16subsdk0_f_1e5e10v
0x00000000001e5e20,sub_1e5e20,4,_Z16subsdk0_f_1e5e20v
0x00000000001e5e30,sub_1e5e30,100,_ZN7subsdk010sub_1e5e30Ev!
0x00000000001e5ea0,sub_1e5ea0,96,_ZN7subsdk010sub_1e5ea0Ev!
0x00000000001e5f00,sub_1e5f00,156,_ZN7subsdk010sub_1e5f00Ev!
0x00000000001e5fa0,sub_1e5fa0,100,_ZN7subsdk010sub_1e5fa0Ev!
0x00000000001e6010,sub_1e6010,60,_ZN7subsdk010sub_1e6010Ev!
0x00000000001e6050,sub_1e6050,4,_Z16subsdk0_f_1e6050v
0x00000000001e6060,sub_1e6060,4,_Z16subsdk0_f_1e6060v
0x00000000001e6070,sub_1e6070,100,_ZN7subsdk010sub_1e6070Ev!
0x00000000001e60e0,sub_1e60e0,96,_ZN7subsdk010sub_1e60e0Ev!
0x00000000001e6140,sub_1e6140,156,_ZN7subsdk010sub_1e6140Ev!
0x00000000001e61e0,sub_1e61e0,100,_ZN7subsdk025sub_1e61e0_subsdk0_1e61e0Ev!
0x00000000001e6250,sub_1e6250,60,_ZN7subsdk010sub_1e6250Ev!
0x00000000001e6290,sub_1e6290,24,_ZN7subsdk010sub_1e6290Ev!
0x00000000001e62b0,sub_1e62b0,64,_ZN7subsdk010sub_1e62b0Ev!
0x00000000001e62f0,sub_1e62f0,84,_ZN7subsdk025sub_1e62f0_subsdk0_1e62f0Ev!
0x00000000001e6350,sub_1e6350,80,_ZN7subsdk010sub_1e6350Ev!
0x00000000001e63a0,sub_1e63a0,100,_ZN7subsdk010sub_1e63a0Ev!
0x00000000001e6410,sub_1e6410,100,_ZN7subsdk010sub_1e6410Ev!
0x00000000001e6480,sub_1e6480,24,_ZN7subsdk010sub_1e6480Ev!
0x00000000001e64a0,sub_1e64a0,212,_ZN7subsdk010sub_1e64a0Ev!
0x00000000001e6580,MediaCodecSource,304,_ZN7subsdk016MediaCodecSourceEv!
0x00000000001e66b0,sub_1e66b0,132,_ZN7subsdk010sub_1e66b0Ev!
0x00000000001e6740,sub_1e6740,36,_ZN7subsdk010sub_1e6740Ev!
0x00000000001e6770,sub_1e6770,140,_ZN7subsdk010sub_1e6770Ev!
0x00000000001e6800,sub_1e6800,400,_ZN7subsdk010sub_1e6800Ev!
0x00000000001e6990,sub_1e6990,80,_ZN7subsdk025sub_1e6990_subsdk0_1e6990Ev!
0x00000000001e69e0,sub_1e69e0,64,_ZN7subsdk010sub_1e69e0Ev!
0x00000000001e6a20,sub_1e6a20,64,_ZN7subsdk010sub_1e6a20Ev!
0x00000000001e6a60,generation_13,136,_ZN7subsdk013generation_13Ev!
0x00000000001e6af0,accessUnit,104,_ZN7subsdk010accessUnitEv!
0x00000000001e6b60,MediaCodecSource_2,756,_ZN7subsdk018MediaCodecSource_2Ev!
0x00000000001e6e60,sub_1e6e60,220,_ZN7subsdk010sub_1e6e60Ev!
0x00000000001e6f40,MediaCodecSource_3,684,_ZN7subsdk018MediaCodecSource_3Ev!
0x00000000001e71f0,sub_1e71f0,156,_ZN7subsdk010sub_1e71f0Ev!
0x00000000001e7290,sub_1e7290,280,_ZN7subsdk010sub_1e7290Ev!
0x00000000001e73b0,sub_1e73b0,140,_ZN7subsdk010sub_1e73b0Ev!
0x00000000001e7440,sub_1e7440,284,_ZN7subsdk010sub_1e7440Ev!
0x00000000001e7560,sub_1e7560,72,_ZN7subsdk010sub_1e7560Ev!
0x00000000001e75b0,MediaCodecSource_4,128,_ZN7subsdk018MediaCodecSource_4Ev!
0x00000000001e7630,sub_1e7630,204,_ZN7subsdk010sub_1e7630Ev!
0x00000000001e7700,sub_1e7700,52,_ZN7subsdk010sub_1e7700Ev!
0x00000000001e7740,sub_1e7740,52,_ZN7subsdk010sub_1e7740Ev!
0x00000000001e7780,MediaCodecSource_5,692,_ZN7subsdk018MediaCodecSource_5Ev!
0x00000000001e7a40,sub_1e7a40,956,_ZN7subsdk010sub_1e7a40Ev!
0x00000000001e7e00,sub_1e7e00,132,_ZN7subsdk010sub_1e7e00Ev!
0x00000000001e7e90,sub_1e7e90,128,_ZN7subsdk010sub_1e7e90Ev!
0x00000000001e7f10,sub_1e7f10,128,_ZN7subsdk010sub_1e7f10Ev!
0x00000000001e7f90,sub_1e7f90,44,_ZN7subsdk010sub_1e7f90Ev!
0x00000000001e7fc0,sub_1e7fc0,48,_ZN7subsdk010sub_1e7fc0Ev!
0x00000000001e7ff0,sub_1e7ff0,56,_ZN7subsdk010sub_1e7ff0Ev!
0x00000000001e8030,sub_1e8030,52,_ZN7subsdk010sub_1e8030Ev!
0x00000000001e8070,sub_1e8070,60,_ZN7subsdk025sub_1e8070_subsdk0_1e8070Ev!
0x00000000001e80b0,sub_1e80b0,64,_ZN7subsdk010sub_1e80b0Ev!
0x00000000001e80f0,MediaCodecSource_6,856,_ZN7subsdk018MediaCodecSource_6Ev!
0x00000000001e8450,sub_1e8450,460,_ZN7subsdk010sub_1e8450Ev!
0x00000000001e8620,MediaCodecSource_7,196,_ZN7subsdk018MediaCodecSource_7Ev!
0x00000000001e86f0,MediaCodecSource_8,228,_ZN7subsdk018MediaCodecSource_8Ev!
0x00000000001e87e0,MediaCodecSource_9,628,_ZN7subsdk018MediaCodecSource_9Ev!
0x00000000001e8a60,MediaCodecSource_10,452,_ZN7subsdk019MediaCodecSource_10Ev!
0x00000000001e8c30,MediaCodecSource_11,2228,_ZN7subsdk019MediaCodecSource_11Ev!
0x00000000001e94f0,sub_1e94f0,24,_ZN7subsdk010sub_1e94f0Ev!
0x00000000001e9510,sub_1e9510,124,_ZN7subsdk010sub_1e9510Ev!
0x00000000001e9590,sub_1e9590,124,_ZN7subsdk010sub_1e9590Ev!
0x00000000001e9610,sub_1e9610,68,_ZN7subsdk010sub_1e9610Ev!
0x00000000001e9660,sub_1e9660,76,_ZN7subsdk010sub_1e9660Ev!
0x00000000001e96b0,sub_1e96b0,128,_ZN7subsdk010sub_1e96b0Ev!
0x00000000001e9730,sub_1e9730,72,_ZN7subsdk010sub_1e9730Ev!
0x00000000001e9780,sub_1e9780,8,_Z16subsdk0_f_1e9780v
0x00000000001e9790,mp4,784,_ZN7subsdk03mp4Ev!
0x00000000001e9aa0,sub_1e9aa0,4,_ZN7subsdk010sub_1e9aa0Ev!
0x00000000001e9ab0,sub_1e9ab0,280,_ZN7subsdk010sub_1e9ab0Ev!
0x00000000001e9bd0,sub_1e9bd0,316,_ZN7subsdk010sub_1e9bd0Ev!
0x00000000001e9d10,sub_1e9d10,284,_ZN7subsdk025sub_1e9d10_subsdk0_1e9d10Ev!
0x00000000001e9e30,sub_1e9e30,216,_ZN7subsdk010sub_1e9e30Ev!
0x00000000001e9f10,sub_1e9f10,52,_ZN7subsdk010sub_1e9f10Ev!
0x00000000001e9f50,sub_1e9f50,36,_ZN7subsdk010sub_1e9f50Ev!
0x00000000001e9f80,sub_1e9f80,396,_ZN7subsdk010sub_1e9f80Ev!
0x00000000001ea110,sub_1ea110,152,_ZN7subsdk010sub_1ea110Ev!
0x00000000001ea1b0,sub_1ea1b0,116,_ZN7subsdk010sub_1ea1b0Ev!
0x00000000001ea230,sub_1ea230,124,_ZN7subsdk010sub_1ea230Ev!
0x00000000001ea2b0,sub_1ea2b0,164,_ZN7subsdk025sub_1ea2b0_subsdk0_1ea2b0Ev!
0x00000000001ea360,sub_1ea360,380,_ZN7subsdk010sub_1ea360Ev!
0x00000000001ea4e0,sub_1ea4e0,60,_ZN7subsdk010sub_1ea4e0Ev!
0x00000000001ea520,sub_1ea520,24,_ZN7subsdk010sub_1ea520Ev!
0x00000000001ea540,sub_1ea540,76,_ZN7subsdk010sub_1ea540Ev!
0x00000000001ea590,sub_1ea590,96,_ZN7subsdk010sub_1ea590Ev!
0x00000000001ea5f0,sub_1ea5f0,92,_ZN7subsdk010sub_1ea5f0Ev!
0x00000000001ea650,sub_1ea650,100,_ZN7subsdk010sub_1ea650Ev!
0x00000000001ea6c0,sub_1ea6c0,100,_ZN7subsdk025sub_1ea6c0_subsdk0_1ea6c0Ev!
0x00000000001ea730,sub_1ea730,44,_ZN7subsdk025sub_1ea730_subsdk0_1ea730Ev!
0x00000000001ea760,sub_1ea760,24,_ZN7subsdk010sub_1ea760Ev!
0x00000000001ea780,sub_1ea780,4,_Z16subsdk0_f_1ea780v
0x00000000001ea790,sub_1ea790,4,_ZN7subsdk010sub_1ea790Ev!
0x00000000001ea7a0,sub_1ea7a0,4,_ZN7subsdk010sub_1ea7a0Ev!
0x00000000001ea7b0,sub_1ea7b0,4,_ZN7subsdk010sub_1ea7b0Ev!
0x00000000001ea7c0,sub_1ea7c0,4,_ZN7subsdk025sub_1ea7c0_subsdk0_1ea7c0Ev!
0x00000000001ea7d0,sub_1ea7d0,20,_Z16subsdk0_f_1ea7d0Pv
0x00000000001ea7f0,sub_1ea7f0,20,_Z16subsdk0_f_1ea7f0Pv
0x00000000001ea810,sub_1ea810,12,_Z16subsdk0_f_1ea810Pv
0x00000000001ea820,sub_1ea820,8,_Z16subsdk0_f_1ea820Pv
0x00000000001ea830,sub_1ea830,8,_Z16subsdk0_f_1ea830Pv
0x00000000001ea840,sub_1ea840,24,_ZN7subsdk010sub_1ea840Ev!
0x00000000001ea860,sub_1ea860,28,_ZN7subsdk010sub_1ea860Ev!
0x00000000001ea880,sub_1ea880,28,_ZN7subsdk010sub_1ea880Ev!
0x00000000001ea8a0,sub_1ea8a0,8,_Z16subsdk0_f_1ea8a0Pvm
0x00000000001ea8b0,sub_1ea8b0,8,_Z16subsdk0_f_1ea8b0Pv
0x00000000001ea8c0,sub_1ea8c0,80,_ZN7subsdk025sub_1ea8c0_subsdk0_1ea8c0Ev!
0x00000000001ea910,sub_1ea910,80,_ZN7subsdk010sub_1ea910Ev!
0x00000000001ea960,sub_1ea960,92,_ZN7subsdk010sub_1ea960Ev!
0x00000000001ea9c0,sub_1ea9c0,8,_ZN7subsdk010sub_1ea9c0Ev!
0x00000000001ea9d0,sub_1ea9d0,100,_ZN7subsdk010sub_1ea9d0Ev!
0x00000000001eaa40,sub_1eaa40,136,_ZN7subsdk010sub_1eaa40Ev!
0x00000000001eaad0,sub_1eaad0,76,_ZN7subsdk025sub_1eaad0_subsdk0_1eaad0Ev!
0x00000000001eab20,sub_1eab20,304,_ZN7subsdk010sub_1eab20Ev!
0x00000000001eac50,sub_1eac50,52,_ZN7subsdk010sub_1eac50Ev!
0x00000000001eac90,sub_1eac90,52,_ZN7subsdk010sub_1eac90Ev!
0x00000000001eacd0,sub_1eacd0,52,_ZN7subsdk010sub_1eacd0Ev!
0x00000000001ead10,sub_1ead10,52,_ZN7subsdk025sub_1ead10_subsdk0_1ead10Ev!
0x00000000001ead50,sub_1ead50,56,_ZN7subsdk010sub_1ead50Ev!
0x00000000001ead90,sub_1ead90,172,_ZN7subsdk010sub_1ead90Ev!
0x00000000001eae40,sub_1eae40,184,_ZN7subsdk010sub_1eae40Ev!
0x00000000001eaf00,MetaData,324,_ZN7subsdk08MetaDataEv!
0x00000000001eb050,MetaData_2,324,_ZN7subsdk010MetaData_2Ev!
0x00000000001eb1a0,MetaData_3,324,_ZN7subsdk010MetaData_3Ev!
0x00000000001eb2f0,MetaData_4,324,_ZN7subsdk010MetaData_4Ev!
0x00000000001eb440,MetaData_5,368,_ZN7subsdk010MetaData_5Ev!
0x00000000001eb5b0,sub_1eb5b0,144,_ZN7subsdk010sub_1eb5b0Ev!
0x00000000001eb640,sub_1eb640,44,_ZN7subsdk010sub_1eb640Ev!
0x00000000001eb670,sub_1eb670,96,_ZN7subsdk010sub_1eb670Ev!
0x00000000001eb6d0,sub_1eb6d0,12,_Z16subsdk0_f_1eb6d0Pv
0x00000000001eb6e0,sub_1eb6e0,64,_ZN7subsdk010sub_1eb6e0Ev!
0x00000000001eb720,sub_1eb720,64,_ZN7subsdk010sub_1eb720Ev!
0x00000000001eb760,sub_1eb760,120,_ZN7subsdk010sub_1eb760Ev!
0x00000000001eb7e0,sub_1eb7e0,88,_ZN7subsdk010sub_1eb7e0Ev!
0x00000000001eb840,sub_1eb840,172,_ZN7subsdk010sub_1eb840Ev!
0x00000000001eb8f0,sub_1eb8f0,60,_ZN7subsdk010sub_1eb8f0Ev!
0x00000000001eb930,void_p,524,_ZN7subsdk06void_pEv!
0x00000000001ebb40,sub_1ebb40,104,_ZN7subsdk010sub_1ebb40Ev!
0x00000000001ebbb0,sub_1ebbb0,52,_ZN7subsdk010sub_1ebbb0Ev!
0x00000000001ebbf0,sub_1ebbf0,60,_ZN7subsdk010sub_1ebbf0Ev!
0x00000000001ebc30,sub_1ebc30,112,_ZN7subsdk010sub_1ebc30Ev!
0x00000000001ebca0,sub_1ebca0,84,_ZN7subsdk010sub_1ebca0Ev!
0x00000000001ebd00,sub_1ebd00,180,_ZN7subsdk010sub_1ebd00Ev!
0x00000000001ebdc0,sub_1ebdc0,160,_ZN7subsdk010sub_1ebdc0Ev!
0x00000000001ebe60,sub_1ebe60,232,_ZN7subsdk010sub_1ebe60Ev!
0x00000000001ebf50,sub_1ebf50,244,_ZN7subsdk010sub_1ebf50Ev!
0x00000000001ec050,sub_1ec050,32,_ZN7subsdk010sub_1ec050Ev!
0x00000000001ec070,MP3Extractor,1320,_ZN7subsdk012MP3ExtractorEv!
0x00000000001ec5a0,sub_1ec5a0,1420,_ZN7subsdk010sub_1ec5a0Ev!
0x00000000001ecb30,sub_1ecb30,16,_Z16subsdk0_f_1ecb30Pv
0x00000000001ecb40,sub_1ecb40,260,_ZN7subsdk010sub_1ecb40Ev!
0x00000000001ecc50,sub_1ecc50,200,_ZN7subsdk010sub_1ecc50Ev!
0x00000000001ecd20,sub_1ecd20,44,_ZN7subsdk010sub_1ecd20Ev!
0x00000000001ecd50,sub_1ecd50,188,_ZN7subsdk010sub_1ecd50Ev!
0x00000000001ece10,sub_1ece10,132,_ZN7subsdk010sub_1ece10Ev!
0x00000000001ecea0,sub_1ecea0,184,_ZN7subsdk010sub_1ecea0Ev!
0x00000000001ecf60,sub_1ecf60,16,_ZN7subsdk010sub_1ecf60Ev!
0x00000000001ecf70,sub_1ecf70,36,_ZN7subsdk010sub_1ecf70Ev!
0x00000000001ecfa0,sub_1ecfa0,48,_ZN7subsdk010sub_1ecfa0Ev!
0x00000000001ecfd0,MP3Extractor_2,160,_ZN7subsdk014MP3Extractor_2Ev!
0x00000000001ed070,MP3Extractor_3,140,_ZN7subsdk014MP3Extractor_3Ev!
0x00000000001ed100,sub_1ed100,24,_ZN7subsdk025sub_1ed100_subsdk0_1ed100Ev!
0x00000000001ed120,MP3Extractor_4,860,_ZN7subsdk014MP3Extractor_4Ev!
0x00000000001ed480,mpeg,468,_ZN7subsdk04mpegEv!
0x00000000001ed660,offset_2,244,_ZN7subsdk08offset_2Ev!
0x00000000001ed760,sub_1ed760,96,_ZN7subsdk010sub_1ed760Ev!
0x00000000001ed7c0,sub_1ed7c0,104,_ZN7subsdk010sub_1ed7c0Ev!
0x00000000001ed830,MPEG2TSWriter,396,_ZN7subsdk013MPEG2TSWriterEv!
0x00000000001ed9c0,sub_1ed9c0,156,_ZN7subsdk010sub_1ed9c0Ev!
0x00000000001eda60,sub_1eda60,36,_ZN7subsdk010sub_1eda60Ev!
0x00000000001eda90,sub_1eda90,8,_Z16subsdk0_f_1eda90Pv
0x00000000001edaa0,sub_1edaa0,28,_ZN7subsdk010sub_1edaa0Ev!
0x00000000001edac0,sub_1edac0,196,_ZN7subsdk025sub_1edac0_subsdk0_1edac0Ev!
0x00000000001edb90,sub_1edb90,60,_ZN7subsdk010sub_1edb90Ev!
0x00000000001edbd0,MPEG2TSWriter_2,1876,_ZN7subsdk015MPEG2TSWriter_2Ev!
0x00000000001ee330,MPEG2TSWriter_3,516,_ZN7subsdk015MPEG2TSWriter_3Ev!
0x00000000001ee540,MPEG2TSWriter_4,684,_ZN7subsdk015MPEG2TSWriter_4Ev!
0x00000000001ee7f0,buffer_3,172,_ZN7subsdk08buffer_3Ev!
0x00000000001ee8a0,sub_1ee8a0,64,_ZN7subsdk010sub_1ee8a0Ev!
0x00000000001ee8e0,MPEG2TSWriter_5,824,_ZN7subsdk015MPEG2TSWriter_5Ev!
0x00000000001eec20,sub_1eec20,24,_ZN7subsdk010sub_1eec20Ev!
0x00000000001eec40,sub_1eec40,68,_ZN7subsdk010sub_1eec40Ev!
0x00000000001eec90,MPEG2TSWriter_6,140,_ZN7subsdk015MPEG2TSWriter_6Ev!
0x00000000001eed20,MPEG2TSWriter_7,84,_ZN7subsdk015MPEG2TSWriter_7Ev!
0x00000000001eed80,sub_1eed80,8,_Z16subsdk0_f_1eed80Pv
0x00000000001eed90,sub_1eed90,144,_ZN7subsdk010sub_1eed90Ev!
0x00000000001eee20,MPEG2TSWriter_8,444,_ZN7subsdk015MPEG2TSWriter_8Ev!
0x00000000001eefe0,sub_1eefe0,140,_ZN7subsdk010sub_1eefe0Ev!
0x00000000001ef070,sub_1ef070,128,_ZN7subsdk010sub_1ef070Ev!
0x00000000001ef0f0,sub_1ef0f0,116,_ZN7subsdk010sub_1ef0f0Ev!
0x00000000001ef170,sub_1ef170,312,_ZN7subsdk010sub_1ef170Ev!
0x00000000001ef2b0,MPEG2TSWriter_9,188,_ZN7subsdk015MPEG2TSWriter_9Ev!
0x00000000001ef370,sub_1ef370,52,_ZN7subsdk010sub_1ef370Ev!
0x00000000001ef3b0,sub_1ef3b0,36,_ZN7subsdk010sub_1ef3b0Ev!
0x00000000001ef3e0,MPEG2TSWriter_10,340,_ZN7subsdk016MPEG2TSWriter_10Ev!
0x00000000001ef540,MPEG2TSWriter_11,280,_ZN7subsdk016MPEG2TSWriter_11Ev!
0x00000000001ef660,MPEG2TSWriter_12,76,_ZN7subsdk016MPEG2TSWriter_12Ev!
0x00000000001ef6b0,sub_1ef6b0,36,_ZN7subsdk010sub_1ef6b0Ev!
0x00000000001ef6e0,sub_1ef6e0,8,_Z16subsdk0_f_1ef6e0v
0x00000000001ef6f0,MPEG2TSWriter_13,1532,_ZN7subsdk016MPEG2TSWriter_13Ev!
0x00000000001efcf0,sub_1efcf0,64,_ZN7subsdk010sub_1efcf0Ev!
0x00000000001efd30,MPEG2TSWriter_14,1568,_ZN7subsdk016MPEG2TSWriter_14Ev!
0x00000000001f0350,MPEG2TSWriter_15,672,_ZN7subsdk016MPEG2TSWriter_15Ev!
0x00000000001f05f0,sub_1f05f0,60,_ZN7subsdk010sub_1f05f0Ev!
0x00000000001f0630,sub_1f0630,40,_ZN7subsdk010sub_1f0630Ev!
0x00000000001f0660,MPEG2TSWriter_16,768,_ZN7subsdk016MPEG2TSWriter_16Ev!
0x00000000001f0960,MPEG2TSWriter_17,188,_ZN7subsdk016MPEG2TSWriter_17Ev!
0x00000000001f0a20,sub_1f0a20,8,_Z16subsdk0_f_1f0a20Pvm
0x00000000001f0a30,sub_1f0a30,8,_Z16subsdk0_f_1f0a30Pvm
0x00000000001f0a40,sub_1f0a40,88,_ZN7subsdk010sub_1f0a40Ev!
0x00000000001f0aa0,sub_1f0aa0,4,_Z16subsdk0_f_1f0aa0v
0x00000000001f0ab0,sub_1f0ab0,8,_Z16subsdk0_f_1f0ab0v
0x00000000001f0ac0,sub_1f0ac0,76,_ZN7subsdk010sub_1f0ac0Ev!
0x00000000001f0b10,sub_1f0b10,4,_ZN7subsdk010sub_1f0b10Ev!
0x00000000001f0b20,sub_1f0b20,8,_Z16subsdk0_f_1f0b20v
0x00000000001f0b30,sub_1f0b30,60,_ZN7subsdk010sub_1f0b30Ev!
0x00000000001f0b70,sub_1f0b70,24,_ZN7subsdk010sub_1f0b70Ev!
0x00000000001f0b90,sub_1f0b90,64,_ZN7subsdk010sub_1f0b90Ev!
0x00000000001f0bd0,sub_1f0bd0,84,_ZN7subsdk010sub_1f0bd0Ev!
0x00000000001f0c30,sub_1f0c30,80,_ZN7subsdk010sub_1f0c30Ev!
0x00000000001f0c80,sub_1f0c80,100,_ZN7subsdk010sub_1f0c80Ev!
0x00000000001f0cf0,sub_1f0cf0,100,_ZN7subsdk010sub_1f0cf0Ev!
0x00000000001f0d60,sub_1f0d60,24,_ZN7subsdk010sub_1f0d60Ev!
0x00000000001f0d80,sub_1f0d80,68,_ZN7subsdk010sub_1f0d80Ev!
0x00000000001f0dd0,sub_1f0dd0,76,_ZN7subsdk010sub_1f0dd0Ev!
0x00000000001f0e20,sub_1f0e20,116,_ZN7subsdk010sub_1f0e20Ev!
0x00000000001f0ea0,sub_1f0ea0,108,_ZN7subsdk010sub_1f0ea0Ev!
0x00000000001f0f10,sub_1f0f10,92,_ZN7subsdk010sub_1f0f10Ev!
0x00000000001f0f70,sub_1f0f70,48,_ZN7subsdk010sub_1f0f70Ev!
0x00000000001f0fa0,sub_1f0fa0,100,_ZN7subsdk010sub_1f0fa0Ev!
0x00000000001f1010,sub_1f1010,16,_ZN7subsdk010sub_1f1010Ev!
0x00000000001f1020,sub_1f1020,188,_ZN7subsdk010sub_1f1020Ev!
0x00000000001f10e0,sub_1f10e0,16,_ZN7subsdk010sub_1f10e0Ev!
0x00000000001f10f0,sub_1f10f0,16,_ZN7subsdk010sub_1f10f0Ev!
0x00000000001f1100,sub_1f1100,156,_ZN7subsdk010sub_1f1100Ev!
0x00000000001f11a0,sub_1f11a0,300,_ZN7subsdk025sub_1f11a0_subsdk0_1f11a0Ev!
0x00000000001f12d0,sub_1f12d0,660,_ZN7subsdk010sub_1f12d0Ev!
0x00000000001f1570,sub_1f1570,172,_ZN7subsdk010sub_1f1570Ev!
0x00000000001f1620,sub_1f1620,52,_ZN7subsdk010sub_1f1620Ev!
0x00000000001f1660,sub_1f1660,52,_ZN7subsdk010sub_1f1660Ev!
0x00000000001f16a0,sub_1f16a0,52,_ZN7subsdk010sub_1f16a0Ev!
0x00000000001f16e0,sub_1f16e0,36,_ZN7subsdk010sub_1f16e0Ev!
0x00000000001f1710,sub_1f1710,36,_ZN7subsdk010sub_1f1710Ev!
0x00000000001f1740,sub_1f1740,112,_ZN7subsdk010sub_1f1740Ev!
0x00000000001f17b0,MPEG4Extractor,844,_ZN7subsdk014MPEG4ExtractorEv!
0x00000000001f1b00,sub_1f1b00,92,_ZN7subsdk010sub_1f1b00Ev!
0x00000000001f1b60,MPEG4Extractor_2,432,_ZN7subsdk016MPEG4Extractor_2Ev!
0x00000000001f1d10,MPEG4Extractor_3,14000,_ZN7subsdk016MPEG4Extractor_3Ev!
0x00000000001f53c0,sub_1f53c0,520,_ZN7subsdk010sub_1f53c0Ev!
0x00000000001f55d0,sub_1f55d0,60,_ZN7subsdk010sub_1f55d0Ev!
0x00000000001f5610,sub_1f5610,1132,_ZN7subsdk010sub_1f5610Ev!
0x00000000001f5a80,sub_1f5a80,112,_ZN7subsdk010sub_1f5a80Ev!
0x00000000001f5af0,sub_1f5af0,120,_ZN7subsdk025sub_1f5af0_subsdk0_1f5af0Ev!
0x00000000001f5b70,MPEG4Extractor_4,328,_ZN7subsdk016MPEG4Extractor_4Ev!
0x00000000001f5cc0,sub_1f5cc0,628,_ZN7subsdk010sub_1f5cc0Ev!
0x00000000001f5f40,MPEG4Extractor_5,1444,_ZN7subsdk016MPEG4Extractor_5Ev!
0x00000000001f64f0,iTunSMPB,1404,_ZN7subsdk08iTunSMPBEv!
0x00000000001f6a70,sub_1f6a70,840,_ZN7subsdk010sub_1f6a70Ev!
0x00000000001f6dc0,sub_1f6dc0,424,_ZN7subsdk010sub_1f6dc0Ev!
0x00000000001f6f70,sub_1f6f70,688,_ZN7subsdk010sub_1f6f70Ev!
0x00000000001f7220,sub_1f7220,464,_ZN7subsdk010sub_1f7220Ev!
0x00000000001f73f0,MPEG4Extractor_6,1316,_ZN7subsdk016MPEG4Extractor_6Ev!
0x00000000001f7920,sub_1f7920,16,_Z16subsdk0_f_1f7920PvS_
0x00000000001f7930,MPEG4Extractor_7,1280,_ZN7subsdk016MPEG4Extractor_7Ev!
0x00000000001f7e30,sub_1f7e30,52,_ZN7subsdk010sub_1f7e30Ev!
0x00000000001f7e70,sub_1f7e70,1032,_ZN7subsdk010sub_1f7e70Ev!
0x00000000001f8280,sub_1f8280,224,_ZN7subsdk010sub_1f8280Ev!
0x00000000001f8360,sub_1f8360,52,_ZN7subsdk010sub_1f8360Ev!
0x00000000001f83a0,sub_1f83a0,44,_ZN7subsdk010sub_1f83a0Ev!
0x00000000001f83d0,sub_1f83d0,56,_ZN7subsdk010sub_1f83d0Ev!
0x00000000001f8410,sub_1f8410,52,_ZN7subsdk010sub_1f8410Ev!
0x00000000001f8450,sub_1f8450,64,_ZN7subsdk010sub_1f8450Ev!
0x00000000001f8490,MPEG4Extractor_8,388,_ZN7subsdk016MPEG4Extractor_8Ev!
0x00000000001f8620,MPEG4Extractor_9,184,_ZN7subsdk016MPEG4Extractor_9Ev!
0x00000000001f86e0,sub_1f86e0,48,_ZN7subsdk010sub_1f86e0Ev!
0x00000000001f8710,sub_1f8710,392,_ZN7subsdk010sub_1f8710Ev!
0x00000000001f88a0,sub_1f88a0,220,_ZN7subsdk010sub_1f88a0Ev!
0x00000000001f8980,sub_1f8980,840,_ZN7subsdk010sub_1f8980Ev!
0x00000000001f8cd0,sub_1f8cd0,356,_ZN7subsdk010sub_1f8cd0Ev!
0x00000000001f8e40,MPEG4Extractor_10,864,_ZN7subsdk017MPEG4Extractor_10Ev!
0x00000000001f91a0,sub_1f91a0,76,_ZN7subsdk010sub_1f91a0Ev!
0x00000000001f91f0,MPEG4Extractor_11,196,_ZN7subsdk017MPEG4Extractor_11Ev!
0x00000000001f92c0,MPEG4Extractor_12,124,_ZN7subsdk017MPEG4Extractor_12Ev!
0x00000000001f9340,MPEG4Extractor_13,276,_ZN7subsdk017MPEG4Extractor_13Ev!
0x00000000001f9460,MPEG4Extractor_14,444,_ZN7subsdk017MPEG4Extractor_14Ev!
0x00000000001f9620,MPEG4Extractor_15,3096,_ZN7subsdk017MPEG4Extractor_15Ev!
0x00000000001fa240,MPEG4Extractor_16,3328,_ZN7subsdk017MPEG4Extractor_16Ev!
0x00000000001faf40,sub_1faf40,128,_ZN7subsdk025sub_1faf40_subsdk0_1faf40Ev!
0x00000000001fafc0,ftyp3gp,1300,_ZN7subsdk07ftyp3gpEv!
0x00000000001fb4e0,sub_1fb4e0,24,_ZN7subsdk010sub_1fb4e0Ev!
0x00000000001fb500,sub_1fb500,60,_ZN7subsdk010sub_1fb500Ev!
0x00000000001fb540,sub_1fb540,4,_Z16subsdk0_f_1fb540v
0x00000000001fb550,sub_1fb550,4,_Z16subsdk0_f_1fb550v
0x00000000001fb560,sub_1fb560,100,_ZN7subsdk010sub_1fb560Ev!
0x00000000001fb5d0,sub_1fb5d0,96,_ZN7subsdk010sub_1fb5d0Ev!
0x00000000001fb630,sub_1fb630,128,_ZN7subsdk010sub_1fb630Ev!
0x00000000001fb6b0,sub_1fb6b0,100,_ZN7subsdk025sub_1fb6b0_subsdk0_1fb6b0Ev!
0x00000000001fb720,sub_1fb720,60,_ZN7subsdk010sub_1fb720Ev!
0x00000000001fb760,sub_1fb760,4,_Z16subsdk0_f_1fb760v
0x00000000001fb770,sub_1fb770,4,_Z16subsdk0_f_1fb770v
0x00000000001fb780,sub_1fb780,144,_ZN7subsdk010sub_1fb780Ev!
0x00000000001fb810,sub_1fb810,136,_ZN7subsdk010sub_1fb810Ev!
0x00000000001fb8a0,sub_1fb8a0,168,_ZN7subsdk010sub_1fb8a0Ev!
0x00000000001fb950,sub_1fb950,144,_ZN7subsdk010sub_1fb950Ev!
0x00000000001fb9e0,sub_1fb9e0,60,_ZN7subsdk010sub_1fb9e0Ev!
0x00000000001fba20,sub_1fba20,4,_Z16subsdk0_f_1fba20v
0x00000000001fba30,sub_1fba30,4,_Z16subsdk0_f_1fba30v
0x00000000001fba40,sub_1fba40,164,_ZN7subsdk010sub_1fba40Ev!
0x00000000001fbaf0,sub_1fbaf0,148,_ZN7subsdk010sub_1fbaf0Ev!
0x00000000001fbb90,sub_1fbb90,188,_ZN7subsdk010sub_1fbb90Ev!
0x00000000001fbc50,sub_1fbc50,164,_ZN7subsdk010sub_1fbc50Ev!
0x00000000001fbd00,sub_1fbd00,60,_ZN7subsdk010sub_1fbd00Ev!
0x00000000001fbd40,sub_1fbd40,104,_ZN7subsdk010sub_1fbd40Ev!
0x00000000001fbdb0,sub_1fbdb0,108,_ZN7subsdk010sub_1fbdb0Ev!
0x00000000001fbe20,sub_1fbe20,132,_ZN7subsdk010sub_1fbe20Ev!
0x00000000001fbeb0,sub_1fbeb0,144,_ZN7subsdk010sub_1fbeb0Ev!
0x00000000001fbf40,sub_1fbf40,220,_ZN7subsdk010sub_1fbf40Ev!
0x00000000001fc020,sub_1fc020,188,_ZN7subsdk010sub_1fc020Ev!
0x00000000001fc0e0,sub_1fc0e0,16,_ZN7subsdk010sub_1fc0e0Ev!
0x00000000001fc0f0,sub_1fc0f0,20,_ZN7subsdk010sub_1fc0f0Ev!
0x00000000001fc110,sub_1fc110,268,_ZN7subsdk010sub_1fc110Ev!
0x00000000001fc220,sub_1fc220,300,_ZN7subsdk010sub_1fc220Ev!
0x00000000001fc350,sub_1fc350,496,_ZN7subsdk010sub_1fc350Ev!
0x00000000001fc540,MPEG4Writer,1256,_ZN7subsdk011MPEG4WriterEv!
0x00000000001fca30,sub_1fca30,152,_ZN7subsdk010sub_1fca30Ev!
0x00000000001fcad0,sub_1fcad0,128,_ZN7subsdk010sub_1fcad0Ev!
0x00000000001fcb50,sub_1fcb50,36,_ZN7subsdk010sub_1fcb50Ev!
0x00000000001fcb80,mStarted_s,240,_ZN7subsdk010mStarted_sEv!
0x00000000001fcc70,s_track,296,_ZN7subsdk07s_trackEv!
0x00000000001fcda0,unnamed_10,432,_ZN7subsdk025unnamed_10_subsdk0_1fcda0Ev!
0x00000000001fcf50,MPEG4Writer_2,320,_ZN7subsdk013MPEG4Writer_2Ev!
0x00000000001fd090,sub_1fd090,256,_ZN7subsdk010sub_1fd090Ev!
0x00000000001fd190,sub_1fd190,696,_ZN7subsdk010sub_1fd190Ev!
0x00000000001fd450,sub_1fd450,184,_ZN7subsdk025sub_1fd450_subsdk0_1fd450Ev!
0x00000000001fd510,sub_1fd510,308,_ZN7subsdk025sub_1fd510_subsdk0_1fd510Ev!
0x00000000001fd650,MPEG4Writer_3,1236,_ZN7subsdk013MPEG4Writer_3Ev!
0x00000000001fdb30,sub_1fdb30,204,_ZN7subsdk025sub_1fdb30_subsdk0_1fdb30Ev!
0x00000000001fdc00,sub_1fdc00,48,_ZN7subsdk010sub_1fdc00Ev!
0x00000000001fdc30,sub_1fdc30,12,_ZN7subsdk010sub_1fdc30Ev!
0x00000000001fdc40,sub_1fdc40,568,_ZN7subsdk010sub_1fdc40Ev!
0x00000000001fde80,sub_1fde80,8,_Z16subsdk0_f_1fde80Pv
0x00000000001fde90,sub_1fde90,64,_ZN7subsdk025sub_1fde90_subsdk0_1fde90Ev!
0x00000000001fded0,sub_1fded0,16,_Z16subsdk0_f_1fded0Pv
0x00000000001fdee0,sub_1fdee0,132,_ZN7subsdk010sub_1fdee0Ev!
0x00000000001fdf70,MPEG4Writer_4,424,_ZN7subsdk013MPEG4Writer_4Ev!
0x00000000001fe120,sub_1fe120,52,_ZN7subsdk010sub_1fe120Ev!
0x00000000001fe160,sub_1fe160,8,_Z16subsdk0_f_1fe160Pv
0x00000000001fe170,sub_1fe170,144,_ZN7subsdk010sub_1fe170Ev!
0x00000000001fe200,sub_1fe200,372,_ZN7subsdk010sub_1fe200Ev!
0x00000000001fe380,sub_1fe380,36,_ZN7subsdk010sub_1fe380Ev!
0x00000000001fe3b0,sub_1fe3b0,616,_ZN7subsdk010sub_1fe3b0Ev!
0x00000000001fe620,MPEG4Writer_5,308,_ZN7subsdk013MPEG4Writer_5Ev!
0x00000000001fe760,sub_1fe760,52,_ZN7subsdk010sub_1fe760Ev!
0x00000000001fe7a0,MPEG4Writer_6,308,_ZN7subsdk013MPEG4Writer_6Ev!
0x00000000001fe8e0,sub_1fe8e0,52,_ZN7subsdk010sub_1fe8e0Ev!
0x00000000001fe920,sub_1fe920,308,_ZN7subsdk010sub_1fe920Ev!
0x00000000001fea60,MPEG4Writer_7,228,_ZN7subsdk013MPEG4Writer_7Ev!
0x00000000001feb50,rw_media_record,192,_ZN7subsdk015rw_media_recordEv!
0x00000000001fec10,sub_1fec10,12,_Z16subsdk0_f_1fec10Pvm
0x00000000001fec20,sub_1fec20,8,_ZN7subsdk010sub_1fec20Ev!
0x00000000001fec30,sub_1fec30,8,_ZN7subsdk010sub_1fec30Ev!
0x00000000001fec40,sub_1fec40,196,_ZN7subsdk010sub_1fec40Ev!
0x00000000001fed10,MPEG4Writer_8,760,_ZN7subsdk013MPEG4Writer_8Ev!
0x00000000001ff010,sub_1ff010,44,_ZN7subsdk025sub_1ff010_subsdk0_1ff010Ev!
0x00000000001ff040,sub_1ff040,60,_ZN7subsdk025sub_1ff040_subsdk0_1ff040Ev!
0x00000000001ff080,sub_1ff080,56,_ZN7subsdk025sub_1ff080_subsdk0_1ff080Ev!
0x00000000001ff0c0,f_2d,220,_ZN7subsdk04f_2dEv!
0x00000000001ff1a0,f_3d,220,_ZN7subsdk04f_3dEv!
0x00000000001ff280,sub_1ff280,76,_ZN7subsdk010sub_1ff280Ev!
0x00000000001ff2d0,sub_1ff2d0,8,_Z16subsdk0_f_1ff2d0Pv
0x00000000001ff2e0,sub_1ff2e0,136,_ZN7subsdk025sub_1ff2e0_subsdk0_1ff2e0Ev!
0x00000000001ff370,sub_1ff370,8,_Z16subsdk0_f_1ff370Pv
0x00000000001ff380,sub_1ff380,68,_ZN7subsdk010sub_1ff380Ev!
0x00000000001ff3d0,sub_1ff3d0,48,_ZN7subsdk010sub_1ff3d0Ev!
0x00000000001ff400,sub_1ff400,8,_Z16subsdk0_f_1ff400Pv
0x00000000001ff410,MPEG4Writer_9,248,_ZN7subsdk013MPEG4Writer_9Ev!
0x00000000001ff510,sub_1ff510,56,_ZN7subsdk010sub_1ff510Ev!
0x00000000001ff550,sub_1ff550,96,_ZN7subsdk010sub_1ff550Ev!
0x00000000001ff5b0,unnamed_11,656,_ZN7subsdk025unnamed_11_subsdk0_1ff5b0Ev!
0x00000000001ff840,MPEG4Writer_10,404,_ZN7subsdk014MPEG4Writer_10Ev!
0x00000000001ff9e0,MPEG4Writer_11,404,_ZN7subsdk014MPEG4Writer_11Ev!
0x00000000001ffb80,MPEG4Writer_12,372,_ZN7subsdk014MPEG4Writer_12Ev!
0x00000000001ffd00,MPEG4Writer_13,336,_ZN7subsdk014MPEG4Writer_13Ev!
0x00000000001ffe50,sub_1ffe50,172,_ZN7subsdk010sub_1ffe50Ev!
0x00000000001fff00,sub_1fff00,100,_ZN7subsdk010sub_1fff00Ev!
0x00000000001fff70,MPEG4Writer_14,360,_ZN7subsdk014MPEG4Writer_14Ev!
0x00000000002000e0,sub_2000e0,44,_ZN7subsdk010sub_2000e0Ev!
0x0000000000200110,sub_200110,80,_ZN7subsdk010sub_200110Ev!
0x0000000000200160,sub_200160,92,_ZN7subsdk010sub_200160Ev!
0x00000000002001c0,sub_2001c0,108,_ZN7subsdk010sub_2001c0Ev!
0x0000000000200230,MPEG4Writer_15,360,_ZN7subsdk014MPEG4Writer_15Ev!
0x00000000002003a0,sub_2003a0,652,_ZN7subsdk010sub_2003a0Ev!
0x0000000000200630,sub_200630,200,_ZN7subsdk010sub_200630Ev!
0x0000000000200700,sub_200700,200,_ZN7subsdk010sub_200700Ev!
0x00000000002007d0,sub_2007d0,128,_ZN7subsdk010sub_2007d0Ev!
0x0000000000200850,sub_200850,92,_ZN7subsdk025sub_200850_subsdk0_200850Ev!
0x00000000002008b0,sub_2008b0,4,_Z16subsdk0_f_2008b0v
0x00000000002008c0,sub_2008c0,4,_ZN7subsdk025sub_2008c0_subsdk0_2008c0Ev!
0x00000000002008d0,sub_2008d0,312,_ZN7subsdk010sub_2008d0Ev!
0x0000000000200a10,MPEG4Writer_16,464,_ZN7subsdk014MPEG4Writer_16Ev!
0x0000000000200be0,sub_200be0,280,_ZN7subsdk025sub_200be0_subsdk0_200be0Ev!
0x0000000000200d00,rw_media_record_2,468,_ZN7subsdk017rw_media_record_2Ev!
0x0000000000200ee0,MPEG4Writer_17,704,_ZN7subsdk014MPEG4Writer_17Ev!
0x00000000002011a0,sub_2011a0,8,_Z16subsdk0_f_2011a0Pv
0x00000000002011b0,sub_2011b0,4,_ZN7subsdk010sub_2011b0Ev!
0x00000000002011c0,MPEG4Writer_18,4608,_ZN7subsdk014MPEG4Writer_18Ev!
0x00000000002023c0,MPEG4Writer_19,436,_ZN7subsdk014MPEG4Writer_19Ev!
0x0000000000202580,sub_202580,92,_ZN7subsdk010sub_202580Ev!
0x00000000002025e0,sub_2025e0,320,_ZN7subsdk010sub_2025e0Ev!
0x0000000000202720,sub_202720,504,_ZN7subsdk010sub_202720Ev!
0x0000000000202920,sub_202920,8,_Z16subsdk0_f_202920Pv
0x0000000000202930,sub_202930,132,_ZN7subsdk010sub_202930Ev!
0x00000000002029c0,sub_2029c0,56,_ZN7subsdk010sub_2029c0Ev!
0x0000000000202a00,sub_202a00,60,_ZN7subsdk025sub_202a00_subsdk0_202a00Ev!
0x0000000000202a40,sub_202a40,268,_ZN7subsdk010sub_202a40Ev!
0x0000000000202b50,sub_202b50,412,_ZN7subsdk010sub_202b50Ev!
0x0000000000202cf0,sub_202cf0,92,_ZN7subsdk010sub_202cf0Ev!
0x0000000000202d50,sub_202d50,220,_ZN7subsdk010sub_202d50Ev!
0x0000000000202e30,rw_media_record_3,656,_ZN7subsdk017rw_media_record_3Ev!
0x00000000002030c0,MPEG4Writer_20,252,_ZN7subsdk014MPEG4Writer_20Ev!
0x00000000002031c0,MPEG4Writer_21,652,_ZN7subsdk014MPEG4Writer_21Ev!
0x0000000000203450,sub_203450,292,_ZN7subsdk010sub_203450Ev!
0x0000000000203580,SoundHandle,252,_ZN5audio11SoundHandleEv!
0x0000000000203680,sub_203680,132,_ZN7subsdk010sub_203680Ev!
0x0000000000203710,sub_203710,184,_ZN7subsdk010sub_203710Ev!
0x00000000002037d0,sub_2037d0,184,_ZN7subsdk025sub_2037d0_subsdk0_2037d0Ev!
0x0000000000203890,sub_203890,512,_ZN7subsdk010sub_203890Ev!
0x0000000000203a90,MPEG4Writer_22,1012,_ZN7subsdk014MPEG4Writer_22Ev!
0x0000000000203e90,MPEG4Writer_23,1292,_ZN7subsdk014MPEG4Writer_23Ev!
0x00000000002043a0,MPEG4Writer_24,208,_ZN7subsdk014MPEG4Writer_24Ev!
0x0000000000204470,MPEG4Writer_25,216,_ZN7subsdk014MPEG4Writer_25Ev!
0x0000000000204550,MPEG4Writer_26,260,_ZN7subsdk014MPEG4Writer_26Ev!
0x0000000000204660,sub_204660,88,_ZN7subsdk010sub_204660Ev!
0x00000000002046c0,sub_2046c0,112,_ZN7subsdk010sub_2046c0Ev!
0x0000000000204730,sub_204730,88,_ZN7subsdk010sub_204730Ev!
0x0000000000204790,sub_204790,136,_ZN7subsdk010sub_204790Ev!
0x0000000000204820,MPEG4Writer_27,660,_ZN7subsdk014MPEG4Writer_27Ev!
0x0000000000204ac0,sub_204ac0,160,_ZN7subsdk010sub_204ac0Ev!
0x0000000000204b60,MPEG4Writer_28,316,_ZN7subsdk014MPEG4Writer_28Ev!
0x0000000000204ca0,sub_204ca0,112,_ZN7subsdk010sub_204ca0Ev!
0x0000000000204d10,MPEG4Writer_29,896,_ZN7subsdk014MPEG4Writer_29Ev!
0x0000000000205090,sub_205090,188,_ZN7subsdk010sub_205090Ev!
0x0000000000205150,sub_205150,80,_ZN7subsdk010sub_205150Ev!
0x00000000002051a0,sub_2051a0,160,_ZN7subsdk010sub_2051a0Ev!
0x0000000000205240,MPEG4Writer_30,296,_ZN7subsdk014MPEG4Writer_30Ev!
0x0000000000205370,MPEG4Writer_31,364,_ZN7subsdk014MPEG4Writer_31Ev!
0x00000000002054e0,MPEG4Writer_32,492,_ZN7subsdk014MPEG4Writer_32Ev!
0x00000000002056d0,MPEG4Writer_33,516,_ZN7subsdk014MPEG4Writer_33Ev!
0x00000000002058e0,MPEG4Writer_34,516,_ZN7subsdk014MPEG4Writer_34Ev!
0x0000000000205af0,f_3d_2,472,_ZN7subsdk06f_3d_2Ev!
0x0000000000205cd0,sub_205cd0,4,_ZN7subsdk010sub_205cd0Ev!
0x0000000000205ce0,sub_205ce0,8,_Z16subsdk0_f_205ce0Pvj
0x0000000000205cf0,sub_205cf0,8,_Z16subsdk0_f_205cf0Pv
0x0000000000205d00,sub_205d00,68,_ZN7subsdk010sub_205d00Ev!
0x0000000000205d50,sub_205d50,236,_ZN7subsdk010sub_205d50Ev!
0x0000000000205e40,sub_205e40,204,_ZN7subsdk010sub_205e40Ev!
0x0000000000205f10,sub_205f10,124,_ZN7subsdk010sub_205f10Ev!
0x0000000000205f90,sub_205f90,144,_ZN7subsdk010sub_205f90Ev!
0x0000000000206020,sub_206020,128,_ZN7subsdk010sub_206020Ev!
0x00000000002060a0,sub_2060a0,124,_ZN7subsdk010sub_2060a0Ev!
0x0000000000206120,sub_206120,128,_ZN7subsdk010sub_206120Ev!
0x00000000002061a0,sub_2061a0,124,_ZN7subsdk025sub_2061a0_subsdk0_2061a0Ev!
0x0000000000206220,sub_206220,124,_ZN7subsdk010sub_206220Ev!
0x00000000002062a0,sub_2062a0,248,_ZN7subsdk010sub_2062a0Ev!
0x00000000002063a0,sub_2063a0,268,_ZN7subsdk010sub_2063a0Ev!
0x00000000002064b0,sub_2064b0,80,_ZN7subsdk010sub_2064b0Ev!
0x0000000000206500,sub_206500,344,_ZN7subsdk010sub_206500Ev!
0x0000000000206660,sub_206660,92,_ZN7subsdk025sub_206660_subsdk0_206660Ev!
0x00000000002066c0,sub_2066c0,128,_ZN7subsdk010sub_2066c0Ev!
0x0000000000206740,sub_206740,112,_ZN7subsdk025sub_206740_subsdk0_206740Ev!
0x00000000002067b0,sub_2067b0,72,_ZN7subsdk010sub_2067b0Ev!
0x0000000000206800,sub_206800,84,_ZN7subsdk010sub_206800Ev!
0x0000000000206860,sub_206860,188,_ZN7subsdk025sub_206860_subsdk0_206860Ev!
0x0000000000206920,NuCachedSource2,368,_ZN7subsdk015NuCachedSource2Ev!
0x0000000000206a90,NuCachedSource2_2,680,_ZN7subsdk017NuCachedSource2_2Ev!
0x0000000000206d40,sub_206d40,4,_Z16subsdk0_f_206d40v
0x0000000000206d50,d,180,_ZN7subsdk01dEv!
0x0000000000206e10,sub_206e10,352,_ZN7subsdk025sub_206e10_subsdk0_206e10Ev!
0x0000000000206f70,sub_206f70,148,_ZN7subsdk025sub_206f70_subsdk0_206f70Ev!
0x0000000000207010,sub_207010,36,_ZN7subsdk010sub_207010Ev!
0x0000000000207040,sub_207040,288,_ZN7subsdk010sub_207040Ev!
0x0000000000207160,sub_207160,84,_ZN7subsdk010sub_207160Ev!
0x00000000002071c0,sub_2071c0,192,_ZN7subsdk010sub_2071c0Ev!
0x0000000000207280,sub_207280,148,_ZN7subsdk010sub_207280Ev!
0x0000000000207320,sub_207320,84,_ZN7subsdk025sub_207320_subsdk0_207320Ev!
0x0000000000207380,sub_207380,16,_ZN7subsdk025sub_207380_subsdk0_207380Ev!
0x0000000000207390,sub_207390,16,_ZN7subsdk025sub_207390_subsdk0_207390Ev!
0x00000000002073a0,sub_2073a0,44,_ZN7subsdk025sub_2073a0_subsdk0_2073a0Ev!
0x00000000002073d0,NuCachedSource2_3,160,_ZN7subsdk017NuCachedSource2_3Ev!
0x0000000000207470,sub_207470,476,_ZN7subsdk010sub_207470Ev!
0x0000000000207650,NuCachedSource2_4,460,_ZN7subsdk017NuCachedSource2_4Ev!
0x0000000000207820,sub_207820,328,_ZN7subsdk010sub_207820Ev!
0x0000000000207970,NuCachedSource2_5,548,_ZN7subsdk017NuCachedSource2_5Ev!
0x0000000000207ba0,sub_207ba0,368,_ZN7subsdk010sub_207ba0Ev!
0x0000000000207d10,sub_207d10,324,_ZN7subsdk010sub_207d10Ev!
0x0000000000207e60,sub_207e60,124,_ZN7subsdk010sub_207e60Ev!
0x0000000000207ee0,sub_207ee0,8,_Z16subsdk0_f_207ee0Pvm
0x0000000000207ef0,NuCachedSource2_6,608,_ZN7subsdk017NuCachedSource2_6Ev!
0x0000000000208150,sub_208150,64,_ZN7subsdk010sub_208150Ev!
0x0000000000208190,sub_208190,120,_ZN7subsdk025sub_208190_subsdk0_208190Ev!
0x0000000000208210,sub_208210,60,_ZN7subsdk025sub_208210_subsdk0_208210Ev!
0x0000000000208250,sub_208250,108,_ZN7subsdk025sub_208250_subsdk0_208250Ev!
0x00000000002082c0,NuCachedSource2_7,488,_ZN7subsdk017NuCachedSource2_7Ev!
0x00000000002084b0,sub_2084b0,60,_ZN7subsdk010sub_2084b0Ev!
0x00000000002084f0,sub_2084f0,16,_ZN7subsdk010sub_2084f0Ev!
0x0000000000208500,sub_208500,16,_ZN7subsdk010sub_208500Ev!
0x0000000000208510,sub_208510,16,_ZN7subsdk010sub_208510Ev!
0x0000000000208520,sub_208520,16,_ZN7subsdk010sub_208520Ev!
0x0000000000208530,x_cache_config,332,_ZN7subsdk014x_cache_configEv!
0x0000000000208680,sub_208680,8,_Z16subsdk0_f_208680Pv
0x0000000000208690,sub_208690,8,_Z16subsdk0_f_208690Pv
0x00000000002086a0,sub_2086a0,184,_ZN7subsdk025sub_2086a0_subsdk0_2086a0Ev!
0x0000000000208760,sub_208760,60,_ZN7subsdk010sub_208760Ev!
0x00000000002087a0,sub_2087a0,8,_Z16subsdk0_f_2087a0Pv
0x00000000002087b0,sub_2087b0,56,_ZN7subsdk010sub_2087b0Ev!
0x00000000002087f0,sub_2087f0,124,_ZN7subsdk010sub_2087f0Ev!
0x0000000000208870,sub_208870,68,_ZN7subsdk010sub_208870Ev!
0x00000000002088c0,sub_2088c0,76,_ZN7subsdk025sub_2088c0_subsdk0_2088c0Ev!
0x0000000000208910,NuCachedSource2_8,260,_ZN7subsdk017NuCachedSource2_8Ev!
0x0000000000208a20,sub_208a20,136,_ZN7subsdk025sub_208a20_subsdk0_208a20Ev!
0x0000000000208ab0,NuMediaExtractor,604,_ZN7subsdk016NuMediaExtractorEv!
0x0000000000208d10,sub_208d10,120,_ZN7subsdk010sub_208d10Ev!
0x0000000000208d90,sub_208d90,124,_ZN7subsdk010sub_208d90Ev!
0x0000000000208e10,sub_208e10,52,_ZN7subsdk010sub_208e10Ev!
0x0000000000208e50,sub_208e50,36,_ZN7subsdk010sub_208e50Ev!
0x0000000000208e80,wvm,568,_ZN7subsdk03wvmEv!
0x00000000002090c0,NuMediaExtractor_2,564,_ZN7subsdk018NuMediaExtractor_2Ev!
0x0000000000209300,sub_209300,40,_ZN7subsdk010sub_209300Ev!
0x0000000000209330,unnamed_12,1008,_ZN7subsdk025unnamed_12_subsdk0_209330Ev!
0x0000000000209720,sub_209720,408,_ZN7subsdk010sub_209720Ev!
0x00000000002098c0,sub_2098c0,260,_ZN7subsdk010sub_2098c0Ev!
0x00000000002099d0,sub_2099d0,84,_ZN7subsdk025sub_2099d0_subsdk0_2099d0Ev!
0x0000000000209a30,sub_209a30,208,_ZN7subsdk010sub_209a30Ev!
0x0000000000209b00,sub_209b00,404,_ZN7subsdk010sub_209b00Ev!
0x0000000000209ca0,NuMediaExtractor_3,528,_ZN7subsdk018NuMediaExtractor_3Ev!
0x0000000000209eb0,NuMediaExtractor_4,504,_ZN7subsdk018NuMediaExtractor_4Ev!
0x000000000020a0b0,NuMediaExtractor_5,2604,_ZN7subsdk018NuMediaExtractor_5Ev!
0x000000000020aae0,sub_20aae0,148,_ZN7subsdk010sub_20aae0Ev!
0x000000000020ab80,sub_20ab80,160,_ZN7subsdk010sub_20ab80Ev!
0x000000000020ac20,sub_20ac20,748,_ZN7subsdk010sub_20ac20Ev!
0x000000000020af10,sub_20af10,144,_ZN7subsdk025sub_20af10_subsdk0_20af10Ev!
0x000000000020afa0,sub_20afa0,144,_ZN7subsdk025sub_20afa0_subsdk0_20afa0Ev!
0x000000000020b030,sub_20b030,128,_ZN7subsdk010sub_20b030Ev!
0x000000000020b0b0,sub_20b0b0,380,_ZN7subsdk025sub_20b0b0_subsdk0_20b0b0Ev!
0x000000000020b230,sub_20b230,156,_ZN7subsdk010sub_20b230Ev!
0x000000000020b2d0,sub_20b2d0,160,_ZN7subsdk010sub_20b2d0Ev!
0x000000000020b370,sub_20b370,420,_ZN7subsdk025sub_20b370_subsdk0_20b370Ev!
0x000000000020b520,sub_20b520,308,_ZN7subsdk010sub_20b520Ev!
0x000000000020b660,sub_20b660,8,_Z16subsdk0_f_20b660Pvm
0x000000000020b670,sub_20b670,68,_ZN7subsdk010sub_20b670Ev!
0x000000000020b6c0,sub_20b6c0,124,_ZN7subsdk010sub_20b6c0Ev!
0x000000000020b740,sub_20b740,132,_ZN7subsdk010sub_20b740Ev!
0x000000000020b7d0,AvOffsetDiffCountLt1Mb_3,260,_ZN7subsdk024AvOffsetDiffCountLt1Mb_3Ev!
0x000000000020b8e0,sub_20b8e0,12,_Z16subsdk0_f_20b8e0Pv
0x000000000020b8f0,sub_20b8f0,60,_ZN7subsdk010sub_20b8f0Ev!
0x000000000020b930,sub_20b930,76,_ZN7subsdk010sub_20b930Ev!
0x000000000020b980,sub_20b980,76,_ZN7subsdk010sub_20b980Ev!
0x000000000020b9d0,sub_20b9d0,128,_ZN7subsdk025sub_20b9d0_subsdk0_20b9d0Ev!
0x000000000020ba50,sub_20ba50,128,_ZN7subsdk010sub_20ba50Ev!
0x000000000020bad0,sub_20bad0,180,_ZN7subsdk010sub_20bad0Ev!
0x000000000020bb90,sub_20bb90,156,_ZN7subsdk010sub_20bb90Ev!
0x000000000020bc30,sub_20bc30,96,_ZN7subsdk025sub_20bc30_subsdk0_20bc30Ev!
0x000000000020bc90,sub_20bc90,108,_ZN7subsdk010sub_20bc90Ev!
0x000000000020bd00,sub_20bd00,100,_ZN7subsdk010sub_20bd00Ev!
0x000000000020bd70,sub_20bd70,108,_ZN7subsdk010sub_20bd70Ev!
0x000000000020bde0,sub_20bde0,116,_ZN7subsdk010sub_20bde0Ev!
0x000000000020be60,sub_20be60,116,_ZN7subsdk010sub_20be60Ev!
0x000000000020bee0,sub_20bee0,124,_ZN7subsdk010sub_20bee0Ev!
0x000000000020bf60,sub_20bf60,32,_ZN7subsdk010sub_20bf60Ev!
0x000000000020bf80,sub_20bf80,24,_ZN7subsdk010sub_20bf80Ev!
0x000000000020bfa0,sub_20bfa0,36,_ZN7subsdk010sub_20bfa0Ev!
0x000000000020bfd0,sub_20bfd0,12,_Z16subsdk0_f_20bfd0Pv
0x000000000020bfe0,sub_20bfe0,356,_ZN7subsdk010sub_20bfe0Ev!
0x000000000020c150,sub_20c150,160,_ZN7subsdk010sub_20c150Ev!
0x000000000020c1f0,OggExtractor,1316,_ZN7subsdk012OggExtractorEv!
0x000000000020c720,sub_20c720,148,_ZN7subsdk025sub_20c720_subsdk0_20c720Ev!
0x000000000020c7c0,sub_20c7c0,188,_ZN7subsdk010sub_20c7c0Ev!
0x000000000020c880,sub_20c880,52,_ZN7subsdk010sub_20c880Ev!
0x000000000020c8c0,sub_20c8c0,36,_ZN7subsdk010sub_20c8c0Ev!
0x000000000020c8f0,sub_20c8f0,176,_ZN7subsdk010sub_20c8f0Ev!
0x000000000020c9a0,sub_20c9a0,304,_ZN7subsdk025sub_20c9a0_subsdk0_20c9a0Ev!
0x000000000020cad0,sub_20cad0,368,_ZN7subsdk010sub_20cad0Ev!
0x000000000020cc40,sub_20cc40,44,_ZN7subsdk010sub_20cc40Ev!
0x000000000020cc70,sub_20cc70,240,_ZN7subsdk010sub_20cc70Ev!
0x000000000020cd60,sub_20cd60,136,_ZN7subsdk010sub_20cd60Ev!
0x000000000020cdf0,sub_20cdf0,476,_ZN7subsdk010sub_20cdf0Ev!
0x000000000020cfd0,OggExtractor_2,868,_ZN7subsdk014OggExtractor_2Ev!
0x000000000020d340,sub_20d340,240,_ZN7subsdk010sub_20d340Ev!
0x000000000020d430,sub_20d430,172,_ZN7subsdk010sub_20d430Ev!
0x000000000020d4e0,sub_20d4e0,600,_ZN7subsdk010sub_20d4e0Ev!
0x000000000020d740,sub_20d740,268,_ZN7subsdk010sub_20d740Ev!
0x000000000020d850,sub_20d850,88,_ZN7subsdk010sub_20d850Ev!
0x000000000020d8b0,sub_20d8b0,96,_ZN7subsdk010sub_20d8b0Ev!
0x000000000020d910,sub_20d910,16,_Z16subsdk0_f_20d910Pv
0x000000000020d920,sub_20d920,212,_ZN7subsdk010sub_20d920Ev!
0x000000000020da00,sub_20da00,40,_ZN7subsdk010sub_20da00Ev!
0x000000000020da30,sub_20da30,28,_ZN7subsdk010sub_20da30Ev!
0x000000000020da50,sub_20da50,172,_ZN7subsdk010sub_20da50Ev!
0x000000000020db00,sub_20db00,60,_ZN7subsdk010sub_20db00Ev!
0x000000000020db40,sub_20db40,4,_Z16subsdk0_f_20db40v
0x000000000020db50,sub_20db50,4,_Z16subsdk0_f_20db50v
0x000000000020db60,sub_20db60,100,_ZN7subsdk010sub_20db60Ev!
0x000000000020dbd0,sub_20dbd0,96,_ZN7subsdk010sub_20dbd0Ev!
0x000000000020dc30,sub_20dc30,128,_ZN7subsdk010sub_20dc30Ev!
0x000000000020dcb0,sub_20dcb0,100,_ZN7subsdk010sub_20dcb0Ev!
0x000000000020dd20,SoftVorbis,320,_ZN7subsdk010SoftVorbisEv!
0x000000000020de60,raw_5,164,_ZN7subsdk05raw_5Ev!
0x000000000020df10,sub_20df10,8,_Z16subsdk0_f_20df10v
0x000000000020df20,sub_20df20,196,_ZN7subsdk010sub_20df20Ev!
0x000000000020dff0,sub_20dff0,36,_ZN7subsdk010sub_20dff0Ev!
0x000000000020e020,sub_20e020,340,_ZN7subsdk010sub_20e020Ev!
0x000000000020e180,sub_20e180,16,_Z16subsdk0_f_20e180Pv
0x000000000020e190,audio_decoder_vorbis,192,_ZN5audio20audio_decoder_vorbisEv!
0x000000000020e250,SoftVorbis_2,1696,_ZN7subsdk012SoftVorbis_2Ev!
0x000000000020e8f0,sub_20e8f0,60,_ZN7subsdk010sub_20e8f0Ev!
0x000000000020e930,sub_20e930,100,_ZN7subsdk010sub_20e930Ev!
0x000000000020e9a0,SoftVorbis_3,368,_ZN7subsdk012SoftVorbis_3Ev!
0x000000000020eb10,sub_20eb10,92,_ZN7subsdk010sub_20eb10Ev!
0x000000000020eb70,SoftOpus,316,_ZN7subsdk08SoftOpusEv!
0x000000000020ecb0,raw_6,168,_ZN7subsdk05raw_6Ev!
0x000000000020ed60,sub_20ed60,8,_Z16subsdk0_f_20ed60v
0x000000000020ed70,sub_20ed70,172,_ZN7subsdk010sub_20ed70Ev!
0x000000000020ee20,sub_20ee20,36,_ZN7subsdk010sub_20ee20Ev!
0x000000000020ee50,sub_20ee50,184,_ZN7subsdk010sub_20ee50Ev!
0x000000000020ef10,sub_20ef10,16,_Z16subsdk0_f_20ef10Pv
0x000000000020ef20,audio_decoder_2,112,_ZN5audio15audio_decoder_2Ev!
0x000000000020ef90,SoftOpus_2,1408,_ZN7subsdk010SoftOpus_2Ev!
0x000000000020f510,sub_20f510,60,_ZN7subsdk010sub_20f510Ev!
0x000000000020f550,sub_20f550,72,_ZN7subsdk010sub_20f550Ev!
0x000000000020f5a0,SoftOpus_3,368,_ZN7subsdk010SoftOpus_3Ev!
0x000000000020f710,sub_20f710,92,_ZN7subsdk010sub_20f710Ev!
0x000000000020f770,sub_20f770,32,_ZN7subsdk010sub_20f770Ev!
0x000000000020f790,sub_20f790,156,_ZN7subsdk025sub_20f790_subsdk0_20f790Ev!
0x000000000020f830,sub_20f830,180,_ZN7subsdk010sub_20f830Ev!
0x000000000020f8f0,sub_20f8f0,168,_ZN7subsdk010sub_20f8f0Ev!
0x000000000020f9a0,sub_20f9a0,44,_ZN7subsdk010sub_20f9a0Ev!
0x000000000020f9d0,sub_20f9d0,56,_ZN7subsdk010sub_20f9d0Ev!
0x000000000020fa10,sub_20fa10,52,_ZN7subsdk010sub_20fa10Ev!
0x000000000020fa50,sub_20fa50,64,_ZN7subsdk010sub_20fa50Ev!
0x000000000020fa90,sub_20fa90,88,_ZN7subsdk010sub_20fa90Ev!
0x000000000020faf0,sub_20faf0,48,_ZN7subsdk010sub_20faf0Ev!
0x000000000020fb20,sub_20fb20,8,_Z16subsdk0_f_20fb20v
0x000000000020fb30,sub_20fb30,96,_ZN7subsdk010sub_20fb30Ev!
0x000000000020fb90,sub_20fb90,60,_ZN7subsdk010sub_20fb90Ev!
0x000000000020fbd0,sub_20fbd0,136,_ZN7subsdk025sub_20fbd0_subsdk0_20fbd0Ev!
0x000000000020fc60,sub_20fc60,168,_ZN7subsdk025sub_20fc60_subsdk0_20fc60Ev!
0x000000000020fd10,sub_20fd10,272,_ZN7subsdk025sub_20fd10_subsdk0_20fd10Ev!
0x000000000020fe20,sub_20fe20,152,_ZN7subsdk010sub_20fe20Ev!
0x000000000020fec0,sub_20fec0,148,_ZN7subsdk010sub_20fec0Ev!
0x000000000020ff60,sub_20ff60,156,_ZN7subsdk010sub_20ff60Ev!
0x0000000000210000,sub_210000,156,_ZN7subsdk010sub_210000Ev!
0x00000000002100a0,sub_2100a0,156,_ZN7subsdk010sub_2100a0Ev!
0x0000000000210140,sub_210140,156,_ZN7subsdk025sub_210140_subsdk0_210140Ev!
0x00000000002101e0,sub_2101e0,132,_ZN7subsdk010sub_2101e0Ev!
0x0000000000210270,sub_210270,148,_ZN7subsdk010sub_210270Ev!
0x0000000000210310,sub_210310,172,_ZN7subsdk010sub_210310Ev!
0x00000000002103c0,sub_2103c0,172,_ZN7subsdk010sub_2103c0Ev!
0x0000000000210470,sub_210470,148,_ZN7subsdk010sub_210470Ev!
0x0000000000210510,sub_210510,148,_ZN7subsdk010sub_210510Ev!
0x00000000002105b0,sub_2105b0,156,_ZN7subsdk010sub_2105b0Ev!
0x0000000000210650,sub_210650,156,_ZN7subsdk010sub_210650Ev!
0x00000000002106f0,sub_2106f0,156,_ZN7subsdk010sub_2106f0Ev!
0x0000000000210790,sub_210790,148,_ZN7subsdk010sub_210790Ev!
0x0000000000210830,sub_210830,124,_ZN7subsdk010sub_210830Ev!
0x00000000002108b0,sub_2108b0,172,_ZN7subsdk010sub_2108b0Ev!
0x0000000000210960,sub_210960,156,_ZN7subsdk010sub_210960Ev!
0x0000000000210a00,sub_210a00,148,_ZN7subsdk010sub_210a00Ev!
0x0000000000210aa0,sub_210aa0,132,_ZN7subsdk010sub_210aa0Ev!
0x0000000000210b30,sub_210b30,180,_ZN7subsdk010sub_210b30Ev!
0x0000000000210bf0,sub_210bf0,148,_ZN7subsdk010sub_210bf0Ev!
0x0000000000210c90,sub_210c90,172,_ZN7subsdk010sub_210c90Ev!
0x0000000000210d40,sub_210d40,8,_Z16subsdk0_f_210d40Pv
0x0000000000210d50,OMXClient,424,_ZN7subsdk09OMXClientEv!
0x0000000000210f00,sub_210f00,60,_ZN7subsdk010sub_210f00Ev!
0x0000000000210f40,sub_210f40,72,_ZN7subsdk010sub_210f40Ev!
0x0000000000210f90,sub_210f90,68,_ZN7subsdk010sub_210f90Ev!
0x0000000000210fe0,sub_210fe0,52,_ZN7subsdk010sub_210fe0Ev!
0x0000000000211020,sub_211020,60,_ZN7subsdk010sub_211020Ev!
0x0000000000211060,sub_211060,4,_Z16subsdk0_f_211060v
0x0000000000211070,sub_211070,4,_Z16subsdk0_f_211070v
0x0000000000211080,sub_211080,20,_ZN7subsdk010sub_211080Ev!
0x00000000002110a0,sub_2110a0,148,_ZN7subsdk010sub_2110a0Ev!
0x0000000000211140,sub_211140,20,_ZN7subsdk010sub_211140Ev!
0x0000000000211160,sub_211160,20,_ZN7subsdk010sub_211160Ev!
0x0000000000211180,sub_211180,32,_ZN7subsdk010sub_211180Ev!
0x00000000002111a0,sub_2111a0,108,_ZN7subsdk010sub_2111a0Ev!
0x0000000000211210,OMX_google,1128,_ZN7subsdk010OMX_googleEv!
0x0000000000211680,OMX_google_2,260,_ZN7subsdk012OMX_google_2Ev!
0x0000000000211790,OMX_TI,544,_ZN7subsdk06OMX_TIEv!
0x00000000002119b0,OMXCodec,1108,_ZN7subsdk08OMXCodecEv!
0x0000000000211e10,unnamed_13,660,_ZN7subsdk025unnamed_13_subsdk0_211e10Ev!
0x00000000002120b0,OMXCodec_2,2420,_ZN7subsdk010OMXCodec_2Ev!
0x0000000000212a30,sub_212a30,292,_ZN7subsdk010sub_212a30Ev!
0x0000000000212b60,sub_212b60,92,_ZN7subsdk010sub_212b60Ev!
0x0000000000212bc0,sub_212bc0,384,_ZN7subsdk010sub_212bc0Ev!
0x0000000000212d40,OMXCodec_3,948,_ZN7subsdk010OMXCodec_3Ev!
0x0000000000213100,OMXCodec_4,1616,_ZN7subsdk010OMXCodec_4Ev!
0x0000000000213750,OMXCodec_5,1304,_ZN7subsdk010OMXCodec_5Ev!
0x0000000000213c70,sub_213c70,148,_ZN7subsdk010sub_213c70Ev!
0x0000000000213d10,OMXCodec_6,96,_ZN7subsdk010OMXCodec_6Ev!
0x0000000000213d70,OMXCodec_7,3084,_ZN7subsdk010OMXCodec_7Ev!
0x0000000000214980,OMXCodec_8,1888,_ZN7subsdk010OMXCodec_8Ev!
0x00000000002150e0,OMXCodec_9,868,_ZN7subsdk010OMXCodec_9Ev!
0x0000000000215450,OMXCodec_10,3696,_ZN7subsdk011OMXCodec_10Ev!
0x00000000002162c0,sub_2162c0,32,_ZN7subsdk010sub_2162c0Ev!
0x00000000002162e0,sub_2162e0,208,_ZN7subsdk010sub_2162e0Ev!
0x00000000002163b0,OMXCodec_11,156,_ZN7subsdk011OMXCodec_11Ev!
0x0000000000216450,OMXCodec_12,352,_ZN7subsdk011OMXCodec_12Ev!
0x00000000002165b0,OMXCodec_13,1036,_ZN7subsdk011OMXCodec_13Ev!
0x00000000002169c0,OMXCodec_14,1008,_ZN7subsdk011OMXCodec_14Ev!
0x0000000000216db0,OMXCodec_15,848,_ZN7subsdk011OMXCodec_15Ev!
0x0000000000217100,sub_217100,156,_ZN7subsdk010sub_217100Ev!
0x00000000002171a0,OMXCodec_16,448,_ZN7subsdk011OMXCodec_16Ev!
0x0000000000217360,sub_217360,276,_ZN7subsdk010sub_217360Ev!
0x0000000000217480,unnamed_14,664,_ZN7subsdk025unnamed_14_subsdk0_217480Ev!
0x0000000000217720,sub_217720,24,_ZN7subsdk010sub_217720Ev!
0x0000000000217740,video_encoder_4,1644,_ZN7subsdk015video_encoder_4Ev!
0x0000000000217db0,OMXCodec_17,948,_ZN7subsdk011OMXCodec_17Ev!
0x0000000000218170,sub_218170,44,_ZN7subsdk010sub_218170Ev!
0x00000000002181a0,sub_2181a0,100,_ZN7subsdk010sub_2181a0Ev!
0x0000000000218210,sub_218210,52,_ZN7subsdk010sub_218210Ev!
0x0000000000218250,sub_218250,52,_ZN7subsdk010sub_218250Ev!
0x0000000000218290,sub_218290,44,_ZN7subsdk010sub_218290Ev!
0x00000000002182c0,sub_2182c0,48,_ZN7subsdk010sub_2182c0Ev!
0x00000000002182f0,sub_2182f0,56,_ZN7subsdk010sub_2182f0Ev!
0x0000000000218330,sub_218330,52,_ZN7subsdk010sub_218330Ev!
0x0000000000218370,sub_218370,60,_ZN7subsdk010sub_218370Ev!
0x00000000002183b0,sub_2183b0,64,_ZN7subsdk010sub_2183b0Ev!
0x00000000002183f0,OMXCodec_18,764,_ZN7subsdk011OMXCodec_18Ev!
0x00000000002186f0,sub_2186f0,60,_ZN7subsdk010sub_2186f0Ev!
0x0000000000218730,sub_218730,36,_ZN7subsdk010sub_218730Ev!
0x0000000000218760,OMXCodec_19,1792,_ZN7subsdk011OMXCodec_19Ev!
0x0000000000218e60,sub_218e60,1064,_ZN7subsdk010sub_218e60Ev!
0x0000000000219290,sub_219290,212,_ZN7subsdk010sub_219290Ev!
0x0000000000219370,OMXCodec_20,308,_ZN7subsdk011OMXCodec_20Ev!
0x00000000002194b0,OMXCodec_21,408,_ZN7subsdk011OMXCodec_21Ev!
0x0000000000219650,sub_219650,636,_ZN7subsdk010sub_219650Ev!
0x00000000002198d0,OMXCodec_22,260,_ZN7subsdk011OMXCodec_22Ev!
0x00000000002199e0,OMXCodec_23,1928,_ZN7subsdk011OMXCodec_23Ev!
0x000000000021a170,OMXCodec_24,640,_ZN7subsdk011OMXCodec_24Ev!
0x000000000021a3f0,OMXCodec_25,560,_ZN7subsdk011OMXCodec_25Ev!
0x000000000021a620,sub_21a620,8,_ZN7subsdk010sub_21a620Ev!
0x000000000021a630,OMXCodec_26,2468,_ZN7subsdk011OMXCodec_26Ev!
0x000000000021afe0,OMXCodec_27,268,_ZN7subsdk011OMXCodec_27Ev!
0x000000000021b0f0,OMXCodec_28,2252,_ZN7subsdk011OMXCodec_28Ev!
0x000000000021b9c0,OMXCodec_29,460,_ZN7subsdk011OMXCodec_29Ev!
0x000000000021bb90,OMXCodec_30,1308,_ZN7subsdk011OMXCodec_30Ev!
0x000000000021c0b0,OMXCodec_31,2204,_ZN7subsdk011OMXCodec_31Ev!
0x000000000021c950,OMXCodec_32,296,_ZN7subsdk011OMXCodec_32Ev!
0x000000000021ca80,OMXCodec_33,632,_ZN7subsdk011OMXCodec_33Ev!
0x000000000021cd00,sub_21cd00,128,_ZN7subsdk010sub_21cd00Ev!
0x000000000021cd80,OMXCodec_34,616,_ZN7subsdk011OMXCodec_34Ev!
0x000000000021cff0,OMXCodec_35,236,_ZN7subsdk011OMXCodec_35Ev!
0x000000000021d0e0,OMXCodec_36,404,_ZN7subsdk011OMXCodec_36Ev!
0x000000000021d280,OMXCodec_37,640,_ZN7subsdk011OMXCodec_37Ev!
0x000000000021d500,OMXCodec_38,124,_ZN7subsdk011OMXCodec_38Ev!
0x000000000021d580,OMXCodec_39,116,_ZN7subsdk011OMXCodec_39Ev!
0x000000000021d600,OMXCodec_40,144,_ZN7subsdk011OMXCodec_40Ev!
0x000000000021d690,OMXCodec_41,136,_ZN7subsdk011OMXCodec_41Ev!
0x000000000021d720,sub_21d720,76,_ZN7subsdk010sub_21d720Ev!
0x000000000021d770,sub_21d770,304,_ZN7subsdk010sub_21d770Ev!
0x000000000021d8a0,OMXCodec_42,888,_ZN7subsdk011OMXCodec_42Ev!
0x000000000021dc20,OMXCodec_43,768,_ZN7subsdk011OMXCodec_43Ev!
0x000000000021df20,sub_21df20,460,_ZN7subsdk010sub_21df20Ev!
0x000000000021e0f0,OMXCodec_44,1132,_ZN7subsdk011OMXCodec_44Ev!
0x000000000021e560,sub_21e560,76,_ZN7subsdk010sub_21e560Ev!
0x000000000021e5b0,sub_21e5b0,76,_ZN7subsdk010sub_21e5b0Ev!
0x000000000021e600,OMXCodec_45,1224,_ZN7subsdk011OMXCodec_45Ev!
0x000000000021ead0,OMXCodec_46,644,_ZN7subsdk011OMXCodec_46Ev!
0x000000000021ed60,sub_21ed60,8,_ZN7subsdk010sub_21ed60Ev!
0x000000000021ed70,unsigned_fn,1240,_ZN7subsdk011unsigned_fnEv!
0x000000000021f250,TI_COLOR_FormatYUV420PackedSemiPlanar,716,_ZN7subsdk037TI_COLOR_FormatYUV420PackedSemiPlanarEv!
0x000000000021f520,OMXCodec_47,172,_ZN7subsdk011OMXCodec_47Ev!
0x000000000021f5d0,sub_21f5d0,60,_ZN7subsdk010sub_21f5d0Ev!
0x000000000021f610,sub_21f610,288,_ZN7subsdk010sub_21f610Ev!
0x000000000021f730,OMXCodec_48,1032,_ZN7subsdk011OMXCodec_48Ev!
0x000000000021fb40,sub_21fb40,36,_ZN7subsdk025sub_21fb40_subsdk0_21fb40Ev!
0x000000000021fb70,sub_21fb70,132,_ZN7subsdk010sub_21fb70Ev!
0x000000000021fc00,sub_21fc00,140,_ZN7subsdk010sub_21fc00Ev!
0x000000000021fc90,sub_21fc90,184,_ZN7subsdk010sub_21fc90Ev!
0x000000000021fd50,sub_21fd50,132,_ZN7subsdk010sub_21fd50Ev!
0x000000000021fde0,sub_21fde0,140,_ZN7subsdk010sub_21fde0Ev!
0x000000000021fe70,sub_21fe70,140,_ZN7subsdk010sub_21fe70Ev!
0x000000000021ff00,sub_21ff00,148,_ZN7subsdk010sub_21ff00Ev!
0x000000000021ffa0,sub_21ffa0,60,_ZN7subsdk010sub_21ffa0Ev!
0x000000000021ffe0,sub_21ffe0,4,_Z16subsdk0_f_21ffe0v
0x000000000021fff0,sub_21fff0,4,_Z16subsdk0_f_21fff0v
0x0000000000220000,sub_220000,20,_ZN7subsdk010sub_220000Ev!
0x0000000000220020,sub_220020,96,_ZN7subsdk010sub_220020Ev!
0x0000000000220080,sub_220080,20,_ZN7subsdk010sub_220080Ev!
0x00000000002200a0,sub_2200a0,20,_ZN7subsdk010sub_2200a0Ev!
0x00000000002200c0,sub_2200c0,60,_ZN7subsdk010sub_2200c0Ev!
0x0000000000220100,sub_220100,92,_ZN7subsdk010sub_220100Ev!
0x0000000000220160,sub_220160,76,_ZN7subsdk010sub_220160Ev!
0x00000000002201b0,sub_2201b0,124,_ZN7subsdk010sub_2201b0Ev!
0x0000000000220230,sub_220230,132,_ZN7subsdk010sub_220230Ev!
0x00000000002202c0,sub_2202c0,172,_ZN7subsdk010sub_2202c0Ev!
0x0000000000220370,sub_220370,164,_ZN7subsdk010sub_220370Ev!
0x0000000000220420,M4vH263Encoder,632,_ZN7subsdk014M4vH263EncoderEv!
0x00000000002206a0,sub_2206a0,44,_ZN7subsdk010sub_2206a0Ev!
0x00000000002206d0,sub_2206d0,20,_ZN7subsdk010sub_2206d0Ev!
0x00000000002206f0,SampleIterator,1064,_ZN7subsdk014SampleIteratorEv!
0x0000000000220b20,SampleIterator_2,260,_ZN7subsdk016SampleIterator_2Ev!
0x0000000000220c30,SampleIterator_3,404,_ZN7subsdk016SampleIterator_3Ev!
0x0000000000220dd0,SampleIterator_4,564,_ZN7subsdk016SampleIterator_4Ev!
0x0000000000221010,sub_221010,260,_ZN7subsdk010sub_221010Ev!
0x0000000000221120,sub_221120,48,_ZN7subsdk010sub_221120Ev!
0x0000000000221150,sub_221150,60,_ZN7subsdk010sub_221150Ev!
0x0000000000221190,sub_221190,176,_ZN7subsdk010sub_221190Ev!
0x0000000000221240,sub_221240,224,_ZN7subsdk010sub_221240Ev!
0x0000000000221320,sub_221320,216,_ZN7subsdk010sub_221320Ev!
0x0000000000221400,sub_221400,36,_ZN7subsdk010sub_221400Ev!
0x0000000000221430,sub_221430,64,_ZN7subsdk010sub_221430Ev!
0x0000000000221470,SampleTable,288,_ZN7subsdk011SampleTableEv!
0x0000000000221590,SampleTable_2,584,_ZN7subsdk013SampleTable_2Ev!
0x00000000002217e0,SampleTable_3,376,_ZN7subsdk013SampleTable_3Ev!
0x0000000000221960,sub_221960,424,_ZN7subsdk010sub_221960Ev!
0x0000000000221b10,sub_221b10,376,_ZN7subsdk010sub_221b10Ev!
0x0000000000221c90,sub_221c90,396,_ZN7subsdk010sub_221c90Ev!
0x0000000000221e20,sub_221e20,8,_Z16subsdk0_f_221e20Pv
0x0000000000221e30,sub_221e30,8,_Z16subsdk0_f_221e30Pv
0x0000000000221e40,sub_221e40,156,_ZN7subsdk010sub_221e40Ev!
0x0000000000221ee0,sub_221ee0,8,_ZN7subsdk010sub_221ee0Ev!
0x0000000000221ef0,sub_221ef0,16,_ZN7subsdk010sub_221ef0Ev!
0x0000000000221f00,sub_221f00,24,_ZN7subsdk010sub_221f00Ev!
0x0000000000221f20,sub_221f20,504,_ZN7subsdk010sub_221f20Ev!
0x0000000000222120,SampleTable_4,500,_ZN7subsdk013SampleTable_4Ev!
0x0000000000222320,SampleTable_5,420,_ZN7subsdk013SampleTable_5Ev!
0x00000000002224d0,sub_2224d0,240,_ZN7subsdk010sub_2224d0Ev!
0x00000000002225c0,sub_2225c0,336,_ZN7subsdk010sub_2225c0Ev!
0x0000000000222710,sub_222710,180,_ZN7subsdk010sub_222710Ev!
0x00000000002227d0,sub_2227d0,8,_Z16subsdk0_f_2227d0Pvj
0x00000000002227e0,sub_2227e0,8,_Z16subsdk0_f_2227e0Pvj
0x00000000002227f0,nvnDeviceGetProcAddress,96,_ZN7subsdk038nvnDeviceGetProcAddress_subsdk0_2227f0Ev!
0x0000000000222850,sub_222850,304,_ZN7subsdk010sub_222850Ev!
0x0000000000222980,sub_222980,184,_ZN7subsdk010sub_222980Ev!
0x0000000000222a40,sub_222a40,20,_Z16subsdk0_f_222a40Pvjjjj
0x0000000000222a60,sub_222a60,176,_ZN7subsdk010sub_222a60Ev!
0x0000000000222b10,sub_222b10,36,_ZN7subsdk010sub_222b10Ev!
0x0000000000222b40,sub_222b40,56,_ZN7subsdk010sub_222b40Ev!
0x0000000000222b80,sub_222b80,192,_ZN7subsdk010sub_222b80Ev!
0x0000000000222c40,sub_222c40,104,_ZN7subsdk025sub_222c40_subsdk0_222c40Ev!
0x0000000000222cb0,sub_222cb0,196,_ZN7subsdk010sub_222cb0Ev!
0x0000000000222d80,sub_222d80,8,_Z16subsdk0_f_222d80Pvm
0x0000000000222d90,nvnSyncInitializeFromNvRmSyncNVX,80,_ZN7subsdk032nvnSyncInitializeFromNvRmSyncNVXEv!
0x0000000000222de0,nvnTextureGetNvRmSurfaceNVX,196,_ZN7subsdk042nvnTextureGetNvRmSurfaceNVX_subsdk0_222de0Ev!
0x0000000000222eb0,nvnTextureGetNvRmSurfaceNVX_2,180,_ZN7subsdk029nvnTextureGetNvRmSurfaceNVX_2Ev!
0x0000000000222f70,sub_222f70,24,_ZN7subsdk010sub_222f70Ev!
0x0000000000222f90,sub_222f90,20,_Z16subsdk0_f_222f90PvS_S_
0x0000000000222fb0,sub_222fb0,24,_ZN7subsdk025sub_222fb0_subsdk0_222fb0Ev!
0x0000000000222fd0,sub_222fd0,1016,_ZN7subsdk010sub_222fd0Ev!
0x00000000002233d0,sub_2233d0,308,_ZN7subsdk010sub_2233d0Ev!
0x0000000000223510,d_s,1012,_ZN7subsdk03d_sEv!
0x0000000000223910,d_s_2,936,_ZN7subsdk05d_s_2Ev!
0x0000000000223cc0,d_s_3,560,_ZN7subsdk05d_s_3Ev!
0x0000000000223ef0,d_s_4,412,_ZN7subsdk05d_s_4Ev!
0x0000000000224090,scoopvideo,336,_ZN7subsdk010scoopvideoEv!
0x00000000002241e0,screenshot,184,_ZN7subsdk010screenshotEv!
0x00000000002242a0,screenshot_2,1952,_ZN7subsdk012screenshot_2Ev!
0x0000000000224a40,sub_224a40,932,_ZN7subsdk010sub_224a40Ev!
0x0000000000224df0,sub_224df0,272,_ZN7subsdk010sub_224df0Ev!
0x0000000000224f00,sub_224f00,16,_ZN7subsdk010sub_224f00Ev!
0x0000000000224f10,sub_224f10,20,_ZN7subsdk010sub_224f10Ev!
0x0000000000224f30,sub_224f30,8,_Z16subsdk0_f_224f30v
0x0000000000224f40,sub_224f40,8,_Z16subsdk0_f_224f40v
0x0000000000224f50,sub_224f50,4,_Z16subsdk0_f_224f50v
0x0000000000224f60,sub_224f60,100,_ZN7subsdk010sub_224f60Ev!
0x0000000000224fd0,sub_224fd0,132,_ZN7subsdk010sub_224fd0Ev!
0x0000000000225060,sub_225060,4,_ZN7subsdk010sub_225060Ev!
0x0000000000225070,sub_225070,4,_ZN7subsdk010sub_225070Ev!
0x0000000000225080,sub_225080,4,_ZN7subsdk010sub_225080Ev!
0x0000000000225090,sub_225090,4,_ZN7subsdk010sub_225090Ev!
0x00000000002250a0,sub_2250a0,36,_ZN7subsdk010sub_2250a0Ev!
0x00000000002250d0,sub_2250d0,20,_ZN7subsdk025sub_2250d0_subsdk0_2250d0Ev!
0x00000000002250f0,sub_2250f0,8,_ZN7subsdk010sub_2250f0Ev!
0x0000000000225100,sub_225100,28,_ZN7subsdk010sub_225100Ev!
0x0000000000225120,sub_225120,656,_ZN7subsdk010sub_225120Ev!
0x00000000002253b0,sub_2253b0,572,_ZN7subsdk010sub_2253b0Ev!
0x00000000002255f0,sub_2255f0,52,_ZN7subsdk025sub_2255f0_subsdk0_2255f0Ev!
0x0000000000225630,sub_225630,8,_Z16subsdk0_f_225630v
0x0000000000225640,sub_225640,44,_ZN7subsdk010sub_225640Ev!
0x0000000000225670,sub_225670,176,_ZN7subsdk010sub_225670Ev!
0x0000000000225720,sub_225720,56,_ZN7subsdk010sub_225720Ev!
0x0000000000225760,sub_225760,56,_ZN7subsdk010sub_225760Ev!
0x00000000002257a0,sub_2257a0,8,_Z16subsdk0_f_2257a0v
0x00000000002257b0,sub_2257b0,8,_Z16subsdk0_f_2257b0v
0x00000000002257c0,sub_2257c0,8,_Z16subsdk0_f_2257c0v
0x00000000002257d0,sub_2257d0,8,_Z16subsdk0_f_2257d0v
0x00000000002257e0,sub_2257e0,8,_Z16subsdk0_f_2257e0v
0x00000000002257f0,sub_2257f0,48,_ZN7subsdk010sub_2257f0Ev!
0x0000000000225820,sub_225820,8,_Z16subsdk0_f_225820v
0x0000000000225830,sub_225830,48,_ZN7subsdk010sub_225830Ev!
0x0000000000225860,sub_225860,8,_Z16subsdk0_f_225860v
0x0000000000225870,sub_225870,112,_ZN7subsdk010sub_225870Ev!
0x00000000002258e0,sub_2258e0,124,_ZN7subsdk010sub_2258e0Ev!
0x0000000000225960,sub_225960,64,_ZN7subsdk010sub_225960Ev!
0x00000000002259a0,sub_2259a0,104,_ZN7subsdk010sub_2259a0Ev!
0x0000000000225a10,sub_225a10,116,_ZN7subsdk025sub_225a10_subsdk0_225a10Ev!
0x0000000000225a90,sub_225a90,116,_ZN7subsdk010sub_225a90Ev!
0x0000000000225b10,sub_225b10,116,_ZN7subsdk010sub_225b10Ev!
0x0000000000225b90,sub_225b90,124,_ZN7subsdk010sub_225b90Ev!
0x0000000000225c10,sub_225c10,132,_ZN7subsdk010sub_225c10Ev!
0x0000000000225ca0,sub_225ca0,132,_ZN7subsdk010sub_225ca0Ev!
0x0000000000225d30,sub_225d30,132,_ZN7subsdk010sub_225d30Ev!
0x0000000000225dc0,sub_225dc0,8,_Z16subsdk0_f_225dc0Pv
0x0000000000225dd0,sub_225dd0,20,_ZN7subsdk010sub_225dd0Ev!
0x0000000000225df0,sub_225df0,8,_Z16subsdk0_f_225df0Pv
0x0000000000225e00,sub_225e00,20,_ZN7subsdk010sub_225e00Ev!
0x0000000000225e20,sub_225e20,8,_Z16subsdk0_f_225e20Pv
0x0000000000225e30,sub_225e30,8,_Z16subsdk0_f_225e30Pv
0x0000000000225e40,sub_225e40,20,_ZN7subsdk010sub_225e40Ev!
0x0000000000225e60,sub_225e60,8,_Z16subsdk0_f_225e60v
0x0000000000225e70,sub_225e70,8,_Z16subsdk0_f_225e70v
0x0000000000225e80,sub_225e80,8,_Z16subsdk0_f_225e80v
0x0000000000225e90,sub_225e90,8,_Z16subsdk0_f_225e90v
0x0000000000225ea0,sub_225ea0,264,_ZN7subsdk010sub_225ea0Ev!
0x0000000000225fb0,sub_225fb0,168,_ZN7subsdk010sub_225fb0Ev!
0x0000000000226060,sub_226060,52,_ZN7subsdk010sub_226060Ev!
0x00000000002260a0,sub_2260a0,176,_ZN7subsdk010sub_2260a0Ev!
0x0000000000226150,sub_226150,244,_ZN7subsdk010sub_226150Ev!
0x0000000000226250,sub_226250,156,_ZN7subsdk010sub_226250Ev!
0x00000000002262f0,sub_2262f0,8,_Z16subsdk0_f_2262f0Pv
0x0000000000226300,sub_226300,4,_ZN7subsdk010sub_226300Ev!
0x0000000000226310,sub_226310,160,_ZN7subsdk010sub_226310Ev!
0x00000000002263b0,sub_2263b0,160,_ZN7subsdk010sub_2263b0Ev!
0x0000000000226450,sub_226450,8,_ZN7subsdk010sub_226450Ev!
0x0000000000226460,sub_226460,4,_ZN7subsdk010sub_226460Ev!
0x0000000000226470,sub_226470,4,_ZN7subsdk010sub_226470Ev!
0x0000000000226480,sub_226480,4,_ZN7subsdk010sub_226480Ev!
0x0000000000226490,sub_226490,4,_ZN7subsdk010sub_226490Ev!
0x00000000002264a0,sub_2264a0,4,_ZN7subsdk010sub_2264a0Ev!
0x00000000002264b0,sub_2264b0,4,_ZN7subsdk010sub_2264b0Ev!
0x00000000002264c0,sub_2264c0,60,_ZN7subsdk010sub_2264c0Ev!
0x0000000000226500,sub_226500,76,_ZN7subsdk010sub_226500Ev!
0x0000000000226550,sub_226550,76,_ZN7subsdk010sub_226550Ev!
0x00000000002265a0,sub_2265a0,104,_ZN7subsdk010sub_2265a0Ev!
0x0000000000226610,sub_226610,100,_ZN7subsdk025sub_226610_subsdk0_226610Ev!
0x0000000000226680,sub_226680,152,_ZN7subsdk010sub_226680Ev!
0x0000000000226720,sub_226720,132,_ZN7subsdk010sub_226720Ev!
0x00000000002267b0,sub_2267b0,132,_ZN7subsdk010sub_2267b0Ev!
0x0000000000226840,sub_226840,60,_ZN7subsdk010sub_226840Ev!
0x0000000000226880,sub_226880,68,_ZN7subsdk010sub_226880Ev!
0x00000000002268d0,sub_2268d0,216,_ZN7subsdk010sub_2268d0Ev!
0x00000000002269b0,SkipCutBuffer,432,_ZN7subsdk013SkipCutBufferEv!
0x0000000000226b60,SkipCutBuffer_2,372,_ZN7subsdk015SkipCutBuffer_2Ev!
0x0000000000226ce0,sub_226ce0,172,_ZN7subsdk010sub_226ce0Ev!
0x0000000000226d90,sub_226d90,16,_Z16subsdk0_f_226d90Pv
0x0000000000226da0,sub_226da0,36,_ZN7subsdk010sub_226da0Ev!
0x0000000000226dd0,sub_226dd0,896,_ZN7subsdk010sub_226dd0Ev!
0x0000000000227150,sub_227150,872,_ZN7subsdk010sub_227150Ev!
0x00000000002274c0,SurfaceMediaSource,316,_ZN7subsdk018SurfaceMediaSourceEv!
0x0000000000227600,sub_227600,52,_ZN7subsdk010sub_227600Ev!
0x0000000000227640,sub_227640,44,_ZN7subsdk010sub_227640Ev!
0x0000000000227670,sub_227670,48,_ZN7subsdk010sub_227670Ev!
0x00000000002276a0,sub_2276a0,48,_ZN7subsdk010sub_2276a0Ev!
0x00000000002276d0,sub_2276d0,56,_ZN7subsdk010sub_2276d0Ev!
0x0000000000227710,sub_227710,52,_ZN7subsdk010sub_227710Ev!
0x0000000000227750,sub_227750,60,_ZN7subsdk010sub_227750Ev!
0x0000000000227790,sub_227790,60,_ZN7subsdk010sub_227790Ev!
0x00000000002277d0,sub_2277d0,64,_ZN7subsdk010sub_2277d0Ev!
0x0000000000227810,sub_227810,56,_ZN7subsdk010sub_227810Ev!
0x0000000000227850,sub_227850,120,_ZN7subsdk010sub_227850Ev!
0x00000000002278d0,sub_2278d0,108,_ZN7subsdk010sub_2278d0Ev!
0x0000000000227940,sub_227940,100,_ZN7subsdk010sub_227940Ev!
0x00000000002279b0,sub_2279b0,88,_ZN7subsdk010sub_2279b0Ev!
0x0000000000227a10,sub_227a10,8,_Z16subsdk0_f_227a10v
0x0000000000227a20,sub_227a20,56,_ZN7subsdk010sub_227a20Ev!
0x0000000000227a60,SurfaceMediaSource_2,436,_ZN7subsdk020SurfaceMediaSource_2Ev!
0x0000000000227c20,SurfaceMediaSource_3,224,_ZN7subsdk020SurfaceMediaSource_3Ev!
0x0000000000227d00,sub_227d00,60,_ZN7subsdk010sub_227d00Ev!
0x0000000000227d40,sub_227d40,148,_ZN7subsdk010sub_227d40Ev!
0x0000000000227de0,sub_227de0,248,_ZN7subsdk010sub_227de0Ev!
0x0000000000227ee0,SurfaceMediaSource_read,864,_ZN7subsdk023SurfaceMediaSource_readEv!
0x0000000000228240,SurfaceMediaSource_4,316,_ZN7subsdk020SurfaceMediaSource_4Ev!
0x0000000000228380,sub_228380,8,_ZN7subsdk010sub_228380Ev!
0x0000000000228390,sub_228390,176,_ZN7subsdk010sub_228390Ev!
0x0000000000228440,sub_228440,8,_ZN7subsdk010sub_228440Ev!
0x0000000000228450,sub_228450,100,_ZN7subsdk025sub_228450_subsdk0_228450Ev!
0x00000000002284c0,sub_2284c0,100,_ZN7subsdk010sub_2284c0Ev!
0x0000000000228530,sub_228530,4,_Z16subsdk0_f_228530v
0x0000000000228540,sub_228540,4,_Z16subsdk0_f_228540v
0x0000000000228550,sub_228550,60,_ZN7subsdk025sub_228550_subsdk0_228550Ev!
0x0000000000228590,sub_228590,24,_ZN7subsdk025sub_228590_subsdk0_228590Ev!
0x00000000002285b0,sub_2285b0,64,_ZN7subsdk010sub_2285b0Ev!
0x00000000002285f0,sub_2285f0,84,_ZN7subsdk010sub_2285f0Ev!
0x0000000000228650,sub_228650,80,_ZN7subsdk010sub_228650Ev!
0x00000000002286a0,sub_2286a0,100,_ZN7subsdk010sub_2286a0Ev!
0x0000000000228710,sub_228710,100,_ZN7subsdk010sub_228710Ev!
0x0000000000228780,sub_228780,24,_ZN7subsdk010sub_228780Ev!
0x00000000002287a0,ThrottledSource_cpp_31_CHECK_mBandwidthLimitBytesPerSeco,168,_ZN7subsdk056ThrottledSource_cpp_31_CHECK_mBandwidthLimitBytesPerSecoEv!
0x0000000000228850,sub_228850,196,_ZN7subsdk010sub_228850Ev!
0x0000000000228920,sub_228920,72,_ZN7subsdk010sub_228920Ev!
0x0000000000228970,sub_228970,80,_ZN7subsdk010sub_228970Ev!
0x00000000002289c0,sub_2289c0,16,_ZN7subsdk010sub_2289c0Ev!
0x00000000002289d0,sub_2289d0,16,_ZN7subsdk010sub_2289d0Ev!
0x00000000002289e0,sub_2289e0,16,_ZN7subsdk010sub_2289e0Ev!
0x00000000002289f0,sub_2289f0,16,_ZN7subsdk010sub_2289f0Ev!
0x0000000000228a00,sub_228a00,16,_ZN7subsdk010sub_228a00Ev!
0x0000000000228a10,sub_228a10,16,_ZN7subsdk010sub_228a10Ev!
0x0000000000228a20,sub_228a20,8,_ZN7subsdk010sub_228a20Ev!
0x0000000000228a30,sub_228a30,16,_ZN7subsdk010sub_228a30Ev!
0x0000000000228a40,sub_228a40,188,_ZN7subsdk010sub_228a40Ev!
0x0000000000228b00,sub_228b00,432,_ZN7subsdk010sub_228b00Ev!
0x0000000000228cb0,sub_228cb0,332,_ZN7subsdk010sub_228cb0Ev!
0x0000000000228e00,sub_228e00,160,_ZN7subsdk010sub_228e00Ev!
0x0000000000228ea0,sub_228ea0,128,_ZN7subsdk010sub_228ea0Ev!
0x0000000000228f20,sub_228f20,24,_ZN7subsdk025sub_228f20_subsdk0_228f20Ev!
0x0000000000228f40,sub_228f40,8,_ZN7subsdk010sub_228f40Ev!
0x0000000000228f50,TimedEventQueue,440,_ZN7subsdk015TimedEventQueueEv!
0x0000000000229110,sub_229110,24,_ZN7subsdk010sub_229110Ev!
0x0000000000229130,sub_229130,8,_ZN7subsdk010sub_229130Ev!
0x0000000000229140,TimedEventQueue_2,104,_ZN7subsdk017TimedEventQueue_2Ev!
0x00000000002291b0,TimedEventQueue_3,68,_ZN7subsdk017TimedEventQueue_3Ev!
0x0000000000229200,sub_229200,196,_ZN7subsdk010sub_229200Ev!
0x00000000002292d0,sub_2292d0,332,_ZN7subsdk010sub_2292d0Ev!
0x0000000000229420,TimedEventQueue_4,608,_ZN7subsdk017TimedEventQueue_4Ev!
0x0000000000229680,sub_229680,156,_ZN7subsdk010sub_229680Ev!
0x0000000000229720,sub_229720,92,_ZN7subsdk010sub_229720Ev!
0x0000000000229780,sub_229780,92,_ZN7subsdk010sub_229780Ev!
0x00000000002297e0,sub_2297e0,8,_ZN7subsdk010sub_2297e0Ev!
0x00000000002297f0,sub_2297f0,40,_ZN7subsdk010sub_2297f0Ev!
0x0000000000229820,sub_229820,20,_ZN7subsdk010sub_229820Ev!
0x0000000000229840,sub_229840,48,_ZN7subsdk010sub_229840Ev!
0x0000000000229870,sub_229870,36,_ZN7subsdk025sub_229870_subsdk0_229870Ev!
0x00000000002298a0,sub_2298a0,12,_Z16subsdk0_f_2298a0mPv
0x00000000002298b0,sub_2298b0,152,_ZN7subsdk010sub_2298b0Ev!
0x0000000000229950,sub_229950,52,_ZN7subsdk010sub_229950Ev!
0x0000000000229990,sub_229990,40,_ZN7subsdk010sub_229990Ev!
0x00000000002299c0,sub_2299c0,4,_Z16subsdk0_f_2299c0v
0x00000000002299d0,sub_2299d0,4,_ZN7subsdk010sub_2299d0Ev!
0x00000000002299e0,sub_2299e0,16,_ZN7subsdk010sub_2299e0Ev!
0x00000000002299f0,sub_2299f0,12,_ZN7subsdk010sub_2299f0Ev!
0x0000000000229a00,sub_229a00,12,_ZN7subsdk010sub_229a00Ev!
0x0000000000229a10,sub_229a10,8,_Z16subsdk0_f_229a10Pv
0x0000000000229a20,sub_229a20,8,_Z16subsdk0_f_229a20Pv
0x0000000000229a30,sub_229a30,8,_Z16subsdk0_f_229a30Pv
0x0000000000229a40,sub_229a40,20,_ZN7subsdk010sub_229a40Ev!
0x0000000000229a60,sub_229a60,20,_ZN7subsdk010sub_229a60Ev!
0x0000000000229a80,totalDataSize,4944,_ZN7subsdk013totalDataSizeEv!
0x000000000022add0,sub_22add0,352,_ZN7subsdk010sub_22add0Ev!
0x000000000022af30,durationUs_6,2508,_ZN7subsdk012durationUs_6Ev!
0x000000000022b900,Unknown,112,_ZN7subsdk022Unknown_subsdk0_22b900Ev!
0x000000000022b970,music_offload_sample_rate,496,_ZN7subsdk025music_offload_sample_rateEv!
0x000000000022bb60,sub_22bb60,112,_ZN7subsdk010sub_22bb60Ev!
0x000000000022bbd0,sub_22bbd0,160,_ZN7subsdk010sub_22bbd0Ev!
0x000000000022bc70,sub_22bc70,8,_Z16subsdk0_f_22bc70v
0x000000000022bc80,suppressed,400,_ZN7subsdk010suppressedEv!
0x000000000022be10,sub_22be10,196,_ZN7subsdk010sub_22be10Ev!
0x000000000022bee0,VBRISeeker,976,_ZN7subsdk010VBRISeekerEv!
0x000000000022c2b0,sub_22c2b0,88,_ZN7subsdk010sub_22c2b0Ev!
0x000000000022c310,sub_22c310,28,_ZN7subsdk010sub_22c310Ev!
0x000000000022c330,sub_22c330,108,_ZN7subsdk010sub_22c330Ev!
0x000000000022c3a0,sub_22c3a0,84,_ZN7subsdk025sub_22c3a0_subsdk0_22c3a0Ev!
0x000000000022c400,sub_22c400,92,_ZN7subsdk010sub_22c400Ev!
0x000000000022c460,sub_22c460,100,_ZN7subsdk010sub_22c460Ev!
0x000000000022c4d0,WAVExtractor,1460,_ZN7subsdk012WAVExtractorEv!
0x000000000022ca90,sub_22ca90,80,_ZN7subsdk010sub_22ca90Ev!
0x000000000022cae0,sub_22cae0,88,_ZN7subsdk025sub_22cae0_subsdk0_22cae0Ev!
0x000000000022cb40,sub_22cb40,124,_ZN7subsdk010sub_22cb40Ev!
0x000000000022cbc0,sub_22cbc0,16,_Z16subsdk0_f_22cbc0Pv
0x000000000022cbd0,sub_22cbd0,132,_ZN7subsdk010sub_22cbd0Ev!
0x000000000022cc60,WAVExtractor_2,348,_ZN7subsdk014WAVExtractor_2Ev!
0x000000000022cdc0,sub_22cdc0,44,_ZN7subsdk010sub_22cdc0Ev!
0x000000000022cdf0,WAVExtractor_3,328,_ZN7subsdk014WAVExtractor_3Ev!
0x000000000022cf40,sub_22cf40,116,_ZN7subsdk010sub_22cf40Ev!
0x000000000022cfc0,sub_22cfc0,148,_ZN7subsdk010sub_22cfc0Ev!
0x000000000022d060,sub_22d060,156,_ZN7subsdk025sub_22d060_subsdk0_22d060Ev!
0x000000000022d100,sub_22d100,156,_ZN7subsdk010sub_22d100Ev!
0x000000000022d1a0,sub_22d1a0,16,_ZN7subsdk010sub_22d1a0Ev!
0x000000000022d1b0,WAVExtractor_4,204,_ZN7subsdk014WAVExtractor_4Ev!
0x000000000022d280,WAVExtractor_5,120,_ZN7subsdk014WAVExtractor_5Ev!
0x000000000022d300,sub_22d300,24,_ZN7subsdk025sub_22d300_subsdk0_22d300Ev!
0x000000000022d320,WAVExtractor_6,1164,_ZN7subsdk014WAVExtractor_6Ev!
0x000000000022d7b0,sub_22d7b0,332,_ZN7subsdk010sub_22d7b0Ev!
0x000000000022d900,sub_22d900,100,_ZN7subsdk010sub_22d900Ev!
0x000000000022d970,sub_22d970,24,_ZN7subsdk010sub_22d970Ev!
0x000000000022d990,sub_22d990,80,_ZN7subsdk010sub_22d990Ev!
0x000000000022d9e0,sub_22d9e0,88,_ZN7subsdk025sub_22d9e0_subsdk0_22d9e0Ev!
0x000000000022da40,sub_22da40,24,_ZN7subsdk010sub_22da40Ev!
0x000000000022da60,sub_22da60,28,_ZN7subsdk025sub_22da60_subsdk0_22da60Ev!
0x000000000022da80,sub_22da80,28,_ZN7subsdk010sub_22da80Ev!
0x000000000022daa0,sub_22daa0,28,_ZN7subsdk010sub_22daa0Ev!
0x000000000022dac0,sub_22dac0,24,_ZN7subsdk025sub_22dac0_subsdk0_22dac0Ev!
0x000000000022dae0,sub_22dae0,28,_ZN7subsdk010sub_22dae0Ev!
0x000000000022db00,sub_22db00,28,_ZN7subsdk010sub_22db00Ev!
0x000000000022db20,sub_22db20,28,_ZN7subsdk025sub_22db20_subsdk0_22db20Ev!
0x000000000022db40,sub_22db40,24,_ZN7subsdk010sub_22db40Ev!
0x000000000022db60,sub_22db60,28,_ZN7subsdk010sub_22db60Ev!
0x000000000022db80,sub_22db80,24,_ZN7subsdk010sub_22db80Ev!
0x000000000022dba0,sub_22dba0,52,_ZN7subsdk025sub_22dba0_subsdk0_22dba0Ev!
0x000000000022dbe0,sub_22dbe0,72,_ZN7subsdk010sub_22dbe0Ev!
0x000000000022dc30,sub_22dc30,64,_ZN7subsdk010sub_22dc30Ev!
0x000000000022dc70,sub_22dc70,28,_ZN7subsdk010sub_22dc70Ev!
0x000000000022dc90,sub_22dc90,228,_ZN7subsdk025sub_22dc90_subsdk0_22dc90Ev!
0x000000000022dd80,sub_22dd80,840,_ZN7subsdk010sub_22dd80Ev!
0x000000000022e0d0,sub_22e0d0,8,_Z16subsdk0_f_22e0d0Pv
0x000000000022e0e0,sub_22e0e0,8,_Z16subsdk0_f_22e0e0Pv
0x000000000022e0f0,sub_22e0f0,36,_ZN7subsdk010sub_22e0f0Ev!
0x000000000022e120,sub_22e120,192,_ZN7subsdk025sub_22e120_subsdk0_22e120Ev!
0x000000000022e1e0,sub_22e1e0,24,_ZN7subsdk010sub_22e1e0Ev!
0x000000000022e200,sub_22e200,140,_ZN7subsdk010sub_22e200Ev!
0x000000000022e290,sub_22e290,244,_ZN7subsdk010sub_22e290Ev!
0x000000000022e390,sub_22e390,44,_ZN7subsdk010sub_22e390Ev!
0x000000000022e3c0,sub_22e3c0,244,_ZN7subsdk010sub_22e3c0Ev!
0x000000000022e4c0,MatroskaExtractor,680,_ZN7subsdk017MatroskaExtractorEv!
0x000000000022e770,MatroskaExtractor_2,700,_ZN7subsdk019MatroskaExtractor_2Ev!
0x000000000022ea30,sub_22ea30,252,_ZN7subsdk010sub_22ea30Ev!
0x000000000022eb30,sub_22eb30,108,_ZN7subsdk025sub_22eb30_subsdk0_22eb30Ev!
0x000000000022eba0,sub_22eba0,44,_ZN7subsdk010sub_22eba0Ev!
0x000000000022ebd0,sub_22ebd0,56,_ZN7subsdk010sub_22ebd0Ev!
0x000000000022ec10,sub_22ec10,52,_ZN7subsdk010sub_22ec10Ev!
0x000000000022ec50,sub_22ec50,64,_ZN7subsdk010sub_22ec50Ev!
0x000000000022ec90,sub_22ec90,28,_ZN7subsdk010sub_22ec90Ev!
0x000000000022ecb0,sub_22ecb0,200,_ZN7subsdk010sub_22ecb0Ev!
0x000000000022ed80,sub_22ed80,112,_ZN7subsdk010sub_22ed80Ev!
0x000000000022edf0,sub_22edf0,40,_ZN7subsdk010sub_22edf0Ev!
0x000000000022ee20,sub_22ee20,392,_ZN7subsdk010sub_22ee20Ev!
0x000000000022efb0,sub_22efb0,384,_ZN7subsdk010sub_22efb0Ev!
0x000000000022f130,sub_22f130,148,_ZN7subsdk010sub_22f130Ev!
0x000000000022f1d0,MatroskaExtractor_3,1788,_ZN7subsdk019MatroskaExtractor_3Ev!
0x000000000022f8d0,sub_22f8d0,72,_ZN7subsdk010sub_22f8d0Ev!
0x000000000022f920,sub_22f920,16,_ZN7subsdk010sub_22f920Ev!
0x000000000022f930,sub_22f930,20,_ZN7subsdk010sub_22f930Ev!
0x000000000022f950,sub_22f950,68,_ZN7subsdk010sub_22f950Ev!
0x000000000022f9a0,MatroskaExtractor_4,936,_ZN7subsdk019MatroskaExtractor_4Ev!
0x000000000022fd50,sub_22fd50,84,_ZN7subsdk010sub_22fd50Ev!
0x000000000022fdb0,MatroskaExtractor_5,788,_ZN7subsdk019MatroskaExtractor_5Ev!
0x00000000002300d0,MatroskaExtractor_6,1584,_ZN7subsdk019MatroskaExtractor_6Ev!
0x0000000000230700,sub_230700,8,_Z16subsdk0_f_230700Pv
0x0000000000230710,MatroskaExtractor_7,576,_ZN7subsdk019MatroskaExtractor_7Ev!
0x0000000000230950,MatroskaExtractor_8,1732,_ZN7subsdk019MatroskaExtractor_8Ev!
0x0000000000231020,sub_231020,188,_ZN7subsdk025sub_231020_subsdk0_231020Ev!
0x00000000002310e0,sub_2310e0,52,_ZN7subsdk025sub_2310e0_subsdk0_2310e0Ev!
0x0000000000231120,sub_231120,36,_ZN7subsdk010sub_231120Ev!
0x0000000000231150,sub_231150,8,_Z16subsdk0_f_231150Pv
0x0000000000231160,sub_231160,160,_ZN7subsdk025sub_231160_subsdk0_231160Ev!
0x0000000000231200,sub_231200,140,_ZN7subsdk010sub_231200Ev!
0x0000000000231290,MatroskaExtractor_9,680,_ZN7subsdk019MatroskaExtractor_9Ev!
0x0000000000231540,sub_231540,396,_ZN7subsdk010sub_231540Ev!
0x00000000002316d0,sub_2316d0,260,_ZN7subsdk010sub_2316d0Ev!
0x00000000002317e0,MatroskaExtractor_10,1024,_ZN7subsdk020MatroskaExtractor_10Ev!
0x0000000000231be0,webm,124,_ZN7subsdk04webmEv!
0x0000000000231c60,sub_231c60,176,_ZN7subsdk010sub_231c60Ev!
0x0000000000231d10,sub_231d10,208,_ZN7subsdk010sub_231d10Ev!
0x0000000000231de0,sub_231de0,64,_ZN7subsdk010sub_231de0Ev!
0x0000000000231e20,MatroskaExtractor_11,196,_ZN7subsdk020MatroskaExtractor_11Ev!
0x0000000000231ef0,sub_231ef0,108,_ZN7subsdk010sub_231ef0Ev!
0x0000000000231f60,sub_231f60,72,_ZN7subsdk010sub_231f60Ev!
0x0000000000231fb0,sub_231fb0,60,_ZN7subsdk010sub_231fb0Ev!
0x0000000000231ff0,sub_231ff0,88,_ZN7subsdk010sub_231ff0Ev!
0x0000000000232050,sub_232050,104,_ZN7subsdk010sub_232050Ev!
0x00000000002320c0,sub_2320c0,140,_ZN7subsdk010sub_2320c0Ev!
0x0000000000232150,sub_232150,140,_ZN7subsdk010sub_232150Ev!
0x00000000002321e0,sub_2321e0,200,_ZN7subsdk010sub_2321e0Ev!
0x00000000002322b0,sub_2322b0,192,_ZN7subsdk010sub_2322b0Ev!
0x0000000000232370,sub_232370,52,_ZN7subsdk010sub_232370Ev!
0x00000000002323b0,sub_2323b0,60,_ZN7subsdk010sub_2323b0Ev!
0x00000000002323f0,sub_2323f0,4,_Z16subsdk0_f_2323f0v
0x0000000000232400,sub_232400,4,_Z16subsdk0_f_232400v
0x0000000000232410,sub_232410,20,_ZN7subsdk010sub_232410Ev!
0x0000000000232430,sub_232430,96,_ZN7subsdk010sub_232430Ev!
0x0000000000232490,sub_232490,20,_ZN7subsdk010sub_232490Ev!
0x00000000002324b0,sub_2324b0,20,_ZN7subsdk010sub_2324b0Ev!
0x00000000002324d0,sub_2324d0,4,_Z16subsdk0_f_2324d0v
0x00000000002324e0,sub_2324e0,4,_ZN7subsdk025sub_2324e0_subsdk0_2324e0Ev!
0x00000000002324f0,sub_2324f0,28,_Z16subsdk0_f_2324f0PvS_S_S_
0x0000000000232510,sub_232510,304,_ZN7subsdk010sub_232510Ev!
0x0000000000232640,sub_232640,284,_ZN7subsdk010sub_232640Ev!
0x0000000000232760,sub_232760,232,_ZN7subsdk010sub_232760Ev!
0x0000000000232850,sub_232850,148,_ZN7subsdk010sub_232850Ev!
0x00000000002328f0,sub_2328f0,256,_ZN7subsdk010sub_2328f0Ev!
0x00000000002329f0,sub_2329f0,220,_ZN7subsdk010sub_2329f0Ev!
0x0000000000232ad0,sub_232ad0,184,_ZN7subsdk010sub_232ad0Ev!
0x0000000000232b90,sub_232b90,664,_ZN7subsdk010sub_232b90Ev!
0x0000000000232e30,sub_232e30,1028,_ZN7subsdk010sub_232e30Ev!
0x0000000000233240,sub_233240,1036,_ZN7subsdk010sub_233240Ev!
0x0000000000233650,sub_233650,32,_ZN7subsdk010sub_233650Ev!
0x0000000000233670,sub_233670,72,_ZN7subsdk010sub_233670Ev!
0x00000000002336c0,sub_2336c0,16,_ZN7subsdk010sub_2336c0Ev!
0x00000000002336d0,sub_2336d0,2080,_ZN7subsdk010sub_2336d0Ev!
0x0000000000233ef0,sub_233ef0,60,_ZN7subsdk010sub_233ef0Ev!
0x0000000000233f30,sub_233f30,704,_ZN7subsdk010sub_233f30Ev!
0x00000000002341f0,sub_2341f0,1260,_ZN7subsdk010sub_2341f0Ev!
0x00000000002346e0,sub_2346e0,2136,_ZN7subsdk010sub_2346e0Ev!
0x0000000000234f40,sub_234f40,1076,_ZN7subsdk010sub_234f40Ev!
0x0000000000235380,sub_235380,420,_ZN7subsdk010sub_235380Ev!
0x0000000000235530,sub_235530,812,_ZN7subsdk010sub_235530Ev!
0x0000000000235860,sub_235860,200,_ZN7subsdk010sub_235860Ev!
0x0000000000235930,sub_235930,200,_ZN7subsdk010sub_235930Ev!
0x0000000000235a00,sub_235a00,68,_ZN7subsdk010sub_235a00Ev!
0x0000000000235a50,sub_235a50,2560,_ZN7subsdk010sub_235a50Ev!
0x0000000000236450,sub_236450,140,_ZN7subsdk010sub_236450Ev!
0x00000000002364e0,sub_2364e0,2480,_ZN7subsdk010sub_2364e0Ev!
0x0000000000236e90,sub_236e90,16,_ZN7subsdk010sub_236e90Ev!
0x0000000000236ea0,sub_236ea0,8,_Z16subsdk0_f_236ea0Pv
0x0000000000236eb0,sub_236eb0,108,_ZN7subsdk010sub_236eb0Ev!
0x0000000000236f20,sub_236f20,476,_ZN7subsdk010sub_236f20Ev!
0x0000000000237100,sub_237100,1764,_ZN7subsdk010sub_237100Ev!
0x00000000002377f0,sub_2377f0,364,_ZN7subsdk010sub_2377f0Ev!
0x0000000000237960,sub_237960,260,_ZN7subsdk010sub_237960Ev!
0x0000000000237a70,sub_237a70,12,_Z16subsdk0_f_237a70Pv
0x0000000000237a80,sub_237a80,28,_Z16subsdk0_f_237a80Pvmmmmm
0x0000000000237aa0,sub_237aa0,60,_ZN7subsdk010sub_237aa0Ev!
0x0000000000237ae0,sub_237ae0,1492,_ZN7subsdk010sub_237ae0Ev!
0x00000000002380c0,sub_2380c0,8,_Z16subsdk0_f_2380c0Pv
0x00000000002380d0,sub_2380d0,48,_ZN7subsdk025sub_2380d0_subsdk0_2380d0Ev!
0x0000000000238100,sub_238100,8,_Z16subsdk0_f_238100Pv
0x0000000000238110,sub_238110,44,_ZN7subsdk010sub_238110Ev!
0x0000000000238140,sub_238140,1392,_ZN7subsdk010sub_238140Ev!
0x00000000002386b0,sub_2386b0,24,_ZN7subsdk010sub_2386b0Ev!
0x00000000002386d0,sub_2386d0,124,_ZN7subsdk025sub_2386d0_subsdk0_2386d0Ev!
0x0000000000238750,sub_238750,24,_ZN7subsdk010sub_238750Ev!
0x0000000000238770,sub_238770,24,_ZN7subsdk010sub_238770Ev!
0x0000000000238790,sub_238790,616,_ZN7subsdk010sub_238790Ev!
0x0000000000238a00,sub_238a00,360,_ZN7subsdk010sub_238a00Ev!
0x0000000000238b70,sub_238b70,692,_ZN7subsdk010sub_238b70Ev!
0x0000000000238e30,sub_238e30,8,_Z16subsdk0_f_238e30Pv
0x0000000000238e40,sub_238e40,1940,_ZN7subsdk010sub_238e40Ev!
0x00000000002395e0,sub_2395e0,392,_ZN7subsdk010sub_2395e0Ev!
0x0000000000239770,sub_239770,20,_ZN7subsdk010sub_239770Ev!
0x0000000000239790,sub_239790,64,_ZN7subsdk010sub_239790Ev!
0x00000000002397d0,sub_2397d0,48,_ZN7subsdk010sub_2397d0Ev!
0x0000000000239800,sub_239800,56,_ZN7subsdk010sub_239800Ev!
0x0000000000239840,sub_239840,100,_ZN7subsdk010sub_239840Ev!
0x00000000002398b0,sub_2398b0,24,_ZN7subsdk010sub_2398b0Ev!
0x00000000002398d0,sub_2398d0,408,_ZN7subsdk010sub_2398d0Ev!
0x0000000000239a70,sub_239a70,568,_ZN7subsdk010sub_239a70Ev!
0x0000000000239cb0,sub_239cb0,352,_ZN7subsdk010sub_239cb0Ev!
0x0000000000239e10,sub_239e10,20,_ZN7subsdk010sub_239e10Ev!
0x0000000000239e30,sub_239e30,16,_ZN7subsdk025sub_239e30_subsdk0_239e30Ev!
0x0000000000239e40,sub_239e40,948,_ZN7subsdk010sub_239e40Ev!
0x000000000023a200,sub_23a200,8,_Z16subsdk0_f_23a200Pv
0x000000000023a210,sub_23a210,8,_Z16subsdk0_f_23a210Pv
0x000000000023a220,sub_23a220,8,_Z16subsdk0_f_23a220Pv
0x000000000023a230,sub_23a230,140,_ZN7subsdk010sub_23a230Ev!
0x000000000023a2c0,sub_23a2c0,36,_ZN7subsdk010sub_23a2c0Ev!
0x000000000023a2f0,sub_23a2f0,40,_ZN7subsdk010sub_23a2f0Ev!
0x000000000023a320,sub_23a320,8,_Z16subsdk0_f_23a320Pv
0x000000000023a330,sub_23a330,2124,_ZN7subsdk010sub_23a330Ev!
0x000000000023ab80,sub_23ab80,8,_Z16subsdk0_f_23ab80Pv
0x000000000023ab90,sub_23ab90,1428,_ZN7subsdk010sub_23ab90Ev!
0x000000000023b130,sub_23b130,3492,_ZN7subsdk010sub_23b130Ev!
0x000000000023bee0,sub_23bee0,268,_ZN7subsdk025sub_23bee0_subsdk0_23bee0Ev!
0x000000000023bff0,sub_23bff0,76,_ZN7subsdk010sub_23bff0Ev!
0x000000000023c040,sub_23c040,8,_Z16subsdk0_f_23c040Pv
0x000000000023c050,sub_23c050,8,_Z16subsdk0_f_23c050Pv
0x000000000023c060,sub_23c060,8,_Z16subsdk0_f_23c060Pv
0x000000000023c070,sub_23c070,8,_Z16subsdk0_f_23c070Pv
0x000000000023c080,sub_23c080,8,_Z16subsdk0_f_23c080Pv
0x000000000023c090,sub_23c090,44,_ZN7subsdk010sub_23c090Ev!
0x000000000023c0c0,sub_23c0c0,40,_ZN7subsdk010sub_23c0c0Ev!
0x000000000023c0f0,sub_23c0f0,20,_ZN7subsdk010sub_23c0f0Ev!
0x000000000023c110,sub_23c110,184,_ZN7subsdk010sub_23c110Ev!
0x000000000023c1d0,sub_23c1d0,100,_ZN7subsdk010sub_23c1d0Ev!
0x000000000023c240,sub_23c240,300,_ZN7subsdk010sub_23c240Ev!
0x000000000023c370,sub_23c370,8,_Z16subsdk0_f_23c370Pv
0x000000000023c380,sub_23c380,44,_ZN7subsdk010sub_23c380Ev!
0x000000000023c3b0,sub_23c3b0,224,_ZN7subsdk010sub_23c3b0Ev!
0x000000000023c490,sub_23c490,28,_Z16subsdk0_f_23c490PvS_
0x000000000023c4b0,sub_23c4b0,8,_ZN7subsdk025sub_23c4b0_subsdk0_23c4b0Ev!
0x000000000023c4c0,sub_23c4c0,256,_ZN7subsdk010sub_23c4c0Ev!
0x000000000023c5c0,sub_23c5c0,4,_Z16subsdk0_f_23c5c0v
0x000000000023c5d0,sub_23c5d0,4,_Z16subsdk0_f_23c5d0v
0x000000000023c5e0,sub_23c5e0,8,_Z16subsdk0_f_23c5e0Pv
0x000000000023c5f0,sub_23c5f0,48,_ZN7subsdk010sub_23c5f0Ev!
0x000000000023c620,sub_23c620,188,_ZN7subsdk010sub_23c620Ev!
0x000000000023c6e0,sub_23c6e0,128,_ZN7subsdk010sub_23c6e0Ev!
0x000000000023c760,sub_23c760,268,_ZN7subsdk010sub_23c760Ev!
0x000000000023c870,sub_23c870,20,_ZN7subsdk010sub_23c870Ev!
0x000000000023c890,sub_23c890,876,_ZN7subsdk010sub_23c890Ev!
0x000000000023cc00,sub_23cc00,60,_Z16subsdk0_f_23cc00PvS_
0x000000000023cc40,sub_23cc40,4,_Z16subsdk0_f_23cc40v
0x000000000023cc50,sub_23cc50,4,_Z16subsdk0_f_23cc50v
0x000000000023cc60,sub_23cc60,8,_Z16subsdk0_f_23cc60Pv
0x000000000023cc70,sub_23cc70,8,_Z16subsdk0_f_23cc70Pv
0x000000000023cc80,sub_23cc80,8,_Z16subsdk0_f_23cc80Pv
0x000000000023cc90,sub_23cc90,8,_Z16subsdk0_f_23cc90Pv
0x000000000023cca0,sub_23cca0,72,_ZN7subsdk010sub_23cca0Ev!
0x000000000023ccf0,sub_23ccf0,52,_ZN7subsdk010sub_23ccf0Ev!
0x000000000023cd30,sub_23cd30,72,_ZN7subsdk010sub_23cd30Ev!
0x000000000023cd80,sub_23cd80,8,_Z16subsdk0_f_23cd80Pv
0x000000000023cd90,sub_23cd90,48,_ZN7subsdk010sub_23cd90Ev!
0x000000000023cdc0,sub_23cdc0,76,_ZN7subsdk010sub_23cdc0Ev!
0x000000000023ce10,sub_23ce10,316,_ZN7subsdk010sub_23ce10Ev!
0x000000000023cf50,sub_23cf50,236,_ZN7subsdk010sub_23cf50Ev!
0x000000000023d040,sub_23d040,12,_Z16subsdk0_f_23d040Pv
0x000000000023d050,sub_23d050,584,_ZN7subsdk010sub_23d050Ev!
0x000000000023d2a0,sub_23d2a0,28,_Z16subsdk0_f_23d2a0PvS_
0x000000000023d2c0,sub_23d2c0,4,_Z16subsdk0_f_23d2c0v
0x000000000023d2d0,sub_23d2d0,4,_Z16subsdk0_f_23d2d0v
0x000000000023d2e0,sub_23d2e0,8,_Z16subsdk0_f_23d2e0Pv
0x000000000023d2f0,sub_23d2f0,8,_Z16subsdk0_f_23d2f0Pv
0x000000000023d300,sub_23d300,8,_Z16subsdk0_f_23d300Pv
0x000000000023d310,sub_23d310,20,_ZN7subsdk010sub_23d310Ev!
0x000000000023d330,sub_23d330,212,_ZN7subsdk010sub_23d330Ev!
0x000000000023d410,sub_23d410,128,_ZN7subsdk010sub_23d410Ev!
0x000000000023d490,sub_23d490,436,_ZN7subsdk010sub_23d490Ev!
0x000000000023d650,sub_23d650,8,_Z16subsdk0_f_23d650Pv
0x000000000023d660,sub_23d660,44,_ZN7subsdk010sub_23d660Ev!
0x000000000023d690,sub_23d690,224,_ZN7subsdk010sub_23d690Ev!
0x000000000023d770,sub_23d770,28,_Z16subsdk0_f_23d770PvS_
0x000000000023d790,sub_23d790,8,_ZN7subsdk010sub_23d790Ev!
0x000000000023d7a0,sub_23d7a0,196,_ZN7subsdk010sub_23d7a0Ev!
0x000000000023d870,sub_23d870,4,_Z16subsdk0_f_23d870v
0x000000000023d880,sub_23d880,4,_Z16subsdk0_f_23d880v
0x000000000023d890,sub_23d890,8,_Z16subsdk0_f_23d890Pv
0x000000000023d8a0,sub_23d8a0,44,_ZN7subsdk010sub_23d8a0Ev!
0x000000000023d8d0,sub_23d8d0,60,_ZN7subsdk010sub_23d8d0Ev!
0x000000000023d910,sub_23d910,380,_ZN7subsdk010sub_23d910Ev!
0x000000000023da90,sub_23da90,304,_ZN7subsdk010sub_23da90Ev!
0x000000000023dbc0,sub_23dbc0,8,_ZN7subsdk010sub_23dbc0Ev!
0x000000000023dbd0,sub_23dbd0,464,_ZN7subsdk010sub_23dbd0Ev!
0x000000000023dda0,sub_23dda0,20,_Z16subsdk0_f_23dda0PvS_
0x000000000023ddc0,sub_23ddc0,4,_Z16subsdk0_f_23ddc0v
0x000000000023ddd0,sub_23ddd0,4,_Z16subsdk0_f_23ddd0v
0x000000000023dde0,sub_23dde0,8,_Z16subsdk0_f_23dde0Pv
0x000000000023ddf0,sub_23ddf0,8,_Z16subsdk0_f_23ddf0Pv
0x000000000023de00,sub_23de00,24,_ZN7subsdk010sub_23de00Ev!
0x000000000023de20,sub_23de20,76,_ZN7subsdk010sub_23de20Ev!
0x000000000023de70,sub_23de70,8,_Z16subsdk0_f_23de70Pv
0x000000000023de80,sub_23de80,8,_Z16subsdk0_f_23de80Pv
0x000000000023de90,sub_23de90,8,_Z16subsdk0_f_23de90Pv
0x000000000023dea0,sub_23dea0,12,_Z16subsdk0_f_23dea0Pv
0x000000000023deb0,sub_23deb0,16,_ZN7subsdk010sub_23deb0Ev!
0x000000000023dec0,sub_23dec0,28,_ZN7subsdk010sub_23dec0Ev!
0x000000000023dee0,sub_23dee0,72,_ZN7subsdk010sub_23dee0Ev!
0x000000000023df30,sub_23df30,24,_ZN7subsdk010sub_23df30Ev!
0x000000000023df50,sub_23df50,200,_ZN7subsdk010sub_23df50Ev!
0x000000000023e020,sub_23e020,36,_ZN7subsdk010sub_23e020Ev!
0x000000000023e050,sub_23e050,16,_ZN7subsdk025sub_23e050_subsdk0_23e050Ev!
0x000000000023e060,sub_23e060,36,_ZN7subsdk010sub_23e060Ev!
0x000000000023e090,sub_23e090,16,_ZN7subsdk010sub_23e090Ev!
0x000000000023e0a0,sub_23e0a0,372,_ZN7subsdk010sub_23e0a0Ev!
0x000000000023e220,sub_23e220,1108,_ZN7subsdk010sub_23e220Ev!
0x000000000023e680,sub_23e680,668,_ZN7subsdk010sub_23e680Ev!
0x000000000023e920,sub_23e920,1076,_ZN7subsdk010sub_23e920Ev!
0x000000000023ed60,sub_23ed60,76,_ZN7subsdk010sub_23ed60Ev!
0x000000000023edb0,sub_23edb0,112,_ZN7subsdk010sub_23edb0Ev!
0x000000000023ee20,sub_23ee20,4,_Z16subsdk0_f_23ee20v
0x000000000023ee30,sub_23ee30,36,_ZN7subsdk010sub_23ee30Ev!
0x000000000023ee60,sub_23ee60,224,_ZN7subsdk010sub_23ee60Ev!
0x000000000023ef40,sub_23ef40,832,_ZN7subsdk010sub_23ef40Ev!
0x000000000023f280,sub_23f280,28,_Z16subsdk0_f_23f280Pv
0x000000000023f2a0,sub_23f2a0,112,_ZN7subsdk010sub_23f2a0Ev!
0x000000000023f310,sub_23f310,200,_ZN7subsdk010sub_23f310Ev!
0x000000000023f3e0,sub_23f3e0,8,_Z16subsdk0_f_23f3e0Pv
0x000000000023f3f0,sub_23f3f0,8,_Z16subsdk0_f_23f3f0Pv
0x000000000023f400,sub_23f400,8,_Z16subsdk0_f_23f400Pv
0x000000000023f410,sub_23f410,8,_Z16subsdk0_f_23f410Pv
0x000000000023f420,sub_23f420,8,_Z16subsdk0_f_23f420Pv
0x000000000023f430,sub_23f430,8,_Z16subsdk0_f_23f430Pv
0x000000000023f440,sub_23f440,8,_Z16subsdk0_f_23f440Pv
0x000000000023f450,sub_23f450,16,_Z16subsdk0_f_23f450PvS_
0x000000000023f460,sub_23f460,8,_Z16subsdk0_f_23f460Pv
0x000000000023f470,sub_23f470,8,_Z16subsdk0_f_23f470Pv
0x000000000023f480,sub_23f480,8,_Z16subsdk0_f_23f480Pv
0x000000000023f490,sub_23f490,8,_Z16subsdk0_f_23f490Pv
0x000000000023f4a0,sub_23f4a0,444,_ZN7subsdk010sub_23f4a0Ev!
0x000000000023f660,sub_23f660,16,_Z16subsdk0_f_23f660Pv
0x000000000023f670,sub_23f670,124,_ZN7subsdk010sub_23f670Ev!
0x000000000023f6f0,sub_23f6f0,8,_Z16subsdk0_f_23f6f0Pv
0x000000000023f700,sub_23f700,120,_ZN7subsdk010sub_23f700Ev!
0x000000000023f780,sub_23f780,532,_ZN7subsdk010sub_23f780Ev!
0x000000000023f9a0,sub_23f9a0,8,_Z16subsdk0_f_23f9a0Pv
0x000000000023f9b0,sub_23f9b0,64,_ZN7subsdk010sub_23f9b0Ev!
0x000000000023f9f0,sub_23f9f0,656,_ZN7subsdk010sub_23f9f0Ev!
0x000000000023fc80,sub_23fc80,36,_ZN7subsdk010sub_23fc80Ev!
0x000000000023fcb0,sub_23fcb0,196,_ZN7subsdk025sub_23fcb0_subsdk0_23fcb0Ev!
0x000000000023fd80,sub_23fd80,8,_Z16subsdk0_f_23fd80Pv
0x000000000023fd90,sub_23fd90,496,_ZN7subsdk010sub_23fd90Ev!
0x000000000023ff80,sub_23ff80,36,_ZN7subsdk010sub_23ff80Ev!
0x000000000023ffb0,sub_23ffb0,16,_ZN7subsdk010sub_23ffb0Ev!
0x000000000023ffc0,sub_23ffc0,472,_ZN7subsdk010sub_23ffc0Ev!
0x00000000002401a0,sub_2401a0,28,_ZN7subsdk010sub_2401a0Ev!
0x00000000002401c0,sub_2401c0,24,_ZN7subsdk010sub_2401c0Ev!
0x00000000002401e0,sub_2401e0,8,_Z16subsdk0_f_2401e0v
0x00000000002401f0,sub_2401f0,8,_Z16subsdk0_f_2401f0v
0x0000000000240200,sub_240200,372,_ZN7subsdk010sub_240200Ev!
0x0000000000240380,sub_240380,1124,_ZN7subsdk010sub_240380Ev!
0x00000000002407f0,sub_2407f0,2024,_ZN7subsdk010sub_2407f0Ev!
0x0000000000240fe0,sub_240fe0,932,_ZN7subsdk010sub_240fe0Ev!
0x0000000000241390,sub_241390,80,_ZN7subsdk010sub_241390Ev!
0x00000000002413e0,sub_2413e0,164,_ZN7subsdk010sub_2413e0Ev!
0x0000000000241490,sub_241490,36,_ZN7subsdk010sub_241490Ev!
0x00000000002414c0,sub_2414c0,1628,_ZN7subsdk010sub_2414c0Ev!
0x0000000000241b20,sub_241b20,112,_ZN7subsdk010sub_241b20Ev!
0x0000000000241b90,sub_241b90,16,_Z16subsdk0_f_241b90Pv
0x0000000000241ba0,sub_241ba0,540,_ZN7subsdk010sub_241ba0Ev!
0x0000000000241dc0,sub_241dc0,8,_Z16subsdk0_f_241dc0Pv
0x0000000000241dd0,sub_241dd0,8,_Z16subsdk0_f_241dd0Pv
0x0000000000241de0,sub_241de0,8,_Z16subsdk0_f_241de0Pv
0x0000000000241df0,sub_241df0,8,_Z16subsdk0_f_241df0Pv
0x0000000000241e00,sub_241e00,28,_ZN7subsdk010sub_241e00Ev!
0x0000000000241e20,sub_241e20,28,_ZN7subsdk010sub_241e20Ev!
0x0000000000241e40,sub_241e40,8,_Z16subsdk0_f_241e40Pv
0x0000000000241e50,sub_241e50,8,_Z16subsdk0_f_241e50Pv
0x0000000000241e60,sub_241e60,8,_Z16subsdk0_f_241e60Pv
0x0000000000241e70,sub_241e70,76,_ZN7subsdk025sub_241e70_subsdk0_241e70Ev!
0x0000000000241ec0,sub_241ec0,880,_ZN7subsdk010sub_241ec0Ev!
0x0000000000242230,sub_242230,8,_Z16subsdk0_f_242230Pv
0x0000000000242240,sub_242240,8,_Z16subsdk0_f_242240Pv
0x0000000000242250,sub_242250,8,_Z16subsdk0_f_242250Pv
0x0000000000242260,sub_242260,20,_ZN7subsdk010sub_242260Ev!
0x0000000000242280,sub_242280,2644,_ZN7subsdk010sub_242280Ev!
0x0000000000242ce0,sub_242ce0,16,_ZN7subsdk010sub_242ce0Ev!
0x0000000000242cf0,sub_242cf0,56,_ZN7subsdk025sub_242cf0_subsdk0_242cf0Ev!
0x0000000000242d30,sub_242d30,104,_ZN7subsdk010sub_242d30Ev!
0x0000000000242da0,sub_242da0,36,_ZN7subsdk010sub_242da0Ev!
0x0000000000242dd0,sub_242dd0,2656,_ZN7subsdk010sub_242dd0Ev!
0x0000000000243830,sub_243830,2332,_ZN7subsdk025sub_243830_subsdk0_243830Ev!
0x0000000000244150,sub_244150,820,_ZN7subsdk025sub_244150_subsdk0_244150Ev!
0x0000000000244490,sub_244490,572,_ZN7subsdk010sub_244490Ev!
0x00000000002446d0,sub_2446d0,100,_ZN7subsdk010sub_2446d0Ev!
0x0000000000244740,sub_244740,24,_Z16subsdk0_f_244740Pv
0x0000000000244760,sub_244760,28,_ZN7subsdk010sub_244760Ev!
0x0000000000244780,sub_244780,132,_ZN7subsdk010sub_244780Ev!
0x0000000000244810,sub_244810,56,_ZN7subsdk025sub_244810_subsdk0_244810Ev!
0x0000000000244850,sub_244850,296,_ZN7subsdk025sub_244850_subsdk0_244850Ev!
0x0000000000244980,sub_244980,292,_ZN7subsdk010sub_244980Ev!
0x0000000000244ab0,sub_244ab0,140,_ZN7subsdk010sub_244ab0Ev!
0x0000000000244b40,sub_244b40,1272,_ZN7subsdk010sub_244b40Ev!
0x0000000000245040,sub_245040,220,_ZN7subsdk010sub_245040Ev!
0x0000000000245120,sub_245120,120,_ZN7subsdk010sub_245120Ev!
0x00000000002451a0,sub_2451a0,16,_ZN7subsdk010sub_2451a0Ev!
0x00000000002451b0,sub_2451b0,8,_Z16subsdk0_f_2451b0Pv
0x00000000002451c0,sub_2451c0,8,_Z16subsdk0_f_2451c0Pv
0x00000000002451d0,sub_2451d0,16,_Z16subsdk0_f_2451d0Pv
0x00000000002451e0,sub_2451e0,16,_Z16subsdk0_f_2451e0Pv
0x00000000002451f0,sub_2451f0,156,_ZN7subsdk025sub_2451f0_subsdk0_2451f0Ev!
0x0000000000245290,sub_245290,4,_ZN7subsdk010sub_245290Ev!
0x00000000002452a0,sub_2452a0,56,_ZN7subsdk010sub_2452a0Ev!
0x00000000002452e0,sub_2452e0,1876,_ZN7subsdk010sub_2452e0Ev!
0x0000000000245a40,sub_245a40,8,_Z16subsdk0_f_245a40v
0x0000000000245a50,sub_245a50,8,_Z16subsdk0_f_245a50Pv
0x0000000000245a60,sub_245a60,64,_ZN7subsdk025sub_245a60_subsdk0_245a60Ev!
0x0000000000245aa0,sub_245aa0,28,_ZN7subsdk010sub_245aa0Ev!
0x0000000000245ac0,sub_245ac0,8,_Z16subsdk0_f_245ac0v
0x0000000000245ad0,sub_245ad0,8,_Z16subsdk0_f_245ad0Pv
0x0000000000245ae0,sub_245ae0,8,_Z16subsdk0_f_245ae0Pv
0x0000000000245af0,sub_245af0,8,_Z16subsdk0_f_245af0Pv
0x0000000000245b00,sub_245b00,8,_Z16subsdk0_f_245b00Pv
0x0000000000245b10,sub_245b10,40,_ZN7subsdk010sub_245b10Ev!
0x0000000000245b40,sub_245b40,16,_ZN7subsdk010sub_245b40Ev!
0x0000000000245b50,sub_245b50,12,_ZN7subsdk010sub_245b50Ev!
0x0000000000245b60,sub_245b60,12,_ZN7subsdk010sub_245b60Ev!
0x0000000000245b70,sub_245b70,8,_Z16subsdk0_f_245b70Pv
0x0000000000245b80,sub_245b80,12,_Z16subsdk0_f_245b80Pvi
0x0000000000245b90,sub_245b90,48,_ZN7subsdk010sub_245b90Ev!
0x0000000000245bc0,sub_245bc0,8,_Z16subsdk0_f_245bc0Pv
0x0000000000245bd0,sub_245bd0,4,_ZN7subsdk010sub_245bd0Ev!
0x0000000000245be0,sub_245be0,32,_ZN7subsdk010sub_245be0Ev!
0x0000000000245c00,sub_245c00,60,_ZN7subsdk010sub_245c00Ev!
0x0000000000245c40,sub_245c40,32,_ZN7subsdk010sub_245c40Ev!
0x0000000000245c60,sub_245c60,60,_ZN7subsdk010sub_245c60Ev!
0x0000000000245ca0,sub_245ca0,284,_ZN7subsdk010sub_245ca0Ev!
0x0000000000245dc0,sub_245dc0,36,_ZN7subsdk010sub_245dc0Ev!
0x0000000000245df0,sub_245df0,20,_ZN7subsdk010sub_245df0Ev!
0x0000000000245e10,sub_245e10,4,_Z16subsdk0_f_245e10v
0x0000000000245e20,sub_245e20,4,_ZN7subsdk010sub_245e20Ev!
0x0000000000245e30,sub_245e30,316,_ZN7subsdk010sub_245e30Ev!
0x0000000000245f70,sub_245f70,188,_ZN7subsdk010sub_245f70Ev!
0x0000000000246030,sub_246030,28,_Z16subsdk0_f_246030Pv
0x0000000000246050,sub_246050,60,_ZN7subsdk010sub_246050Ev!
0x0000000000246090,sub_246090,108,_ZN7subsdk010sub_246090Ev!
0x0000000000246100,sub_246100,120,_ZN7subsdk010sub_246100Ev!
0x0000000000246180,sub_246180,20,_ZN7subsdk010sub_246180Ev!
0x00000000002461a0,sub_2461a0,4,_Z16subsdk0_f_2461a0v
0x00000000002461b0,sub_2461b0,360,_ZN7subsdk010sub_2461b0Ev!
0x0000000000246320,sub_246320,124,_ZN7subsdk010sub_246320Ev!
0x00000000002463a0,sub_2463a0,140,_ZN7subsdk010sub_2463a0Ev!
0x0000000000246430,sub_246430,16,_ZN7subsdk010sub_246430Ev!
0x0000000000246440,sub_246440,104,_ZN7subsdk010sub_246440Ev!
0x00000000002464b0,sub_2464b0,336,_ZN7subsdk010sub_2464b0Ev!
0x0000000000246600,sub_246600,44,_ZN7subsdk010sub_246600Ev!
0x0000000000246630,sub_246630,128,_ZN7subsdk010sub_246630Ev!
0x00000000002466b0,sub_2466b0,288,_ZN7subsdk010sub_2466b0Ev!
0x00000000002467d0,sub_2467d0,12,_Z16subsdk0_f_2467d0Pv
0x00000000002467e0,sub_2467e0,56,_ZN7subsdk010sub_2467e0Ev!
0x0000000000246820,sub_246820,12,_ZN7subsdk010sub_246820Ev!
0x0000000000246830,sub_246830,180,_ZN7subsdk010sub_246830Ev!
0x00000000002468f0,sub_2468f0,28,_ZN7subsdk025sub_2468f0_subsdk0_2468f0Ev!
0x0000000000246910,sub_246910,16,_ZN7subsdk010sub_246910Ev!
0x0000000000246920,sub_246920,112,_ZN7subsdk010sub_246920Ev!
0x0000000000246990,sub_246990,196,_ZN7subsdk010sub_246990Ev!
0x0000000000246a60,sub_246a60,112,_ZN7subsdk010sub_246a60Ev!
0x0000000000246ad0,sub_246ad0,112,_ZN7subsdk010sub_246ad0Ev!
0x0000000000246b40,sub_246b40,556,_ZN7subsdk025sub_246b40_subsdk0_246b40Ev!
0x0000000000246d70,sub_246d70,80,_ZN7subsdk025sub_246d70_subsdk0_246d70Ev!
0x0000000000246dc0,sub_246dc0,188,_ZN7subsdk025sub_246dc0_subsdk0_246dc0Ev!
0x0000000000246e80,sub_246e80,36,_ZN7subsdk010sub_246e80Ev!
0x0000000000246eb0,sub_246eb0,316,_ZN7subsdk025sub_246eb0_subsdk0_246eb0Ev!
0x0000000000246ff0,sub_246ff0,44,_ZN7subsdk025sub_246ff0_subsdk0_246ff0Ev!
0x0000000000247020,sub_247020,304,_ZN7subsdk010sub_247020Ev!
0x0000000000247150,sub_247150,56,_ZN7subsdk010sub_247150Ev!
0x0000000000247190,sub_247190,1012,_ZN7subsdk010sub_247190Ev!
0x0000000000247590,sub_247590,112,_ZN7subsdk010sub_247590Ev!
0x0000000000247600,sub_247600,96,_ZN7subsdk010sub_247600Ev!
0x0000000000247660,sub_247660,96,_ZN7subsdk010sub_247660Ev!
0x00000000002476c0,sub_2476c0,96,_ZN7subsdk025sub_2476c0_subsdk0_2476c0Ev!
0x0000000000247720,sub_247720,112,_ZN7subsdk025sub_247720_subsdk0_247720Ev!
0x0000000000247790,sub_247790,36,_ZN7subsdk010sub_247790Ev!
0x00000000002477c0,sub_2477c0,36,_ZN7subsdk010sub_2477c0Ev!
0x00000000002477f0,sub_2477f0,28,_ZN7subsdk010sub_2477f0Ev!
0x0000000000247810,sub_247810,68,_ZN7subsdk010sub_247810Ev!
0x0000000000247860,sub_247860,176,_ZN7subsdk010sub_247860Ev!
0x0000000000247910,sub_247910,336,_ZN7subsdk010sub_247910Ev!
0x0000000000247a60,sub_247a60,108,_ZN7subsdk010sub_247a60Ev!
0x0000000000247ad0,sub_247ad0,36,_ZN7subsdk010sub_247ad0Ev!
0x0000000000247b00,sub_247b00,120,_ZN7subsdk010sub_247b00Ev!
0x0000000000247b80,sub_247b80,276,_ZN7subsdk010sub_247b80Ev!
0x0000000000247ca0,sub_247ca0,12,_Z16subsdk0_f_247ca0Pv
0x0000000000247cb0,sub_247cb0,108,_ZN7subsdk010sub_247cb0Ev!
0x0000000000247d20,sub_247d20,396,_ZN7subsdk010sub_247d20Ev!
0x0000000000247eb0,sub_247eb0,44,_ZN7subsdk010sub_247eb0Ev!
0x0000000000247ee0,sub_247ee0,68,_ZN7subsdk010sub_247ee0Ev!
0x0000000000247f30,sub_247f30,36,_ZN7subsdk010sub_247f30Ev!
0x0000000000247f60,sub_247f60,36,_ZN7subsdk010sub_247f60Ev!
0x0000000000247f90,sub_247f90,280,_ZN7subsdk025sub_247f90_subsdk0_247f90Ev!
0x00000000002480b0,sub_2480b0,100,_ZN7subsdk025sub_2480b0_subsdk0_2480b0Ev!
0x0000000000248120,sub_248120,20,_ZN7subsdk010sub_248120Ev!
0x0000000000248140,sub_248140,536,_ZN7subsdk010sub_248140Ev!
0x0000000000248360,sub_248360,292,_ZN7subsdk010sub_248360Ev!
0x0000000000248490,sub_248490,12,_Z16subsdk0_f_248490Pv
0x00000000002484a0,sub_2484a0,100,_ZN7subsdk010sub_2484a0Ev!
0x0000000000248510,sub_248510,96,_ZN7subsdk010sub_248510Ev!
0x0000000000248570,sub_248570,96,_ZN7subsdk010sub_248570Ev!
0x00000000002485d0,sub_2485d0,4,_Z16subsdk0_f_2485d0v
0x00000000002485e0,sub_2485e0,4,_Z16subsdk0_f_2485e0v
0x00000000002485f0,sub_2485f0,48,_ZN7subsdk025sub_2485f0_subsdk0_2485f0Ev!
0x0000000000248620,sub_248620,60,_Z16subsdk0_f_248620PvS_
0x0000000000248660,sub_248660,196,_ZN7subsdk010sub_248660Ev!
0x0000000000248730,sub_248730,80,_ZN7subsdk010sub_248730Ev!
0x0000000000248780,sub_248780,508,_ZN7subsdk010sub_248780Ev!
0x0000000000248980,sub_248980,276,_ZN7subsdk010sub_248980Ev!
0x0000000000248aa0,sub_248aa0,8,_ZN7subsdk025sub_248aa0_subsdk0_248aa0Ev!
0x0000000000248ab0,sub_248ab0,96,_ZN7subsdk010sub_248ab0Ev!
0x0000000000248b10,sub_248b10,8,_Z16subsdk0_f_248b10Pv
0x0000000000248b20,sub_248b20,108,_ZN7subsdk010sub_248b20Ev!
0x0000000000248b90,sub_248b90,268,_ZN7subsdk010sub_248b90Ev!
0x0000000000248ca0,sub_248ca0,244,_ZN7subsdk025sub_248ca0_subsdk0_248ca0Ev!
0x0000000000248da0,sub_248da0,284,_ZN7subsdk010sub_248da0Ev!
0x0000000000248ec0,sub_248ec0,28,_ZN7subsdk010sub_248ec0Ev!
0x0000000000248ee0,sub_248ee0,4,_Z16subsdk0_f_248ee0v
0x0000000000248ef0,sub_248ef0,24,_ZN7subsdk025sub_248ef0_subsdk0_248ef0Ev!
0x0000000000248f10,sub_248f10,204,_ZN7subsdk010sub_248f10Ev!
0x0000000000248fe0,sub_248fe0,224,_ZN7subsdk010sub_248fe0Ev!
0x00000000002490c0,sub_2490c0,256,_ZN7subsdk025sub_2490c0_subsdk0_2490c0Ev!
0x00000000002491c0,sub_2491c0,272,_ZN7subsdk010sub_2491c0Ev!
0x00000000002492d0,sub_2492d0,228,_ZN7subsdk010sub_2492d0Ev!
0x00000000002493c0,sub_2493c0,240,_ZN7subsdk025sub_2493c0_subsdk0_2493c0Ev!
0x00000000002494b0,sub_2494b0,204,_ZN7subsdk025sub_2494b0_subsdk0_2494b0Ev!
0x0000000000249580,sub_249580,16,_Z16subsdk0_f_249580Pvm
0x0000000000249590,sub_249590,248,_ZN7subsdk010sub_249590Ev!
0x0000000000249690,sub_249690,52,_ZN7subsdk010sub_249690Ev!
0x00000000002496d0,sub_2496d0,28,_Z16subsdk0_f_2496d0Pvm
0x00000000002496f0,sub_2496f0,16,_ZN7subsdk010sub_2496f0Ev!
0x0000000000249700,sub_249700,24,_ZN7subsdk010sub_249700Ev!
0x0000000000249720,sub_249720,208,_ZN7subsdk010sub_249720Ev!
0x00000000002497f0,sub_2497f0,24,_Z16subsdk0_f_2497f0Pv
0x0000000000249810,sub_249810,4,_Z16subsdk0_f_249810v
0x0000000000249820,sub_249820,984,_ZN7subsdk010sub_249820Ev!
0x0000000000249c00,sub_249c00,72,_ZN7subsdk010sub_249c00Ev!
0x0000000000249c50,sub_249c50,152,_ZN7subsdk010sub_249c50Ev!
0x0000000000249cf0,sub_249cf0,104,_ZN7subsdk010sub_249cf0Ev!
0x0000000000249d60,sub_249d60,24,_ZN7subsdk010sub_249d60Ev!
0x0000000000249d80,sub_249d80,28,_ZN7subsdk010sub_249d80Ev!
0x0000000000249da0,sub_249da0,36,_ZN7subsdk010sub_249da0Ev!
0x0000000000249dd0,sub_249dd0,32,_ZN7subsdk010sub_249dd0Ev!
0x0000000000249df0,sub_249df0,60,_ZN7subsdk010sub_249df0Ev!
0x0000000000249e30,libwebm_d_d_d_d,220,_ZN7subsdk015libwebm_d_d_d_dEv!
0x0000000000249f10,sub_249f10,100,_ZN7subsdk010sub_249f10Ev!
0x0000000000249f80,sub_249f80,284,_ZN7subsdk025sub_249f80_subsdk0_249f80Ev!
0x000000000024a0a0,sub_24a0a0,364,_ZN7subsdk010sub_24a0a0Ev!
0x000000000024a210,sub_24a210,100,_ZN7subsdk025sub_24a210_subsdk0_24a210Ev!
0x000000000024a280,sub_24a280,200,_ZN7subsdk010sub_24a280Ev!
0x000000000024a350,sub_24a350,560,_ZN7subsdk025sub_24a350_subsdk0_24a350Ev!
0x000000000024a580,sub_24a580,224,_ZN7subsdk025sub_24a580_subsdk0_24a580Ev!
0x000000000024a660,sub_24a660,428,_ZN7subsdk010sub_24a660Ev!
0x000000000024a810,sub_24a810,32,_ZN7subsdk010sub_24a810Ev!
0x000000000024a830,sub_24a830,524,_ZN7subsdk010sub_24a830Ev!
0x000000000024aa40,sub_24aa40,1164,_ZN7subsdk010sub_24aa40Ev!
0x000000000024aed0,sub_24aed0,596,_ZN7subsdk010sub_24aed0Ev!
0x000000000024b130,sub_24b130,192,_ZN7subsdk010sub_24b130Ev!
0x000000000024b1f0,f_06d_s,180,_ZN7subsdk07f_06d_sEv!
0x000000000024b2b0,sub_24b2b0,164,_ZN7subsdk025sub_24b2b0_subsdk0_24b2b0Ev!
0x000000000024b360,sub_24b360,108,_ZN7subsdk025sub_24b360_subsdk0_24b360Ev!
0x000000000024b3d0,sub_24b3d0,236,_ZN7subsdk010sub_24b3d0Ev!
0x000000000024b4c0,sub_24b4c0,444,_ZN7subsdk010sub_24b4c0Ev!
0x000000000024b680,sub_24b680,228,_ZN7subsdk010sub_24b680Ev!
0x000000000024b770,sub_24b770,772,_ZN7subsdk010sub_24b770Ev!
0x000000000024ba80,sub_24ba80,480,_ZN7subsdk025sub_24ba80_subsdk0_24ba80Ev!
0x000000000024bc60,sub_24bc60,332,_ZN7subsdk010sub_24bc60Ev!
0x000000000024bdb0,sub_24bdb0,564,_ZN7subsdk010sub_24bdb0Ev!
0x000000000024bff0,sub_24bff0,836,_ZN7subsdk010sub_24bff0Ev!
0x000000000024c340,sub_24c340,808,_ZN7subsdk010sub_24c340Ev!
0x000000000024c670,sub_24c670,508,_ZN7subsdk025sub_24c670_subsdk0_24c670Ev!
0x000000000024c870,sub_24c870,252,_ZN7subsdk010sub_24c870Ev!
0x000000000024c970,sub_24c970,12,_ZN7subsdk010sub_24c970Ev!
0x000000000024c980,sub_24c980,484,_ZN7subsdk010sub_24c980Ev!
0x000000000024cb70,sub_24cb70,88,_ZN7subsdk010sub_24cb70Ev!
0x000000000024cbd0,sub_24cbd0,68,_ZN7subsdk010sub_24cbd0Ev!
0x000000000024cc20,sub_24cc20,12,_Z16subsdk0_f_24cc20Pv
0x000000000024cc30,sub_24cc30,1432,_ZN7subsdk010sub_24cc30Ev!
0x000000000024d1d0,sub_24d1d0,184,_ZN7subsdk010sub_24d1d0Ev!
0x000000000024d290,sub_24d290,868,_ZN7subsdk010sub_24d290Ev!
0x000000000024d600,sub_24d600,760,_ZN7subsdk010sub_24d600Ev!
0x000000000024d900,sub_24d900,136,_ZN7subsdk010sub_24d900Ev!
0x000000000024d990,sub_24d990,116,_ZN7subsdk010sub_24d990Ev!
0x000000000024da10,sub_24da10,320,_ZN7subsdk010sub_24da10Ev!
0x000000000024db50,sub_24db50,300,_ZN7subsdk025sub_24db50_subsdk0_24db50Ev!
0x000000000024dc80,sub_24dc80,300,_ZN7subsdk010sub_24dc80Ev!
0x000000000024ddb0,sub_24ddb0,116,_ZN7subsdk010sub_24ddb0Ev!
0x000000000024de30,sub_24de30,160,_ZN7subsdk010sub_24de30Ev!
0x000000000024ded0,sub_24ded0,360,_ZN7subsdk010sub_24ded0Ev!
0x000000000024e040,sub_24e040,164,_ZN7subsdk025sub_24e040_subsdk0_24e040Ev!
0x000000000024e0f0,sub_24e0f0,232,_ZN7subsdk010sub_24e0f0Ev!
0x000000000024e1e0,sub_24e1e0,312,_ZN7subsdk010sub_24e1e0Ev!
0x000000000024e320,sub_24e320,268,_ZN7subsdk010sub_24e320Ev!
0x000000000024e430,sub_24e430,316,_ZN7subsdk025sub_24e430_subsdk0_24e430Ev!
0x000000000024e570,sub_24e570,572,_ZN7subsdk010sub_24e570Ev!
0x000000000024e7b0,sub_24e7b0,568,_ZN7subsdk010sub_24e7b0Ev!
0x000000000024e9f0,sub_24e9f0,544,_ZN7subsdk010sub_24e9f0Ev!
0x000000000024ec10,sub_24ec10,632,_ZN7subsdk010sub_24ec10Ev!
0x000000000024ee90,sub_24ee90,628,_ZN7subsdk010sub_24ee90Ev!
0x000000000024f110,sub_24f110,1016,_ZN7subsdk010sub_24f110Ev!
0x000000000024f510,sub_24f510,1852,_ZN7subsdk010sub_24f510Ev!
0x000000000024fc50,sub_24fc50,1732,_ZN7subsdk010sub_24fc50Ev!
0x0000000000250320,sub_250320,1428,_ZN7subsdk010sub_250320Ev!
0x00000000002508c0,sub_2508c0,948,_ZN7subsdk010sub_2508c0Ev!
0x0000000000250c80,sub_250c80,28,_Z16subsdk0_f_250c80PvS_S_S_
0x0000000000250ca0,sub_250ca0,136,_ZN7subsdk010sub_250ca0Ev!
0x0000000000250d30,sub_250d30,32,_ZN7subsdk010sub_250d30Ev!
0x0000000000250d50,sub_250d50,112,_ZN7subsdk010sub_250d50Ev!
0x0000000000250dc0,sub_250dc0,100,_ZN7subsdk010sub_250dc0Ev!
0x0000000000250e30,sub_250e30,76,_ZN7subsdk010sub_250e30Ev!
0x0000000000250e80,sub_250e80,44,_ZN7subsdk010sub_250e80Ev!
0x0000000000250eb0,sub_250eb0,84,_ZN7subsdk010sub_250eb0Ev!
0x0000000000250f10,sub_250f10,180,_ZN7subsdk010sub_250f10Ev!
0x0000000000250fd0,sub_250fd0,52,_ZN7subsdk010sub_250fd0Ev!
0x0000000000251010,sub_251010,160,_ZN7subsdk010sub_251010Ev!
0x00000000002510b0,sub_2510b0,56,_ZN7subsdk010sub_2510b0Ev!
0x00000000002510f0,sub_2510f0,56,_ZN7subsdk010sub_2510f0Ev!
0x0000000000251130,sub_251130,72,_ZN7subsdk025sub_251130_subsdk0_251130Ev!
0x0000000000251180,sub_251180,52,_ZN7subsdk010sub_251180Ev!
0x00000000002511c0,sub_2511c0,80,_ZN7subsdk010sub_2511c0Ev!
0x0000000000251210,sub_251210,96,_ZN7subsdk010sub_251210Ev!
0x0000000000251270,sub_251270,104,_ZN7subsdk010sub_251270Ev!
0x00000000002512e0,sub_2512e0,16,_ZN7subsdk010sub_2512e0Ev!
0x00000000002512f0,sub_2512f0,24,_ZN7subsdk010sub_2512f0Ev!
0x0000000000251310,sub_251310,8,_Z16subsdk0_f_251310v
0x0000000000251320,sub_251320,4,_Z16subsdk0_f_251320v
0x0000000000251330,Invalid,716,_ZN7subsdk07InvalidEv!
0x0000000000251600,WebmWriter,632,_ZN7subsdk010WebmWriterEv!
0x0000000000251880,sub_251880,324,_ZN7subsdk010sub_251880Ev!
0x00000000002519d0,WebmWriter_2,196,_ZN7subsdk012WebmWriter_2Ev!
0x0000000000251aa0,Invalid_2,716,_ZN7subsdk09Invalid_2Ev!
0x0000000000251d70,sub_251d70,84,_ZN7subsdk025sub_251d70_subsdk0_251d70Ev!
0x0000000000251dd0,sub_251dd0,188,_ZN7subsdk025sub_251dd0_subsdk0_251dd0Ev!
0x0000000000251e90,sub_251e90,360,_ZN7subsdk025sub_251e90_subsdk0_251e90Ev!
0x0000000000252000,sub_252000,48,_ZN7subsdk010sub_252000Ev!
0x0000000000252030,sub_252030,1880,_ZN7subsdk025sub_252030_subsdk0_252030Ev!
0x0000000000252790,sub_252790,176,_ZN7subsdk010sub_252790Ev!
0x0000000000252840,sub_252840,188,_ZN7subsdk010sub_252840Ev!
0x0000000000252900,WebmWriter_3,600,_ZN7subsdk012WebmWriter_3Ev!
0x0000000000252b60,WebmWriter_4,2416,_ZN7subsdk012WebmWriter_4Ev!
0x00000000002534d0,sub_2534d0,136,_ZN7subsdk010sub_2534d0Ev!
0x0000000000253560,sub_253560,4,_ZN7subsdk010sub_253560Ev!
0x0000000000253570,sub_253570,40,_ZN7subsdk010sub_253570Ev!
0x00000000002535a0,sub_2535a0,316,_ZN7subsdk010sub_2535a0Ev!
0x00000000002536e0,sub_2536e0,36,_ZN7subsdk010sub_2536e0Ev!
0x0000000000253710,sub_253710,8,_Z16subsdk0_f_253710Pvj
0x0000000000253720,sub_253720,8,_Z16subsdk0_f_253720Pv
0x0000000000253730,sub_253730,68,_ZN7subsdk010sub_253730Ev!
0x0000000000253780,sub_253780,184,_ZN7subsdk010sub_253780Ev!
0x0000000000253840,sub_253840,152,_ZN7subsdk010sub_253840Ev!
0x00000000002538e0,sub_2538e0,212,_ZN7subsdk010sub_2538e0Ev!
0x00000000002539c0,sub_2539c0,8,_Z16subsdk0_f_2539c0v
0x00000000002539d0,sub_2539d0,8,_Z16subsdk0_f_2539d0v
0x00000000002539e0,sub_2539e0,8,_Z16subsdk0_f_2539e0v
0x00000000002539f0,sub_2539f0,24,_ZN7subsdk010sub_2539f0Ev!
0x0000000000253a10,sub_253a10,56,_ZN7subsdk010sub_253a10Ev!
0x0000000000253a50,sub_253a50,8,_Z16subsdk0_f_253a50v
0x0000000000253a60,sub_253a60,180,_ZN7subsdk010sub_253a60Ev!
0x0000000000253b20,sub_253b20,32,_ZN7subsdk010sub_253b20Ev!
0x0000000000253b40,sub_253b40,92,_ZN7subsdk025sub_253b40_subsdk0_253b40Ev!
0x0000000000253ba0,sub_253ba0,40,_ZN7subsdk010sub_253ba0Ev!
0x0000000000253bd0,sub_253bd0,36,_ZN7subsdk010sub_253bd0Ev!
0x0000000000253c00,sub_253c00,64,_ZN7subsdk010sub_253c00Ev!
0x0000000000253c40,sub_253c40,44,_ZN7subsdk010sub_253c40Ev!
0x0000000000253c70,WebmFrameThread,500,_ZN7subsdk015WebmFrameThreadEv!
0x0000000000253e70,WebmFrameThread_2,492,_ZN7subsdk017WebmFrameThread_2Ev!
0x0000000000254060,WebmFrameThread_3,1312,_ZN7subsdk017WebmFrameThread_3Ev!
0x0000000000254580,sub_254580,96,_ZN7subsdk010sub_254580Ev!
0x00000000002545e0,sub_2545e0,380,_ZN7subsdk010sub_2545e0Ev!
0x0000000000254760,sub_254760,840,_ZN7subsdk025sub_254760_subsdk0_254760Ev!
0x0000000000254ab0,sub_254ab0,24,_Z16subsdk0_f_254ab0Pv
0x0000000000254ad0,sub_254ad0,200,_ZN7subsdk010sub_254ad0Ev!
0x0000000000254ba0,sub_254ba0,224,_ZN7subsdk010sub_254ba0Ev!
0x0000000000254c80,sub_254c80,36,_ZN7subsdk010sub_254c80Ev!
0x0000000000254cb0,sub_254cb0,24,_ZN7subsdk010sub_254cb0Ev!
0x0000000000254cd0,sub_254cd0,88,_ZN7subsdk025sub_254cd0_subsdk0_254cd0Ev!
0x0000000000254d30,WebmFrameThread_4,1428,_ZN7subsdk017WebmFrameThread_4Ev!
0x00000000002552d0,sub_2552d0,4,_ZN7subsdk010sub_2552d0Ev!
0x00000000002552e0,sub_2552e0,16,_Z16subsdk0_f_2552e0Pv
0x00000000002552f0,sub_2552f0,64,_ZN7subsdk010sub_2552f0Ev!
0x0000000000255330,sub_255330,100,_ZN7subsdk025sub_255330_subsdk0_255330Ev!
0x00000000002553a0,sub_2553a0,108,_ZN7subsdk010sub_2553a0Ev!
0x0000000000255410,sub_255410,8,_Z16subsdk0_f_255410Pv
0x0000000000255420,sub_255420,4,_ZN7subsdk010sub_255420Ev!
0x0000000000255430,sub_255430,216,_ZN7subsdk025sub_255430_subsdk0_255430Ev!
0x0000000000255510,sub_255510,28,_ZN7subsdk010sub_255510Ev!
0x0000000000255530,sub_255530,4,_ZN7subsdk010sub_255530Ev!
0x0000000000255540,sub_255540,40,_ZN7subsdk025sub_255540_subsdk0_255540Ev!
0x0000000000255570,sub_255570,108,_ZN7subsdk010sub_255570Ev!
0x00000000002555e0,sub_2555e0,80,_ZN7subsdk010sub_2555e0Ev!
0x0000000000255630,sub_255630,156,_ZN7subsdk010sub_255630Ev!
0x00000000002556d0,sub_2556d0,344,_ZN7subsdk025sub_2556d0_subsdk0_2556d0Ev!
0x0000000000255830,sub_255830,84,_ZN7subsdk025sub_255830_subsdk0_255830Ev!
0x0000000000255890,sub_255890,8,_ZN7subsdk010sub_255890Ev!
0x00000000002558a0,sub_2558a0,36,_ZN7subsdk025sub_2558a0_subsdk0_2558a0Ev!
0x00000000002558d0,sub_2558d0,40,_ZN7subsdk025sub_2558d0_subsdk0_2558d0Ev!
0x0000000000255900,sub_255900,124,_ZN7subsdk010sub_255900Ev!
0x0000000000255980,sub_255980,60,_ZN7subsdk025sub_255980_subsdk0_255980Ev!
0x00000000002559c0,sub_2559c0,28,_ZN7subsdk010sub_2559c0Ev!
0x00000000002559e0,sub_2559e0,80,_ZN7subsdk010sub_2559e0Ev!
0x0000000000255a30,sub_255a30,52,_ZN7subsdk010sub_255a30Ev!
0x0000000000255a70,sub_255a70,84,_ZN7subsdk010sub_255a70Ev!
0x0000000000255ad0,sub_255ad0,112,_ZN7subsdk010sub_255ad0Ev!
0x0000000000255b40,WebmElement,316,_ZN7subsdk011WebmElementEv!
0x0000000000255c80,sub_255c80,48,_ZN7subsdk010sub_255c80Ev!
0x0000000000255cb0,sub_255cb0,16,_ZN7subsdk010sub_255cb0Ev!
0x0000000000255cc0,sub_255cc0,300,_ZN7subsdk025sub_255cc0_subsdk0_255cc0Ev!
0x0000000000255df0,sub_255df0,84,_ZN7subsdk010sub_255df0Ev!
0x0000000000255e50,sub_255e50,64,_ZN7subsdk025sub_255e50_subsdk0_255e50Ev!
0x0000000000255e90,sub_255e90,256,_ZN7subsdk010sub_255e90Ev!
0x0000000000255f90,sub_255f90,972,_ZN7subsdk010sub_255f90Ev!
0x0000000000256360,sub_256360,572,_ZN7subsdk010sub_256360Ev!
0x00000000002565a0,sub_2565a0,1444,_ZN7subsdk010sub_2565a0Ev!
0x0000000000256b50,android,908,_ZN7subsdk07androidEv!
0x0000000000256ee0,A_VORBIS,1260,_ZN7subsdk08A_VORBISEv!
0x00000000002573d0,sub_2573d0,1184,_ZN7subsdk010sub_2573d0Ev!
0x0000000000257870,sub_257870,888,_ZN7subsdk010sub_257870Ev!
0x0000000000257bf0,sub_257bf0,4,_ZN7subsdk025sub_257bf0_subsdk0_257bf0Ev!
0x0000000000257c00,sub_257c00,4,_ZN7subsdk010sub_257c00Ev!
0x0000000000257c10,sub_257c10,36,_ZN7subsdk010sub_257c10Ev!
0x0000000000257c40,sub_257c40,64,_ZN7subsdk010sub_257c40Ev!
0x0000000000257c80,sub_257c80,4,_ZN7subsdk010sub_257c80Ev!
0x0000000000257c90,sub_257c90,36,_ZN7subsdk010sub_257c90Ev!
0x0000000000257cc0,sub_257cc0,64,_ZN7subsdk010sub_257cc0Ev!
0x0000000000257d00,sub_257d00,4,_Z16subsdk0_f_257d00v
0x0000000000257d10,sub_257d10,4,_ZN7subsdk010sub_257d10Ev!
0x0000000000257d20,sub_257d20,204,_ZN7subsdk010sub_257d20Ev!
0x0000000000257df0,sub_257df0,196,_ZN7subsdk010sub_257df0Ev!
0x0000000000257ec0,sub_257ec0,188,_ZN7subsdk010sub_257ec0Ev!
0x0000000000257f80,sub_257f80,84,_ZN7subsdk010sub_257f80Ev!
0x0000000000257fe0,sub_257fe0,80,_ZN7subsdk010sub_257fe0Ev!
0x0000000000258030,sub_258030,100,_ZN7subsdk025sub_258030_subsdk0_258030Ev!
0x00000000002580a0,sub_2580a0,184,_ZN7subsdk010sub_2580a0Ev!
0x0000000000258160,sub_258160,120,_ZN7subsdk010sub_258160Ev!
0x00000000002581e0,sub_2581e0,92,_ZN7subsdk010sub_2581e0Ev!
0x0000000000258240,sub_258240,32,_ZN7subsdk010sub_258240Ev!
0x0000000000258260,sub_258260,4,_Z16subsdk0_f_258260v
0x0000000000258270,sub_258270,8,_Z16subsdk0_f_258270v
0x0000000000258280,sub_258280,8,_Z16subsdk0_f_258280v
0x0000000000258290,sub_258290,8,_Z16subsdk0_f_258290v
0x00000000002582a0,sub_2582a0,8,_Z16subsdk0_f_2582a0v
0x00000000002582b0,sub_2582b0,8,_Z16subsdk0_f_2582b0v
0x00000000002582c0,sub_2582c0,8,_Z16subsdk0_f_2582c0v
0x00000000002582d0,sub_2582d0,8,_Z16subsdk0_f_2582d0v
0x00000000002582e0,sub_2582e0,8,_Z16subsdk0_f_2582e0v
0x00000000002582f0,sub_2582f0,8,_Z16subsdk0_f_2582f0v
0x0000000000258300,sub_258300,8,_Z16subsdk0_f_258300v
0x0000000000258310,sub_258310,8,_Z16subsdk0_f_258310v
0x0000000000258320,sub_258320,8,_Z16subsdk0_f_258320v
0x0000000000258330,sub_258330,8,_Z16subsdk0_f_258330v
0x0000000000258340,sub_258340,8,_Z16subsdk0_f_258340v
0x0000000000258350,sub_258350,8,_Z16subsdk0_f_258350v
0x0000000000258360,sub_258360,8,_Z16subsdk0_f_258360v
0x0000000000258370,sub_258370,8,_Z16subsdk0_f_258370v
0x0000000000258380,sub_258380,8,_Z16subsdk0_f_258380v
0x0000000000258390,sub_258390,364,_ZN7subsdk010sub_258390Ev!
0x0000000000258500,sub_258500,168,_ZN7subsdk010sub_258500Ev!
0x00000000002585b0,sub_2585b0,164,_ZN7subsdk025sub_2585b0_subsdk0_2585b0Ev!
0x0000000000258660,sub_258660,4,_Z16subsdk0_f_258660v
0x0000000000258670,sub_258670,12,_ZN7subsdk010sub_258670Ev!
0x0000000000258680,libnvmm_camera,1176,_ZN7subsdk014libnvmm_cameraEv!
0x0000000000258b20,sub_258b20,100,_ZN7subsdk025sub_258b20_subsdk0_258b20Ev!
0x0000000000258b90,sub_258b90,96,_ZN7subsdk010sub_258b90Ev!
0x0000000000258bf0,sub_258bf0,184,_ZN7subsdk010sub_258bf0Ev!
0x0000000000258cb0,sub_258cb0,196,_ZN7subsdk010sub_258cb0Ev!
0x0000000000258d80,sub_258d80,20,_Z16subsdk0_f_258d80PvS_
0x0000000000258da0,sub_258da0,104,_ZN7subsdk010sub_258da0Ev!
0x0000000000258e10,sub_258e10,116,_ZN7subsdk010sub_258e10Ev!
0x0000000000258e90,sub_258e90,108,_ZN7subsdk010sub_258e90Ev!
0x0000000000258f00,sub_258f00,1448,_ZN7subsdk010sub_258f00Ev!
0x00000000002594b0,sub_2594b0,12,_Z16subsdk0_f_2594b0v
0x00000000002594c0,sub_2594c0,512,_ZN7subsdk010sub_2594c0Ev!
0x00000000002596c0,sub_2596c0,64,_ZN7subsdk010sub_2596c0Ev!
0x0000000000259700,sub_259700,572,_ZN7subsdk010sub_259700Ev!
0x0000000000259940,sub_259940,1240,_ZN7subsdk010sub_259940Ev!
0x0000000000259e20,sub_259e20,16,_ZN7subsdk010sub_259e20Ev!
0x0000000000259e30,sub_259e30,300,_ZN7subsdk010sub_259e30Ev!
0x0000000000259f60,sub_259f60,112,_ZN7subsdk010sub_259f60Ev!
0x0000000000259fd0,sub_259fd0,152,_ZN7subsdk010sub_259fd0Ev!
0x000000000025a070,sub_25a070,140,_ZN7subsdk010sub_25a070Ev!
0x000000000025a100,sub_25a100,28,_ZN7subsdk010sub_25a100Ev!
0x000000000025a120,sub_25a120,48,_ZN7subsdk010sub_25a120Ev!
0x000000000025a150,sub_25a150,44,_ZN7subsdk025sub_25a150_subsdk0_25a150Ev!
0x000000000025a180,sub_25a180,276,_ZN7subsdk010sub_25a180Ev!
0x000000000025a2a0,sub_25a2a0,32,_ZN7subsdk010sub_25a2a0Ev!
0x000000000025a2c0,sub_25a2c0,12,_ZN7subsdk010sub_25a2c0Ev!
0x000000000025a2d0,sub_25a2d0,112,_ZN7subsdk010sub_25a2d0Ev!
0x000000000025a340,sub_25a340,12,_ZN7subsdk010sub_25a340Ev!
0x000000000025a350,sub_25a350,8,_Z16subsdk0_f_25a350v
0x000000000025a360,sub_25a360,24,_ZN7subsdk010sub_25a360Ev!
0x000000000025a380,sub_25a380,48,_ZN7subsdk010sub_25a380Ev!
0x000000000025a3b0,sub_25a3b0,24,_Z16subsdk0_f_25a3b0PvS_S_
0x000000000025a3d0,sub_25a3d0,80,_ZN7subsdk010sub_25a3d0Ev!
0x000000000025a420,sub_25a420,20,_ZN7subsdk010sub_25a420Ev!
0x000000000025a440,sub_25a440,184,_ZN7subsdk010sub_25a440Ev!
0x000000000025a500,sub_25a500,8,_Z16subsdk0_f_25a500v
0x000000000025a510,sub_25a510,8,_Z16subsdk0_f_25a510v
0x000000000025a520,sub_25a520,16,_ZN7subsdk010sub_25a520Ev!
0x000000000025a530,sub_25a530,276,_ZN7subsdk010sub_25a530Ev!
0x000000000025a650,FileSize_f,788,_ZN7subsdk010FileSize_fEv!
0x000000000025a970,sub_25a970,8,_Z16subsdk0_f_25a970v
0x000000000025a980,sub_25a980,436,_ZN7subsdk025sub_25a980_subsdk0_25a980Ev!
0x000000000025ab40,sub_25ab40,8,_ZN7subsdk010sub_25ab40Ev!
0x000000000025ab50,sub_25ab50,184,_ZN7subsdk010sub_25ab50Ev!
0x000000000025ac10,sub_25ac10,832,_ZN7subsdk010sub_25ac10Ev!
0x000000000025af50,sub_25af50,680,_ZN7subsdk025sub_25af50_subsdk0_25af50Ev!
0x000000000025b200,sub_25b200,616,_ZN7subsdk010sub_25b200Ev!
0x000000000025b470,sub_25b470,60,_ZN7subsdk010sub_25b470Ev!
0x000000000025b4b0,sub_25b4b0,8,_Z16subsdk0_f_25b4b0v
0x000000000025b4c0,sub_25b4c0,8,_Z16subsdk0_f_25b4c0v
0x000000000025b4d0,sub_25b4d0,8,_Z16subsdk0_f_25b4d0v
0x000000000025b4e0,sub_25b4e0,2024,_ZN7subsdk010sub_25b4e0Ev!
0x000000000025bcd0,sub_25bcd0,132,_ZN7subsdk010sub_25bcd0Ev!
0x000000000025bd60,sub_25bd60,48,_ZN7subsdk010sub_25bd60Ev!
0x000000000025bd90,sub_25bd90,16,_ZN7subsdk010sub_25bd90Ev!
0x000000000025bda0,sub_25bda0,384,_ZN7subsdk010sub_25bda0Ev!
0x000000000025bf20,sub_25bf20,20,_ZN7subsdk010sub_25bf20Ev!
0x000000000025bf40,sub_25bf40,1128,_ZN7subsdk010sub_25bf40Ev!
0x000000000025c3b0,sub_25c3b0,8,_Z16subsdk0_f_25c3b0Pv
0x000000000025c3c0,sub_25c3c0,248,_ZN7subsdk010sub_25c3c0Ev!
0x000000000025c4c0,sub_25c4c0,104,_ZN7subsdk010sub_25c4c0Ev!
0x000000000025c530,sub_25c530,676,_ZN7subsdk010sub_25c530Ev!
0x000000000025c7e0,sub_25c7e0,296,_ZN7subsdk010sub_25c7e0Ev!
0x000000000025c910,sub_25c910,84,_ZN7subsdk010sub_25c910Ev!
0x000000000025c970,sub_25c970,56,_ZN7subsdk010sub_25c970Ev!
0x000000000025c9b0,sub_25c9b0,40,_ZN7subsdk010sub_25c9b0Ev!
0x000000000025c9e0,sub_25c9e0,1716,_ZN7subsdk010sub_25c9e0Ev!
0x000000000025d0a0,sub_25d0a0,468,_ZN7subsdk025sub_25d0a0_subsdk0_25d0a0Ev!
0x000000000025d280,sub_25d280,124,_ZN7subsdk010sub_25d280Ev!
0x000000000025d300,sub_25d300,248,_ZN7subsdk010sub_25d300Ev!
0x000000000025d400,sub_25d400,208,_ZN7subsdk010sub_25d400Ev!
0x000000000025d4d0,sub_25d4d0,64,_ZN7subsdk010sub_25d4d0Ev!
0x000000000025d510,sub_25d510,16,_ZN7subsdk010sub_25d510Ev!
0x000000000025d520,sub_25d520,16,_Z16subsdk0_f_25d520Pv
0x000000000025d530,sub_25d530,232,_ZN7subsdk010sub_25d530Ev!
0x000000000025d620,sub_25d620,56,_ZN7subsdk010sub_25d620Ev!
0x000000000025d660,sub_25d660,36,_ZN7subsdk010sub_25d660Ev!
0x000000000025d690,sub_25d690,20,_ZN7subsdk010sub_25d690Ev!
0x000000000025d6b0,sub_25d6b0,60,_ZN7subsdk010sub_25d6b0Ev!
0x000000000025d6f0,sub_25d6f0,52,_ZN7subsdk010sub_25d6f0Ev!
0x000000000025d730,sub_25d730,32,_ZN7subsdk025sub_25d730_subsdk0_25d730Ev!
0x000000000025d750,sub_25d750,8,_Z16subsdk0_f_25d750v
0x000000000025d760,sub_25d760,8,_Z16subsdk0_f_25d760v
0x000000000025d770,sub_25d770,88,_ZN7subsdk010sub_25d770Ev!
0x000000000025d7d0,sub_25d7d0,8,_Z16subsdk0_f_25d7d0v
0x000000000025d7e0,sub_25d7e0,16,_ZN7subsdk010sub_25d7e0Ev!
0x000000000025d7f0,sub_25d7f0,16,_Z16subsdk0_f_25d7f0Pv
0x000000000025d800,x_ms_wvx,456,_ZN7subsdk08x_ms_wvxEv!
0x000000000025d9d0,sub_25d9d0,64,_ZN7subsdk010sub_25d9d0Ev!
0x000000000025da10,sub_25da10,244,_ZN7subsdk010sub_25da10Ev!
0x000000000025db10,sub_25db10,16,_Z16subsdk0_f_25db10PvS_
0x000000000025db20,sub_25db20,1012,_ZN7subsdk010sub_25db20Ev!
0x000000000025df20,sub_25df20,8,_Z16subsdk0_f_25df20v
0x000000000025df30,sub_25df30,20,_ZN7subsdk010sub_25df30Ev!
0x000000000025df50,sub_25df50,8,_Z16subsdk0_f_25df50v
0x000000000025df60,x_msvideo,488,_ZN7subsdk09x_msvideoEv!
0x000000000025e150,sub_25e150,244,_ZN7subsdk010sub_25e150Ev!
0x000000000025e250,sub_25e250,8,_Z16subsdk0_f_25e250v
0x000000000025e260,sub_25e260,384,_ZN7subsdk010sub_25e260Ev!
0x000000000025e3e0,sub_25e3e0,16,_ZN7subsdk010sub_25e3e0Ev!
0x000000000025e3f0,sub_25e3f0,16,_Z16subsdk0_f_25e3f0Pv
0x000000000025e400,sub_25e400,504,_ZN7subsdk010sub_25e400Ev!
0x000000000025e600,sub_25e600,108,_ZN7subsdk025sub_25e600_subsdk0_25e600Ev!
0x000000000025e670,sub_25e670,500,_ZN7subsdk025sub_25e670_subsdk0_25e670Ev!
0x000000000025e870,sub_25e870,32,_ZN7subsdk025sub_25e870_subsdk0_25e870Ev!
0x000000000025e890,sub_25e890,2028,_ZN7subsdk010sub_25e890Ev!
0x000000000025f080,sub_25f080,8,_Z16subsdk0_f_25f080v
0x000000000025f090,sub_25f090,16,_Z16subsdk0_f_25f090mPv
0x000000000025f0a0,sub_25f0a0,8,_Z16subsdk0_f_25f0a0v
0x000000000025f0b0,sub_25f0b0,8,_Z16subsdk0_f_25f0b0v
0x000000000025f0c0,sub_25f0c0,460,_ZN7subsdk010sub_25f0c0Ev!
0x000000000025f290,sub_25f290,32,_ZN7subsdk010sub_25f290Ev!
0x000000000025f2b0,sub_25f2b0,524,_ZN7subsdk010sub_25f2b0Ev!
0x000000000025f4c0,sub_25f4c0,552,_ZN7subsdk010sub_25f4c0Ev!
0x000000000025f6f0,sub_25f6f0,104,_ZN7subsdk025sub_25f6f0_subsdk0_25f6f0Ev!
0x000000000025f760,sub_25f760,72,_ZN7subsdk010sub_25f760Ev!
0x000000000025f7b0,sub_25f7b0,184,_ZN7subsdk010sub_25f7b0Ev!
0x000000000025f870,sub_25f870,80,_ZN7subsdk010sub_25f870Ev!
0x000000000025f8c0,sub_25f8c0,312,_ZN7subsdk010sub_25f8c0Ev!
0x000000000025fa00,sub_25fa00,828,_ZN7subsdk010sub_25fa00Ev!
0x000000000025fd40,sub_25fd40,800,_ZN7subsdk010sub_25fd40Ev!
0x0000000000260060,AMR_WB_2,748,_ZN7subsdk08AMR_WB_2Ev!
0x0000000000260350,sub_260350,52,_ZN7subsdk025sub_260350_subsdk0_260350Ev!
0x0000000000260390,sub_260390,2300,_ZN7subsdk010sub_260390Ev!
0x0000000000260c90,sub_260c90,1748,_ZN7subsdk010sub_260c90Ev!
0x0000000000261370,sub_261370,1612,_ZN7subsdk010sub_261370Ev!
0x00000000002619c0,sub_2619c0,300,_ZN7subsdk010sub_2619c0Ev!
0x0000000000261af0,sub_261af0,192,_ZN7subsdk010sub_261af0Ev!
0x0000000000261bb0,sub_261bb0,500,_ZN7subsdk010sub_261bb0Ev!
0x0000000000261db0,max_fs,1384,_ZN7subsdk06max_fsEv!
0x0000000000262320,sub_262320,2724,_ZN7subsdk010sub_262320Ev!
0x0000000000262dd0,sub_262dd0,1484,_ZN7subsdk010sub_262dd0Ev!
0x00000000002633a0,sub_2633a0,124,_ZN7subsdk010sub_2633a0Ev!
0x0000000000263420,sub_263420,4,_ZN7subsdk010sub_263420Ev!
0x0000000000263430,sub_263430,204,_ZN7subsdk010sub_263430Ev!
0x0000000000263500,sub_263500,544,_ZN7subsdk025sub_263500_subsdk0_263500Ev!
0x0000000000263720,sub_263720,172,_ZN7subsdk025sub_263720_subsdk0_263720Ev!
0x00000000002637d0,sub_2637d0,108,_ZN7subsdk010sub_2637d0Ev!
0x0000000000263840,sub_263840,1100,_ZN7subsdk010sub_263840Ev!
0x0000000000263c90,application,3992,_ZN7subsdk011applicationEv!
0x0000000000264c30,f_1_2,1292,_ZN7subsdk05f_1_2Ev!
0x0000000000265140,f_1_3,568,_ZN7subsdk05f_1_3Ev!
0x0000000000265380,WMServer,2364,_ZN7subsdk08WMServerEv!
0x0000000000265cc0,sub_265cc0,136,_ZN7subsdk010sub_265cc0Ev!
0x0000000000265d50,f_1_0_200_OK,1708,_ZN7subsdk012f_1_0_200_OKEv!
0x0000000000266400,f_1_0_200_OK_2,524,_ZN7subsdk014f_1_0_200_OK_2Ev!
0x0000000000266610,sub_266610,268,_ZN7subsdk025sub_266610_subsdk0_266610Ev!
0x0000000000266720,sub_266720,896,_ZN7subsdk025sub_266720_subsdk0_266720Ev!
0x0000000000266aa0,sub_266aa0,376,_ZN7subsdk010sub_266aa0Ev!
0x0000000000266c20,sub_266c20,928,_ZN7subsdk010sub_266c20Ev!
0x0000000000266fc0,f_1_0_200_OK_3,512,_ZN7subsdk014f_1_0_200_OK_3Ev!
0x00000000002671c0,sub_2671c0,304,_ZN7subsdk010sub_2671c0Ev!
0x00000000002672f0,sub_2672f0,12,_ZN7subsdk010sub_2672f0Ev!
0x0000000000267300,sub_267300,164,_ZN7subsdk010sub_267300Ev!
0x00000000002673b0,sub_2673b0,224,_ZN7subsdk010sub_2673b0Ev!
0x0000000000267490,sub_267490,376,_ZN7subsdk010sub_267490Ev!
0x0000000000267610,sub_267610,244,_ZN7subsdk010sub_267610Ev!
0x0000000000267710,sub_267710,52,_ZN7subsdk010sub_267710Ev!
0x0000000000267750,sub_267750,604,_ZN7subsdk010sub_267750Ev!
0x00000000002679b0,sub_2679b0,288,_ZN7subsdk010sub_2679b0Ev!
0x0000000000267ad0,sub_267ad0,84,_ZN7subsdk010sub_267ad0Ev!
0x0000000000267b30,sub_267b30,88,_ZN7subsdk010sub_267b30Ev!
0x0000000000267b90,sub_267b90,632,_ZN7subsdk010sub_267b90Ev!
0x0000000000267e10,sub_267e10,52,_ZN7subsdk010sub_267e10Ev!
0x0000000000267e50,theora,3452,_ZN7subsdk06theoraEv!
0x0000000000268bd0,sub_268bd0,1892,_ZN7subsdk010sub_268bd0Ev!
0x0000000000269340,NV_LOG_LEVEL,400,_ZN7subsdk012NV_LOG_LEVELEv!
0x00000000002694d0,nvlog,164,_ZN7subsdk05nvlogEv!
0x0000000000269580,sub_269580,740,_ZN7subsdk010sub_269580Ev!
0x0000000000269870,sub_269870,32,_ZN7subsdk010sub_269870Ev!
0x0000000000269890,sub_269890,1024,_ZN7subsdk010sub_269890Ev!
0x0000000000269c90,sub_269c90,128,_ZN7subsdk010sub_269c90Ev!
0x0000000000269d10,sub_269d10,92,_ZN7subsdk010sub_269d10Ev!
0x0000000000269d70,sub_269d70,292,_ZN7subsdk010sub_269d70Ev!
0x0000000000269ea0,sub_269ea0,140,_ZN7subsdk010sub_269ea0Ev!
0x0000000000269f30,sub_269f30,184,_ZN7subsdk010sub_269f30Ev!
0x0000000000269ff0,sub_269ff0,168,_ZN7subsdk010sub_269ff0Ev!
0x000000000026a0a0,sub_26a0a0,1160,_ZN7subsdk010sub_26a0a0Ev!
0x000000000026a530,sub_26a530,56,_ZN7subsdk010sub_26a530Ev!
0x000000000026a570,sub_26a570,340,_ZN7subsdk010sub_26a570Ev!
0x000000000026a6d0,sub_26a6d0,236,_ZN7subsdk010sub_26a6d0Ev!
0x000000000026a7c0,sub_26a7c0,72,_ZN7subsdk025sub_26a7c0_subsdk0_26a7c0Ev!
0x000000000026a810,sub_26a810,240,_ZN7subsdk010sub_26a810Ev!
0x000000000026a900,sub_26a900,192,_ZN7subsdk010sub_26a900Ev!
0x000000000026a9c0,sub_26a9c0,80,_ZN7subsdk010sub_26a9c0Ev!
0x000000000026aa10,sub_26aa10,52,_ZN7subsdk010sub_26aa10Ev!
0x000000000026aa50,sub_26aa50,28,_ZN7subsdk025sub_26aa50_subsdk0_26aa50Ev!
0x000000000026aa70,sub_26aa70,28,_ZN7subsdk010sub_26aa70Ev!
0x000000000026aa90,sub_26aa90,196,_ZN7subsdk010sub_26aa90Ev!
0x000000000026ab60,sub_26ab60,168,_ZN7subsdk010sub_26ab60Ev!
0x000000000026ac10,sub_26ac10,152,_ZN7subsdk010sub_26ac10Ev!
0x000000000026acb0,sub_26acb0,124,_ZN7subsdk010sub_26acb0Ev!
0x000000000026ad30,sub_26ad30,168,_ZN7subsdk010sub_26ad30Ev!
0x000000000026ade0,sub_26ade0,64,_ZN7subsdk010sub_26ade0Ev!
0x000000000026ae20,sub_26ae20,28,_ZN7subsdk010sub_26ae20Ev!
0x000000000026ae40,sub_26ae40,168,_ZN7subsdk010sub_26ae40Ev!
0x000000000026aef0,NV_CK_HEADER,528,_ZN7subsdk012NV_CK_HEADEREv!
0x000000000026b100,sub_26b100,180,_ZN7subsdk010sub_26b100Ev!
0x000000000026b1c0,sub_26b1c0,188,_ZN7subsdk010sub_26b1c0Ev!
0x000000000026b280,sub_26b280,152,_ZN7subsdk010sub_26b280Ev!
0x000000000026b320,sub_26b320,576,_ZN7subsdk010sub_26b320Ev!
0x000000000026b560,chunked,2236,_ZN7subsdk022chunked_subsdk0_26b560Ev!
0x000000000026be20,sub_26be20,12,_ZN7subsdk010sub_26be20Ev!
0x000000000026be30,mpeg_2,1336,_ZN7subsdk06mpeg_2Ev!
0x000000000026c370,sub_26c370,444,_ZN7subsdk010sub_26c370Ev!
0x000000000026c530,sub_26c530,440,_ZN7subsdk010sub_26c530Ev!
0x000000000026c6f0,sub_26c6f0,148,_ZN7subsdk010sub_26c6f0Ev!
0x000000000026c790,sub_26c790,44,_ZN7subsdk010sub_26c790Ev!
0x000000000026c7c0,sub_26c7c0,148,_ZN7subsdk010sub_26c7c0Ev!
0x000000000026c860,sub_26c860,44,_ZN7subsdk010sub_26c860Ev!
0x000000000026c890,sub_26c890,12,_ZN7subsdk010sub_26c890Ev!
0x000000000026c8a0,sub_26c8a0,40,_ZN7subsdk010sub_26c8a0Ev!
0x000000000026c8d0,sub_26c8d0,44,_ZN7subsdk010sub_26c8d0Ev!
0x000000000026c900,sub_26c900,88,_ZN7subsdk010sub_26c900Ev!
0x000000000026c960,sub_26c960,68,_ZN7subsdk010sub_26c960Ev!
0x000000000026c9b0,sub_26c9b0,28,_ZN7subsdk010sub_26c9b0Ev!
0x000000000026c9d0,sub_26c9d0,28,_ZN7subsdk010sub_26c9d0Ev!
0x000000000026c9f0,sub_26c9f0,44,_ZN7subsdk025sub_26c9f0_subsdk0_26c9f0Ev!
0x000000000026ca20,sub_26ca20,72,_ZN7subsdk010sub_26ca20Ev!
0x000000000026ca70,sub_26ca70,164,_ZN7subsdk010sub_26ca70Ev!
0x000000000026cb20,sub_26cb20,40,_ZN7subsdk010sub_26cb20Ev!
0x000000000026cb50,sub_26cb50,104,_ZN7subsdk010sub_26cb50Ev!
0x000000000026cbc0,sub_26cbc0,72,_ZN7subsdk010sub_26cbc0Ev!
0x000000000026cc10,sub_26cc10,104,_ZN7subsdk010sub_26cc10Ev!
0x000000000026cc80,sub_26cc80,108,_ZN7subsdk010sub_26cc80Ev!
0x000000000026ccf0,sub_26ccf0,80,_ZN7subsdk010sub_26ccf0Ev!
0x000000000026cd40,sub_26cd40,44,_ZN7subsdk010sub_26cd40Ev!
0x000000000026cd70,sub_26cd70,48,_ZN7subsdk010sub_26cd70Ev!
0x000000000026cda0,sub_26cda0,48,_ZN7subsdk010sub_26cda0Ev!
0x000000000026cdd0,sub_26cdd0,48,_ZN7subsdk010sub_26cdd0Ev!
0x000000000026ce00,sub_26ce00,48,_ZN7subsdk010sub_26ce00Ev!
0x000000000026ce30,sub_26ce30,48,_ZN7subsdk010sub_26ce30Ev!
0x000000000026ce60,sub_26ce60,48,_ZN7subsdk025sub_26ce60_subsdk0_26ce60Ev!
0x000000000026ce90,sub_26ce90,28,_ZN7subsdk025sub_26ce90_subsdk0_26ce90Ev!
0x000000000026ceb0,sub_26ceb0,496,_ZN7subsdk010sub_26ceb0Ev!
0x000000000026d0a0,sub_26d0a0,120,_ZN7subsdk010sub_26d0a0Ev!
0x000000000026d120,sub_26d120,168,_ZN7subsdk010sub_26d120Ev!
0x000000000026d1d0,sub_26d1d0,60,_ZN7subsdk010sub_26d1d0Ev!
0x000000000026d210,sub_26d210,16,_ZN7subsdk010sub_26d210Ev!
0x000000000026d220,sub_26d220,20,_Z16subsdk0_f_26d220PvS_
0x000000000026d240,sub_26d240,120,_ZN7subsdk010sub_26d240Ev!
0x000000000026d2c0,sub_26d2c0,16,_ZN7subsdk010sub_26d2c0Ev!
0x000000000026d2d0,sub_26d2d0,20,_Z16subsdk0_f_26d2d0PvS_
0x000000000026d2f0,sub_26d2f0,20,_Z16subsdk0_f_26d2f0PvS_
0x000000000026d310,sub_26d310,16,_ZN7subsdk010sub_26d310Ev!
0x000000000026d320,sub_26d320,48,_ZN7subsdk010sub_26d320Ev!
0x000000000026d350,sub_26d350,24,_ZN7subsdk010sub_26d350Ev!
0x000000000026d370,sub_26d370,20,_Z16subsdk0_f_26d370PvS_
0x000000000026d390,sub_26d390,24,_ZN7subsdk010sub_26d390Ev!
0x000000000026d3b0,sub_26d3b0,312,_ZN7subsdk010sub_26d3b0Ev!
0x000000000026d4f0,sub_26d4f0,140,_ZN7subsdk010sub_26d4f0Ev!
0x000000000026d580,sub_26d580,264,_ZN7subsdk010sub_26d580Ev!
0x000000000026d690,sub_26d690,96,_ZN7subsdk010sub_26d690Ev!
0x000000000026d6f0,sub_26d6f0,96,_ZN7subsdk010sub_26d6f0Ev!
0x000000000026d750,sub_26d750,428,_ZN7subsdk010sub_26d750Ev!
0x000000000026d900,sub_26d900,408,_ZN7subsdk010sub_26d900Ev!
0x000000000026daa0,sub_26daa0,108,_ZN7subsdk010sub_26daa0Ev!
0x000000000026db10,sub_26db10,4,_ZN7subsdk010sub_26db10Ev!
0x000000000026db20,sub_26db20,120,_ZN7subsdk010sub_26db20Ev!
0x000000000026dba0,d_u,456,_ZN7subsdk03d_uEv!
0x000000000026dd70,sub_26dd70,8,_Z16subsdk0_f_26dd70v
0x000000000026dd80,sub_26dd80,188,_ZN7subsdk010sub_26dd80Ev!
0x000000000026de40,sub_26de40,92,_ZN7subsdk010sub_26de40Ev!
0x000000000026dea0,sub_26dea0,108,_ZN7subsdk010sub_26dea0Ev!
0x000000000026df10,sub_26df10,108,_ZN7subsdk010sub_26df10Ev!
0x000000000026df80,s_s,164,_ZN7subsdk03s_sEv!
0x000000000026e030,sub_26e030,8,_Z16subsdk0_f_26e030v
0x000000000026e040,sub_26e040,4,_Z16subsdk0_f_26e040v
0x000000000026e050,sub_26e050,4,_Z16subsdk0_f_26e050v
0x000000000026e060,sub_26e060,8,_Z16subsdk0_f_26e060v
0x000000000026e070,sub_26e070,4,_Z16subsdk0_f_26e070v
0x000000000026e080,sub_26e080,8,_Z16subsdk0_f_26e080v
0x000000000026e090,sub_26e090,4,_Z16subsdk0_f_26e090v
0x000000000026e0a0,sub_26e0a0,4,_Z16subsdk0_f_26e0a0v
0x000000000026e0b0,sub_26e0b0,8,_Z16subsdk0_f_26e0b0v
0x000000000026e0c0,sub_26e0c0,8,_Z16subsdk0_f_26e0c0v
0x000000000026e0d0,sub_26e0d0,8,_Z16subsdk0_f_26e0d0v
0x000000000026e0e0,sub_26e0e0,8,_Z16subsdk0_f_26e0e0v
0x000000000026e0f0,sub_26e0f0,8,_Z16subsdk0_f_26e0f0v
0x000000000026e100,sub_26e100,4,_Z16subsdk0_f_26e100v
0x000000000026e110,libnvmmlite_msaudio,1224,_ZN7subsdk019libnvmmlite_msaudioEv!
0x000000000026e5e0,sub_26e5e0,108,_ZN7subsdk010sub_26e5e0Ev!
0x000000000026e650,sub_26e650,84,_ZN7subsdk010sub_26e650Ev!
0x000000000026e6b0,sub_26e6b0,116,_ZN7subsdk010sub_26e6b0Ev!
0x000000000026e730,sub_26e730,88,_ZN7subsdk010sub_26e730Ev!
0x000000000026e790,sub_26e790,132,_ZN7subsdk010sub_26e790Ev!
0x000000000026e820,sub_26e820,20,_Z16subsdk0_f_26e820PvS_
0x000000000026e840,sub_26e840,80,_ZN7subsdk010sub_26e840Ev!
0x000000000026e890,sub_26e890,116,_ZN7subsdk010sub_26e890Ev!
0x000000000026e910,sub_26e910,16,_ZN7subsdk010sub_26e910Ev!
0x000000000026e920,sub_26e920,92,_ZN7subsdk010sub_26e920Ev!
0x000000000026e980,sub_26e980,88,_ZN7subsdk010sub_26e980Ev!
0x000000000026e9e0,sub_26e9e0,32,_ZN7subsdk010sub_26e9e0Ev!
0x000000000026ea00,sub_26ea00,36,_ZN7subsdk010sub_26ea00Ev!
0x000000000026ea30,sub_26ea30,40,_ZN7subsdk010sub_26ea30Ev!
0x000000000026ea60,sub_26ea60,32,_ZN7subsdk025sub_26ea60_subsdk0_26ea60Ev!
0x000000000026ea80,sub_26ea80,48,_ZN7subsdk010sub_26ea80Ev!
0x000000000026eab0,sub_26eab0,140,_ZN7subsdk010sub_26eab0Ev!
0x000000000026eb40,sub_26eb40,4,_ZN7subsdk010sub_26eb40Ev!
0x000000000026eb50,sub_26eb50,4,_ZN7subsdk010sub_26eb50Ev!
0x000000000026eb60,sub_26eb60,4,_ZN7subsdk025sub_26eb60_subsdk0_26eb60Ev!
0x000000000026eb70,sub_26eb70,4,_ZN7subsdk010sub_26eb70Ev!
0x000000000026eb80,sub_26eb80,140,_ZN7subsdk010sub_26eb80Ev!
0x000000000026ec10,sub_26ec10,140,_ZN7subsdk010sub_26ec10Ev!
0x000000000026eca0,sub_26eca0,492,_ZN7subsdk010sub_26eca0Ev!
0x000000000026ee90,sub_26ee90,116,_ZN7subsdk010sub_26ee90Ev!
0x000000000026ef10,sub_26ef10,424,_ZN7subsdk010sub_26ef10Ev!
0x000000000026f0c0,sub_26f0c0,408,_ZN7subsdk010sub_26f0c0Ev!
0x000000000026f260,sub_26f260,468,_ZN7subsdk010sub_26f260Ev!
0x000000000026f440,sub_26f440,124,_ZN7subsdk025sub_26f440_subsdk0_26f440Ev!
0x000000000026f4c0,sub_26f4c0,936,_ZN7subsdk010sub_26f4c0Ev!
0x000000000026f870,sub_26f870,16,_Z16subsdk0_f_26f870Pvmm
0x000000000026f880,sub_26f880,124,_ZN7subsdk010sub_26f880Ev!
0x000000000026f900,sub_26f900,20,_Z16subsdk0_f_26f900PvS_
0x000000000026f920,sub_26f920,264,_ZN7subsdk025sub_26f920_subsdk0_26f920Ev!
0x000000000026fa30,sub_26fa30,68,_ZN7subsdk010sub_26fa30Ev!
0x000000000026fa80,sub_26fa80,268,_ZN7subsdk010sub_26fa80Ev!
0x000000000026fb90,sub_26fb90,304,_ZN7subsdk025sub_26fb90_subsdk0_26fb90Ev!
0x000000000026fcc0,sub_26fcc0,88,_ZN7subsdk010sub_26fcc0Ev!
0x000000000026fd20,sub_26fd20,132,_ZN7subsdk010sub_26fd20Ev!
0x000000000026fdb0,sub_26fdb0,44,_ZN7subsdk025sub_26fdb0_subsdk0_26fdb0Ev!
0x000000000026fde0,sub_26fde0,88,_ZN7subsdk010sub_26fde0Ev!
0x000000000026fe40,sub_26fe40,100,_ZN7subsdk010sub_26fe40Ev!
0x000000000026feb0,sub_26feb0,268,_ZN7subsdk010sub_26feb0Ev!
0x000000000026ffc0,sub_26ffc0,76,_ZN7subsdk010sub_26ffc0Ev!
0x0000000000270010,sub_270010,304,_ZN7subsdk010sub_270010Ev!
0x0000000000270140,sub_270140,164,_ZN7subsdk010sub_270140Ev!
0x00000000002701f0,sub_2701f0,44,_ZN7subsdk010sub_2701f0Ev!
0x0000000000270220,sub_270220,28,_ZN7subsdk010sub_270220Ev!
0x0000000000270240,sub_270240,40,_ZN7subsdk010sub_270240Ev!
0x0000000000270270,sub_270270,28,_ZN7subsdk010sub_270270Ev!
0x0000000000270290,sub_270290,20,_ZN7subsdk010sub_270290Ev!
0x00000000002702b0,sub_2702b0,28,_ZN7subsdk010sub_2702b0Ev!
0x00000000002702d0,sub_2702d0,12,_ZN7subsdk010sub_2702d0Ev!
0x00000000002702e0,sub_2702e0,12,_ZN7subsdk010sub_2702e0Ev!
0x00000000002702f0,sub_2702f0,268,_ZN7subsdk010sub_2702f0Ev!
0x0000000000270400,sub_270400,72,_ZN7subsdk010sub_270400Ev!
0x0000000000270450,sub_270450,8,_Z16subsdk0_f_270450v
0x0000000000270460,sub_270460,8,_Z16subsdk0_f_270460v
0x0000000000270470,sub_270470,8,_Z16subsdk0_f_270470v
0x0000000000270480,sub_270480,640,_ZN7subsdk025sub_270480_subsdk0_270480Ev!
0x0000000000270700,sub_270700,344,_ZN7subsdk010sub_270700Ev!
0x0000000000270860,NvxTrace,372,_ZN7subsdk08NvxTraceEv!
0x00000000002709e0,sub_2709e0,424,_ZN7subsdk010sub_2709e0Ev!
0x0000000000270b90,sub_270b90,164,_ZN7subsdk010sub_270b90Ev!
0x0000000000270c40,sub_270c40,484,_ZN7subsdk010sub_270c40Ev!
0x0000000000270e30,sub_270e30,260,_ZN7subsdk010sub_270e30Ev!
0x0000000000270f40,sub_270f40,236,_ZN7subsdk025sub_270f40_subsdk0_270f40Ev!
0x0000000000271030,sub_271030,24,_ZN7subsdk010sub_271030Ev!
0x0000000000271050,sub_271050,440,_ZN7subsdk010sub_271050Ev!
0x0000000000271210,sub_271210,272,_ZN7subsdk010sub_271210Ev!
0x0000000000271320,sub_271320,4,_ZN7subsdk010sub_271320Ev!
0x0000000000271330,sub_271330,4,_ZN7subsdk010sub_271330Ev!
0x0000000000271340,sub_271340,108,_ZN7subsdk010sub_271340Ev!
0x00000000002713b0,sub_2713b0,12,_ZN7subsdk010sub_2713b0Ev!
0x00000000002713c0,sub_2713c0,48,_ZN7subsdk010sub_2713c0Ev!
0x00000000002713f0,sub_2713f0,1116,_ZN7subsdk010sub_2713f0Ev!
0x0000000000271850,sub_271850,116,_ZN7subsdk010sub_271850Ev!
0x00000000002718d0,sub_2718d0,288,_ZN7subsdk010sub_2718d0Ev!
0x00000000002719f0,sub_2719f0,64,_ZN7subsdk010sub_2719f0Ev!
0x0000000000271a30,sub_271a30,232,_ZN7subsdk010sub_271a30Ev!
0x0000000000271b20,sub_271b20,64,_ZN7subsdk010sub_271b20Ev!
0x0000000000271b60,sub_271b60,332,_ZN7subsdk010sub_271b60Ev!
0x0000000000271cb0,sub_271cb0,68,_ZN7subsdk010sub_271cb0Ev!
0x0000000000271d00,sub_271d00,40,_ZN7subsdk010sub_271d00Ev!
0x0000000000271d30,sub_271d30,1100,_ZN7subsdk010sub_271d30Ev!
0x0000000000272180,sub_272180,60,_ZN7subsdk010sub_272180Ev!
0x00000000002721c0,sub_2721c0,532,_ZN7subsdk010sub_2721c0Ev!
0x00000000002723e0,sub_2723e0,892,_ZN7subsdk010sub_2723e0Ev!
0x0000000000272760,sub_272760,356,_ZN7subsdk010sub_272760Ev!
0x00000000002728d0,sub_2728d0,356,_ZN7subsdk010sub_2728d0Ev!
0x0000000000272a40,sub_272a40,508,_ZN7subsdk010sub_272a40Ev!
0x0000000000272c40,sub_272c40,124,_ZN7subsdk010sub_272c40Ev!
0x0000000000272cc0,sub_272cc0,84,_ZN7subsdk010sub_272cc0Ev!
0x0000000000272d20,sub_272d20,1888,_ZN7subsdk010sub_272d20Ev!
0x0000000000273480,sub_273480,1420,_ZN7subsdk010sub_273480Ev!
0x0000000000273a10,sub_273a10,12,_Z16subsdk0_f_273a10v
0x0000000000273a20,sub_273a20,12,_Z16subsdk0_f_273a20v
0x0000000000273a30,sub_273a30,108,_ZN7subsdk010sub_273a30Ev!
0x0000000000273aa0,sub_273aa0,432,_ZN7subsdk010sub_273aa0Ev!
0x0000000000273c50,sub_273c50,432,_ZN7subsdk010sub_273c50Ev!
0x0000000000273e00,sub_273e00,152,_ZN7subsdk010sub_273e00Ev!
0x0000000000273ea0,sub_273ea0,192,_ZN7subsdk010sub_273ea0Ev!
0x0000000000273f60,sub_273f60,212,_ZN7subsdk010sub_273f60Ev!
0x0000000000274040,sub_274040,2252,_ZN7subsdk010sub_274040Ev!
0x0000000000274910,NVNVRMSURFACENV,636,_ZN7subsdk015NVNVRMSURFACENVEv!
0x0000000000274b90,sub_274b90,540,_ZN7subsdk010sub_274b90Ev!
0x0000000000274db0,sub_274db0,64,_ZN7subsdk010sub_274db0Ev!
0x0000000000274df0,sub_274df0,168,_ZN7subsdk010sub_274df0Ev!
0x0000000000274ea0,sub_274ea0,1796,_ZN7subsdk010sub_274ea0Ev!
0x00000000002755b0,sub_2755b0,68,_ZN7subsdk010sub_2755b0Ev!
0x0000000000275600,sub_275600,172,_ZN7subsdk010sub_275600Ev!
0x00000000002756b0,sub_2756b0,120,_ZN7subsdk010sub_2756b0Ev!
0x0000000000275730,sub_275730,92,_ZN7subsdk010sub_275730Ev!
0x0000000000275790,sub_275790,104,_ZN7subsdk010sub_275790Ev!
0x0000000000275800,sub_275800,56,_ZN7subsdk010sub_275800Ev!
0x0000000000275840,sub_275840,352,_ZN7subsdk010sub_275840Ev!
0x00000000002759a0,sub_2759a0,336,_ZN7subsdk025sub_2759a0_subsdk0_2759a0Ev!
0x0000000000275af0,sub_275af0,1536,_ZN7subsdk010sub_275af0Ev!
0x00000000002760f0,sub_2760f0,284,_ZN7subsdk010sub_2760f0Ev!
0x0000000000276210,sub_276210,308,_ZN7subsdk010sub_276210Ev!
0x0000000000276350,sub_276350,552,_ZN7subsdk010sub_276350Ev!
0x0000000000276580,sub_276580,20,_Z16subsdk0_f_276580Pvm
0x00000000002765a0,sub_2765a0,108,_ZN7subsdk010sub_2765a0Ev!
0x0000000000276610,octet_stream_2,152,_ZN7subsdk014octet_stream_2Ev!
0x00000000002766b0,octet_stream_3,172,_ZN7subsdk014octet_stream_3Ev!
0x0000000000276760,octet_stream_4,156,_ZN7subsdk014octet_stream_4Ev!
0x0000000000276800,sub_276800,476,_ZN7subsdk010sub_276800Ev!
0x00000000002769e0,sub_2769e0,72,_ZN7subsdk010sub_2769e0Ev!
0x0000000000276a30,sub_276a30,380,_ZN7subsdk010sub_276a30Ev!
0x0000000000276bb0,sub_276bb0,164,_ZN7subsdk010sub_276bb0Ev!
0x0000000000276c60,sub_276c60,96,_ZN7subsdk010sub_276c60Ev!
0x0000000000276cc0,sub_276cc0,844,_ZN7subsdk010sub_276cc0Ev!
0x0000000000277010,sub_277010,576,_ZN7subsdk010sub_277010Ev!
0x0000000000277250,sub_277250,308,_ZN7subsdk010sub_277250Ev!
0x0000000000277390,sub_277390,148,_ZN7subsdk010sub_277390Ev!
0x0000000000277430,sub_277430,392,_ZN7subsdk010sub_277430Ev!
0x00000000002775c0,sub_2775c0,352,_ZN7subsdk010sub_2775c0Ev!
0x0000000000277720,sub_277720,280,_ZN7subsdk010sub_277720Ev!
0x0000000000277840,sub_277840,360,_ZN7subsdk010sub_277840Ev!
0x00000000002779b0,sub_2779b0,1412,_ZN7subsdk010sub_2779b0Ev!
0x0000000000277f40,sub_277f40,16,_ZN7subsdk010sub_277f40Ev!
0x0000000000277f50,sub_277f50,300,_ZN7subsdk025sub_277f50_subsdk0_277f50Ev!
0x0000000000278080,sub_278080,300,_ZN7subsdk010sub_278080Ev!
0x00000000002781b0,sub_2781b0,736,_ZN7subsdk010sub_2781b0Ev!
0x0000000000278490,sub_278490,80,_ZN7subsdk010sub_278490Ev!
0x00000000002784e0,sub_2784e0,140,_ZN7subsdk010sub_2784e0Ev!
0x0000000000278570,sub_278570,340,_ZN7subsdk010sub_278570Ev!
0x00000000002786d0,sub_2786d0,136,_ZN7subsdk010sub_2786d0Ev!
0x0000000000278760,sub_278760,72,_ZN7subsdk010sub_278760Ev!
0x00000000002787b0,sub_2787b0,264,_ZN7subsdk010sub_2787b0Ev!
0x00000000002788c0,sub_2788c0,352,_ZN7subsdk010sub_2788c0Ev!
0x0000000000278a20,sub_278a20,84,_ZN7subsdk010sub_278a20Ev!
0x0000000000278a80,sub_278a80,932,_ZN7subsdk010sub_278a80Ev!
0x0000000000278e30,sub_278e30,204,_ZN7subsdk010sub_278e30Ev!
0x0000000000278f00,sub_278f00,204,_ZN7subsdk010sub_278f00Ev!
0x0000000000278fd0,sub_278fd0,148,_ZN7subsdk010sub_278fd0Ev!
0x0000000000279070,sub_279070,148,_ZN7subsdk010sub_279070Ev!
0x0000000000279110,sub_279110,52,_ZN7subsdk010sub_279110Ev!
0x0000000000279150,sub_279150,52,_ZN7subsdk010sub_279150Ev!
0x0000000000279190,sub_279190,144,_ZN7subsdk010sub_279190Ev!
0x0000000000279220,sub_279220,44,_ZN7subsdk010sub_279220Ev!
0x0000000000279250,sub_279250,56,_ZN7subsdk010sub_279250Ev!
0x0000000000279290,sub_279290,40,_ZN7subsdk010sub_279290Ev!
0x00000000002792c0,sub_2792c0,80,_ZN7subsdk010sub_2792c0Ev!
0x0000000000279310,sub_279310,484,_ZN7subsdk010sub_279310Ev!
0x0000000000279500,sub_279500,72,_ZN7subsdk010sub_279500Ev!
0x0000000000279550,sub_279550,72,_ZN7subsdk010sub_279550Ev!
0x00000000002795a0,sub_2795a0,76,_ZN7subsdk010sub_2795a0Ev!
0x00000000002795f0,sub_2795f0,184,_ZN7subsdk010sub_2795f0Ev!
0x00000000002796b0,sub_2796b0,152,_ZN7subsdk010sub_2796b0Ev!
0x0000000000279750,sub_279750,40,_ZN7subsdk010sub_279750Ev!
0x0000000000279780,sub_279780,24,_ZN7subsdk010sub_279780Ev!
0x00000000002797a0,sub_2797a0,24,_ZN7subsdk010sub_2797a0Ev!
0x00000000002797c0,sub_2797c0,24,_ZN7subsdk010sub_2797c0Ev!
0x00000000002797e0,clock_binary,652,_ZN7subsdk012clock_binaryEv!
0x0000000000279a70,sub_279a70,60,_ZN7subsdk010sub_279a70Ev!
0x0000000000279ab0,sub_279ab0,256,_ZN7subsdk010sub_279ab0Ev!
0x0000000000279bb0,sub_279bb0,676,_ZN7subsdk010sub_279bb0Ev!
0x0000000000279e60,sub_279e60,588,_ZN7subsdk010sub_279e60Ev!
0x000000000027a0b0,sub_27a0b0,64,_ZN7subsdk010sub_27a0b0Ev!
0x000000000027a0f0,sub_27a0f0,580,_ZN7subsdk025sub_27a0f0_subsdk0_27a0f0Ev!
0x000000000027a340,sub_27a340,640,_ZN7subsdk010sub_27a340Ev!
0x000000000027a5c0,test,508,_ZN7subsdk04testEv!
0x000000000027a7c0,sub_27a7c0,68,_ZN7subsdk010sub_27a7c0Ev!
0x000000000027a810,sub_27a810,28,_ZN7subsdk010sub_27a810Ev!
0x000000000027a830,sub_27a830,1576,_ZN7subsdk010sub_27a830Ev!
0x000000000027ae60,sub_27ae60,356,_ZN7subsdk010sub_27ae60Ev!
0x000000000027afd0,sub_27afd0,228,_ZN7subsdk010sub_27afd0Ev!
0x000000000027b0c0,sub_27b0c0,252,_ZN7subsdk010sub_27b0c0Ev!
0x000000000027b1c0,f_3gpWriter,1292,_ZN7subsdk011f_3gpWriterEv!
0x000000000027b6d0,sub_27b6d0,144,_ZN7subsdk010sub_27b6d0Ev!
0x000000000027b760,sub_27b760,36,_ZN7subsdk010sub_27b760Ev!
0x000000000027b790,sub_27b790,100,_ZN7subsdk010sub_27b790Ev!
0x000000000027b800,video_scheduler_binary,436,_ZN7subsdk022video_scheduler_binaryEv!
0x000000000027b9c0,sub_27b9c0,44,_ZN7subsdk010sub_27b9c0Ev!
0x000000000027b9f0,sub_27b9f0,1068,_ZN7subsdk010sub_27b9f0Ev!
0x000000000027be20,sub_27be20,28,_ZN7subsdk010sub_27be20Ev!
0x000000000027be40,sub_27be40,60,_ZN7subsdk010sub_27be40Ev!
0x000000000027be80,sub_27be80,44,_ZN7subsdk010sub_27be80Ev!
0x000000000027beb0,raw_reader_binary,140,_ZN7subsdk017raw_reader_binaryEv!
0x000000000027bf40,test_2,276,_ZN7subsdk06test_2Ev!
0x000000000027c060,test_3,316,_ZN7subsdk06test_3Ev!
0x000000000027c1a0,audio_reader_binary,140,_ZN5audio19audio_reader_binaryEv!
0x000000000027c230,image_reader_binary,140,_ZN7subsdk019image_reader_binaryEv!
0x000000000027c2c0,video_reader_binary,140,_ZN7subsdk019video_reader_binaryEv!
0x000000000027c350,video_reader_binary_2,144,_ZN7subsdk021video_reader_binary_2Ev!
0x000000000027c3e0,video_reader_binary_3,148,_ZN7subsdk021video_reader_binary_3Ev!
0x000000000027c480,sub_27c480,52,_ZN7subsdk010sub_27c480Ev!
0x000000000027c4c0,sub_27c4c0,212,_ZN7subsdk010sub_27c4c0Ev!
0x000000000027c5a0,sub_27c5a0,596,_ZN7subsdk010sub_27c5a0Ev!
0x000000000027c800,sub_27c800,128,_ZN7subsdk010sub_27c800Ev!
0x000000000027c880,sub_27c880,60,_ZN7subsdk010sub_27c880Ev!
0x000000000027c8c0,sub_27c8c0,96,_ZN7subsdk010sub_27c8c0Ev!
0x000000000027c920,sub_27c920,40,_ZN7subsdk010sub_27c920Ev!
0x000000000027c950,sub_27c950,92,_ZN7subsdk010sub_27c950Ev!
0x000000000027c9b0,raw_writer_binary,144,_ZN7subsdk017raw_writer_binaryEv!
0x000000000027ca40,audio_writer_binary,140,_ZN5audio19audio_writer_binaryEv!
0x000000000027cad0,wav_writer_binary,144,_ZN7subsdk017wav_writer_binaryEv!
0x000000000027cb60,amr_writer_binary,144,_ZN7subsdk017amr_writer_binaryEv!
0x000000000027cbf0,image_writer_binary,144,_ZN7subsdk019image_writer_binaryEv!
0x000000000027cc80,image_writer_binary_2,144,_ZN7subsdk021image_writer_binary_2Ev!
0x000000000027cd10,video_writer_binary,144,_ZN7subsdk019video_writer_binaryEv!
0x000000000027cda0,video_writer_binary_2,152,_ZN7subsdk021video_writer_binary_2Ev!
0x000000000027ce40,sub_27ce40,60,_ZN7subsdk010sub_27ce40Ev!
0x000000000027ce80,sub_27ce80,300,_ZN7subsdk025sub_27ce80_subsdk0_27ce80Ev!
0x000000000027cfb0,sub_27cfb0,104,_ZN7subsdk010sub_27cfb0Ev!
0x000000000027d020,s_08d_s,948,_ZN7subsdk07s_08d_sEv!
0x000000000027d3e0,sub_27d3e0,124,_ZN7subsdk010sub_27d3e0Ev!
0x000000000027d460,sub_27d460,308,_ZN7subsdk010sub_27d460Ev!
0x000000000027d5a0,sub_27d5a0,44,_ZN7subsdk010sub_27d5a0Ev!
0x000000000027d5d0,sub_27d5d0,68,_ZN7subsdk010sub_27d5d0Ev!
0x000000000027d620,CallGraph,260,_ZN7subsdk09CallGraphEv!
0x000000000027d730,enable,1900,_ZN7subsdk021enable_subsdk0_27d730Ev!
0x000000000027dea0,sub_27dea0,120,_ZN7subsdk010sub_27dea0Ev!
0x000000000027df20,sub_27df20,60,_ZN7subsdk010sub_27df20Ev!
0x000000000027df60,sub_27df60,60,_ZN7subsdk010sub_27df60Ev!
0x000000000027dfa0,sub_27dfa0,60,_ZN7subsdk010sub_27dfa0Ev!
0x000000000027dfe0,sub_27dfe0,184,_ZN7subsdk010sub_27dfe0Ev!
0x000000000027e0a0,sub_27e0a0,56,_ZN7subsdk010sub_27e0a0Ev!
0x000000000027e0e0,sub_27e0e0,416,_ZN7subsdk010sub_27e0e0Ev!
0x000000000027e280,sub_27e280,8,_Z16subsdk0_f_27e280Pvj
0x000000000027e290,sub_27e290,144,_ZN7subsdk010sub_27e290Ev!
0x000000000027e320,sub_27e320,104,_ZN7subsdk010sub_27e320Ev!
0x000000000027e390,sub_27e390,56,_ZN7subsdk010sub_27e390Ev!
0x000000000027e3d0,sub_27e3d0,156,_ZN7subsdk010sub_27e3d0Ev!
0x000000000027e470,sub_27e470,116,_ZN7subsdk010sub_27e470Ev!
0x000000000027e4f0,sub_27e4f0,52,_ZN7subsdk010sub_27e4f0Ev!
0x000000000027e530,sub_27e530,200,_ZN7subsdk010sub_27e530Ev!
0x000000000027e600,sub_27e600,160,_ZN7subsdk010sub_27e600Ev!
0x000000000027e6a0,sub_27e6a0,336,_ZN7subsdk010sub_27e6a0Ev!
0x000000000027e7f0,sub_27e7f0,700,_ZN7subsdk010sub_27e7f0Ev!
0x000000000027eab0,sub_27eab0,160,_ZN7subsdk010sub_27eab0Ev!
0x000000000027eb50,sub_27eb50,56,_ZN7subsdk010sub_27eb50Ev!
0x000000000027eb90,NvMMNvxRunWorkerThread,376,_ZN7subsdk022NvMMNvxRunWorkerThreadEv!
0x000000000027ed10,sub_27ed10,300,_ZN7subsdk010sub_27ed10Ev!
0x000000000027ee40,sub_27ee40,72,_ZN7subsdk010sub_27ee40Ev!
0x000000000027ee90,sub_27ee90,48,_Z16subsdk0_f_27ee90PvS_
0x000000000027eec0,sub_27eec0,24,_Z16subsdk0_f_27eec0PvS_
0x000000000027eee0,sub_27eee0,120,_ZN7subsdk010sub_27eee0Ev!
0x000000000027ef60,sub_27ef60,16,_ZN7subsdk010sub_27ef60Ev!
0x000000000027ef70,sub_27ef70,312,_ZN7subsdk010sub_27ef70Ev!
0x000000000027f0b0,sub_27f0b0,2752,_ZN7subsdk010sub_27f0b0Ev!
0x000000000027fb70,sub_27fb70,1608,_ZN7subsdk010sub_27fb70Ev!
0x00000000002801c0,sub_2801c0,580,_ZN7subsdk010sub_2801c0Ev!
0x0000000000280410,sub_280410,12,_ZN7subsdk010sub_280410Ev!
0x0000000000280420,sub_280420,1112,_ZN7subsdk010sub_280420Ev!
0x0000000000280880,sub_280880,1508,_ZN7subsdk010sub_280880Ev!
0x0000000000280e70,sub_280e70,336,_ZN7subsdk010sub_280e70Ev!
0x0000000000280fc0,sub_280fc0,668,_ZN7subsdk010sub_280fc0Ev!
0x0000000000281260,sub_281260,892,_ZN7subsdk010sub_281260Ev!
0x00000000002815e0,sub_2815e0,944,_ZN7subsdk010sub_2815e0Ev!
0x0000000000281990,sub_281990,804,_ZN7subsdk010sub_281990Ev!
0x0000000000281cc0,Total_packets_d,2084,_ZN7subsdk015Total_packets_dEv!
0x00000000002824f0,sub_2824f0,1384,_ZN7subsdk010sub_2824f0Ev!
0x0000000000282a60,image_decoder,4396,_ZN7subsdk013image_decoderEv!
0x0000000000283b90,sub_283b90,2876,_ZN7subsdk010sub_283b90Ev!
0x00000000002846d0,sub_2846d0,3088,_ZN7subsdk010sub_2846d0Ev!
0x00000000002852e0,sub_2852e0,3380,_ZN7subsdk010sub_2852e0Ev!
0x0000000000286020,sub_286020,3036,_ZN7subsdk010sub_286020Ev!
0x0000000000286c00,sub_286c00,904,_ZN7subsdk010sub_286c00Ev!
0x0000000000286f90,sub_286f90,19464,_ZN7subsdk010sub_286f90Ev!
0x000000000028bba0,sub_28bba0,692,_ZN7subsdk010sub_28bba0Ev!
0x000000000028be60,sub_28be60,2420,_ZN7subsdk010sub_28be60Ev!
0x000000000028c7e0,sub_28c7e0,1312,_ZN7subsdk010sub_28c7e0Ev!
0x000000000028cd00,sub_28cd00,1080,_ZN7subsdk010sub_28cd00Ev!
0x000000000028d140,sub_28d140,20,_ZN7subsdk010sub_28d140Ev!
0x000000000028d160,sub_28d160,20,_ZN7subsdk010sub_28d160Ev!
0x000000000028d180,sub_28d180,60,_ZN7subsdk010sub_28d180Ev!
0x000000000028d1c0,sub_28d1c0,128,_ZN7subsdk010sub_28d1c0Ev!
0x000000000028d240,sub_28d240,68,_ZN7subsdk010sub_28d240Ev!
0x000000000028d290,sub_28d290,124,_ZN7subsdk010sub_28d290Ev!
0x000000000028d310,sub_28d310,12,_ZN7subsdk010sub_28d310Ev!
0x000000000028d320,sub_28d320,12,_ZN7subsdk010sub_28d320Ev!
0x000000000028d330,sub_28d330,68,_ZN7subsdk010sub_28d330Ev!
0x000000000028d380,sub_28d380,8,_Z16subsdk0_f_28d380v
0x000000000028d390,sub_28d390,40,_ZN7subsdk010sub_28d390Ev!
0x000000000028d3c0,sub_28d3c0,460,_ZN7subsdk010sub_28d3c0Ev!
0x000000000028d590,sub_28d590,44,_ZN7subsdk010sub_28d590Ev!
0x000000000028d5c0,sub_28d5c0,24,_ZN7subsdk010sub_28d5c0Ev!
0x000000000028d5e0,sub_28d5e0,352,_ZN7subsdk010sub_28d5e0Ev!
0x000000000028d740,sub_28d740,600,_ZN7subsdk010sub_28d740Ev!
0x000000000028d9a0,sub_28d9a0,688,_ZN7subsdk010sub_28d9a0Ev!
0x000000000028dc50,sub_28dc50,320,_ZN7subsdk010sub_28dc50Ev!
0x000000000028dd90,NVNVRMSURFACENV_2,220,_ZN7subsdk017NVNVRMSURFACENV_2Ev!
0x000000000028de70,NVNVRMSURFACENV_3,156,_ZN7subsdk017NVNVRMSURFACENV_3Ev!
0x000000000028df10,sub_28df10,548,_ZN7subsdk010sub_28df10Ev!
0x000000000028e140,sub_28e140,56,_ZN7subsdk010sub_28e140Ev!
0x000000000028e180,sub_28e180,444,_ZN7subsdk010sub_28e180Ev!
0x000000000028e340,sub_28e340,92,_ZN7subsdk010sub_28e340Ev!
0x000000000028e3a0,sub_28e3a0,20,_ZN7subsdk010sub_28e3a0Ev!
0x000000000028e3c0,sub_28e3c0,152,_ZN7subsdk010sub_28e3c0Ev!
0x000000000028e460,sub_28e460,848,_ZN7subsdk010sub_28e460Ev!
0x000000000028e7b0,sub_28e7b0,200,_ZN7subsdk010sub_28e7b0Ev!
0x000000000028e880,sub_28e880,412,_ZN7subsdk010sub_28e880Ev!
0x000000000028ea20,sub_28ea20,60,_ZN7subsdk010sub_28ea20Ev!
0x000000000028ea60,sub_28ea60,1820,_ZN7subsdk010sub_28ea60Ev!
0x000000000028f180,sub_28f180,188,_ZN7subsdk010sub_28f180Ev!
0x000000000028f240,sub_28f240,612,_ZN7subsdk010sub_28f240Ev!
0x000000000028f4b0,sub_28f4b0,484,_ZN7subsdk010sub_28f4b0Ev!
0x000000000028f6a0,sub_28f6a0,1628,_ZN7subsdk010sub_28f6a0Ev!
0x000000000028fd00,sub_28fd00,596,_ZN7subsdk010sub_28fd00Ev!
0x000000000028ff60,sub_28ff60,8,_Z16subsdk0_f_28ff60v
0x000000000028ff70,sub_28ff70,20,_ZN7subsdk010sub_28ff70Ev!
0x000000000028ff90,sub_28ff90,12,_Z16subsdk0_f_28ff90v
0x000000000028ffa0,sub_28ffa0,40,_ZN7subsdk010sub_28ffa0Ev!
0x000000000028ffd0,sub_28ffd0,44,_ZN7subsdk010sub_28ffd0Ev!
0x0000000000290000,sub_290000,468,_ZN7subsdk010sub_290000Ev!
0x00000000002901e0,sub_2901e0,452,_ZN7subsdk010sub_2901e0Ev!
0x00000000002903b0,sub_2903b0,268,_ZN7subsdk010sub_2903b0Ev!
0x00000000002904c0,sub_2904c0,268,_ZN7subsdk010sub_2904c0Ev!
0x00000000002905d0,BlockADTSDec,276,_ZN7subsdk012BlockADTSDecEv!
0x00000000002906f0,BlockBSACDec,276,_ZN7subsdk012BlockBSACDecEv!
0x0000000000290810,BlockWavDec,144,_ZN7subsdk011BlockWavDecEv!
0x00000000002908a0,WMAPRODec,264,_ZN7subsdk09WMAPRODecEv!
0x00000000002909b0,WMALSLDec,264,_ZN7subsdk09WMALSLDecEv!
0x0000000000290ac0,BlockOGGDec,144,_ZN7subsdk011BlockOGGDecEv!
0x0000000000290b50,BlockAMRDec,252,_ZN7subsdk011BlockAMRDecEv!
0x0000000000290c50,BlockAMRWBDec,252,_ZN7subsdk013BlockAMRWBDecEv!
0x0000000000290d50,sub_290d50,44,_ZN7subsdk025sub_290d50_subsdk0_290d50Ev!
0x0000000000290d80,sub_290d80,44,_ZN7subsdk010sub_290d80Ev!
0x0000000000290db0,sub_290db0,2852,_ZN7subsdk010sub_290db0Ev!
0x00000000002918e0,sub_2918e0,2368,_ZN7subsdk010sub_2918e0Ev!
0x0000000000292220,sub_292220,412,_ZN7subsdk010sub_292220Ev!
0x00000000002923c0,sub_2923c0,336,_ZN7subsdk010sub_2923c0Ev!
0x0000000000292510,sub_292510,148,_ZN7subsdk010sub_292510Ev!
0x00000000002925b0,sub_2925b0,76,_ZN7subsdk010sub_2925b0Ev!
0x0000000000292600,sub_292600,416,_ZN7subsdk010sub_292600Ev!
0x00000000002927a0,sub_2927a0,304,_ZN7subsdk010sub_2927a0Ev!
0x00000000002928d0,sub_2928d0,608,_ZN7subsdk010sub_2928d0Ev!
0x0000000000292b30,sub_292b30,180,_ZN7subsdk010sub_292b30Ev!
0x0000000000292bf0,sub_292bf0,60,_ZN7subsdk010sub_292bf0Ev!
0x0000000000292c30,sub_292c30,244,_ZN7subsdk010sub_292c30Ev!
0x0000000000292d30,sub_292d30,104,_ZN7subsdk010sub_292d30Ev!
0x0000000000292da0,sub_292da0,104,_ZN7subsdk010sub_292da0Ev!
0x0000000000292e10,sub_292e10,32,_ZN7subsdk010sub_292e10Ev!
0x0000000000292e30,sub_292e30,32,_ZN7subsdk010sub_292e30Ev!
0x0000000000292e50,sub_292e50,192,_ZN7subsdk010sub_292e50Ev!
0x0000000000292f10,sub_292f10,52,_ZN7subsdk010sub_292f10Ev!
0x0000000000292f50,sub_292f50,124,_ZN7subsdk010sub_292f50Ev!
0x0000000000292fd0,sub_292fd0,124,_ZN7subsdk010sub_292fd0Ev!
0x0000000000293050,sub_293050,16,_ZN7subsdk010sub_293050Ev!
0x0000000000293060,sub_293060,16,_ZN7subsdk010sub_293060Ev!
0x0000000000293070,sub_293070,412,_ZN7subsdk010sub_293070Ev!
0x0000000000293210,audio_decoder_3,76,_ZN5audio15audio_decoder_3Ev!
0x0000000000293260,sub_293260,472,_ZN7subsdk010sub_293260Ev!
0x0000000000293440,audio_decoder_4,76,_ZN5audio15audio_decoder_4Ev!
0x0000000000293490,audio_decoder_x_eac3,76,_ZN5audio20audio_decoder_x_eac3Ev!
0x00000000002934e0,sub_2934e0,44,_ZN7subsdk010sub_2934e0Ev!
0x0000000000293510,sub_293510,456,_ZN7subsdk010sub_293510Ev!
0x00000000002936e0,audio_decoder_5,252,_ZN5audio15audio_decoder_5Ev!
0x00000000002937e0,sub_2937e0,72,_ZN7subsdk010sub_2937e0Ev!
0x0000000000293830,sub_293830,120,_ZN7subsdk010sub_293830Ev!
0x00000000002938b0,sub_2938b0,512,_ZN7subsdk010sub_2938b0Ev!
0x0000000000293ab0,sub_293ab0,60,_ZN7subsdk025sub_293ab0_subsdk0_293ab0Ev!
0x0000000000293af0,sub_293af0,20,_ZN7subsdk010sub_293af0Ev!
0x0000000000293b10,sub_293b10,20,_Z16subsdk0_f_293b10Pv
0x0000000000293b30,sub_293b30,12,_ZN7subsdk010sub_293b30Ev!
0x0000000000293b40,iv_renderer_rgb565,1052,_ZN7subsdk018iv_renderer_rgb565Ev!
0x0000000000293f60,sub_293f60,12,_ZN7subsdk025sub_293f60_subsdk0_293f60Ev!
0x0000000000293f70,sub_293f70,12,_ZN7subsdk010sub_293f70Ev!
0x0000000000293f80,sub_293f80,12,_ZN7subsdk010sub_293f80Ev!
0x0000000000293f90,sub_293f90,12,_ZN7subsdk010sub_293f90Ev!
0x0000000000293fa0,sub_293fa0,12,_ZN7subsdk010sub_293fa0Ev!
0x0000000000293fb0,sub_293fb0,12,_ZN7subsdk010sub_293fb0Ev!
0x0000000000293fc0,sub_293fc0,12,_ZN7subsdk010sub_293fc0Ev!
0x0000000000293fd0,sub_293fd0,12,_ZN7subsdk010sub_293fd0Ev!
0x0000000000293fe0,sub_293fe0,12,_ZN7subsdk010sub_293fe0Ev!
0x0000000000293ff0,sub_293ff0,12,_ZN7subsdk010sub_293ff0Ev!
0x0000000000294000,sub_294000,1504,_ZN7subsdk010sub_294000Ev!
0x00000000002945e0,sub_2945e0,424,_ZN7subsdk025sub_2945e0_subsdk0_2945e0Ev!
0x0000000000294790,sub_294790,48,_ZN7subsdk010sub_294790Ev!
0x00000000002947c0,sub_2947c0,176,_ZN7subsdk010sub_2947c0Ev!
0x0000000000294870,sub_294870,368,_ZN7subsdk025sub_294870_subsdk0_294870Ev!
0x00000000002949e0,sub_2949e0,56,_ZN7subsdk010sub_2949e0Ev!
0x0000000000294a20,sub_294a20,112,_ZN7subsdk010sub_294a20Ev!
0x0000000000294a90,sub_294a90,1684,_ZN7subsdk025sub_294a90_subsdk0_294a90Ev!
0x0000000000295130,sub_295130,532,_ZN7subsdk010sub_295130Ev!
0x0000000000295350,sub_295350,652,_ZN7subsdk010sub_295350Ev!
0x00000000002955e0,Frame_d_s,616,_ZN7subsdk09Frame_d_sEv!
0x0000000000295850,sub_295850,428,_ZN7subsdk025sub_295850_subsdk0_295850Ev!
0x0000000000295a00,sub_295a00,48,_ZN7subsdk025sub_295a00_subsdk0_295a00Ev!
0x0000000000295a30,sub_295a30,1356,_ZN7subsdk010sub_295a30Ev!
0x0000000000295f80,sub_295f80,2344,_ZN7subsdk010sub_295f80Ev!
0x00000000002968b0,dropped_frames_d,1188,_ZN7subsdk016dropped_frames_dEv!
0x0000000000296d60,frame_delivery,324,_ZN7subsdk014frame_deliveryEv!
0x0000000000296eb0,sub_296eb0,100,_ZN7subsdk010sub_296eb0Ev!
0x0000000000296f20,iv_renderer_loopback,372,_ZN7subsdk020iv_renderer_loopbackEv!
0x00000000002970a0,sub_2970a0,48,_ZN7subsdk010sub_2970a0Ev!
0x00000000002970d0,sub_2970d0,8,_Z16subsdk0_f_2970d0v
0x00000000002970e0,sub_2970e0,8,_Z16subsdk0_f_2970e0v
0x00000000002970f0,sub_2970f0,8,_Z16subsdk0_f_2970f0v
0x0000000000297100,sub_297100,16,_ZN7subsdk010sub_297100Ev!
0x0000000000297110,sub_297110,8,_Z16subsdk0_f_297110v
0x0000000000297120,sub_297120,8,_Z16subsdk0_f_297120v
0x0000000000297130,sub_297130,332,_ZN7subsdk010sub_297130Ev!
0x0000000000297280,sub_297280,4,_Z16subsdk0_f_297280v
0x0000000000297290,sub_297290,4,_Z16subsdk0_f_297290v
0x00000000002972a0,sub_2972a0,8,_Z16subsdk0_f_2972a0v
0x00000000002972b0,sub_2972b0,44,_ZN7subsdk010sub_2972b0Ev!
0x00000000002972e0,sub_2972e0,44,_ZN7subsdk010sub_2972e0Ev!
0x0000000000297310,sub_297310,400,_ZN7subsdk010sub_297310Ev!
0x00000000002974a0,sub_2974a0,496,_ZN7subsdk010sub_2974a0Ev!
0x0000000000297690,sub_297690,624,_ZN7subsdk010sub_297690Ev!
0x0000000000297900,sub_297900,976,_ZN7subsdk010sub_297900Ev!
0x0000000000297cd0,sub_297cd0,344,_ZN7subsdk010sub_297cd0Ev!
0x0000000000297e30,sub_297e30,344,_ZN7subsdk025sub_297e30_subsdk0_297e30Ev!
0x0000000000297f90,sub_297f90,2412,_ZN7subsdk010sub_297f90Ev!
0x0000000000298900,sub_298900,2236,_ZN7subsdk010sub_298900Ev!
0x00000000002991c0,sub_2991c0,604,_ZN7subsdk010sub_2991c0Ev!
0x0000000000299420,sub_299420,416,_ZN7subsdk025sub_299420_subsdk0_299420Ev!
0x00000000002995c0,sub_2995c0,640,_ZN7subsdk010sub_2995c0Ev!
0x0000000000299840,sub_299840,640,_ZN7subsdk010sub_299840Ev!
0x0000000000299ac0,sub_299ac0,88,_ZN7subsdk025sub_299ac0_subsdk0_299ac0Ev!
0x0000000000299b20,sub_299b20,88,_ZN7subsdk010sub_299b20Ev!
0x0000000000299b80,sub_299b80,32,_ZN7subsdk010sub_299b80Ev!
0x0000000000299ba0,sub_299ba0,32,_ZN7subsdk010sub_299ba0Ev!
0x0000000000299bc0,sub_299bc0,36,_ZN7subsdk010sub_299bc0Ev!
0x0000000000299bf0,sub_299bf0,36,_ZN7subsdk010sub_299bf0Ev!
0x0000000000299c20,sub_299c20,124,_ZN7subsdk010sub_299c20Ev!
0x0000000000299ca0,sub_299ca0,124,_ZN7subsdk010sub_299ca0Ev!
0x0000000000299d20,sub_299d20,12,_ZN7subsdk010sub_299d20Ev!
0x0000000000299d30,sub_299d30,12,_ZN7subsdk025sub_299d30_subsdk0_299d30Ev!
0x0000000000299d40,sub_299d40,368,_ZN7subsdk010sub_299d40Ev!
0x0000000000299eb0,sub_299eb0,460,_ZN7subsdk010sub_299eb0Ev!
0x000000000029a080,sub_29a080,200,_ZN7subsdk025sub_29a080_subsdk0_29a080Ev!
0x000000000029a150,sub_29a150,8,_Z16subsdk0_f_29a150v
0x000000000029a160,sub_29a160,132,_ZN7subsdk010sub_29a160Ev!
0x000000000029a1f0,sub_29a1f0,32,_ZN7subsdk025sub_29a1f0_subsdk0_29a1f0Ev!
0x000000000029a210,sub_29a210,232,_ZN7subsdk010sub_29a210Ev!
0x000000000029a300,sub_29a300,416,_ZN7subsdk010sub_29a300Ev!
0x000000000029a4a0,sub_29a4a0,436,_ZN7subsdk010sub_29a4a0Ev!
0x000000000029a660,BlockAmrnbEnc,260,_ZN7subsdk013BlockAmrnbEncEv!
0x000000000029a770,BlockAmrwbEnc,260,_ZN7subsdk013BlockAmrwbEncEv!
0x000000000029a880,BlockilbcEnc,136,_ZN7subsdk012BlockilbcEncEv!
0x000000000029a910,BlockAmrwbEnc_2,264,_ZN7subsdk015BlockAmrwbEnc_2Ev!
0x000000000029aa20,sub_29aa20,44,_ZN7subsdk010sub_29aa20Ev!
0x000000000029aa50,sub_29aa50,44,_ZN7subsdk010sub_29aa50Ev!
0x000000000029aa80,sub_29aa80,248,_ZN7subsdk010sub_29aa80Ev!
0x000000000029ab80,sub_29ab80,196,_ZN7subsdk010sub_29ab80Ev!
0x000000000029ac50,sub_29ac50,332,_ZN7subsdk010sub_29ac50Ev!
0x000000000029ada0,sub_29ada0,264,_ZN7subsdk010sub_29ada0Ev!
0x000000000029aeb0,sub_29aeb0,88,_ZN7subsdk010sub_29aeb0Ev!
0x000000000029af10,sub_29af10,4,_Z16subsdk0_f_29af10v
0x000000000029af20,sub_29af20,56,_ZN7subsdk025sub_29af20_subsdk0_29af20Ev!
0x000000000029af60,sub_29af60,56,_ZN7subsdk010sub_29af60Ev!
0x000000000029afa0,sub_29afa0,180,_ZN7subsdk010sub_29afa0Ev!
0x000000000029b060,sub_29b060,132,_ZN7subsdk010sub_29b060Ev!
0x000000000029b0f0,sub_29b0f0,1068,_ZN7subsdk025sub_29b0f0_subsdk0_29b0f0Ev!
0x000000000029b520,sub_29b520,364,_ZN7subsdk010sub_29b520Ev!
0x000000000029b690,sub_29b690,104,_ZN7subsdk010sub_29b690Ev!
0x000000000029b700,sub_29b700,104,_ZN7subsdk010sub_29b700Ev!
0x000000000029b770,sub_29b770,32,_ZN7subsdk010sub_29b770Ev!
0x000000000029b790,sub_29b790,32,_ZN7subsdk010sub_29b790Ev!
0x000000000029b7b0,sub_29b7b0,36,_ZN7subsdk010sub_29b7b0Ev!
0x000000000029b7e0,sub_29b7e0,36,_ZN7subsdk010sub_29b7e0Ev!
0x000000000029b810,sub_29b810,124,_ZN7subsdk010sub_29b810Ev!
0x000000000029b890,sub_29b890,124,_ZN7subsdk010sub_29b890Ev!
0x000000000029b910,sub_29b910,12,_ZN7subsdk010sub_29b910Ev!
0x000000000029b920,sub_29b920,12,_ZN7subsdk010sub_29b920Ev!
0x000000000029b930,OMX_Nvidia_video_extractor,272,_ZN7subsdk026OMX_Nvidia_video_extractorEv!
0x000000000029ba40,sub_29ba40,48,_ZN7subsdk010sub_29ba40Ev!
0x000000000029ba70,sub_29ba70,28,_ZN7subsdk010sub_29ba70Ev!
0x000000000029ba90,sub_29ba90,20,_Z16subsdk0_f_29ba90Pv
0x000000000029bab0,sub_29bab0,164,_ZN7subsdk010sub_29bab0Ev!
0x000000000029bb60,sub_29bb60,40,_ZN7subsdk010sub_29bb60Ev!
0x000000000029bb90,sub_29bb90,936,_ZN7subsdk010sub_29bb90Ev!
0x000000000029bf40,sub_29bf40,124,_ZN7subsdk010sub_29bf40Ev!
0x000000000029bfc0,sub_29bfc0,88,_ZN7subsdk010sub_29bfc0Ev!
0x000000000029c020,sub_29c020,8,_Z16subsdk0_f_29c020v
0x000000000029c030,sub_29c030,64,_ZN7subsdk025sub_29c030_subsdk0_29c030Ev!
0x000000000029c070,sub_29c070,1228,_ZN7subsdk010sub_29c070Ev!
0x000000000029c540,sub_29c540,1052,_ZN7subsdk010sub_29c540Ev!
0x000000000029c960,BlockASFParser,100,_ZN7subsdk014BlockASFParserEv!
0x000000000029c9d0,sub_29c9d0,524,_ZN7subsdk010sub_29c9d0Ev!
0x000000000029cbe0,BlockMKVParser,100,_ZN7subsdk014BlockMKVParserEv!
0x000000000029cc50,Block3GPParser,100,_ZN7subsdk014Block3GPParserEv!
0x000000000029ccc0,BlockAVIParser,100,_ZN7subsdk014BlockAVIParserEv!
0x000000000029cd30,BlockWAVParser,100,_ZN7subsdk014BlockWAVParserEv!
0x000000000029cda0,BlockAACParser,100,_ZN7subsdk014BlockAACParserEv!
0x000000000029ce10,SuperParser,100,_ZN7subsdk011SuperParserEv!
0x000000000029ce80,sub_29ce80,140,_ZN7subsdk010sub_29ce80Ev!
0x000000000029cf10,sub_29cf10,512,_ZN7subsdk010sub_29cf10Ev!
0x000000000029d110,sub_29d110,480,_ZN7subsdk010sub_29d110Ev!
0x000000000029d2f0,sub_29d2f0,892,_ZN7subsdk010sub_29d2f0Ev!
0x000000000029d670,sub_29d670,600,_ZN7subsdk025sub_29d670_subsdk0_29d670Ev!
0x000000000029d8d0,sub_29d8d0,12,_Z16subsdk0_f_29d8d0mmPv
0x000000000029d8e0,sub_29d8e0,352,_ZN7subsdk025sub_29d8e0_subsdk0_29d8e0Ev!
0x000000000029da40,sub_29da40,96,_ZN7subsdk010sub_29da40Ev!
0x000000000029daa0,sub_29daa0,40,_ZN7subsdk010sub_29daa0Ev!
0x000000000029dad0,sub_29dad0,36,_ZN7subsdk010sub_29dad0Ev!
0x000000000029db00,sub_29db00,12,_ZN7subsdk025sub_29db00_subsdk0_29db00Ev!
0x000000000029db10,sub_29db10,268,_ZN7subsdk010sub_29db10Ev!
0x000000000029dc20,sub_29dc20,1036,_ZN7subsdk010sub_29dc20Ev!
0x000000000029e030,sub_29e030,208,_ZN7subsdk010sub_29e030Ev!
0x000000000029e100,sub_29e100,332,_ZN7subsdk010sub_29e100Ev!
0x000000000029e250,sub_29e250,76,_ZN7subsdk010sub_29e250Ev!
0x000000000029e2a0,sub_29e2a0,564,_ZN7subsdk010sub_29e2a0Ev!
0x000000000029e4e0,sub_29e4e0,472,_ZN7subsdk010sub_29e4e0Ev!
0x000000000029e6c0,sub_29e6c0,8,_Z16subsdk0_f_29e6c0v
0x000000000029e6d0,sub_29e6d0,4,_Z16subsdk0_f_29e6d0v
0x000000000029e6e0,BlockAACEnc,596,_ZN7subsdk011BlockAACEncEv!
0x000000000029e940,BlockSuperJpgDec,496,_ZN7subsdk016BlockSuperJpgDecEv!
0x000000000029eb30,sub_29eb30,44,_ZN7subsdk010sub_29eb30Ev!
0x000000000029eb60,sub_29eb60,380,_ZN7subsdk010sub_29eb60Ev!
0x000000000029ece0,sub_29ece0,216,_ZN7subsdk010sub_29ece0Ev!
0x000000000029edc0,sub_29edc0,760,_ZN7subsdk025sub_29edc0_subsdk0_29edc0Ev!
0x000000000029f0c0,sub_29f0c0,192,_ZN7subsdk010sub_29f0c0Ev!
0x000000000029f180,sub_29f180,228,_ZN7subsdk010sub_29f180Ev!
0x000000000029f270,sub_29f270,260,_ZN7subsdk010sub_29f270Ev!
0x000000000029f380,sub_29f380,88,_ZN7subsdk010sub_29f380Ev!
0x000000000029f3e0,sub_29f3e0,32,_ZN7subsdk010sub_29f3e0Ev!
0x000000000029f400,sub_29f400,36,_ZN7subsdk025sub_29f400_subsdk0_29f400Ev!
0x000000000029f430,sub_29f430,124,_ZN7subsdk010sub_29f430Ev!
0x000000000029f4b0,sub_29f4b0,12,_ZN7subsdk010sub_29f4b0Ev!
0x000000000029f4c0,sub_29f4c0,40,_ZN7subsdk010sub_29f4c0Ev!
0x000000000029f4f0,BlockJpgEnc,520,_ZN7subsdk011BlockJpgEncEv!
0x000000000029f700,BlockMP3Dec,240,_ZN7subsdk011BlockMP3DecEv!
0x000000000029f7f0,BlockMP3Dec_2,240,_ZN7subsdk013BlockMP3Dec_2Ev!
0x000000000029f8e0,BlockAACDec,304,_ZN7subsdk011BlockAACDecEv!
0x000000000029fa10,BlockWMADec,252,_ZN7subsdk011BlockWMADecEv!
0x000000000029fb10,sub_29fb10,656,_ZN7subsdk010sub_29fb10Ev!
0x000000000029fda0,BlockH265Dec,256,_ZN7subsdk012BlockH265DecEv!
0x000000000029fea0,OMX_Nvidia_h265_decode_low_latency,76,_ZN7subsdk034OMX_Nvidia_h265_decode_low_latencyEv!
0x000000000029fef0,BlockH264Dec,256,_ZN7subsdk012BlockH264DecEv!
0x000000000029fff0,OMX_Nvidia_h264_decode_low_latency,80,_ZN7subsdk034OMX_Nvidia_h264_decode_low_latencyEv!
0x00000000002a0040,BlockH264Dec_2,256,_ZN7subsdk014BlockH264Dec_2Ev!
0x00000000002a0140,BlockVc1Dec,252,_ZN7subsdk011BlockVc1DecEv!
0x00000000002a0240,video_decoder,112,_ZN7subsdk013video_decoderEv!
0x00000000002a02b0,BlockVP8Dec,284,_ZN7subsdk011BlockVP8DecEv!
0x00000000002a03d0,BlockVP9Dec,284,_ZN7subsdk011BlockVP9DecEv!
0x00000000002a04f0,BlockMpeg2Dec,252,_ZN7subsdk013BlockMpeg2DecEv!
0x00000000002a05f0,BlockMJpgDec,156,_ZN7subsdk012BlockMJpgDecEv!
0x00000000002a0690,sub_2a0690,64,_ZN7subsdk010sub_2a0690Ev!
0x00000000002a06d0,OMX_Nvidia_h263_decode,2412,_ZN7subsdk022OMX_Nvidia_h263_decodeEv!
0x00000000002a1040,sub_2a1040,1712,_ZN7subsdk010sub_2a1040Ev!
0x00000000002a16f0,sub_2a16f0,1296,_ZN7subsdk010sub_2a16f0Ev!
0x00000000002a1c00,sub_2a1c00,956,_ZN7subsdk010sub_2a1c00Ev!
0x00000000002a1fc0,sub_2a1fc0,380,_ZN7subsdk010sub_2a1fc0Ev!
0x00000000002a2140,OMX_Nvidia_h265_decode,1336,_ZN7subsdk022OMX_Nvidia_h265_decodeEv!
0x00000000002a2680,sub_2a2680,64,_ZN7subsdk025sub_2a2680_subsdk0_2a2680Ev!
0x00000000002a26c0,sub_2a26c0,216,_ZN7subsdk010sub_2a26c0Ev!
0x00000000002a27a0,sub_2a27a0,36,_ZN7subsdk025sub_2a27a0_subsdk0_2a27a0Ev!
0x00000000002a27d0,sub_2a27d0,124,_ZN7subsdk010sub_2a27d0Ev!
0x00000000002a2850,sub_2a2850,100,_ZN7subsdk010sub_2a2850Ev!
0x00000000002a28c0,sub_2a28c0,12,_ZN7subsdk010sub_2a28c0Ev!
0x00000000002a28d0,sub_2a28d0,40,_ZN7subsdk010sub_2a28d0Ev!
0x00000000002a2900,sub_2a2900,32,_ZN7subsdk010sub_2a2900Ev!
0x00000000002a2920,BlockHevcEnc,300,_ZN7subsdk012BlockHevcEncEv!
0x00000000002a2a50,enctune,800,_ZN7subsdk07enctuneEv!
0x00000000002a2d70,BlockAvcEnc,312,_ZN7subsdk011BlockAvcEncEv!
0x00000000002a2eb0,sub_2a2eb0,108,_ZN7subsdk010sub_2a2eb0Ev!
0x00000000002a2f20,sub_2a2f20,2500,_ZN7subsdk010sub_2a2f20Ev!
0x00000000002a38f0,sub_2a38f0,4036,_ZN7subsdk010sub_2a38f0Ev!
0x00000000002a48c0,sub_2a48c0,880,_ZN7subsdk010sub_2a48c0Ev!
0x00000000002a4c30,sub_2a4c30,1776,_ZN7subsdk010sub_2a4c30Ev!
0x00000000002a5320,sub_2a5320,196,_ZN7subsdk010sub_2a5320Ev!
0x00000000002a53f0,InsertSPSPPSAtIDR,5376,_ZN7subsdk017InsertSPSPPSAtIDREv!
0x00000000002a68f0,sub_2a68f0,88,_ZN7subsdk025sub_2a68f0_subsdk0_2a68f0Ev!
0x00000000002a6950,sub_2a6950,32,_ZN7subsdk010sub_2a6950Ev!
0x00000000002a6970,sub_2a6970,36,_ZN7subsdk010sub_2a6970Ev!
0x00000000002a69a0,sub_2a69a0,124,_ZN7subsdk010sub_2a69a0Ev!
0x00000000002a6a20,sub_2a6a20,12,_ZN7subsdk010sub_2a6a20Ev!
0x00000000002a6a30,sub_2a6a30,40,_ZN7subsdk010sub_2a6a30Ev!
0x00000000002a6a60,sub_2a6a60,464,_ZN7subsdk010sub_2a6a60Ev!
0x00000000002a6c30,sub_2a6c30,876,_ZN7subsdk010sub_2a6c30Ev!
0x00000000002a6fa0,sub_2a6fa0,4,_Z16subsdk0_f_2a6fa0v
0x00000000002a6fb0,sub_2a6fb0,4,_Z16subsdk0_f_2a6fb0v
0x00000000002a6fc0,sub_2a6fc0,4,_Z16subsdk0_f_2a6fc0v
0x00000000002a6fd0,sub_2a6fd0,4,_Z16subsdk0_f_2a6fd0v
0x00000000002a6fe0,sub_2a6fe0,4,_Z16subsdk0_f_2a6fe0v
0x00000000002a6ff0,sub_2a6ff0,4,_Z16subsdk0_f_2a6ff0v
0x00000000002a7000,sub_2a7000,4,_Z16subsdk0_f_2a7000v
0x00000000002a7010,sub_2a7010,4,_Z16subsdk0_f_2a7010v
0x00000000002a7020,sub_2a7020,4,_Z16subsdk0_f_2a7020v
0x00000000002a7030,sub_2a7030,4,_Z16subsdk0_f_2a7030v
0x00000000002a7040,sub_2a7040,4,_Z16subsdk0_f_2a7040v
0x00000000002a7050,sub_2a7050,4,_Z16subsdk0_f_2a7050v
0x00000000002a7060,sub_2a7060,76,_Z16subsdk0_f_2a7060PvS_
0x00000000002a70b0,sub_2a70b0,16,_ZN7subsdk010sub_2a70b0Ev!
0x00000000002a70c0,sub_2a70c0,580,_ZN7subsdk010sub_2a70c0Ev!
0x00000000002a7310,sub_2a7310,6196,_ZN7subsdk010sub_2a7310Ev!
0x00000000002a8b50,PLAYREADYCTR,6320,_ZN7subsdk012PLAYREADYCTREv!
0x00000000002aa400,sub_2aa400,828,_ZN7subsdk010sub_2aa400Ev!
0x00000000002aa740,sub_2aa740,472,_ZN7subsdk010sub_2aa740Ev!
0x00000000002aa920,sub_2aa920,20,_ZN7subsdk010sub_2aa920Ev!
0x00000000002aa940,sub_2aa940,1492,_ZN7subsdk025sub_2aa940_subsdk0_2aa940Ev!
0x00000000002aaf20,sub_2aaf20,1560,_ZN7subsdk010sub_2aaf20Ev!
0x00000000002ab540,sub_2ab540,292,_ZN7subsdk010sub_2ab540Ev!
0x00000000002ab670,sub_2ab670,352,_ZN7subsdk010sub_2ab670Ev!
0x00000000002ab7d0,sub_2ab7d0,780,_ZN7subsdk010sub_2ab7d0Ev!
0x00000000002abae0,sub_2abae0,232,_ZN7subsdk010sub_2abae0Ev!
0x00000000002abbd0,sub_2abbd0,876,_ZN7subsdk010sub_2abbd0Ev!
0x00000000002abf40,sub_2abf40,180,_ZN7subsdk010sub_2abf40Ev!
0x00000000002ac000,sub_2ac000,256,_ZN7subsdk010sub_2ac000Ev!
0x00000000002ac100,sub_2ac100,232,_ZN7subsdk010sub_2ac100Ev!
0x00000000002ac1f0,sub_2ac1f0,700,_ZN7subsdk010sub_2ac1f0Ev!
0x00000000002ac4b0,Total_packets_d_2,904,_ZN7subsdk017Total_packets_d_2Ev!
0x00000000002ac840,sub_2ac840,1368,_ZN7subsdk010sub_2ac840Ev!
0x00000000002acda0,sub_2acda0,244,_ZN7subsdk010sub_2acda0Ev!
0x00000000002acea0,sub_2acea0,3580,_ZN7subsdk010sub_2acea0Ev!
0x00000000002adca0,sub_2adca0,1436,_ZN7subsdk010sub_2adca0Ev!
0x00000000002ae240,sub_2ae240,440,_ZN7subsdk010sub_2ae240Ev!
0x00000000002ae400,sub_2ae400,208,_ZN7subsdk010sub_2ae400Ev!
0x00000000002ae4d0,sub_2ae4d0,364,_ZN7subsdk010sub_2ae4d0Ev!
0x00000000002ae640,sub_2ae640,8,_Z16subsdk0_f_2ae640v
0x00000000002ae650,sub_2ae650,184,_ZN7subsdk010sub_2ae650Ev!
0x00000000002ae710,sub_2ae710,620,_ZN7subsdk010sub_2ae710Ev!
0x00000000002ae980,sub_2ae980,376,_ZN7subsdk010sub_2ae980Ev!
0x00000000002aeb00,sub_2aeb00,488,_ZN7subsdk010sub_2aeb00Ev!
0x00000000002aecf0,sub_2aecf0,448,_ZN7subsdk010sub_2aecf0Ev!
0x00000000002aeeb0,sub_2aeeb0,312,_ZN7subsdk010sub_2aeeb0Ev!
0x00000000002aeff0,sub_2aeff0,80,_ZN7subsdk010sub_2aeff0Ev!
0x00000000002af040,NvxRenderSurfaceToOverlayANW,752,_ZN7subsdk028NvxRenderSurfaceToOverlayANWEv!
0x00000000002af330,sub_2af330,40,_ZN7subsdk025sub_2af330_subsdk0_2af330Ev!
0x00000000002af360,sub_2af360,136,_ZN7subsdk010sub_2af360Ev!
0x00000000002af3f0,sub_2af3f0,192,_ZN7subsdk010sub_2af3f0Ev!
0x00000000002af4b0,sub_2af4b0,100,_ZN7subsdk010sub_2af4b0Ev!
0x00000000002af520,sub_2af520,20,_ZN7subsdk010sub_2af520Ev!
0x00000000002af540,sub_2af540,144,_ZN7subsdk010sub_2af540Ev!
0x00000000002af5d0,sub_2af5d0,36,_ZN7subsdk010sub_2af5d0Ev!
0x00000000002af600,sub_2af600,188,_ZN7subsdk010sub_2af600Ev!
0x00000000002af6c0,sub_2af6c0,716,_ZN7subsdk010sub_2af6c0Ev!
0x00000000002af990,sub_2af990,4,_Z16subsdk0_f_2af990v
0x00000000002af9a0,sub_2af9a0,12,_Z16subsdk0_f_2af9a0Pv
0x00000000002af9b0,sub_2af9b0,700,_ZN7subsdk010sub_2af9b0Ev!
0x00000000002afc70,sub_2afc70,208,_ZN7subsdk010sub_2afc70Ev!
0x00000000002afd40,sub_2afd40,60,_ZN7subsdk010sub_2afd40Ev!
0x00000000002afd80,sub_2afd80,488,_ZN7subsdk010sub_2afd80Ev!
0x00000000002aff70,sub_2aff70,564,_ZN7subsdk010sub_2aff70Ev!
0x00000000002b01b0,sub_2b01b0,84,_ZN7subsdk010sub_2b01b0Ev!
0x00000000002b0210,sub_2b0210,44,_ZN7subsdk025sub_2b0210_subsdk0_2b0210Ev!
0x00000000002b0240,sub_2b0240,252,_ZN7subsdk010sub_2b0240Ev!
0x00000000002b0340,sub_2b0340,2532,_ZN7subsdk010sub_2b0340Ev!
0x00000000002b0d30,sub_2b0d30,180,_ZN7subsdk010sub_2b0d30Ev!
0x00000000002b0df0,sub_2b0df0,360,_ZN7subsdk025sub_2b0df0_subsdk0_2b0df0Ev!
0x00000000002b0f60,sub_2b0f60,204,_ZN7subsdk010sub_2b0f60Ev!
0x00000000002b1030,sub_2b1030,80,_ZN7subsdk025sub_2b1030_subsdk0_2b1030Ev!
0x00000000002b1080,sub_2b1080,140,_ZN7subsdk025sub_2b1080_subsdk0_2b1080Ev!
0x00000000002b1110,sub_2b1110,48,_ZN7subsdk010sub_2b1110Ev!
0x00000000002b1140,sub_2b1140,8,_Z16subsdk0_f_2b1140Pv
0x00000000002b1150,sub_2b1150,48,_ZN7subsdk025sub_2b1150_subsdk0_2b1150Ev!
0x00000000002b1180,sub_2b1180,532,_ZN7subsdk010sub_2b1180Ev!
0x00000000002b13a0,sub_2b13a0,436,_ZN7subsdk025sub_2b13a0_subsdk0_2b13a0Ev!
0x00000000002b1560,sub_2b1560,24,_ZN7subsdk010sub_2b1560Ev!
0x00000000002b1580,sub_2b1580,48,_ZN7subsdk010sub_2b1580Ev!
0x00000000002b15b0,sub_2b15b0,60,_ZN7subsdk010sub_2b15b0Ev!
0x00000000002b15f0,snvddk2d_dump_05d,200,_ZN7subsdk017snvddk2d_dump_05dEv!
0x00000000002b16c0,sub_2b16c0,236,_ZN7subsdk010sub_2b16c0Ev!
0x00000000002b17b0,sub_2b17b0,144,_ZN7subsdk025sub_2b17b0_subsdk0_2b17b0Ev!
0x00000000002b1840,sub_2b1840,40,_ZN7subsdk010sub_2b1840Ev!
0x00000000002b1870,coverage,5724,_ZN7subsdk08coverageEv!
0x00000000002b2ed0,sub_2b2ed0,384,_ZN7subsdk010sub_2b2ed0Ev!
0x00000000002b3050,sub_2b3050,172,_ZN7subsdk010sub_2b3050Ev!
0x00000000002b3100,sub_2b3100,40,_ZN7subsdk010sub_2b3100Ev!
0x00000000002b3130,sub_2b3130,1428,_ZN7subsdk010sub_2b3130Ev!
0x00000000002b36d0,sub_2b36d0,40,_ZN7subsdk010sub_2b36d0Ev!
0x00000000002b3700,sub_2b3700,1428,_ZN7subsdk010sub_2b3700Ev!
0x00000000002b3ca0,sub_2b3ca0,80,_ZN7subsdk010sub_2b3ca0Ev!
0x00000000002b3cf0,sub_2b3cf0,160,_ZN7subsdk010sub_2b3cf0Ev!
0x00000000002b3d90,sub_2b3d90,300,_ZN7subsdk010sub_2b3d90Ev!
0x00000000002b3ec0,sub_2b3ec0,256,_ZN7subsdk010sub_2b3ec0Ev!
0x00000000002b3fc0,sub_2b3fc0,288,_ZN7subsdk025sub_2b3fc0_subsdk0_2b3fc0Ev!
0x00000000002b40e0,sub_2b40e0,632,_ZN7subsdk010sub_2b40e0Ev!
0x00000000002b4360,sub_2b4360,348,_ZN7subsdk010sub_2b4360Ev!
0x00000000002b44c0,sub_2b44c0,64,_ZN7subsdk010sub_2b44c0Ev!
0x00000000002b4500,sub_2b4500,360,_ZN7subsdk010sub_2b4500Ev!
0x00000000002b4670,sub_2b4670,8,_Z16subsdk0_f_2b4670Pv
0x00000000002b4680,sub_2b4680,24,_ZN7subsdk010sub_2b4680Ev!
0x00000000002b46a0,sub_2b46a0,60,_ZN7subsdk010sub_2b46a0Ev!
0x00000000002b46e0,sub_2b46e0,268,_ZN7subsdk010sub_2b46e0Ev!
0x00000000002b47f0,sub_2b47f0,256,_ZN7subsdk010sub_2b47f0Ev!
0x00000000002b48f0,sub_2b48f0,84,_ZN7subsdk010sub_2b48f0Ev!
0x00000000002b4950,sub_2b4950,952,_ZN7subsdk010sub_2b4950Ev!
0x00000000002b4d10,sub_2b4d10,36,_ZN7subsdk010sub_2b4d10Ev!
0x00000000002b4d40,sub_2b4d40,132,_ZN7subsdk010sub_2b4d40Ev!
0x00000000002b4dd0,sub_2b4dd0,80,_ZN7subsdk010sub_2b4dd0Ev!
0x00000000002b4e20,sub_2b4e20,8,_Z16subsdk0_f_2b4e20Pvj
0x00000000002b4e30,sub_2b4e30,1652,_ZN7subsdk010sub_2b4e30Ev!
0x00000000002b54b0,sub_2b54b0,296,_ZN7subsdk010sub_2b54b0Ev!
0x00000000002b55e0,sub_2b55e0,84,_ZN7subsdk010sub_2b55e0Ev!
0x00000000002b5640,sub_2b5640,460,_ZN7subsdk025sub_2b5640_subsdk0_2b5640Ev!
0x00000000002b5810,sub_2b5810,548,_ZN7subsdk010sub_2b5810Ev!
0x00000000002b5a40,sub_2b5a40,4092,_ZN7subsdk010sub_2b5a40Ev!
0x00000000002b6a40,sub_2b6a40,628,_ZN7subsdk010sub_2b6a40Ev!
0x00000000002b6cc0,sub_2b6cc0,656,_ZN7subsdk025sub_2b6cc0_subsdk0_2b6cc0Ev!
0x00000000002b6f50,sub_2b6f50,1284,_ZN7subsdk010sub_2b6f50Ev!
0x00000000002b7460,sub_2b7460,1360,_ZN7subsdk010sub_2b7460Ev!
0x00000000002b79b0,sub_2b79b0,464,_ZN7subsdk010sub_2b79b0Ev!
0x00000000002b7b80,sub_2b7b80,40,_ZN7subsdk010sub_2b7b80Ev!
0x00000000002b7bb0,sub_2b7bb0,44,_ZN7subsdk010sub_2b7bb0Ev!
0x00000000002b7be0,sub_2b7be0,56,_ZN7subsdk010sub_2b7be0Ev!
0x00000000002b7c20,sub_2b7c20,88,_ZN7subsdk010sub_2b7c20Ev!
0x00000000002b7c80,sub_2b7c80,8,_Z16subsdk0_f_2b7c80Pv
0x00000000002b7c90,sub_2b7c90,44,_ZN7subsdk010sub_2b7c90Ev!
0x00000000002b7cc0,sub_2b7cc0,40,_ZN7subsdk010sub_2b7cc0Ev!
0x00000000002b7cf0,sub_2b7cf0,12,_ZN7subsdk010sub_2b7cf0Ev!
0x00000000002b7d00,sub_2b7d00,12,_ZN7subsdk010sub_2b7d00Ev!
0x00000000002b7d10,sub_2b7d10,120,_ZN7subsdk010sub_2b7d10Ev!
0x00000000002b7d90,sub_2b7d90,60,_ZN7subsdk010sub_2b7d90Ev!
0x00000000002b7dd0,hw_vic,12,_Z16subsdk0_f_2b7dd0v
0x00000000002b7de0,VIC_hardware_backend,12,_Z16subsdk0_f_2b7de0v
0x00000000002b7df0,sub_2b7df0,1440,_ZN7subsdk010sub_2b7df0Ev!
0x00000000002b8390,sub_2b8390,8,_Z16subsdk0_f_2b8390v
0x00000000002b83a0,sub_2b83a0,4,_Z16subsdk0_f_2b83a0v
0x00000000002b83b0,sub_2b83b0,32,_ZN7subsdk010sub_2b83b0Ev!
0x00000000002b83d0,sub_2b83d0,24,_ZN7subsdk010sub_2b83d0Ev!
0x00000000002b83f0,sub_2b83f0,572,_ZN7subsdk010sub_2b83f0Ev!
0x00000000002b8630,sub_2b8630,168,_ZN7subsdk010sub_2b8630Ev!
0x00000000002b86e0,sub_2b86e0,604,_ZN7subsdk010sub_2b86e0Ev!
0x00000000002b8940,sub_2b8940,660,_ZN7subsdk025sub_2b8940_subsdk0_2b8940Ev!
0x00000000002b8be0,sub_2b8be0,1392,_ZN7subsdk010sub_2b8be0Ev!
0x00000000002b9150,sub_2b9150,992,_ZN7subsdk010sub_2b9150Ev!
0x00000000002b9530,sub_2b9530,268,_ZN7subsdk010sub_2b9530Ev!
0x00000000002b9640,sub_2b9640,732,_ZN7subsdk025sub_2b9640_subsdk0_2b9640Ev!
0x00000000002b9920,sub_2b9920,360,_ZN7subsdk025sub_2b9920_subsdk0_2b9920Ev!
0x00000000002b9a90,sub_2b9a90,24,_ZN7subsdk010sub_2b9a90Ev!
0x00000000002b9ab0,sub_2b9ab0,200,_ZN7subsdk010sub_2b9ab0Ev!
0x00000000002b9b80,sub_2b9b80,564,_ZN7subsdk025sub_2b9b80_subsdk0_2b9b80Ev!
0x00000000002b9dc0,sub_2b9dc0,12,_ZN7subsdk010sub_2b9dc0Ev!
0x00000000002b9dd0,sub_2b9dd0,836,_ZN7subsdk025sub_2b9dd0_subsdk0_2b9dd0Ev!
0x00000000002ba120,sub_2ba120,16,_Z16subsdk0_f_2ba120Pvmj
0x00000000002ba130,sub_2ba130,88,_ZN7subsdk010sub_2ba130Ev!
0x00000000002ba190,sub_2ba190,176,_ZN7subsdk010sub_2ba190Ev!
0x00000000002ba240,sub_2ba240,136,_ZN7subsdk010sub_2ba240Ev!
0x00000000002ba2d0,sub_2ba2d0,132,_ZN7subsdk025sub_2ba2d0_subsdk0_2ba2d0Ev!
0x00000000002ba360,sub_2ba360,756,_ZN7subsdk010sub_2ba360Ev!
0x00000000002ba660,sub_2ba660,880,_ZN7subsdk010sub_2ba660Ev!
0x00000000002ba9d0,sub_2ba9d0,12,_Z16subsdk0_f_2ba9d0Pv
0x00000000002ba9e0,sub_2ba9e0,140,_ZN7subsdk025sub_2ba9e0_subsdk0_2ba9e0Ev!
0x00000000002baa70,sub_2baa70,4,_Z16subsdk0_f_2baa70v
0x00000000002baa80,sub_2baa80,4,_Z16subsdk0_f_2baa80v
0x00000000002baa90,sub_2baa90,612,_ZN7subsdk010sub_2baa90Ev!
0x00000000002bad00,sub_2bad00,32,_ZN7subsdk025sub_2bad00_subsdk0_2bad00Ev!
0x00000000002bad20,sub_2bad20,60,_ZN7subsdk010sub_2bad20Ev!
0x00000000002bad60,sub_2bad60,1152,_ZN7subsdk025sub_2bad60_subsdk0_2bad60Ev!
0x00000000002bb1e0,sub_2bb1e0,8,_Z16subsdk0_f_2bb1e0v
0x00000000002bb1f0,sub_2bb1f0,8,_Z16subsdk0_f_2bb1f0v
0x00000000002bb200,sub_2bb200,4,_Z16subsdk0_f_2bb200v
0x00000000002bb210,sub_2bb210,8,_Z16subsdk0_f_2bb210v
0x00000000002bb220,sub_2bb220,4,_Z16subsdk0_f_2bb220v
0x00000000002bb230,sub_2bb230,4,_Z16subsdk0_f_2bb230v
0x00000000002bb240,sub_2bb240,8,_Z16subsdk0_f_2bb240v
0x00000000002bb250,sub_2bb250,8,_Z16subsdk0_f_2bb250v
0x00000000002bb260,sub_2bb260,8,_Z16subsdk0_f_2bb260v
0x00000000002bb270,sub_2bb270,592,_ZN7subsdk010sub_2bb270Ev!
0x00000000002bb4c0,sub_2bb4c0,120,_ZN7subsdk010sub_2bb4c0Ev!
0x00000000002bb540,sub_2bb540,268,_ZN7subsdk010sub_2bb540Ev!
0x00000000002bb650,sub_2bb650,688,_ZN7subsdk025sub_2bb650_subsdk0_2bb650Ev!
0x00000000002bb900,sub_2bb900,232,_ZN7subsdk025sub_2bb900_subsdk0_2bb900Ev!
0x00000000002bb9f0,sub_2bb9f0,180,_ZN7subsdk010sub_2bb9f0Ev!
0x00000000002bbab0,sub_2bbab0,16,_ZN7subsdk010sub_2bbab0Ev!
0x00000000002bbac0,sub_2bbac0,12,_ZN7subsdk010sub_2bbac0Ev!
0x00000000002bbad0,sub_2bbad0,1868,_ZN7subsdk025sub_2bbad0_subsdk0_2bbad0Ev!
0x00000000002bc220,sub_2bc220,2036,_ZN7subsdk025sub_2bc220_subsdk0_2bc220Ev!
0x00000000002bca20,sub_2bca20,508,_ZN7subsdk010sub_2bca20Ev!
0x00000000002bcc20,sub_2bcc20,148,_ZN7subsdk010sub_2bcc20Ev!
0x00000000002bccc0,sub_2bccc0,248,_ZN7subsdk010sub_2bccc0Ev!
0x00000000002bcdc0,sub_2bcdc0,912,_ZN7subsdk010sub_2bcdc0Ev!
0x00000000002bd150,sub_2bd150,1388,_ZN7subsdk010sub_2bd150Ev!
0x00000000002bd6c0,sub_2bd6c0,216,_ZN7subsdk010sub_2bd6c0Ev!
0x00000000002bd7a0,sub_2bd7a0,4,_ZN7subsdk010sub_2bd7a0Ev!
0x00000000002bd7b0,sub_2bd7b0,264,_ZN7subsdk010sub_2bd7b0Ev!
0x00000000002bd8c0,sub_2bd8c0,8832,_ZN7subsdk010sub_2bd8c0Ev!
0x00000000002bfb40,sub_2bfb40,792,_ZN7subsdk010sub_2bfb40Ev!
0x00000000002bfe60,sub_2bfe60,636,_ZN7subsdk010sub_2bfe60Ev!
0x00000000002c00e0,sub_2c00e0,100,_ZN7subsdk010sub_2c00e0Ev!
0x00000000002c0150,sub_2c0150,32,_ZN7subsdk010sub_2c0150Ev!
0x00000000002c0170,sub_2c0170,68,_ZN7subsdk010sub_2c0170Ev!
0x00000000002c01c0,NvMMTVMRMVCDeinterlaceThread,712,_ZN7subsdk028NvMMTVMRMVCDeinterlaceThreadEv!
0x00000000002c0490,DeinterlaceThread,2372,_ZN7subsdk017DeinterlaceThreadEv!
0x00000000002c0de0,DeinterlaceMVCStitchThread,616,_ZN7subsdk026DeinterlaceMVCStitchThreadEv!
0x00000000002c1050,NVMMLITE_TVMRDEC,440,_ZN7subsdk016NVMMLITE_TVMRDECEv!
0x00000000002c1210,TVMRCombine_MVCViews_Interlaced,504,_ZN7subsdk031TVMRCombine_MVCViews_InterlacedEv!
0x00000000002c1410,NVMMLITE_TVMRDEC_2,1092,_ZN7subsdk018NVMMLITE_TVMRDEC_2Ev!
0x00000000002c1860,Deinterlace1stField,552,_ZN5field19Deinterlace1stFieldEv!
0x00000000002c1a90,Deinterlace2ndField,604,_ZN5field19Deinterlace2ndFieldEv!
0x00000000002c1cf0,NVMMLITE_TVMRDEC_3,1664,_ZN7subsdk018NVMMLITE_TVMRDEC_3Ev!
0x00000000002c2370,NVMMLITE_TVMRDEC_4,300,_ZN7subsdk018NVMMLITE_TVMRDEC_4Ev!
0x00000000002c24a0,sub_2c24a0,96,_ZN7subsdk010sub_2c24a0Ev!
0x00000000002c2500,sub_2c2500,540,_ZN7subsdk010sub_2c2500Ev!
0x00000000002c2720,sub_2c2720,1636,_ZN7subsdk010sub_2c2720Ev!
0x00000000002c2d90,InterlaceBufferAlloc,1144,_ZN7subsdk020InterlaceBufferAllocEv!
0x00000000002c3210,sub_2c3210,152,_ZN7subsdk010sub_2c3210Ev!
0x00000000002c32b0,sub_2c32b0,96,_ZN7subsdk010sub_2c32b0Ev!
0x00000000002c3310,NvRmSurfaceLayout_Tiled,8556,_ZN7subsdk023NvRmSurfaceLayout_TiledEv!
0x00000000002c5480,sub_2c5480,1336,_ZN7subsdk010sub_2c5480Ev!
0x00000000002c59c0,sub_2c59c0,360,_ZN7subsdk010sub_2c59c0Ev!
0x00000000002c5b30,sub_2c5b30,648,_ZN7subsdk010sub_2c5b30Ev!
0x00000000002c5dc0,sub_2c5dc0,292,_ZN7subsdk010sub_2c5dc0Ev!
0x00000000002c5ef0,sub_2c5ef0,272,_ZN7subsdk010sub_2c5ef0Ev!
0x00000000002c6000,sub_2c6000,300,_ZN7subsdk010sub_2c6000Ev!
0x00000000002c6130,sub_2c6130,408,_ZN7subsdk010sub_2c6130Ev!
0x00000000002c62d0,sub_2c62d0,1076,_ZN7subsdk025sub_2c62d0_subsdk0_2c62d0Ev!
0x00000000002c6710,sub_2c6710,280,_ZN7subsdk010sub_2c6710Ev!
0x00000000002c6830,sub_2c6830,408,_ZN7subsdk010sub_2c6830Ev!
0x00000000002c69d0,sub_2c69d0,1132,_ZN7subsdk010sub_2c69d0Ev!
0x00000000002c6e40,NVMMLITE_TVMRDEC_5,396,_ZN7subsdk018NVMMLITE_TVMRDEC_5Ev!
0x00000000002c6fd0,NVMMLITE_TVMRDEC_6,4188,_ZN7subsdk018NVMMLITE_TVMRDEC_6Ev!
0x00000000002c8030,Error_detected_0x_x,292,_ZN7subsdk019Error_detected_0x_xEv!
0x00000000002c8160,GetFeedbackInfoForMetadata,300,_ZN7subsdk026GetFeedbackInfoForMetadataEv!
0x00000000002c8290,GetMotionVectorForMetadata,720,_ZN7subsdk026GetMotionVectorForMetadataEv!
0x00000000002c8560,GetNewFrameBuffer,2016,_ZN7subsdk017GetNewFrameBufferEv!
0x00000000002c8d40,sub_2c8d40,872,_ZN7subsdk010sub_2c8d40Ev!
0x00000000002c90b0,sub_2c90b0,1344,_ZN7subsdk010sub_2c90b0Ev!
0x00000000002c95f0,sub_2c95f0,564,_ZN7subsdk010sub_2c95f0Ev!
0x00000000002c9830,cbDisplayPicture,5576,_ZN7subsdk016cbDisplayPictureEv!
0x00000000002cae00,NVMMLITE_TVMRDEC_7,1156,_ZN7subsdk018NVMMLITE_TVMRDEC_7Ev!
0x00000000002cb290,sub_2cb290,4,_Z16subsdk0_f_2cb290v
0x00000000002cb2a0,cbAllocPictureBuffer,3476,_ZN7subsdk020cbAllocPictureBufferEv!
0x00000000002cc040,VideoDFS_Mjolnir,632,_ZN7subsdk016VideoDFS_MjolnirEv!
0x00000000002cc2c0,sub_2cc2c0,708,_ZN7subsdk010sub_2cc2c0Ev!
0x00000000002cc590,VideoDFS_videoconf,372,_ZN7subsdk018VideoDFS_videoconfEv!
0x00000000002cc710,NVMMLITE_TVMRDEC_8,716,_ZN7subsdk018NVMMLITE_TVMRDEC_8Ev!
0x00000000002cc9e0,sub_2cc9e0,20,_ZN7subsdk010sub_2cc9e0Ev!
0x00000000002cca00,cbCreateDecrypter,364,_ZN7subsdk017cbCreateDecrypterEv!
0x00000000002ccb70,NVMMLITE_TVMRDEC_9,624,_ZN7subsdk018NVMMLITE_TVMRDEC_9Ev!
0x00000000002ccde0,sub_2ccde0,112,_ZN7subsdk010sub_2ccde0Ev!
0x00000000002cce50,NVMMLITE_TVMRDEC_10,732,_ZN7subsdk019NVMMLITE_TVMRDEC_10Ev!
0x00000000002cd130,NVMMLITE_TVMRDEC_11,444,_ZN7subsdk019NVMMLITE_TVMRDEC_11Ev!
0x00000000002cd2f0,NVMMLITE_TVMRDEC_12,608,_ZN7subsdk019NVMMLITE_TVMRDEC_12Ev!
0x00000000002cd550,cbGetDpbInfoForMetadata,844,_ZN7subsdk023cbGetDpbInfoForMetadataEv!
0x00000000002cd8a0,sub_2cd8a0,388,_ZN7subsdk010sub_2cd8a0Ev!
0x00000000002cda30,TVMRBufferProcessing,8096,_ZN7subsdk020TVMRBufferProcessingEv!
0x00000000002cf9d0,TVMRStitchMvcViews,928,_ZN7subsdk018TVMRStitchMvcViewsEv!
0x00000000002cfd70,TVMRCombine_MVCViews,564,_ZN7subsdk020TVMRCombine_MVCViewsEv!
0x00000000002cffb0,TVMRConvertToPitchLinear,2104,_ZN7subsdk024TVMRConvertToPitchLinearEv!
0x00000000002d07f0,TVMRVPRFloorSizeSettingThread,592,_ZN7subsdk029TVMRVPRFloorSizeSettingThreadEv!
0x00000000002d0a40,TVMRFrameDelivery,1488,_ZN7subsdk017TVMRFrameDeliveryEv!
0x00000000002d1010,TVMRFrameStatusReporting,652,_ZN7subsdk024TVMRFrameStatusReportingEv!
0x00000000002d12a0,sub_2d12a0,92,_ZN7subsdk010sub_2d12a0Ev!
0x00000000002d1300,sub_2d1300,60,_ZN7subsdk010sub_2d1300Ev!
0x00000000002d1340,sub_2d1340,1344,_ZN7subsdk010sub_2d1340Ev!
0x00000000002d1880,NvMMTVMRVPRFloorSizeThread,4736,_ZN7subsdk026NvMMTVMRVPRFloorSizeThreadEv!
0x00000000002d2b00,NvMMLiteTVMRDecDoWork,2808,_ZN7subsdk021NvMMLiteTVMRDecDoWorkEv!
0x00000000002d3600,sub_2d3600,1192,_ZN7subsdk025sub_2d3600_subsdk0_2d3600Ev!
0x00000000002d3ab0,NvMMLiteTVMRDecGetBufferRequirements,1024,_ZN7subsdk036NvMMLiteTVMRDecGetBufferRequirementsEv!
0x00000000002d3eb0,NvMMLiteTVMRDecAbortBuffers,4452,_ZN7subsdk027NvMMLiteTVMRDecAbortBuffersEv!
0x00000000002d5020,NvMMLiteTVMRDecSetAttribute,1968,_ZN7subsdk027NvMMLiteTVMRDecSetAttributeEv!
0x00000000002d57d0,NvMMLiteTVMRDecGetAttribute,1112,_ZN7subsdk027NvMMLiteTVMRDecGetAttributeEv!
0x00000000002d5c30,sub_2d5c30,12,_ZN7subsdk025sub_2d5c30_subsdk0_2d5c30Ev!
0x00000000002d5c40,NvMMLiteTVMRDecHwInit,352,_ZN7subsdk021NvMMLiteTVMRDecHwInitEv!
0x00000000002d5da0,FrameNo,408,_ZN7subsdk07FrameNoEv!
0x00000000002d5f40,FrameNo_2,316,_ZN7subsdk09FrameNo_2Ev!
0x00000000002d6080,Frame_stats,92,_ZN7subsdk011Frame_statsEv!
0x00000000002d60e0,sub_2d60e0,88,_ZN7subsdk025sub_2d60e0_subsdk0_2d60e0Ev!
0x00000000002d6140,sub_2d6140,84,_ZN7subsdk010sub_2d6140Ev!
0x00000000002d61a0,sub_2d61a0,92,_ZN7subsdk010sub_2d61a0Ev!
0x00000000002d6200,sub_2d6200,92,_ZN7subsdk010sub_2d6200Ev!
0x00000000002d6260,sub_2d6260,20,_ZN7subsdk010sub_2d6260Ev!
0x00000000002d6280,NvMMLiteVideoEncBlockOpen,3796,_ZN7subsdk025NvMMLiteVideoEncBlockOpenEv!
0x00000000002d7160,sub_2d7160,228,_ZN7subsdk010sub_2d7160Ev!
0x00000000002d7250,NvMMVideoEncOutputThread,2140,_ZN7subsdk024NvMMVideoEncOutputThreadEv!
0x00000000002d7ab0,NvMMLiteVideoEncBlockPrivateClose,1484,_ZN7subsdk033NvMMLiteVideoEncBlockPrivateCloseEv!
0x00000000002d8080,NvMMLiteVideoEncGetBufferRequirements,648,_ZN7subsdk037NvMMLiteVideoEncGetBufferRequirementsEv!
0x00000000002d8310,sub_2d8310,8,_ZN7subsdk010sub_2d8310Ev!
0x00000000002d8320,sub_2d8320,8,_ZN7subsdk010sub_2d8320Ev!
0x00000000002d8330,NvVideoEncAbortBuffer,1932,_ZN7subsdk021NvVideoEncAbortBufferEv!
0x00000000002d8ac0,NvMMLiteVideoEncSetState,824,_ZN7subsdk024NvMMLiteVideoEncSetStateEv!
0x00000000002d8e00,NvMMLiteVideoEncSetAttribute,6280,_ZN7subsdk028NvMMLiteVideoEncSetAttributeEv!
0x00000000002da690,NvMMLiteVideoEncGetAttribute,632,_ZN7subsdk028NvMMLiteVideoEncGetAttributeEv!
0x00000000002da910,NvMMLiteVideoEncBlockClose,616,_ZN7subsdk026NvMMLiteVideoEncBlockCloseEv!
0x00000000002dab80,sub_2dab80,864,_ZN7subsdk010sub_2dab80Ev!
0x00000000002daee0,ProcessTNRParams,1756,_ZN7subsdk016ProcessTNRParamsEv!
0x00000000002db5c0,NvBLSurfaceDownscaleThread,1396,_ZN7subsdk026NvBLSurfaceDownscaleThreadEv!
0x00000000002dbb40,SendInputAndSignalToNextStage_LookAhead,2352,_ZN7subsdk039SendInputAndSignalToNextStage_LookAheadEv!
0x00000000002dc470,VideoEncInputProcessing,3424,_ZN7subsdk023VideoEncInputProcessingEv!
0x00000000002dd1d0,VideoEndOutputDelivery,2212,_ZN7subsdk022VideoEndOutputDeliveryEv!
0x00000000002dda80,SendAbortSignalToNextStage,940,_ZN7subsdk026SendAbortSignalToNextStageEv!
0x00000000002dde30,SendInputAndSignalToNextStage,548,_ZN7subsdk029SendInputAndSignalToNextStageEv!
0x00000000002de060,sub_2de060,572,_ZN7subsdk010sub_2de060Ev!
0x00000000002de2a0,sub_2de2a0,244,_ZN7subsdk010sub_2de2a0Ev!
0x00000000002de3a0,sub_2de3a0,132,_ZN7subsdk010sub_2de3a0Ev!
0x00000000002de430,sub_2de430,20,_ZN7subsdk025sub_2de430_subsdk0_2de430Ev!
0x00000000002de450,sub_2de450,12,_ZN7subsdk010sub_2de450Ev!
0x00000000002de460,sub_2de460,12,_ZN7subsdk010sub_2de460Ev!
0x00000000002de470,sub_2de470,240,_ZN7subsdk010sub_2de470Ev!
0x00000000002de560,sub_2de560,44,_ZN7subsdk010sub_2de560Ev!
0x00000000002de590,sub_2de590,76,_ZN7subsdk010sub_2de590Ev!
0x00000000002de5e0,sub_2de5e0,108,_ZN7subsdk025sub_2de5e0_subsdk0_2de5e0Ev!
0x00000000002de650,sub_2de650,60,_ZN7subsdk010sub_2de650Ev!
0x00000000002de690,sub_2de690,1292,_ZN7subsdk010sub_2de690Ev!
0x00000000002deba0,sub_2deba0,1060,_ZN7subsdk010sub_2deba0Ev!
0x00000000002defd0,sub_2defd0,252,_ZN7subsdk010sub_2defd0Ev!
0x00000000002df0d0,sub_2df0d0,252,_ZN7subsdk010sub_2df0d0Ev!
0x00000000002df1d0,sub_2df1d0,252,_ZN7subsdk010sub_2df1d0Ev!
0x00000000002df2d0,sub_2df2d0,704,_ZN7subsdk010sub_2df2d0Ev!
0x00000000002df590,sub_2df590,40,_ZN7subsdk010sub_2df590Ev!
0x00000000002df5c0,sub_2df5c0,352,_ZN7subsdk010sub_2df5c0Ev!
0x00000000002df720,sub_2df720,8,_ZN7subsdk025sub_2df720_subsdk0_2df720Ev!
0x00000000002df730,sub_2df730,472,_ZN7subsdk010sub_2df730Ev!
0x00000000002df910,sub_2df910,252,_ZN7subsdk010sub_2df910Ev!
0x00000000002dfa10,sub_2dfa10,252,_ZN7subsdk010sub_2dfa10Ev!
0x00000000002dfb10,sub_2dfb10,108,_ZN7subsdk010sub_2dfb10Ev!
0x00000000002dfb80,sub_2dfb80,612,_ZN7subsdk010sub_2dfb80Ev!
0x00000000002dfdf0,sub_2dfdf0,156,_ZN7subsdk010sub_2dfdf0Ev!
0x00000000002dfe90,sub_2dfe90,12,_ZN7subsdk010sub_2dfe90Ev!
0x00000000002dfea0,sub_2dfea0,4,_ZN7subsdk010sub_2dfea0Ev!
0x00000000002dfeb0,sub_2dfeb0,1436,_ZN7subsdk025sub_2dfeb0_subsdk0_2dfeb0Ev!
0x00000000002e0450,sub_2e0450,184,_ZN7subsdk010sub_2e0450Ev!
0x00000000002e0510,sub_2e0510,164,_ZN7subsdk010sub_2e0510Ev!
0x00000000002e05c0,gaps_framenum_allowed,2768,_ZN7subsdk021gaps_framenum_allowedEv!
0x00000000002e1090,subframeStatFileName,4040,_ZN7subsdk020subframeStatFileNameEv!
0x00000000002e2060,QppRunVector8x8_2,532,_ZN7subsdk017QppRunVector8x8_2Ev!
0x00000000002e2280,tu_search_basedon_pusize,8828,_ZN7subsdk024tu_search_basedon_pusizeEv!
0x00000000002e4500,temporal_hint_pattern,7480,_ZN7subsdk021temporal_hint_patternEv!
0x00000000002e6240,second_chroma_qp_index,4944,_ZN7subsdk022second_chroma_qp_indexEv!
0x00000000002e7590,constrained_intra_pred_flag,128,_ZN7subsdk027constrained_intra_pred_flagEv!
0x00000000002e7610,pcm_loop_filter_disable_flag,708,_ZN7subsdk028pcm_loop_filter_disable_flagEv!
0x00000000002e78e0,slice_size,196,_ZN7subsdk010slice_sizeEv!
0x00000000002e79b0,limit_slice_top_boundary,352,_ZN7subsdk024limit_slice_top_boundaryEv!
0x00000000002e7b10,uniform_spacing_flag,300,_ZN7subsdk020uniform_spacing_flagEv!
0x00000000002e7c40,double_fn,1340,_ZN7subsdk09double_fnEv!
0x00000000002e8180,sub_2e8180,5816,_ZN7subsdk025sub_2e8180_subsdk0_2e8180Ev!
0x00000000002e9840,sub_2e9840,180,_ZN7subsdk010sub_2e9840Ev!
0x00000000002e9900,sub_2e9900,180,_ZN7subsdk010sub_2e9900Ev!
0x00000000002e99c0,sub_2e99c0,100,_ZN7subsdk010sub_2e99c0Ev!
0x00000000002e9a30,sub_2e9a30,16,_Z16subsdk0_f_2e9a30Pv
0x00000000002e9a40,sub_2e9a40,16,_Z16subsdk0_f_2e9a40Pv
0x00000000002e9a50,sub_2e9a50,1236,_ZN7subsdk025sub_2e9a50_subsdk0_2e9a50Ev!
0x00000000002e9f30,s__05u,20240,_ZN7subsdk06s__05uEv!
0x00000000002eee40,sub_2eee40,2396,_ZN7subsdk010sub_2eee40Ev!
0x00000000002ef7a0,sub_2ef7a0,340,_ZN7subsdk010sub_2ef7a0Ev!
0x00000000002ef900,sub_2ef900,3040,_ZN7subsdk010sub_2ef900Ev!
0x00000000002f04e0,sub_2f04e0,108,_ZN7subsdk010sub_2f04e0Ev!
0x00000000002f0550,sub_2f0550,936,_ZN7subsdk010sub_2f0550Ev!
0x00000000002f0900,sub_2f0900,348,_ZN7subsdk010sub_2f0900Ev!
0x00000000002f0a60,sub_2f0a60,88,_ZN7subsdk025sub_2f0a60_subsdk0_2f0a60Ev!
0x00000000002f0ac0,sub_2f0ac0,244,_ZN7subsdk025sub_2f0ac0_subsdk0_2f0ac0Ev!
0x00000000002f0bc0,sub_2f0bc0,72,_ZN7subsdk025sub_2f0bc0_subsdk0_2f0bc0Ev!
0x00000000002f0c10,sub_2f0c10,56,_ZN7subsdk025sub_2f0c10_subsdk0_2f0c10Ev!
0x00000000002f0c50,sub_2f0c50,176,_ZN7subsdk025sub_2f0c50_subsdk0_2f0c50Ev!
0x00000000002f0d00,sub_2f0d00,244,_ZN7subsdk025sub_2f0d00_subsdk0_2f0d00Ev!
0x00000000002f0e00,sub_2f0e00,1596,_ZN7subsdk025sub_2f0e00_subsdk0_2f0e00Ev!
0x00000000002f1440,sub_2f1440,220,_ZN7subsdk010sub_2f1440Ev!
0x00000000002f1520,sub_2f1520,76,_ZN7subsdk010sub_2f1520Ev!
0x00000000002f1570,sub_2f1570,76,_ZN7subsdk010sub_2f1570Ev!
0x00000000002f15c0,sub_2f15c0,32,_ZN7subsdk010sub_2f15c0Ev!
0x00000000002f15e0,sub_2f15e0,88,_ZN7subsdk010sub_2f15e0Ev!
0x00000000002f1640,sub_2f1640,56,_ZN7subsdk010sub_2f1640Ev!
0x00000000002f1680,sub_2f1680,96,_ZN7subsdk010sub_2f1680Ev!
0x00000000002f16e0,sub_2f16e0,8,_Z16subsdk0_f_2f16e0v
0x00000000002f16f0,sub_2f16f0,48,_ZN7subsdk010sub_2f16f0Ev!
0x00000000002f1720,sub_2f1720,104,_ZN7subsdk010sub_2f1720Ev!
0x00000000002f1790,sub_2f1790,120,_ZN7subsdk010sub_2f1790Ev!
0x00000000002f1810,sub_2f1810,72,_ZN7subsdk010sub_2f1810Ev!
0x00000000002f1860,sub_2f1860,60,_ZN7subsdk010sub_2f1860Ev!
0x00000000002f18a0,sub_2f18a0,36,_ZN7subsdk010sub_2f18a0Ev!
0x00000000002f18d0,sub_2f18d0,28,_ZN7subsdk010sub_2f18d0Ev!
0x00000000002f18f0,sub_2f18f0,60,_ZN7subsdk010sub_2f18f0Ev!
0x00000000002f1930,sub_2f1930,36,_ZN7subsdk010sub_2f1930Ev!
0x00000000002f1960,sub_2f1960,36,_ZN7subsdk010sub_2f1960Ev!
0x00000000002f1990,sub_2f1990,128,_ZN7subsdk010sub_2f1990Ev!
0x00000000002f1a10,sub_2f1a10,4,_Z16subsdk0_f_2f1a10v
0x00000000002f1a20,sub_2f1a20,168,_ZN7subsdk010sub_2f1a20Ev!
0x00000000002f1ad0,sub_2f1ad0,360,_ZN7subsdk010sub_2f1ad0Ev!
0x00000000002f1c40,sub_2f1c40,100,_ZN7subsdk010sub_2f1c40Ev!
0x00000000002f1cb0,sub_2f1cb0,96,_ZN7subsdk010sub_2f1cb0Ev!
0x00000000002f1d10,sub_2f1d10,20,_ZN7subsdk010sub_2f1d10Ev!
0x00000000002f1d30,sub_2f1d30,1688,_ZN7subsdk010sub_2f1d30Ev!
0x00000000002f23d0,sub_2f23d0,76,_ZN7subsdk010sub_2f23d0Ev!
0x00000000002f2420,sub_2f2420,480,_ZN7subsdk010sub_2f2420Ev!
0x00000000002f2600,sub_2f2600,284,_ZN7subsdk010sub_2f2600Ev!
0x00000000002f2720,sub_2f2720,28,_ZN7subsdk010sub_2f2720Ev!
0x00000000002f2740,sub_2f2740,260,_ZN7subsdk010sub_2f2740Ev!
0x00000000002f2850,sub_2f2850,32,_ZN7subsdk010sub_2f2850Ev!
0x00000000002f2870,sub_2f2870,4012,_ZN7subsdk010sub_2f2870Ev!
0x00000000002f3820,sub_2f3820,7812,_ZN7subsdk010sub_2f3820Ev!
0x00000000002f56b0,sub_2f56b0,2480,_ZN7subsdk010sub_2f56b0Ev!
0x00000000002f6060,sub_2f6060,8980,_ZN7subsdk010sub_2f6060Ev!
0x00000000002f8380,sub_2f8380,4436,_ZN7subsdk010sub_2f8380Ev!
0x00000000002f94e0,sub_2f94e0,1268,_ZN7subsdk010sub_2f94e0Ev!
0x00000000002f99e0,sub_2f99e0,4188,_ZN7subsdk010sub_2f99e0Ev!
0x00000000002faa40,sub_2faa40,11736,_ZN7subsdk010sub_2faa40Ev!
0x00000000002fd820,sub_2fd820,48,_ZN7subsdk010sub_2fd820Ev!
0x00000000002fd850,sub_2fd850,828,_ZN7subsdk010sub_2fd850Ev!
0x00000000002fdb90,sub_2fdb90,540,_ZN7subsdk010sub_2fdb90Ev!
0x00000000002fddb0,sub_2fddb0,1068,_ZN7subsdk010sub_2fddb0Ev!
0x00000000002fe1e0,sub_2fe1e0,1116,_ZN7subsdk010sub_2fe1e0Ev!
0x00000000002fe640,sub_2fe640,664,_ZN7subsdk010sub_2fe640Ev!
0x00000000002fe8e0,sub_2fe8e0,1252,_ZN7subsdk010sub_2fe8e0Ev!
0x00000000002fedd0,sub_2fedd0,1440,_ZN7subsdk025sub_2fedd0_subsdk0_2fedd0Ev!
0x00000000002ff370,sub_2ff370,2996,_ZN7subsdk010sub_2ff370Ev!
0x00000000002fff30,sub_2fff30,424,_ZN7subsdk010sub_2fff30Ev!
0x00000000003000e0,sub_3000e0,804,_ZN7subsdk010sub_3000e0Ev!
0x0000000000300410,sub_300410,272,_ZN7subsdk025sub_300410_subsdk0_300410Ev!
0x0000000000300520,sub_300520,1788,_ZN7subsdk010sub_300520Ev!
0x0000000000300c20,sub_300c20,308,_ZN7subsdk010sub_300c20Ev!
0x0000000000300d60,sub_300d60,96,_ZN7subsdk010sub_300d60Ev!
0x0000000000300dc0,sub_300dc0,68,_ZN7subsdk010sub_300dc0Ev!
0x0000000000300e10,sub_300e10,708,_ZN7subsdk010sub_300e10Ev!
0x00000000003010e0,sub_3010e0,208,_ZN7subsdk010sub_3010e0Ev!
0x00000000003011b0,sub_3011b0,772,_ZN7subsdk025sub_3011b0_subsdk0_3011b0Ev!
0x00000000003014c0,sub_3014c0,836,_ZN7subsdk010sub_3014c0Ev!
0x0000000000301810,sub_301810,388,_ZN7subsdk010sub_301810Ev!
0x00000000003019a0,sub_3019a0,2840,_ZN7subsdk010sub_3019a0Ev!
0x00000000003024c0,sub_3024c0,516,_ZN7subsdk010sub_3024c0Ev!
0x00000000003026d0,sub_3026d0,2528,_ZN7subsdk010sub_3026d0Ev!
0x00000000003030b0,sub_3030b0,696,_ZN7subsdk010sub_3030b0Ev!
0x0000000000303370,sub_303370,264,_ZN7subsdk010sub_303370Ev!
0x0000000000303480,sub_303480,264,_ZN7subsdk010sub_303480Ev!
0x0000000000303590,sub_303590,160,_ZN7subsdk010sub_303590Ev!
0x0000000000303630,sub_303630,192,_ZN7subsdk025sub_303630_subsdk0_303630Ev!
0x00000000003036f0,sub_3036f0,36,_ZN7subsdk010sub_3036f0Ev!
0x0000000000303720,sub_303720,1036,_ZN7subsdk010sub_303720Ev!
0x0000000000303b30,sub_303b30,60,_ZN7subsdk010sub_303b30Ev!
0x0000000000303b70,sub_303b70,112,_ZN7subsdk010sub_303b70Ev!
0x0000000000303be0,sub_303be0,652,_ZN7subsdk010sub_303be0Ev!
0x0000000000303e70,sub_303e70,860,_ZN7subsdk010sub_303e70Ev!
0x00000000003041d0,sub_3041d0,236,_ZN7subsdk010sub_3041d0Ev!
0x00000000003042c0,sub_3042c0,24,_ZN7subsdk010sub_3042c0Ev!
0x00000000003042e0,sub_3042e0,236,_ZN7subsdk025sub_3042e0_subsdk0_3042e0Ev!
0x00000000003043d0,firstpass,3136,_ZN7subsdk09firstpassEv!
0x0000000000305010,sub_305010,32,_ZN7subsdk025sub_305010_subsdk0_305010Ev!
0x0000000000305030,sub_305030,128,_ZN7subsdk010sub_305030Ev!
0x00000000003050b0,sub_3050b0,92,_ZN7subsdk010sub_3050b0Ev!
0x0000000000305110,sub_305110,64,_ZN7subsdk010sub_305110Ev!
0x0000000000305150,sub_305150,60,_ZN7subsdk010sub_305150Ev!
0x0000000000305190,sub_305190,216,_ZN7subsdk010sub_305190Ev!
0x0000000000305270,sub_305270,124,_ZN7subsdk010sub_305270Ev!
0x00000000003052f0,sub_3052f0,8,_Z16subsdk0_f_3052f0v
0x0000000000305300,sub_305300,56,_ZN7subsdk025sub_305300_subsdk0_305300Ev!
0x0000000000305340,sub_305340,176,_ZN7subsdk025sub_305340_subsdk0_305340Ev!
0x00000000003053f0,sub_3053f0,20,_ZN7subsdk010sub_3053f0Ev!
0x0000000000305410,sub_305410,1248,_ZN7subsdk025sub_305410_subsdk0_305410Ev!
0x00000000003058f0,sub_3058f0,1656,_ZN7subsdk010sub_3058f0Ev!
0x0000000000305f70,sub_305f70,80,_ZN7subsdk010sub_305f70Ev!
0x0000000000305fc0,sub_305fc0,76,_ZN7subsdk010sub_305fc0Ev!
0x0000000000306010,sub_306010,60,_ZN7subsdk010sub_306010Ev!
0x0000000000306050,sub_306050,60,_ZN7subsdk010sub_306050Ev!
0x0000000000306090,secondpass,9632,_ZN7subsdk010secondpassEv!
0x0000000000308630,venc_hqmode,17440,_ZN7subsdk011venc_hqmodeEv!
0x000000000030ca50,sub_30ca50,2576,_ZN7subsdk010sub_30ca50Ev!
0x000000000030d460,s__05u_2,420,_ZN7subsdk08s__05u_2Ev!
0x000000000030d610,sub_30d610,216,_ZN7subsdk025sub_30d610_subsdk0_30d610Ev!
0x000000000030d6f0,sub_30d6f0,104,_ZN7subsdk010sub_30d6f0Ev!
0x000000000030d760,sub_30d760,284,_ZN7subsdk010sub_30d760Ev!
0x000000000030d880,sub_30d880,40,_ZN7subsdk025sub_30d880_subsdk0_30d880Ev!
0x000000000030d8b0,sub_30d8b0,96,_ZN7subsdk025sub_30d8b0_subsdk0_30d8b0Ev!
0x000000000030d910,sub_30d910,40,_ZN7subsdk025sub_30d910_subsdk0_30d910Ev!
0x000000000030d940,sub_30d940,40,_ZN7subsdk010sub_30d940Ev!
0x000000000030d970,sub_30d970,944,_ZN7subsdk025sub_30d970_subsdk0_30d970Ev!
0x000000000030dd20,sub_30dd20,1096,_ZN7subsdk010sub_30dd20Ev!
0x000000000030e170,sub_30e170,304,_ZN7subsdk010sub_30e170Ev!
0x000000000030e2a0,sub_30e2a0,720,_ZN7subsdk010sub_30e2a0Ev!
0x000000000030e570,sub_30e570,1056,_ZN7subsdk010sub_30e570Ev!
0x000000000030e990,sub_30e990,952,_ZN7subsdk025sub_30e990_subsdk0_30e990Ev!
0x000000000030ed50,sub_30ed50,504,_ZN7subsdk025sub_30ed50_subsdk0_30ed50Ev!
0x000000000030ef50,sub_30ef50,1688,_ZN7subsdk010sub_30ef50Ev!
0x000000000030f5f0,sub_30f5f0,1520,_ZN7subsdk010sub_30f5f0Ev!
0x000000000030fbe0,sub_30fbe0,616,_ZN7subsdk010sub_30fbe0Ev!
0x000000000030fe50,sub_30fe50,272,_ZN7subsdk025sub_30fe50_subsdk0_30fe50Ev!
0x000000000030ff60,sub_30ff60,2916,_ZN7subsdk010sub_30ff60Ev!
0x0000000000310ad0,sub_310ad0,10508,_ZN7subsdk010sub_310ad0Ev!
0x00000000003133e0,sub_3133e0,592,_ZN7subsdk025sub_3133e0_subsdk0_3133e0Ev!
0x0000000000313630,s__05d,3464,_ZN7subsdk06s__05dEv!
0x00000000003143c0,slice_tc_offset_div2,1884,_ZN7subsdk020slice_tc_offset_div2Ev!
0x0000000000314b20,sub_314b20,684,_ZN7subsdk010sub_314b20Ev!
0x0000000000314dd0,sub_314dd0,2040,_ZN7subsdk010sub_314dd0Ev!
0x00000000003155d0,sub_3155d0,584,_ZN7subsdk025sub_3155d0_subsdk0_3155d0Ev!
0x0000000000315820,sub_315820,2136,_ZN7subsdk010sub_315820Ev!
0x0000000000316080,sub_316080,2264,_ZN7subsdk025sub_316080_subsdk0_316080Ev!
0x0000000000316960,sub_316960,1264,_ZN7subsdk010sub_316960Ev!
0x0000000000316e50,sub_316e50,1772,_ZN7subsdk010sub_316e50Ev!
0x0000000000317540,sub_317540,92,_ZN7subsdk010sub_317540Ev!
0x00000000003175a0,sub_3175a0,3072,_ZN7subsdk010sub_3175a0Ev!
0x00000000003181a0,sub_3181a0,816,_ZN7subsdk010sub_3181a0Ev!
0x00000000003184d0,sub_3184d0,160,_ZN7subsdk025sub_3184d0_subsdk0_3184d0Ev!
0x0000000000318570,sub_318570,200,_ZN7subsdk010sub_318570Ev!
0x0000000000318640,sub_318640,516,_ZN7subsdk010sub_318640Ev!
0x0000000000318850,sub_318850,476,_ZN7subsdk010sub_318850Ev!
0x0000000000318a30,sub_318a30,728,_ZN7subsdk010sub_318a30Ev!
0x0000000000318d10,sub_318d10,680,_ZN7subsdk025sub_318d10_subsdk0_318d10Ev!
0x0000000000318fc0,sub_318fc0,8,_Z16subsdk0_f_318fc0v
0x0000000000318fd0,sub_318fd0,376,_ZN7subsdk025sub_318fd0_subsdk0_318fd0Ev!
0x0000000000319150,sub_319150,152,_ZN7subsdk025sub_319150_subsdk0_319150Ev!
0x00000000003191f0,sub_3191f0,636,_ZN7subsdk010sub_3191f0Ev!
0x0000000000319470,sub_319470,448,_ZN7subsdk025sub_319470_subsdk0_319470Ev!
0x0000000000319630,sub_319630,1088,_ZN7subsdk025sub_319630_subsdk0_319630Ev!
0x0000000000319a70,sub_319a70,3976,_ZN7subsdk010sub_319a70Ev!
0x000000000031aa00,sub_31aa00,444,_ZN7subsdk010sub_31aa00Ev!
0x000000000031abc0,sub_31abc0,8364,_ZN7subsdk025sub_31abc0_subsdk0_31abc0Ev!
0x000000000031cc70,sub_31cc70,4,_Z16subsdk0_f_31cc70v
0x000000000031cc80,sub_31cc80,1132,_ZN7subsdk025sub_31cc80_subsdk0_31cc80Ev!
0x000000000031d0f0,sub_31d0f0,92,_ZN7subsdk010sub_31d0f0Ev!
0x000000000031d150,sub_31d150,12608,_ZN7subsdk010sub_31d150Ev!
0x0000000000320290,sub_320290,1964,_ZN7subsdk010sub_320290Ev!
0x0000000000320a40,sub_320a40,1720,_ZN7subsdk010sub_320a40Ev!
0x0000000000321100,sub_321100,10188,_ZN7subsdk010sub_321100Ev!
0x00000000003238d0,sub_3238d0,2900,_ZN7subsdk010sub_3238d0Ev!
0x0000000000324430,sub_324430,808,_ZN7subsdk010sub_324430Ev!
0x0000000000324760,sub_324760,320,_ZN7subsdk025sub_324760_subsdk0_324760Ev!
0x00000000003248a0,sub_3248a0,968,_ZN7subsdk010sub_3248a0Ev!
0x0000000000324c70,sub_324c70,240,_ZN7subsdk010sub_324c70Ev!
0x0000000000324d60,sub_324d60,256,_ZN7subsdk010sub_324d60Ev!
0x0000000000324e60,sub_324e60,560,_ZN7subsdk010sub_324e60Ev!
0x0000000000325090,sub_325090,1232,_ZN7subsdk010sub_325090Ev!
0x0000000000325560,sub_325560,1376,_ZN7subsdk010sub_325560Ev!
0x0000000000325ac0,sub_325ac0,560,_ZN7subsdk025sub_325ac0_subsdk0_325ac0Ev!
0x0000000000325cf0,sub_325cf0,552,_ZN7subsdk010sub_325cf0Ev!
0x0000000000325f20,sub_325f20,1036,_ZN7subsdk010sub_325f20Ev!
0x0000000000326330,sub_326330,400,_ZN7subsdk010sub_326330Ev!
0x00000000003264c0,sub_3264c0,180,_ZN7subsdk010sub_3264c0Ev!
0x0000000000326580,sub_326580,6216,_ZN7subsdk010sub_326580Ev!
0x0000000000327dd0,sub_327dd0,1008,_ZN7subsdk025sub_327dd0_subsdk0_327dd0Ev!
0x00000000003281c0,sub_3281c0,544,_ZN7subsdk010sub_3281c0Ev!
0x00000000003283e0,tvmr_enablehdr10,30564,_ZN7subsdk016tvmr_enablehdr10Ev!
0x000000000032fb50,sub_32fb50,584,_ZN7subsdk010sub_32fb50Ev!
0x000000000032fda0,sub_32fda0,40,_ZN7subsdk010sub_32fda0Ev!
0x000000000032fdd0,sub_32fdd0,176,_ZN7subsdk025sub_32fdd0_subsdk0_32fdd0Ev!
0x000000000032fe80,sub_32fe80,636,_ZN7subsdk010sub_32fe80Ev!
0x0000000000330100,sub_330100,1056,_ZN7subsdk010sub_330100Ev!
0x0000000000330520,sub_330520,328,_ZN7subsdk025sub_330520_subsdk0_330520Ev!
0x0000000000330670,sub_330670,132,_ZN7subsdk010sub_330670Ev!
0x0000000000330700,sub_330700,612,_ZN7subsdk010sub_330700Ev!
0x0000000000330970,sub_330970,1252,_ZN7subsdk010sub_330970Ev!
0x0000000000330e60,sub_330e60,1368,_ZN7subsdk010sub_330e60Ev!
0x00000000003313c0,sub_3313c0,308,_ZN7subsdk010sub_3313c0Ev!
0x0000000000331500,sub_331500,16356,_ZN7subsdk010sub_331500Ev!
0x00000000003354f0,sub_3354f0,1904,_ZN7subsdk010sub_3354f0Ev!
0x0000000000335c60,sub_335c60,688,_ZN7subsdk010sub_335c60Ev!
0x0000000000335f10,sub_335f10,772,_ZN7subsdk010sub_335f10Ev!
0x0000000000336220,sub_336220,480,_ZN7subsdk010sub_336220Ev!
0x0000000000336400,sub_336400,124,_ZN7subsdk010sub_336400Ev!
0x0000000000336480,sub_336480,40,_ZN7subsdk010sub_336480Ev!
0x00000000003364b0,sub_3364b0,816,_ZN7subsdk010sub_3364b0Ev!
0x00000000003367e0,sub_3367e0,424,_ZN7subsdk010sub_3367e0Ev!
0x0000000000336990,sub_336990,348,_ZN7subsdk010sub_336990Ev!
0x0000000000336af0,sub_336af0,1144,_ZN7subsdk010sub_336af0Ev!
0x0000000000336f70,sub_336f70,560,_ZN7subsdk010sub_336f70Ev!
0x00000000003371a0,sub_3371a0,2260,_ZN7subsdk010sub_3371a0Ev!
0x0000000000337a80,sub_337a80,120,_ZN7subsdk010sub_337a80Ev!
0x0000000000337b00,sub_337b00,8,_Z16subsdk0_f_337b00v
0x0000000000337b10,sub_337b10,184,_ZN7subsdk010sub_337b10Ev!
0x0000000000337bd0,sub_337bd0,72,_ZN7subsdk010sub_337bd0Ev!
0x0000000000337c20,sub_337c20,68,_ZN7subsdk010sub_337c20Ev!
0x0000000000337c70,sub_337c70,808,_ZN7subsdk010sub_337c70Ev!
0x0000000000337fa0,sub_337fa0,112,_ZN7subsdk010sub_337fa0Ev!
0x0000000000338010,sub_338010,68,_ZN7subsdk010sub_338010Ev!
0x0000000000338060,sub_338060,580,_ZN7subsdk010sub_338060Ev!
0x00000000003382b0,sub_3382b0,428,_ZN7subsdk010sub_3382b0Ev!
0x0000000000338460,sub_338460,184,_ZN7subsdk010sub_338460Ev!
0x0000000000338520,sub_338520,28,_ZN7subsdk025sub_338520_subsdk0_338520Ev!
0x0000000000338540,sub_338540,32,_ZN7subsdk010sub_338540Ev!
0x0000000000338560,sub_338560,20,_ZN7subsdk025sub_338560_subsdk0_338560Ev!
0x0000000000338580,sub_338580,4,_Z16subsdk0_f_338580v
0x0000000000338590,sub_338590,580,_ZN7subsdk010sub_338590Ev!
0x00000000003387e0,sub_3387e0,16,_ZN7subsdk025sub_3387e0_subsdk0_3387e0Ev!
0x00000000003387f0,sub_3387f0,100,_ZN7subsdk010sub_3387f0Ev!
0x0000000000338860,sub_338860,116,_ZN7subsdk010sub_338860Ev!
0x00000000003388e0,sub_3388e0,408,_ZN7subsdk010sub_3388e0Ev!
0x0000000000338a80,sub_338a80,4,_Z16subsdk0_f_338a80v
0x0000000000338a90,sub_338a90,588,_ZN7subsdk025sub_338a90_subsdk0_338a90Ev!
0x0000000000338ce0,sub_338ce0,8,_Z16subsdk0_f_338ce0v
0x0000000000338cf0,sub_338cf0,236,_ZN7subsdk025sub_338cf0_subsdk0_338cf0Ev!
0x0000000000338de0,sub_338de0,556,_ZN7subsdk010sub_338de0Ev!
0x0000000000339010,sub_339010,16,_ZN7subsdk010sub_339010Ev!
0x0000000000339020,sub_339020,8,_ZN7subsdk010sub_339020Ev!
0x0000000000339030,sub_339030,448,_ZN7subsdk010sub_339030Ev!
0x00000000003391f0,sub_3391f0,496,_ZN7subsdk010sub_3391f0Ev!
0x00000000003393e0,sub_3393e0,1136,_ZN7subsdk010sub_3393e0Ev!
0x0000000000339850,sub_339850,8,_Z16subsdk0_f_339850v
0x0000000000339860,ERROR_not_supported,5372,_ZN7subsdk019ERROR_not_supportedEv!
0x000000000033ad60,sub_33ad60,452,_ZN7subsdk025sub_33ad60_subsdk0_33ad60Ev!
0x000000000033af30,sub_33af30,1168,_ZN7subsdk010sub_33af30Ev!
0x000000000033b3c0,sub_33b3c0,164,_ZN7subsdk010sub_33b3c0Ev!
0x000000000033b470,sub_33b470,8,_Z16subsdk0_f_33b470v
0x000000000033b480,sub_33b480,332,_ZN7subsdk010sub_33b480Ev!
0x000000000033b5d0,sub_33b5d0,644,_ZN7subsdk010sub_33b5d0Ev!
0x000000000033b860,sub_33b860,500,_ZN7subsdk010sub_33b860Ev!
0x000000000033ba60,sub_33ba60,20,_ZN7subsdk010sub_33ba60Ev!
0x000000000033ba80,sub_33ba80,2260,_ZN7subsdk010sub_33ba80Ev!
0x000000000033c360,sub_33c360,240,_ZN7subsdk010sub_33c360Ev!
0x000000000033c450,sub_33c450,204,_ZN7subsdk010sub_33c450Ev!
0x000000000033c520,sub_33c520,296,_ZN7subsdk010sub_33c520Ev!
0x000000000033c650,sub_33c650,112,_ZN7subsdk010sub_33c650Ev!
0x000000000033c6c0,sub_33c6c0,236,_ZN7subsdk010sub_33c6c0Ev!
0x000000000033c7b0,sub_33c7b0,8,_ZN7subsdk025sub_33c7b0_subsdk0_33c7b0Ev!
0x000000000033c7c0,sub_33c7c0,8,_Z16subsdk0_f_33c7c0v
0x000000000033c7d0,sub_33c7d0,828,_ZN7subsdk010sub_33c7d0Ev!
0x000000000033cb10,sub_33cb10,1252,_ZN7subsdk010sub_33cb10Ev!
0x000000000033d000,sub_33d000,324,_ZN7subsdk025sub_33d000_subsdk0_33d000Ev!
0x000000000033d150,sub_33d150,2252,_ZN7subsdk025sub_33d150_subsdk0_33d150Ev!
0x000000000033da20,sub_33da20,536,_ZN7subsdk010sub_33da20Ev!
0x000000000033dc40,sub_33dc40,172,_ZN7subsdk025sub_33dc40_subsdk0_33dc40Ev!
0x000000000033dcf0,sub_33dcf0,160,_ZN7subsdk010sub_33dcf0Ev!
0x000000000033dd90,sub_33dd90,380,_ZN7subsdk010sub_33dd90Ev!
0x000000000033df10,sub_33df10,40,_ZN7subsdk025sub_33df10_subsdk0_33df10Ev!
0x000000000033df40,sub_33df40,8,_Z16subsdk0_f_33df40v
0x000000000033df50,sub_33df50,884,_ZN7subsdk010sub_33df50Ev!
0x000000000033e2d0,sub_33e2d0,2056,_ZN7subsdk025sub_33e2d0_subsdk0_33e2d0Ev!
0x000000000033eae0,sub_33eae0,13780,_ZN7subsdk010sub_33eae0Ev!
0x00000000003420c0,sub_3420c0,1172,_ZN7subsdk025sub_3420c0_subsdk0_3420c0Ev!
0x0000000000342560,sub_342560,268,_ZN7subsdk025sub_342560_subsdk0_342560Ev!
0x0000000000342670,sub_342670,1052,_ZN7subsdk010sub_342670Ev!
0x0000000000342a90,sub_342a90,7324,_ZN7subsdk010sub_342a90Ev!
0x0000000000344730,sub_344730,400,_ZN7subsdk010sub_344730Ev!
0x00000000003448c0,sub_3448c0,304,_ZN7subsdk010sub_3448c0Ev!
0x00000000003449f0,sub_3449f0,2316,_ZN7subsdk010sub_3449f0Ev!
0x0000000000345300,sub_345300,340,_ZN7subsdk010sub_345300Ev!
0x0000000000345460,sub_345460,940,_ZN7subsdk010sub_345460Ev!
0x0000000000345810,sub_345810,1560,_ZN7subsdk010sub_345810Ev!
0x0000000000345e30,sub_345e30,644,_ZN7subsdk010sub_345e30Ev!
0x00000000003460c0,sub_3460c0,1256,_ZN7subsdk010sub_3460c0Ev!
0x00000000003465b0,sub_3465b0,1144,_ZN7subsdk010sub_3465b0Ev!
0x0000000000346a30,sub_346a30,784,_ZN7subsdk010sub_346a30Ev!
0x0000000000346d40,sub_346d40,872,_ZN7subsdk025sub_346d40_subsdk0_346d40Ev!
0x00000000003470b0,sub_3470b0,936,_ZN7subsdk025sub_3470b0_subsdk0_3470b0Ev!
0x0000000000347460,sub_347460,744,_ZN7subsdk010sub_347460Ev!
0x0000000000347750,sub_347750,2192,_ZN7subsdk010sub_347750Ev!
0x0000000000347fe0,sub_347fe0,208,_ZN7subsdk025sub_347fe0_subsdk0_347fe0Ev!
0x00000000003480b0,sub_3480b0,552,_ZN7subsdk010sub_3480b0Ev!
0x00000000003482e0,sub_3482e0,332,_ZN7subsdk025sub_3482e0_subsdk0_3482e0Ev!
0x0000000000348430,sub_348430,988,_ZN7subsdk025sub_348430_subsdk0_348430Ev!
0x0000000000348810,sub_348810,208,_ZN7subsdk025sub_348810_subsdk0_348810Ev!
0x00000000003488e0,sub_3488e0,184,_ZN7subsdk010sub_3488e0Ev!
0x00000000003489a0,sub_3489a0,8,_Z16subsdk0_f_3489a0v
0x00000000003489b0,sub_3489b0,8,_Z16subsdk0_f_3489b0v
0x00000000003489c0,sub_3489c0,4,_Z16subsdk0_f_3489c0v
0x00000000003489d0,sub_3489d0,148,_ZN7subsdk010sub_3489d0Ev!
0x0000000000348a70,sub_348a70,4,_Z16subsdk0_f_348a70v
0x0000000000348a80,sub_348a80,4,_Z16subsdk0_f_348a80v
0x0000000000348a90,sub_348a90,4,_Z16subsdk0_f_348a90v
0x0000000000348aa0,sub_348aa0,4,_Z16subsdk0_f_348aa0v
0x0000000000348ab0,sub_348ab0,20,_ZN7subsdk025sub_348ab0_subsdk0_348ab0Ev!
0x0000000000348ad0,sub_348ad0,4,_Z16subsdk0_f_348ad0v
0x0000000000348ae0,sub_348ae0,4,_Z16subsdk0_f_348ae0v
0x0000000000348af0,sub_348af0,4,_Z16subsdk0_f_348af0v
0x0000000000348b00,sub_348b00,284,_ZN7subsdk010sub_348b00Ev!
0x0000000000348c20,sub_348c20,16,_ZN7subsdk025sub_348c20_subsdk0_348c20Ev!
0x0000000000348c30,sub_348c30,28,_ZN7subsdk010sub_348c30Ev!
0x0000000000348c50,sub_348c50,500,_ZN7subsdk010sub_348c50Ev!
0x0000000000348e50,sub_348e50,16,_ZN7subsdk010sub_348e50Ev!
0x0000000000348e60,sub_348e60,96,_ZN7subsdk025sub_348e60_subsdk0_348e60Ev!
0x0000000000348ec0,sub_348ec0,328,_ZN7subsdk010sub_348ec0Ev!
0x0000000000349010,sub_349010,4472,_ZN7subsdk010sub_349010Ev!
0x000000000034a190,sub_34a190,272,_ZN7subsdk010sub_34a190Ev!
0x000000000034a2a0,sub_34a2a0,76,_ZN7subsdk010sub_34a2a0Ev!
0x000000000034a2f0,sub_34a2f0,96,_ZN7subsdk010sub_34a2f0Ev!
0x000000000034a350,sub_34a350,20,_ZN7subsdk025sub_34a350_subsdk0_34a350Ev!
0x000000000034a370,sub_34a370,660,_ZN7subsdk010sub_34a370Ev!
0x000000000034a610,sub_34a610,96,_ZN7subsdk010sub_34a610Ev!
0x000000000034a670,sub_34a670,536,_ZN7subsdk025sub_34a670_subsdk0_34a670Ev!
0x000000000034a890,sub_34a890,4,_ZN7subsdk010sub_34a890Ev!
0x000000000034a8a0,sub_34a8a0,40,_ZN7subsdk010sub_34a8a0Ev!
0x000000000034a8d0,sub_34a8d0,28,_ZN7subsdk010sub_34a8d0Ev!
0x000000000034a8f0,sub_34a8f0,56,_ZN7subsdk010sub_34a8f0Ev!
0x000000000034a930,sub_34a930,8,_ZN7subsdk010sub_34a930Ev!
0x000000000034a940,sub_34a940,260,_ZN7subsdk010sub_34a940Ev!
0x000000000034aa50,sub_34aa50,32,_ZN7subsdk025sub_34aa50_subsdk0_34aa50Ev!
0x000000000034aa70,sub_34aa70,300,_ZN7subsdk010sub_34aa70Ev!
0x000000000034aba0,sub_34aba0,260,_ZN7subsdk010sub_34aba0Ev!
0x000000000034acb0,sub_34acb0,300,_ZN7subsdk010sub_34acb0Ev!
0x000000000034ade0,sub_34ade0,44,_ZN7subsdk010sub_34ade0Ev!
0x000000000034ae10,sub_34ae10,236,_ZN7subsdk010sub_34ae10Ev!
0x000000000034af00,sub_34af00,36,_ZN7subsdk010sub_34af00Ev!
0x000000000034af30,sub_34af30,184,_ZN7subsdk025sub_34af30_subsdk0_34af30Ev!
0x000000000034aff0,sub_34aff0,20,_ZN7subsdk010sub_34aff0Ev!
0x000000000034b010,sub_34b010,60,_ZN7subsdk025sub_34b010_subsdk0_34b010Ev!
0x000000000034b050,sub_34b050,64,_ZN7subsdk010sub_34b050Ev!
0x000000000034b090,sub_34b090,52,_ZN7subsdk025sub_34b090_subsdk0_34b090Ev!
0x000000000034b0d0,sub_34b0d0,4,_Z16subsdk0_f_34b0d0v
0x000000000034b0e0,sub_34b0e0,8,_Z16subsdk0_f_34b0e0v
0x000000000034b0f0,sub_34b0f0,380,_ZN7subsdk010sub_34b0f0Ev!
0x000000000034b270,sub_34b270,52,_ZN7subsdk025sub_34b270_subsdk0_34b270Ev!
0x000000000034b2b0,sub_34b2b0,116,_ZN7subsdk010sub_34b2b0Ev!
0x000000000034b330,sub_34b330,8,_Z16subsdk0_f_34b330v
0x000000000034b340,sub_34b340,24,_ZN7subsdk010sub_34b340Ev!
0x000000000034b360,sub_34b360,8,_Z16subsdk0_f_34b360v
0x000000000034b370,sub_34b370,8,_Z16subsdk0_f_34b370v
0x000000000034b380,sub_34b380,8,_Z16subsdk0_f_34b380v
0x000000000034b390,sub_34b390,8,_Z16subsdk0_f_34b390v
0x000000000034b3a0,sub_34b3a0,8,_Z16subsdk0_f_34b3a0v
0x000000000034b3b0,sub_34b3b0,56,_ZN7subsdk010sub_34b3b0Ev!
0x000000000034b3f0,sub_34b3f0,156,_ZN7subsdk010sub_34b3f0Ev!
0x000000000034b490,sub_34b490,828,_ZN7subsdk010sub_34b490Ev!
0x000000000034b7d0,Profilestats,72,_ZN7subsdk012ProfilestatsEv!
0x000000000034b820,d_d_d_lld_f_f,60,_ZN7subsdk013d_d_d_lld_f_fEv!
0x000000000034b860,d_d_d_6,128,_ZN7subsdk07d_d_d_6Ev!
0x000000000034b8e0,sub_34b8e0,264,_ZN7subsdk010sub_34b8e0Ev!
0x000000000034b9f0,sub_34b9f0,200,_ZN7subsdk010sub_34b9f0Ev!
0x000000000034bac0,sub_34bac0,1180,_ZN7subsdk025sub_34bac0_subsdk0_34bac0Ev!
0x000000000034bf60,sub_34bf60,8,_Z16subsdk0_f_34bf60v
0x000000000034bf70,sub_34bf70,8948,_ZN7subsdk010sub_34bf70Ev!
0x000000000034e270,sub_34e270,216,_ZN7subsdk010sub_34e270Ev!
0x000000000034e350,sub_34e350,396,_ZN7subsdk025sub_34e350_subsdk0_34e350Ev!
0x000000000034e4e0,sub_34e4e0,268,_ZN7subsdk025sub_34e4e0_subsdk0_34e4e0Ev!
0x000000000034e5f0,sub_34e5f0,1756,_ZN7subsdk010sub_34e5f0Ev!
0x000000000034ecd0,sub_34ecd0,1584,_ZN7subsdk010sub_34ecd0Ev!
0x000000000034f300,sub_34f300,14024,_ZN7subsdk010sub_34f300Ev!
0x00000000003529d0,sub_3529d0,284,_ZN7subsdk010sub_3529d0Ev!
0x0000000000352af0,sub_352af0,544,_ZN7subsdk010sub_352af0Ev!
0x0000000000352d10,sub_352d10,192,_ZN7subsdk010sub_352d10Ev!
0x0000000000352dd0,sub_352dd0,120,_ZN7subsdk010sub_352dd0Ev!
0x0000000000352e50,sub_352e50,792,_ZN7subsdk010sub_352e50Ev!
0x0000000000353170,sub_353170,2128,_ZN7subsdk010sub_353170Ev!
0x00000000003539c0,sub_3539c0,212,_ZN7subsdk010sub_3539c0Ev!
0x0000000000353aa0,sub_353aa0,240,_ZN7subsdk010sub_353aa0Ev!
0x0000000000353b90,sub_353b90,212,_ZN7subsdk010sub_353b90Ev!
0x0000000000353c70,sub_353c70,308,_ZN7subsdk025sub_353c70_subsdk0_353c70Ev!
0x0000000000353db0,sub_353db0,312,_ZN7subsdk010sub_353db0Ev!
0x0000000000353ef0,sub_353ef0,5560,_ZN7subsdk010sub_353ef0Ev!
0x00000000003554b0,sub_3554b0,204,_ZN7subsdk010sub_3554b0Ev!
0x0000000000355580,sub_355580,160,_ZN7subsdk010sub_355580Ev!
0x0000000000355620,sub_355620,440,_ZN7subsdk010sub_355620Ev!
0x00000000003557e0,sub_3557e0,36,_ZN7subsdk025sub_3557e0_subsdk0_3557e0Ev!
0x0000000000355810,sub_355810,660,_ZN7subsdk010sub_355810Ev!
0x0000000000355ab0,sub_355ab0,2260,_ZN7subsdk025sub_355ab0_subsdk0_355ab0Ev!
0x0000000000356390,sub_356390,1340,_ZN7subsdk010sub_356390Ev!
0x00000000003568d0,sub_3568d0,1336,_ZN7subsdk010sub_3568d0Ev!
0x0000000000356e10,sub_356e10,216,_ZN7subsdk010sub_356e10Ev!
0x0000000000356ef0,sub_356ef0,624,_ZN7subsdk010sub_356ef0Ev!
0x0000000000357160,sub_357160,2292,_ZN7subsdk010sub_357160Ev!
0x0000000000357a60,sub_357a60,3004,_ZN7subsdk025sub_357a60_subsdk0_357a60Ev!
0x0000000000358620,sub_358620,516,_ZN7subsdk010sub_358620Ev!
0x0000000000358830,sub_358830,212,_ZN7subsdk010sub_358830Ev!
0x0000000000358910,sub_358910,160,_ZN7subsdk010sub_358910Ev!
0x00000000003589b0,sub_3589b0,168,_ZN7subsdk010sub_3589b0Ev!
0x0000000000358a60,sub_358a60,5512,_ZN7subsdk010sub_358a60Ev!
0x0000000000359ff0,sub_359ff0,328,_ZN7subsdk010sub_359ff0Ev!
0x000000000035a140,sub_35a140,208,_ZN7subsdk010sub_35a140Ev!
0x000000000035a210,sub_35a210,288,_ZN7subsdk010sub_35a210Ev!
0x000000000035a330,sub_35a330,200,_ZN7subsdk010sub_35a330Ev!
0x000000000035a400,sub_35a400,1304,_ZN7subsdk010sub_35a400Ev!
0x000000000035a920,sub_35a920,4128,_ZN7subsdk010sub_35a920Ev!
0x000000000035b940,sub_35b940,88,_ZN7subsdk010sub_35b940Ev!
0x000000000035b9a0,sub_35b9a0,240,_ZN7subsdk010sub_35b9a0Ev!
0x000000000035ba90,sub_35ba90,12,_Z16subsdk0_f_35ba90Pv
0x000000000035baa0,sub_35baa0,4,_Z16subsdk0_f_35baa0v
0x000000000035bab0,sub_35bab0,8,_Z16subsdk0_f_35bab0v
0x000000000035bac0,sub_35bac0,4,_Z16subsdk0_f_35bac0v
0x000000000035bad0,sub_35bad0,8,_Z16subsdk0_f_35bad0v
0x000000000035bae0,sub_35bae0,4,_Z16subsdk0_f_35bae0v
0x000000000035baf0,sub_35baf0,4,_Z16subsdk0_f_35baf0v
0x000000000035bb00,sub_35bb00,4,_Z16subsdk0_f_35bb00v
0x000000000035bb10,sub_35bb10,8,_Z16subsdk0_f_35bb10v
0x000000000035bb20,sub_35bb20,4,_Z16subsdk0_f_35bb20v
0x000000000035bb30,sub_35bb30,8,_Z16subsdk0_f_35bb30v
0x000000000035bb40,sub_35bb40,8,_Z16subsdk0_f_35bb40v
0x000000000035bb50,sub_35bb50,8,_Z16subsdk0_f_35bb50v
0x000000000035bb60,sub_35bb60,8,_Z16subsdk0_f_35bb60v
0x000000000035bb70,sub_35bb70,8,_Z16subsdk0_f_35bb70v
0x000000000035bb80,sub_35bb80,4,_Z16subsdk0_f_35bb80v
0x000000000035bb90,sub_35bb90,8,_Z16subsdk0_f_35bb90v
0x000000000035bba0,sub_35bba0,8,_Z16subsdk0_f_35bba0v
0x000000000035bbb0,sub_35bbb0,8,_Z16subsdk0_f_35bbb0v
0x000000000035bbc0,sub_35bbc0,4,_Z16subsdk0_f_35bbc0v
0x000000000035bbd0,sub_35bbd0,16,_ZN7subsdk010sub_35bbd0Ev!
0x000000000035bbe0,sub_35bbe0,16,_ZN7subsdk010sub_35bbe0Ev!
0x000000000035bbf0,sub_35bbf0,16,_ZN7subsdk010sub_35bbf0Ev!
0x000000000035bc00,sub_35bc00,16,_ZN7subsdk010sub_35bc00Ev!
0x000000000035bc10,sub_35bc10,16,_ZN7subsdk010sub_35bc10Ev!
0x000000000035bc20,sub_35bc20,20,_ZN7subsdk025sub_35bc20_subsdk0_35bc20Ev!
0x000000000035bc40,sub_35bc40,20,_ZN7subsdk025sub_35bc40_subsdk0_35bc40Ev!
0x000000000035bc60,sub_35bc60,20,_ZN7subsdk010sub_35bc60Ev!
0x000000000035bc80,sub_35bc80,12,_ZN7subsdk010sub_35bc80Ev!
0x000000000035bc90,sub_35bc90,8,_Z16subsdk0_f_35bc90v
0x000000000035bca0,sub_35bca0,36,_ZN7subsdk010sub_35bca0Ev!
0x000000000035bcd0,sub_35bcd0,36,_ZN7subsdk025sub_35bcd0_subsdk0_35bcd0Ev!
0x000000000035bd00,sub_35bd00,36,_ZN7subsdk010sub_35bd00Ev!
0x000000000035bd30,sub_35bd30,36,_ZN7subsdk010sub_35bd30Ev!
0x000000000035bd60,sub_35bd60,36,_ZN7subsdk010sub_35bd60Ev!
0x000000000035bd90,sub_35bd90,36,_ZN7subsdk010sub_35bd90Ev!
0x000000000035bdc0,sub_35bdc0,612,_ZN7subsdk010sub_35bdc0Ev!
0x000000000035c030,sub_35c030,2416,_ZN7subsdk010sub_35c030Ev!
0x000000000035c9a0,sub_35c9a0,1192,_ZN7subsdk010sub_35c9a0Ev!
0x000000000035ce50,sub_35ce50,48,_ZN7subsdk010sub_35ce50Ev!
0x000000000035ce80,sub_35ce80,1128,_ZN7subsdk010sub_35ce80Ev!
0x000000000035d2f0,sub_35d2f0,152,_ZN7subsdk010sub_35d2f0Ev!
0x000000000035d390,sub_35d390,48,_ZN7subsdk010sub_35d390Ev!
0x000000000035d3c0,sub_35d3c0,32,_ZN7subsdk025sub_35d3c0_subsdk0_35d3c0Ev!
0x000000000035d3e0,sub_35d3e0,40,_ZN7subsdk025sub_35d3e0_subsdk0_35d3e0Ev!
0x000000000035d410,sub_35d410,52,_ZN7subsdk025sub_35d410_subsdk0_35d410Ev!
0x000000000035d450,sub_35d450,80,_ZN7subsdk010sub_35d450Ev!
0x000000000035d4a0,sub_35d4a0,36,_ZN7subsdk010sub_35d4a0Ev!
0x000000000035d4d0,sub_35d4d0,1204,_ZN7subsdk025sub_35d4d0_subsdk0_35d4d0Ev!
0x000000000035d990,sub_35d990,640,_ZN7subsdk010sub_35d990Ev!
0x000000000035dc10,sub_35dc10,884,_ZN7subsdk010sub_35dc10Ev!
0x000000000035df90,sub_35df90,8,_Z16subsdk0_f_35df90v
0x000000000035dfa0,sub_35dfa0,4,_Z16subsdk0_f_35dfa0v
0x000000000035dfb0,sub_35dfb0,144,_ZN7subsdk010sub_35dfb0Ev!
0x000000000035e040,sub_35e040,32,_ZN7subsdk010sub_35e040Ev!
0x000000000035e060,sub_35e060,36,_ZN7subsdk010sub_35e060Ev!
0x000000000035e090,sub_35e090,32,_ZN7subsdk010sub_35e090Ev!
0x000000000035e0b0,sub_35e0b0,60,_ZN7subsdk010sub_35e0b0Ev!
0x000000000035e0f0,sub_35e0f0,68,_ZN7subsdk010sub_35e0f0Ev!
0x000000000035e140,sub_35e140,44,_ZN7subsdk010sub_35e140Ev!
0x000000000035e170,sub_35e170,76,_ZN7subsdk010sub_35e170Ev!
0x000000000035e1c0,sub_35e1c0,160,_ZN7subsdk010sub_35e1c0Ev!
0x000000000035e260,sub_35e260,380,_ZN7subsdk010sub_35e260Ev!
0x000000000035e3e0,sub_35e3e0,1152,_ZN7subsdk010sub_35e3e0Ev!
0x000000000035e860,sub_35e860,1856,_ZN7subsdk010sub_35e860Ev!
0x000000000035efa0,sub_35efa0,628,_ZN7subsdk010sub_35efa0Ev!
0x000000000035f220,sub_35f220,1384,_ZN7subsdk010sub_35f220Ev!
0x000000000035f790,sub_35f790,128,_ZN7subsdk025sub_35f790_subsdk0_35f790Ev!
0x000000000035f810,sub_35f810,884,_ZN7subsdk010sub_35f810Ev!
0x000000000035fb90,sub_35fb90,568,_ZN7subsdk010sub_35fb90Ev!
0x000000000035fdd0,sub_35fdd0,48,_ZN7subsdk025sub_35fdd0_subsdk0_35fdd0Ev!
0x000000000035fe00,sub_35fe00,84,_ZN7subsdk025sub_35fe00_subsdk0_35fe00Ev!
0x000000000035fe60,sub_35fe60,252,_ZN7subsdk010sub_35fe60Ev!
0x000000000035ff60,sub_35ff60,136,_ZN7subsdk025sub_35ff60_subsdk0_35ff60Ev!
0x000000000035fff0,sub_35fff0,304,_ZN7subsdk010sub_35fff0Ev!
0x0000000000360120,sub_360120,1700,_ZN7subsdk010sub_360120Ev!
0x00000000003607d0,sub_3607d0,1140,_ZN7subsdk025sub_3607d0_subsdk0_3607d0Ev!
0x0000000000360c50,sub_360c50,892,_ZN7subsdk010sub_360c50Ev!
0x0000000000360fd0,sub_360fd0,308,_ZN7subsdk010sub_360fd0Ev!
0x0000000000361110,sub_361110,572,_ZN7subsdk010sub_361110Ev!
0x0000000000361350,sub_361350,64,_ZN7subsdk025sub_361350_subsdk0_361350Ev!
0x0000000000361390,sub_361390,752,_ZN7subsdk010sub_361390Ev!
0x0000000000361680,sub_361680,844,_ZN7subsdk010sub_361680Ev!
0x00000000003619d0,sub_3619d0,2536,_ZN7subsdk010sub_3619d0Ev!
0x00000000003623c0,sub_3623c0,2676,_ZN7subsdk010sub_3623c0Ev!
0x0000000000362e40,sub_362e40,4844,_ZN7subsdk010sub_362e40Ev!
0x0000000000364130,sub_364130,61824,_ZN7subsdk010sub_364130Ev!
