module,addr,proposed_name,rule,support
main,0x00000000000001c0,gwazamessage,unique-callee,1
main,0x0000000000000860,Real_FFT_optimization_must_be_even,unique-callee,1
main,0x00000000000008c0,Heap_is_not_set_in_the_argument_of_the_resource_destruct,unique-callee,1
main,0x0000000000000c70,unnamed_9,unique-callee,1
main,0x0000000000000ce0,Enum_type,unique-callee,1
main,0x000000000000d0c0,pokestatus,unique-callee,1
main,0x000000000000d260,primitive_renderer_texture,all-callers-agree,2
main,0x000000000000ff00,primitive_renderer_texture,only-caller,1
main,0x0000000000010110,primitive_renderer_texture,only-caller,1
main,0x0000000000010f60,CmPool,only-caller,1
main,0x00000000000111f0,NonTrackedAlloc_162,only-caller,1
main,0x0000000000011a00,CmBitMap_4,only-caller,1
main,0x0000000000011ae0,CmBitMap_4,only-caller,1
main,0x0000000000011ba0,CmBitMap_4,only-caller,1
main,0x00000000000128e0,NonTrackedAlloc_159,only-caller,1
main,0x00000000000136a0,ScArticulationSim,only-caller,1
main,0x00000000000142c0,CmBitMap_4,only-caller,1
main,0x0000000000014e50,NonTrackedAlloc_159,only-caller,1
main,0x0000000000014f20,ScArticulationSim,unique-callee,1
main,0x00000000000156a0,ScArticulationSim,unique-callee,1
main,0x00000000000165a0,NonTrackedAlloc_4,only-caller,1
main,0x00000000000168a0,NonTrackedAlloc_4,only-caller,1
main,0x0000000000018250,CmPriorityQueue,only-caller,1
main,0x000000000001b980,PxsNphaseImplementationContext_2,only-caller,1
main,0x000000000001c890,PxsNphaseImplementationContext_2,unique-callee,1
main,0x000000000001dbd0,NonTrackedAlloc_159,only-caller,1
main,0x000000000001dbe0,ScScene_9,only-caller,1
main,0x0000000000021ab0,PxcThreadCoherentCache_2,only-caller,1
main,0x0000000000022760,PxcThreadCoherentCache_2,only-caller,1
main,0x0000000000023160,PxcThreadCoherentCache_2,only-caller,1
main,0x0000000000023360,ScScene_postCCDPass,only-caller,1
main,0x00000000000235a0,PxcThreadCoherentCache,only-caller,1
main,0x00000000000257e0,PxcThreadCoherentCache_2,only-caller,1
main,0x0000000000025900,PxcThreadCoherentCache_2,unique-callee,1
main,0x0000000000027a00,PxcThreadCoherentCache,only-caller,1
main,0x000000000002df40,PxsNphaseImplementationContext_2,only-caller,1
main,0x000000000002e220,PxsNphaseImplementationContext,only-caller,1
main,0x00000000000300b0,NonTrackedAlloc_159,only-caller,1
main,0x0000000000031010,ScElementSim,only-caller,1
main,0x00000000000312a0,CmBitMap_2,unique-callee,1
main,0x0000000000031ea0,NonTrackedAlloc_14,only-caller,1
main,0x0000000000031fe0,NonTrackedAlloc_14,only-caller,1
main,0x0000000000033ae0,ScScene_9,only-caller,1
main,0x0000000000035280,NonTrackedAlloc_14,only-caller,1
main,0x0000000000035990,BpSimpleAABBManager_3,only-caller,1
main,0x0000000000036a60,BpBroadPhaseMBP_3,only-caller,1
main,0x0000000000037720,NonTrackedAlloc_25,all-callers-agree,2
main,0x00000000000378c0,NonTrackedAlloc_25,only-caller,1
main,0x0000000000037d60,NonTrackedAlloc_25,only-caller,1
main,0x0000000000038cb0,BpBroadPhaseMBP_3,only-caller,1
main,0x0000000000038fe0,BpBroadPhaseMBP_3,unique-callee,1
main,0x0000000000039770,BpBroadPhaseMBP_4,only-caller,1
main,0x0000000000039e30,NonTrackedAlloc_25,only-caller,1
main,0x0000000000039fd0,NonTrackedAlloc_25,only-caller,1
main,0x000000000003a9c0,NonTrackedAlloc_25,only-caller,1
main,0x000000000003c220,NonTrackedAlloc_24,only-caller,1
main,0x000000000003c2c0,NonTrackedAlloc_24,only-caller,1
main,0x000000000003fa10,NonTrackedAlloc_26,only-caller,1
main,0x0000000000040100,NonTrackedAlloc_29,unique-callee,1
main,0x0000000000040430,NonTrackedAlloc_29,only-caller,1
main,0x0000000000040ce0,NonTrackedAlloc_28,only-caller,1
main,0x0000000000040d80,NonTrackedAlloc_28,only-caller,1
main,0x0000000000040f30,NonTrackedAlloc_28,unique-callee,1
main,0x0000000000041020,NonTrackedAlloc_28,only-caller,1
main,0x0000000000044ed0,NonTrackedAlloc_43,only-caller,1
main,0x0000000000046190,PsSort_3,only-caller,1
main,0x0000000000046370,PsSort_3,unique-callee,1
main,0x000000000004f870,NonTrackedAlloc_43,only-caller,1
main,0x000000000004f920,NonTrackedAlloc_43,only-caller,1
main,0x0000000000051440,PsSortInternals_5,only-caller,1
main,0x0000000000051a10,NonTrackedAlloc_43,only-caller,1
main,0x0000000000058330,NonTrackedAlloc_49,only-caller,1
main,0x0000000000059500,NonTrackedAlloc_49,only-caller,1
main,0x0000000000059760,NonTrackedAlloc_165,only-caller,1
main,0x0000000000059820,NonTrackedAlloc_146,only-caller,1
main,0x0000000000076730,PxcThreadCoherentCache_5,only-caller,1
main,0x0000000000076f70,PxcThreadCoherentCache_5,only-caller,1
main,0x000000000007c4f0,PxcThreadCoherentCache_4,only-caller,1
main,0x000000000007cab0,PxcThreadCoherentCache_7,all-callers-agree,2
main,0x000000000007dc00,PxcThreadCoherentCache_7,unique-callee,1
main,0x000000000007e3f0,PxcThreadCoherentCache_7,only-caller,1
main,0x0000000000081ed0,PxcThreadCoherentCache_7,only-caller,1
main,0x000000000008b6d0,PxcThreadCoherentCache_7,only-caller,1
main,0x000000000008bae0,PxcThreadCoherentCache_7,unique-callee,1
main,0x000000000008c5b0,PxcThreadCoherentCache_7,only-caller,1
main,0x000000000008f150,NonTrackedAlloc_159,only-caller,1
main,0x000000000008f980,NonTrackedAlloc_70,only-caller,1
main,0x0000000000090d40,CmPool_4,only-caller,1
main,0x0000000000090d80,NonTrackedAlloc_70,only-caller,1
main,0x0000000000090ea0,PtContextCpu_2,only-caller,1
main,0x0000000000090f20,PtContextCpu_2,unique-callee,1
main,0x0000000000091560,NonTrackedAlloc_144,only-caller,1
main,0x0000000000091710,PtContextCpu_2,only-caller,1
main,0x00000000000918f0,PtContextCpu_2,only-caller,1
main,0x0000000000093250,NonTrackedAlloc_71,only-caller,1
main,0x00000000000943f0,NonTrackedAlloc_73,only-caller,1
main,0x0000000000095b70,PtParticleData_2,only-caller,1
main,0x0000000000095c60,PtParticleData,only-caller,1
main,0x00000000000961d0,NonTrackedAlloc_71,only-caller,1
main,0x00000000000a6fa0,NonTrackedAlloc_77,only-caller,1
main,0x00000000000aad60,PtCollision,only-caller,1
main,0x00000000000ab0f0,PtCollision,only-caller,1
main,0x00000000000ab3d0,PtCollision,unique-callee,1
main,0x00000000000ab8c0,PtCollision,only-caller,1
main,0x00000000000ac140,PtCollision,only-caller,1
main,0x00000000000ac2e0,PtCollision,only-caller,1
main,0x00000000000ac5c0,PtCollision,only-caller,1
main,0x00000000000acaf0,PtCollision,unique-callee,1
main,0x00000000000acde0,PtCollision,all-callers-agree,2
main,0x00000000000ade40,PtCollision,only-caller,1
main,0x00000000000ae720,PtCollision,only-caller,1
main,0x00000000000af6b0,PtCollision,only-caller,1
main,0x00000000000b0650,PtCollision,only-caller,1
main,0x00000000000b0880,PtCollision,only-caller,1
main,0x00000000000b09b0,PtCollision,unique-callee,1
main,0x00000000000b0c90,NonTrackedAlloc_99,unique-callee,1
main,0x00000000000b0ee0,PtCollision,all-callers-agree,2
main,0x00000000000b1350,PtCollision,only-caller,1
main,0x00000000000b4050,SnBinaryDeserialization,only-caller,1
main,0x00000000000b4940,NpPhysics_4,only-caller,1
main,0x00000000000b9a20,NpActor_setAggregate_failed,unique-callee,1
main,0x00000000000b9e80,PsPool_14,only-caller,1
main,0x00000000000ba720,ScbScene_2,unique-callee,1
main,0x00000000000c98d0,PsPool_12,only-caller,1
main,0x00000000000caf30,ScbScene_2,only-caller,1
main,0x00000000000cb9d0,PsMutex_7,only-caller,1
main,0x00000000000cbba0,PsMutex_7,only-caller,1
main,0x00000000000cc880,ScbScene_2,all-callers-agree,2
main,0x00000000000ccaf0,NpScene_4,only-caller,1
main,0x00000000000ce4b0,NpScene_10,only-caller,1
main,0x00000000000ce4f0,NpScene_10,unique-callee,1
main,0x00000000000ce8a0,NpScene_13,only-caller,1
main,0x00000000000cec70,NpScene_3,only-caller,1
main,0x00000000000cf000,NpScene_19,only-caller,1
main,0x00000000000cf1c0,NpScene_19,only-caller,1
main,0x00000000000cf2a0,NpScene_19,only-caller,1
main,0x00000000000cf320,ScbScene_2,only-caller,1
main,0x00000000000cf5c0,NpScene_33,only-caller,1
main,0x00000000000cf5d0,NpScene_20,only-caller,1
main,0x00000000000cfe80,ScbScene_2,only-caller,1
main,0x00000000000d0280,ScbScene_2,all-callers-agree,2
main,0x00000000000d0840,ScbScene_2,only-caller,1
main,0x00000000000d0c40,ScbScene_2,only-caller,1
main,0x00000000000d1b60,NpScene_19,only-caller,1
main,0x00000000000d1b70,NpScene_19,only-caller,1
main,0x00000000000d61d0,ScbScene_2,all-callers-agree,2
main,0x00000000000d69f0,NpScene_4,only-caller,1
main,0x00000000000d7a50,ScbScene_2,only-caller,1
main,0x00000000000d7bc0,ScbScene_2,all-callers-agree,2
main,0x00000000000d7e50,ScbScene_2,only-caller,1
main,0x00000000000d8700,PsPool_7,only-caller,1
main,0x00000000000d9960,NpScene_19,only-caller,1
main,0x00000000000da240,PsPool_8,only-caller,1
main,0x00000000000dc030,NpScene_19,unique-callee,1
main,0x00000000000e0040,PxConstraint_Add_to_rigid_actor_1_Constraint_already_add_4,only-caller,1
main,0x00000000000e0380,NpScene_19,only-caller,1
main,0x00000000000e1170,PxConstraint_Add_to_rigid_actor_1_Constraint_already_add,only-caller,1
main,0x00000000000e2350,PsPool_9,only-caller,1
main,0x00000000000e5460,PsPool_6,only-caller,1
main,0x00000000000e58b0,PsPool_4,only-caller,1
main,0x00000000000e7700,PsPool_3,only-caller,1
main,0x00000000000e9040,PsPool_5,only-caller,1
main,0x00000000000ed9c0,NpCloth,only-caller,1
main,0x00000000000eda60,PsPool_5,only-caller,1
main,0x00000000000edac0,PsPool_16,only-caller,1
main,0x00000000000f04b0,ScbScene_2,all-callers-agree,2
main,0x00000000000f07f0,NpScene_19,only-caller,1
main,0x00000000000f0a20,NpScene_19,only-caller,1
main,0x00000000000f32f0,PsPool_15,only-caller,1
main,0x00000000000f3bf0,NpScene_19,only-caller,1
main,0x00000000000f6e50,NpPhysics_2,only-caller,1
main,0x00000000000f7320,NpScene_4,only-caller,1
main,0x00000000000f7460,NpScene_4,only-caller,1
main,0x00000000000f75a0,NpScene_4,only-caller,1
main,0x00000000000f7eb0,NpScene_4,only-caller,1
main,0x00000000000f91b0,NpArticulation,only-caller,1
main,0x00000000000fa2d0,NpScene_19,only-caller,1
main,0x00000000000fd5e0,NpScene_33,only-caller,1
main,0x0000000000100260,NpScene_10,only-caller,1
main,0x00000000001003d0,NpScene_13,only-caller,1
main,0x0000000000100920,NpScene_3,only-caller,1
main,0x0000000000100a90,NpScene_3,only-caller,1
main,0x0000000000100c00,NpScene_27,only-caller,1
main,0x0000000000104c20,PsPool_14,only-caller,1
main,0x0000000000105770,NpShape_2,only-caller,1
main,0x0000000000105c60,PxShape_setLocalPose_Shape_is_a_part_of_pruning_structur,only-caller,1
main,0x00000000001061c0,NpShape_3,only-caller,1
main,0x0000000000106c90,ScbScene_2,all-callers-agree,2
main,0x0000000000107b90,NpShape_5,only-caller,1
main,0x0000000000107c30,NpShape_5,only-caller,1
main,0x000000000010a680,NonTrackedAlloc_99,only-caller,1
main,0x000000000010a8c0,NpScene_27,only-caller,1
main,0x000000000010aff0,NpVolumeCache_2,only-caller,1
main,0x000000000010d6d0,NpScene_33,only-caller,1
main,0x00000000001124e0,SnSerializationRegistry,only-caller,1
main,0x0000000000117d00,Geometry_4,only-caller,1
main,0x0000000000117d20,Geometry,only-caller,1
main,0x0000000000117d40,Geometry_3,only-caller,1
main,0x0000000000117d60,Geometry_2,only-caller,1
main,0x0000000000117d80,Geometry_5,only-caller,1
main,0x0000000000117da0,Geometry_6,only-caller,1
main,0x0000000000117dc0,Geometry_7,only-caller,1
main,0x0000000000117ee0,NpShape_5,all-callers-agree,2
main,0x00000000001191d0,NonTrackedAlloc_99,only-caller,1
main,0x000000000013b2b0,NonTrackedAlloc_99,only-caller,1
main,0x000000000013b360,NonTrackedAlloc_99,only-caller,1
main,0x000000000013b900,PtCollision,only-caller,1
main,0x000000000014f130,GuMeshFactory_5,only-caller,1
main,0x000000000014f180,GuMeshFactory_4,only-caller,1
main,0x0000000000151ce0,NonTrackedAlloc_99,unique-callee,1
main,0x0000000000152320,NonTrackedAlloc_99,unique-callee,1
main,0x0000000000152aa0,NonTrackedAlloc_99,unique-callee,1
main,0x00000000001936d0,PxsNphaseImplementationContext,only-caller,1
main,0x0000000000199fa0,NpVolumeCache_5,only-caller,1
main,0x000000000019a2d0,NpVolumeCache_6,only-caller,1
main,0x000000000019a330,NpVolumeCache_4,only-caller,1
main,0x000000000019a380,PsPool_14,unique-callee,1
main,0x000000000019b290,NpPhysicsInsertionCallback,only-caller,1
main,0x000000000019c4f0,NpPhysicsInsertionCallback,only-caller,1
main,0x000000000019c730,GuConvexMesh,only-caller,1
main,0x000000000019cd70,NpPhysics,only-caller,1
main,0x000000000019ce70,NonTrackedAlloc_101,only-caller,1
main,0x000000000019dbb0,GuConvexMesh,only-caller,1
main,0x000000000019e1d0,GuMeshFactory_3,only-caller,1
main,0x000000000019e240,GuMeshFactory_2,only-caller,1
main,0x000000000019f010,NonTrackedAlloc_105,only-caller,1
main,0x000000000019f500,GuMeshFactory,only-caller,1
main,0x000000000019f5c0,GuMeshFactory,only-caller,1
main,0x000000000019f960,GuMeshFactory,only-caller,1
main,0x000000000019fe10,GuMeshFactory,unique-callee,1
main,0x00000000001a0600,NonTrackedAlloc_101,only-caller,1
main,0x00000000001a08f0,GuMeshFactory,only-caller,1
main,0x00000000001a6680,PsPool_22,only-caller,1
main,0x00000000001a8a90,PsPool_22,only-caller,1
main,0x00000000001a8cd0,PsPool_22,unique-callee,1
main,0x00000000001aedd0,NpSceneQueries_sceneQueriesStaticPrunerUpdate,only-caller,1
main,0x00000000001af910,NonTrackedAlloc_101,only-caller,1
main,0x00000000001afa60,NonTrackedAlloc_106,only-caller,1
main,0x00000000001c5670,NpSceneQueries_sceneQueriesStaticPrunerUpdate,only-caller,1
main,0x00000000001d0590,CmCollection_2,only-caller,1
main,0x00000000001d9420,PxcThreadCoherentCache_2,only-caller,1
main,0x00000000001f40f0,NonTrackedAlloc_112,only-caller,1
main,0x00000000001f4470,NonTrackedAlloc_112,only-caller,1
main,0x00000000001f5a60,SnSerializationRegistry_6,only-caller,1
main,0x00000000001f5c40,SnSerializationRegistry,only-caller,1
main,0x00000000001f5c90,SnSerializationRegistry,only-caller,1
main,0x00000000001f5d00,SnSerializationRegistry,only-caller,1
main,0x00000000001f6a90,SnSerializationRegistry_2,only-caller,1
main,0x00000000001f6bf0,SnSerializationRegistry_3,only-caller,1
main,0x00000000001f6ec0,SnSerializationRegistry_4,only-caller,1
main,0x00000000001f7020,SnSerializationRegistry_5,only-caller,1
main,0x00000000001fa660,SnSerializationRegistry,only-caller,1
main,0x00000000001fdbb0,NonTrackedAlloc_118,only-caller,1
main,0x00000000001fdf60,NonTrackedAlloc_118,unique-callee,1
main,0x0000000000200f20,NonTrackedAlloc_119,only-caller,1
main,0x00000000002012d0,NonTrackedAlloc_119,unique-callee,1
main,0x0000000000204450,NonTrackedAlloc_120,only-caller,1
main,0x0000000000204800,NonTrackedAlloc_120,unique-callee,1
main,0x0000000000207aa0,NonTrackedAlloc_121,only-caller,1
main,0x0000000000207e50,NonTrackedAlloc_121,unique-callee,1
main,0x000000000020b060,NonTrackedAlloc_122,only-caller,1
main,0x000000000020b410,NonTrackedAlloc_122,unique-callee,1
main,0x000000000020bf70,NonTrackedAlloc_123,only-caller,1
main,0x000000000020fe00,NonTrackedAlloc_123,unique-callee,1
main,0x0000000000212810,ParticleReadDataFlags,only-caller,1
main,0x0000000000214ba0,ParticleReadDataFlags_3,only-caller,1
main,0x0000000000217420,materialIndices_2,only-caller,1
main,0x00000000002175a0,materialIndices_2,only-caller,1
main,0x00000000002189a0,samples,only-caller,1
main,0x0000000000218bd0,PxHeightField_3,only-caller,1
main,0x000000000021a300,ParticleIndices,only-caller,1
main,0x000000000021b0a0,ParticleIndices_2,only-caller,1
main,0x000000000021b300,bad__repx__name_68,unique-callee,1
main,0x000000000021cbd0,VirtualParticleWeights,only-caller,1
main,0x000000000021d200,VirtualParticleWeights_2,only-caller,1
main,0x000000000021d460,VirtualParticleWeights_2,only-caller,1
main,0x000000000021d6c0,VirtualParticleWeights_2,only-caller,1
main,0x000000000021d920,VirtualParticleWeights_2,only-caller,1
main,0x000000000021dbb0,VirtualParticleWeights_2,only-caller,1
main,0x000000000021e070,VirtualParticleWeights_2,only-caller,1
main,0x000000000021e2d0,VirtualParticleWeights_2,only-caller,1
main,0x000000000021fdf0,SnXmlMemoryPool,only-caller,1
main,0x0000000000220ac0,PxHeightFieldGeometry,only-caller,1
main,0x0000000000222220,bad__repx__name_3,unique-callee,1
main,0x00000000002233a0,bad__repx__name_6,unique-callee,1
main,0x00000000002238d0,bad__repx__name_8,unique-callee,1
main,0x0000000000225e30,bad__repx__name_15,unique-callee,1
main,0x0000000000227320,samples,only-caller,1
main,0x00000000002274b0,samples,only-caller,1
main,0x00000000002280e0,PxHeightField_3,only-caller,1
main,0x00000000002282a0,PxHeightField_3,only-caller,1
main,0x0000000000228450,PxHeightField_3,only-caller,1
main,0x0000000000228600,PxHeightField_3,only-caller,1
main,0x0000000000228af0,PxHeightField_3,only-caller,1
main,0x000000000022b2c0,PxArticulationLink_3,only-caller,1
main,0x000000000022b6b0,PxArticulationLink_3,only-caller,1
main,0x000000000022bac0,PxArticulationLink_3,only-caller,1
main,0x000000000022bc50,PxArticulationLink_3,only-caller,1
main,0x000000000022c340,PxArticulationLink_3,only-caller,1
main,0x000000000022c710,bad__repx__name_52,unique-callee,1
main,0x000000000022d3c0,bad__repx__name_44,only-caller,1
main,0x000000000022d680,bad__repx__name_44,only-caller,1
main,0x000000000022d810,bad__repx__name_44,only-caller,1
main,0x000000000022eed0,Geometry,only-caller,1
main,0x000000000022f150,Geometry_3,only-caller,1
main,0x000000000022f2d0,Geometry_3,only-caller,1
main,0x000000000022f810,Geometry_5,only-caller,1
main,0x000000000022fb00,Geometry_5,only-caller,1
main,0x0000000000230530,Geometry_6,only-caller,1
main,0x0000000000230c40,Geometry_7,only-caller,1
main,0x0000000000230de0,Geometry_7,only-caller,1
main,0x0000000000230f70,Geometry_7,only-caller,1
main,0x0000000000231100,Geometry_7,only-caller,1
main,0x0000000000231f30,PxMaterialRef,only-caller,1
main,0x00000000002324c0,PxArticulationLink_3,only-caller,1
main,0x0000000000232650,PxArticulationLink_3,only-caller,1
main,0x0000000000232a50,PxArticulationLink_3,only-caller,1
main,0x0000000000232be0,PxArticulationLink_3,only-caller,1
main,0x0000000000232d70,PxArticulationLink_3,only-caller,1
main,0x0000000000233710,PxArticulationLink_3,only-caller,1
main,0x00000000002338a0,PxArticulationLink_3,only-caller,1
main,0x0000000000233e20,PxArticulationLink_3,only-caller,1
main,0x0000000000233fa0,PxArticulationLink_3,only-caller,1
main,0x00000000002342e0,PxArticulationLink_3,only-caller,1
main,0x0000000000234470,PxArticulationLink_3,only-caller,1
main,0x0000000000234600,PxArticulationLink_3,only-caller,1
main,0x0000000000234790,PxArticulationLink_3,only-caller,1
main,0x0000000000234920,PxArticulationLink_3,only-caller,1
main,0x0000000000234ab0,PxArticulationLink_3,only-caller,1
main,0x0000000000234c40,PxArticulationLink_3,only-caller,1
main,0x0000000000234dd0,PxArticulationLink_3,only-caller,1
main,0x0000000000235780,PxArticulationLink_3,only-caller,1
main,0x0000000000236040,PxArticulationLink_3,only-caller,1
main,0x0000000000236930,ParticleIndices_2,unique-callee,1
main,0x0000000000237730,VirtualParticleWeights,only-caller,1
main,0x0000000000237b40,VirtualParticleWeights,only-caller,1
main,0x0000000000237cd0,VirtualParticleWeights,only-caller,1
main,0x0000000000238630,bad__repx__name_92,only-caller,1
main,0x00000000002387c0,bad__repx__name_92,only-caller,1
main,0x0000000000238950,bad__repx__name_92,only-caller,1
main,0x0000000000238ae0,bad__repx__name_92,only-caller,1
main,0x0000000000238c70,bad__repx__name_92,only-caller,1
main,0x0000000000238e00,bad__repx__name_92,only-caller,1
main,0x0000000000238fd0,bad__repx__name_92,only-caller,1
main,0x0000000000239160,bad__repx__name_92,only-caller,1
main,0x00000000002392f0,bad__repx__name_92,only-caller,1
main,0x0000000000239480,bad__repx__name_92,only-caller,1
main,0x0000000000239610,bad__repx__name_92,only-caller,1
main,0x00000000002397a0,bad__repx__name_92,only-caller,1
main,0x0000000000239930,bad__repx__name_92,only-caller,1
main,0x0000000000239ac0,bad__repx__name_92,only-caller,1
main,0x000000000023a960,bad__repx__name_92,only-caller,1
main,0x000000000023aae0,bad__repx__name_92,only-caller,1
main,0x000000000023ac70,bad__repx__name_92,only-caller,1
main,0x000000000023b100,bad__repx__name_92,only-caller,1
main,0x000000000023b3d0,bad__repx__name_92,only-caller,1
main,0x000000000023b550,bad__repx__name_92,only-caller,1
main,0x000000000023b6e0,bad__repx__name_92,only-caller,1
main,0x000000000023b870,bad__repx__name_92,only-caller,1
main,0x000000000023be00,bad__repx__name_92,only-caller,1
main,0x000000000023bee0,bad__repx__name_92,only-caller,1
main,0x000000000023c060,bad__repx__name_92,only-caller,1
main,0x000000000023cbf0,VirtualParticleWeights_2,unique-callee,1
main,0x000000000023ceb0,VirtualParticleWeights_2,unique-callee,1
main,0x000000000023d170,VirtualParticleWeights_2,unique-callee,1
main,0x000000000023d430,VirtualParticleWeights_2,unique-callee,1
main,0x000000000023d510,VirtualParticleWeights_2,unique-callee,1
main,0x0000000000243f20,ParticleReadDataFlags,only-caller,1
main,0x0000000000244330,ParticleReadDataFlags,only-caller,1
main,0x00000000002444c0,ParticleReadDataFlags,only-caller,1
main,0x0000000000244bb0,bad__repx__name_149,only-caller,1
main,0x0000000000244d40,bad__repx__name_149,only-caller,1
main,0x0000000000244ed0,bad__repx__name_149,only-caller,1
main,0x0000000000245060,bad__repx__name_149,only-caller,1
main,0x00000000002451f0,bad__repx__name_149,only-caller,1
main,0x0000000000245380,bad__repx__name_149,only-caller,1
main,0x0000000000245510,bad__repx__name_149,only-caller,1
main,0x00000000002456a0,bad__repx__name_149,only-caller,1
main,0x0000000000245830,bad__repx__name_149,only-caller,1
main,0x0000000000248eb0,bad__repx__name_174,unique-callee,1
main,0x0000000000249600,ParticleReadDataFlags_3,only-caller,1
main,0x0000000000249a10,ParticleReadDataFlags_3,only-caller,1
main,0x0000000000249ba0,ParticleReadDataFlags_3,only-caller,1
main,0x000000000024a290,bad__repx__name_175,only-caller,1
main,0x000000000024a420,bad__repx__name_175,only-caller,1
main,0x000000000024a5b0,bad__repx__name_175,only-caller,1
main,0x000000000024a740,bad__repx__name_175,only-caller,1
main,0x000000000024a8d0,bad__repx__name_175,only-caller,1
main,0x000000000024aa60,bad__repx__name_175,only-caller,1
main,0x000000000024abf0,bad__repx__name_175,only-caller,1
main,0x000000000024ad80,bad__repx__name_175,only-caller,1
main,0x000000000024af10,bad__repx__name_175,only-caller,1
main,0x000000000024bc30,ParticleReadDataFlags_3,only-caller,1
main,0x000000000024bdc0,ParticleReadDataFlags_3,only-caller,1
main,0x000000000024bf50,ParticleReadDataFlags_3,only-caller,1
main,0x0000000000254b30,PxHeightFieldGeometry_3,only-caller,1
main,0x000000000025c010,PxHeightFieldGeometry_4,only-caller,1
main,0x0000000000261810,Parent,only-caller,1
main,0x0000000000261a00,Parent,only-caller,1
main,0x0000000000261cf0,Parent,only-caller,1
main,0x0000000000262310,Parent,only-caller,1
main,0x00000000002626f0,Parent,only-caller,1
main,0x0000000000263a80,PxHeightFieldGeometry_5,only-caller,1
main,0x00000000002642a0,Parent,only-caller,1
main,0x00000000002644a0,Parent,only-caller,1
main,0x0000000000264650,Parent,only-caller,1
main,0x0000000000264810,Parent,only-caller,1
main,0x00000000002649d0,Parent,only-caller,1
main,0x0000000000264b90,Parent,only-caller,1
main,0x0000000000264d50,Parent,only-caller,1
main,0x0000000000264f00,Parent,only-caller,1
main,0x00000000002650b0,Parent,only-caller,1
main,0x00000000002658e0,Parent,only-caller,1
main,0x0000000000265bb0,Parent,only-caller,1
main,0x0000000000265cf0,Parent,only-caller,1
main,0x0000000000265ee0,Parent,only-caller,1
main,0x00000000002660e0,Parent,only-caller,1
main,0x00000000002662a0,Parent,only-caller,1
main,0x0000000000266460,Parent,only-caller,1
main,0x0000000000266620,Parent,only-caller,1
main,0x00000000002667d0,Parent,only-caller,1
main,0x0000000000266980,Parent,only-caller,1
main,0x0000000000266b30,Parent,only-caller,1
main,0x0000000000266ce0,Parent,only-caller,1
main,0x0000000000266e90,Parent,only-caller,1
main,0x0000000000267040,Parent,only-caller,1
main,0x0000000000267630,Parent,only-caller,1
main,0x0000000000267e50,Parent,only-caller,1
main,0x0000000000268340,Parent,only-caller,1
main,0x0000000000295f50,NpPhysics_3,only-caller,1
main,0x0000000000297480,SqAABBTree,only-caller,1
main,0x0000000000298de0,NonTrackedAlloc_132,only-caller,1
main,0x000000000029a5e0,NpScene_25,only-caller,1
main,0x000000000029add0,NpScene_34,only-caller,1
main,0x000000000029ae10,NpScene_33,only-caller,1
main,0x000000000029afe0,SqSceneQueryManager,only-caller,1
main,0x000000000029eb20,SqSceneQueryManager,all-callers-agree,2
main,0x000000000029f120,NonTrackedAlloc_137,unique-callee,1
main,0x00000000002a11a0,NonTrackedAlloc_137,only-caller,1
main,0x00000000002a14a0,NonTrackedAlloc_137,only-caller,1
main,0x00000000002a58d0,SqSceneQueryManager,only-caller,1
main,0x00000000002a9760,NpParticleFluidReadData_2,only-caller,1
main,0x00000000002a98e0,ScParticleSystemSim,only-caller,1
main,0x00000000002a9900,ScScene_9,only-caller,1
main,0x00000000002a9940,ScNPhaseCore,only-caller,1
main,0x00000000002a9980,NpParticleFluidReadData_2,only-caller,1
main,0x00000000002a99a0,NpParticleFluidReadData_2,only-caller,1
main,0x00000000002a99c0,NpParticleFluidReadData_2,only-caller,1
main,0x00000000002a99e0,NpParticleFluidReadData_2,only-caller,1
main,0x00000000002a9a00,NpParticleFluidReadData_2,only-caller,1
main,0x00000000002a9a20,NpParticleFluidReadData_2,only-caller,1
main,0x00000000002a9a40,NpParticleFluidReadData_2,only-caller,1
main,0x00000000002a9a60,NpParticleFluidReadData_2,only-caller,1
main,0x00000000002a9a80,NpParticleFluidReadData_2,only-caller,1
main,0x00000000002a9b50,ScParticleSystemSim,only-caller,1
main,0x00000000002a9b80,ScbParticleSystem_7,only-caller,1
main,0x00000000002a9cd0,ScbParticleSystem,only-caller,1
main,0x00000000002a9d10,ScbParticleSystem_2,only-caller,1
main,0x00000000002a9d60,ScbParticleSystem_3,only-caller,1
main,0x00000000002a9da0,ScbParticleSystem_4,only-caller,1
main,0x00000000002a9e00,ScbParticleSystem_5,only-caller,1
main,0x00000000002a9e60,ScbParticleSystem_6,only-caller,1
main,0x00000000002a9ec0,NpParticleFluidReadData,only-caller,1
main,0x00000000002a9f20,UNDEFINED,only-caller,1
main,0x00000000002aa790,UNDEFINED,only-caller,1
main,0x00000000002aa7b0,ScbParticleSystem,unique-callee,1
main,0x00000000002ad7c0,NonTrackedAlloc_143,only-caller,1
main,0x00000000002adc70,PsPool_17,only-caller,1
main,0x00000000002ade10,PsPool_22,only-caller,1
main,0x00000000002adf50,PsPool_27,only-caller,1
main,0x00000000002ae2d0,PsPool_5,unique-callee,1
main,0x00000000002ae680,ScbCloth_34,only-caller,1
main,0x00000000002b0270,ScbCloth_37,only-caller,1
main,0x00000000002b0d00,ScbCloth_5,only-caller,1
main,0x00000000002b12c0,ScbCloth_43,only-caller,1
main,0x00000000002b12d0,ScbCloth_36,only-caller,1
main,0x00000000002b1320,ScbCloth_46,only-caller,1
main,0x00000000002b1360,ScbCloth_50,only-caller,1
main,0x00000000002b1380,ScbCloth_52,only-caller,1
main,0x00000000002b1590,ScbCloth_70,only-caller,1
main,0x00000000002b1630,ScbCloth_71,only-caller,1
main,0x00000000002b1720,ScbCloth_75,only-caller,1
main,0x00000000002b17d0,NpCloth,only-caller,1
main,0x00000000002b1a50,ScScene_9,only-caller,1
main,0x00000000002b3420,ScClothFabricCore_2,only-caller,1
main,0x00000000002b3500,NonTrackedAlloc_145,only-caller,1
main,0x00000000002b3dd0,ScScene_8,only-caller,1
main,0x00000000002b6810,PsPool_22,only-caller,1
main,0x00000000002b7da0,PsPool_22,only-caller,1
main,0x00000000002b80e0,PsPool_22,only-caller,1
main,0x00000000002b9d20,ScScene_8,only-caller,1
main,0x00000000002ba5e0,ScParticleSystemSim,only-caller,1
main,0x00000000002ba800,PsPool_7,only-caller,1
main,0x00000000002ba880,PsPool_7,only-caller,1
main,0x00000000002baa30,NpScene_12,only-caller,1
main,0x00000000002baa50,PsPool_9,unique-callee,1
main,0x00000000002bac50,ScbScene_2,only-caller,1
main,0x00000000002bac80,ScbScene_2,only-caller,1
main,0x00000000002bacb0,ScbScene_2,only-caller,1
main,0x00000000002bacc0,ScbScene_2,only-caller,1
main,0x00000000002bacd0,ScbScene_2,only-caller,1
main,0x00000000002bace0,ScbScene_2,only-caller,1
main,0x00000000002bacf0,ScbScene_2,only-caller,1
main,0x00000000002bad40,ScbScene_2,only-caller,1
main,0x00000000002bad50,ScbScene_2,only-caller,1
main,0x00000000002bad60,ScbScene_2,only-caller,1
main,0x00000000002bad70,ScbScene_2,only-caller,1
main,0x00000000002bada0,ScbScene_2,only-caller,1
main,0x00000000002badf0,ScbScene_2,only-caller,1
main,0x00000000002bae00,ScbScene_2,only-caller,1
main,0x00000000002bc220,CmBitMap_7,only-caller,1
main,0x00000000002bc270,CmBitMap_7,only-caller,1
main,0x00000000002bd7f0,NpScene_7,unique-callee,1
main,0x00000000002be060,ScbScene_2,only-caller,1
main,0x00000000002be190,ScbScene_2,only-caller,1
main,0x00000000002be210,ScbScene_2,only-caller,1
main,0x00000000002be290,ScbScene_2,only-caller,1
main,0x00000000002be690,ScbScene_2,only-caller,1
main,0x00000000002be750,ScbScene_2,only-caller,1
main,0x00000000002be780,ScbScene_2,only-caller,1
main,0x00000000002be7b0,ScbScene_2,only-caller,1
main,0x00000000002be970,NpScene_33,only-caller,1
main,0x00000000002bea30,ScbScene_2,only-caller,1
main,0x00000000002bf200,ScBodyCore,only-caller,1
main,0x00000000002bf400,CmBitMap_8,only-caller,1
main,0x00000000002bfbd0,CmBitMap_8,only-caller,1
main,0x00000000002c0270,CmBitMap_7,only-caller,1
main,0x00000000002c0290,CmBitMap_7,only-caller,1
main,0x00000000002c1380,PxConstraint_Add_to_rigid_actor_1_Constraint_already_add_2,only-caller,1
main,0x00000000002c1440,ScbScene_2,only-caller,1
main,0x00000000002c1470,NpScene_19,unique-callee,1
main,0x00000000002c1490,ScbScene_2,only-caller,1
main,0x00000000002c14d0,ScbScene_2,only-caller,1
main,0x00000000002c16f0,NonTrackedAlloc_151,all-callers-agree,2
main,0x00000000002c1720,PxcThreadCoherentCache_8,only-caller,1
main,0x00000000002c1730,NonTrackedAlloc_159,only-caller,1
main,0x00000000002c1850,NonTrackedAlloc_159,only-caller,1
main,0x00000000002c2590,NonTrackedAlloc_159,only-caller,1
main,0x00000000002c2770,NonTrackedAlloc_159,only-caller,1
main,0x00000000002c4250,NonTrackedAlloc_151,only-caller,1
main,0x00000000002c5050,PsPool_20,only-caller,1
main,0x00000000002c5380,NonTrackedAlloc_151,all-callers-agree,2
main,0x00000000002c5fb0,NpScene_19,unique-callee,1
main,0x00000000002c6df0,PsPool_12,only-caller,1
main,0x00000000002cd120,PsPool_22,only-caller,1
main,0x00000000002cd240,CmBitMap_5,only-caller,1
main,0x00000000002ceb70,PsPool_26,only-caller,1
main,0x00000000002cf760,PsPool_31,only-caller,1
main,0x00000000002d60e0,ScNPhaseCore_2,only-caller,1
main,0x00000000002d7be0,PsPool_28,only-caller,1
main,0x00000000002d90a0,PsPool_26,only-caller,1
main,0x00000000002d90d0,PsPool_27,only-caller,1
main,0x00000000002d9480,PsMutex_5,only-caller,1
main,0x00000000002dc3d0,ScbScene_2,only-caller,1
main,0x00000000002ddfb0,NpScene_21,only-caller,1
main,0x00000000002ddfc0,NpScene_21,only-caller,1
main,0x00000000002ddfd0,NpScene_21,only-caller,1
main,0x00000000002de770,ScbScene_2,only-caller,1
main,0x00000000002df8d0,NpScene_21,only-caller,1
main,0x00000000002e0af0,CmBitMap_5,only-caller,1
main,0x00000000002e3a50,ScScene_postCCDPass,only-caller,1
main,0x00000000002e64d0,NpScene_7,only-caller,1
main,0x00000000002e7310,NpScene_21,only-caller,1
main,0x00000000002e7540,NpScene_19,only-caller,1
main,0x00000000002e7ac0,ScbScene_2,all-callers-agree,2
main,0x00000000002e7bb0,NpScene_7,only-caller,1
main,0x00000000002e7cb0,NpScene_7,only-caller,1
main,0x00000000002e7fd0,ScbScene_2,all-callers-agree,2
main,0x00000000002e8560,NpScene_4,only-caller,1
main,0x00000000002e8820,NpScene_4,all-callers-agree,2
main,0x00000000002e8ac0,NpScene_4,only-caller,1
main,0x00000000002e8cb0,NpScene_4,only-caller,1
main,0x00000000002e8f50,NpScene_4,only-caller,1
main,0x00000000002e91e0,ScbScene_2,only-caller,1
main,0x00000000002e9320,ScbScene_2,only-caller,1
main,0x00000000002e98b0,ScNPhaseCore_2,only-caller,1
main,0x00000000002ea260,ScbScene_2,only-caller,1
main,0x00000000002ea270,ScbScene_2,only-caller,1
main,0x00000000002ea280,ScbScene_2,only-caller,1
main,0x00000000002ea290,ScbScene_2,only-caller,1
main,0x00000000002ebb90,NpScene_19,only-caller,1
main,0x00000000002ebbb0,NpScene_19,only-caller,1
main,0x00000000002ebbd0,NpScene_19,only-caller,1
main,0x00000000002f3190,NonTrackedAlloc_162,only-caller,1
main,0x00000000002f3350,NonTrackedAlloc_162,only-caller,1
main,0x00000000002f34e0,NonTrackedAlloc_162,only-caller,1
main,0x00000000002f3880,NonTrackedAlloc_162,only-caller,1
main,0x00000000002f3a20,NonTrackedAlloc_162,only-caller,1
main,0x00000000002f3e30,PsPool_30,only-caller,1
main,0x00000000002f4100,ScScene,only-caller,1
main,0x00000000002f7850,ScScene_7,only-caller,1
main,0x00000000002f7b20,ScScene_8,only-caller,1
main,0x00000000002f8510,ScScene_2,only-caller,1
main,0x00000000002f8770,PsPool_14,only-caller,1
main,0x00000000002f8990,PsPool_14,only-caller,1
main,0x00000000002f8fa0,PsPool_24,only-caller,1
main,0x00000000002fc4a0,CmBitMap_8,unique-callee,1
main,0x00000000002fdbb0,NonTrackedAlloc_159,only-caller,1
main,0x00000000002fe470,NonTrackedAlloc_159,only-caller,1
main,0x00000000002fef10,NpScene_7,unique-callee,1
main,0x00000000002ff030,PsPool_25,only-caller,1
main,0x00000000002ff360,NpBatchQuery_2,only-caller,1
main,0x00000000002ff750,NpScene_31,only-caller,1
main,0x00000000002ffc60,PsThread,only-caller,1
main,0x00000000002ffc70,NpScene_31,unique-callee,1
main,0x00000000002ffc80,PsThread,only-caller,1
main,0x00000000002ffcb0,NonTrackedAlloc_112,only-caller,1
main,0x00000000002ffe20,NonTrackedAlloc_112,only-caller,1
main,0x00000000002ffee0,warning,only-caller,1
main,0x00000000002fff00,NonTrackedAlloc_112,only-caller,1
main,0x00000000002fff80,NonTrackedAlloc_112,only-caller,1
main,0x00000000002fffa0,PsSync,only-caller,1
main,0x00000000003007d0,NpArticulationLink,unique-callee,1
main,0x0000000000300c80,NonTrackedAlloc_5,unique-callee,1
main,0x0000000000300cb0,HeightField,unique-callee,1
main,0x0000000000301860,PxcThreadCoherentCache_2,all-callers-agree,2
main,0x0000000000301990,bad__repx__name_23,unique-callee,1
main,0x0000000000301a70,bad__repx__name_27,unique-callee,1
main,0x00000000003045e0,an_older,unique-callee,1
main,0x00000000003046a0,an_older,all-callers-agree,2
main,0x0000000000304740,an_older,all-callers-agree,2
main,0x00000000003049b0,an_older,all-callers-agree,2
main,0x0000000000330bd0,an_older,only-caller,1
main,0x0000000000330cd0,an_older,only-caller,1
main,0x0000000000330d20,an_older,only-caller,1
main,0x0000000000332a80,an_older,only-caller,1
main,0x0000000000333890,an_older,only-caller,1
main,0x00000000003352c0,an_older,all-callers-agree,2
main,0x000000000033cd60,an_older,only-caller,1
main,0x000000000033d920,an_older,only-caller,1
main,0x000000000033e510,an_older,only-caller,1
main,0x0000000000344820,an_older,only-caller,1
main,0x0000000000344d50,an_older,only-caller,1
main,0x0000000000344ea0,an_older,only-caller,1
main,0x00000000003451b0,an_older,only-caller,1
main,0x00000000003452c0,an_older,only-caller,1
main,0x0000000000345750,an_older,only-caller,1
main,0x00000000003459e0,an_older,only-caller,1
main,0x0000000000346000,an_older,only-caller,1
main,0x0000000000346320,an_older,only-caller,1
main,0x00000000003470b0,an_older,only-caller,1
main,0x0000000000347230,an_older,only-caller,1
main,0x00000000003473b0,an_older,only-caller,1
main,0x0000000000347550,an_older,only-caller,1
main,0x00000000003476d0,an_older,only-caller,1
main,0x0000000000347840,an_older,only-caller,1
main,0x00000000003479b0,an_older,only-caller,1
main,0x0000000000347b20,an_older,only-caller,1
main,0x0000000000347c90,an_older,only-caller,1
main,0x0000000000347f00,an_older,only-caller,1
main,0x0000000000348080,an_older,only-caller,1
main,0x00000000003481f0,an_older,only-caller,1
main,0x0000000000348370,an_older,only-caller,1
main,0x00000000003484f0,an_older,only-caller,1
main,0x0000000000348660,an_older,only-caller,1
main,0x00000000003487d0,an_older,only-caller,1
main,0x0000000000348940,an_older,only-caller,1
main,0x0000000000348ab0,an_older,only-caller,1
main,0x0000000000349bf0,an_older,only-caller,1
main,0x0000000000349f00,an_older,only-caller,1
main,0x000000000034a2b0,an_older,all-callers-agree,2
main,0x000000000034b010,an_older,only-caller,1
main,0x000000000034b140,an_older,only-caller,1
main,0x000000000034c610,an_older,only-caller,1
main,0x000000000034c780,an_older,only-caller,1
main,0x000000000034d7e0,an_older,only-caller,1
main,0x000000000034dcf0,an_older,only-caller,1
main,0x000000000034e050,an_older,only-caller,1
main,0x000000000034e250,an_older,all-callers-agree,3
main,0x000000000034e350,an_older,all-callers-agree,3
main,0x000000000034e550,an_older,all-callers-agree,3
main,0x0000000000351f10,an_older,only-caller,1
main,0x000000000035c210,an_older,only-caller,1
main,0x000000000035c490,an_older,only-caller,1
main,0x000000000035f3b0,an_older,only-caller,1
main,0x000000000035f5d0,an_older,only-caller,1
main,0x000000000035f690,an_older,only-caller,1
main,0x000000000035f870,an_older,only-caller,1
main,0x000000000035ff30,an_older,all-callers-agree,3
main,0x0000000000360c20,an_older,only-caller,1
main,0x0000000000360ec0,an_older,only-caller,1
main,0x0000000000363980,an_older,only-caller,1
main,0x0000000000363ef0,an_older,only-caller,1
main,0x000000000036a820,an_older,all-callers-agree,2
main,0x0000000000391040,an_older,only-caller,1
main,0x0000000000391800,an_older,only-caller,1
main,0x000000000039d770,an_older,unique-callee,1
main,0x000000000039e9e0,an_older,only-caller,1
main,0x000000000039ea10,an_older,only-caller,1
main,0x000000000039ec00,an_older,only-caller,1
main,0x000000000039ed50,an_older,only-caller,1
main,0x00000000003a6ea0,an_older,only-caller,1
main,0x00000000003b1950,an_older,only-caller,1
main,0x00000000003b1a50,an_older,only-caller,1
main,0x00000000003b43b0,an_older,only-caller,1
main,0x00000000003b46d0,an_older,only-caller,1
main,0x00000000003b4800,an_older,only-caller,1
main,0x00000000003b7ed0,an_older,only-caller,1
main,0x00000000003b89e0,an_older,only-caller,1
main,0x00000000003bbb10,an_older,only-caller,1
main,0x00000000003c1c60,an_older,unique-callee,1
main,0x00000000003c1f50,an_older,only-caller,1
main,0x00000000003ecce0,Outdoors,only-caller,1
main,0x00000000003f83b0,unnamed_6,unique-callee,1
main,0x000000000040f610,GPUDepthOfField_cpp_d_PPFX_ERROR_2,only-caller,1
main,0x000000000040f9b0,GPUPostEffect_cpp_d_PPFX_WARNING_14,only-caller,1
main,0x000000000040fd00,GPUPostEffect_cpp_d_PPFX_WARNING_14,only-caller,1
main,0x000000000040fde0,GPUPostEffect_cpp_d_PPFX_WARNING_14,only-caller,1
main,0x0000000000410300,GPUTextureUtil_cpp_d_PPFX_WARNING,only-caller,1
main,0x0000000000410380,GPUTextureUtil_cpp_d_PPFX_WARNING,only-caller,1
main,0x0000000000410450,GPUTextureUtil_cpp_d_PPFX_3,only-caller,1
main,0x00000000004114f0,GPUTextureUtil_cpp_d_PPFX_3,unique-callee,1
main,0x00000000004116f0,GPUTextureUtil_cpp_d_PPFX_3,only-caller,1
main,0x00000000004122b0,GPUDepthOfField_cpp_d_PPFX_WARNING,only-caller,1
main,0x0000000000412940,GPUDepthOfField_cpp_d_PPFX_WARNING,only-caller,1
main,0x0000000000412cd0,GPUClassUtil_31,unique-callee,1
main,0x00000000004134d0,GPUPostEffect_cpp_d_PPFX_ERROR_12,only-caller,1
main,0x0000000000413860,GPUPostEffect_cpp_d_PPFX_ERROR_12,only-caller,1
main,0x0000000000417a30,GPUPostEffect_cpp_d_PPFX_FN,unique-callee,1
main,0x0000000000418b70,FeatureId_YEBIS_SISDK3_NX_BeginYear_0_BeginMonth_0_Begin,only-caller,1
main,0x0000000000418e30,GPUPostEffect_cpp_d_PPFX_WARNING_15,only-caller,1
main,0x0000000000418e40,GPUPostEffect_cpp_d_PPFX_WARNING_15,only-caller,1
main,0x0000000000418e50,GPUPostEffect_cpp_d_PPFX_WARNING_15,only-caller,1
main,0x00000000004190e0,YEBIS_PROMOTION2016MAY,only-caller,1
main,0x00000000004190f0,f_2f_MB,only-caller,1
main,0x000000000041af70,f_2f_MB,only-caller,1
main,0x0000000000423480,GPUPostEffect_cpp_d_PPFX_2,only-caller,1
main,0x00000000004255b0,GPUPostEffect_cpp_d_PPFX_2,only-caller,1
main,0x00000000004280e0,GPUPostEffect_cpp_d_PPFX_WARNING_14,only-caller,1
main,0x00000000004291c0,GPUPostEffect_cpp_d_PPFX_ERROR_7,only-caller,1
main,0x0000000000429460,GPUPostEffect_cpp_d_PPFX_ERROR_7,only-caller,1
main,0x0000000000429da0,f_2f_MB,only-caller,1
main,0x0000000000429e60,f_2f_MB,only-caller,1
main,0x0000000000429e80,f_2f_MB,only-caller,1
main,0x0000000000429ed0,f_2f_MB,only-caller,1
main,0x000000000042a0f0,GPUPostEffect_cpp_d_PPFX_WARNING_11,only-caller,1
main,0x000000000042cba0,GPUPostEffect_cpp_d_PPFX_WARNING_14,only-caller,1
main,0x000000000042f320,GPUPostEffect_cpp_d_PPFX_ERROR_11,only-caller,1
main,0x0000000000430250,GPUPostEffect_cpp_d_PPFX_ERROR_11,unique-callee,1
main,0x00000000004306b0,GPUPostEffect_cpp_d_PPFX_ERROR_11,only-caller,1
main,0x0000000000433270,GPUPostEffect_cpp_d_PPFX_WARNING_14,only-caller,1
main,0x0000000000433d00,GPUPostEffect_cpp_d_PPFX_WARNING_14,only-caller,1
main,0x0000000000438510,GPUPostEffect_cpp_d_PPFX_ERROR_13,only-caller,1
main,0x000000000043b580,f_2f_MB,only-caller,1
main,0x000000000043b9b0,f_2f_MB,only-caller,1
main,0x000000000043b9c0,f_2f_MB,only-caller,1
main,0x000000000043dc00,GPUPostEffect_cpp_d_PPFX_ERROR_6,only-caller,1
main,0x000000000043dc70,GPUPostEffect_cpp_d_PPFX_ERROR_6,only-caller,1
main,0x000000000043dd00,GPUInterfaceDevice_cpp_d_PPFX_ERROR_6,only-caller,1
main,0x000000000043e410,GPUInterfaceDevice_cpp_d_PPFX,only-caller,1
main,0x000000000043e640,GPUInterfaceDevice,only-caller,1
main,0x000000000043f670,GPUInterfaceDevice_cpp_d_PPFX_2,only-caller,1
main,0x000000000043fac0,GPUInterfaceDevice_cpp_d_PPFX_2,only-caller,1
main,0x000000000043fc90,GPUPostEffect_cpp_d_PPFX_ERROR_12,all-callers-agree,2
main,0x000000000043fca0,GPUInterfaceEffect_cpp_d_PPFX_ERROR,only-caller,1
main,0x000000000043fcc0,GPUInterfaceEffect_cpp_d_PPFX_ERROR,only-caller,1
main,0x000000000043fce0,GPUInterfaceEffect_cpp_d_PPFX_ERROR,only-caller,1
main,0x000000000043fd00,GPUInterfaceEffect_cpp_d_PPFX_ERROR,only-caller,1
main,0x000000000043fd20,GPUInterfaceEffect_cpp_d_PPFX_ERROR,only-caller,1
main,0x0000000000440c80,GPUClassUtil_11,only-caller,1
main,0x0000000000440cb0,GPUClassUtil_25,only-caller,1
main,0x00000000004431c0,GPUInterfaceDevice,only-caller,1
main,0x0000000000443a60,GPUInterfaceSurface_cpp_d_PPFX_ERROR,only-caller,1
main,0x0000000000445af0,GPUInterfaceDevice_cpp_d_PPFX_10,only-caller,1
main,0x0000000000445dc0,GPUInterfaceDevice_cpp_d_PPFX_ERROR_6,unique-callee,1
main,0x0000000000445f80,GPUInterfaceTexture_cpp_d_PPFX_WARNING_3,unique-callee,1
main,0x0000000000446620,GPUClassUtil_33,unique-callee,1
main,0x0000000000446aa0,GPUTextureUtil_cpp_d_PPFX_3,only-caller,1
main,0x0000000000446e60,GPUMemoryAllocator_2,only-caller,1
main,0x0000000000447030,GPUInterfaceBuffer_cpp_d_PPFX_ERROR_6,only-caller,1
main,0x0000000000447790,float4x4,only-caller,1
main,0x00000000004483b0,GPUInterfaceTexture_cpp_d_PPFX_WARNING_3,only-caller,1
main,0x00000000004486a0,GPUInterfaceDevice_cpp_d_PPFX_4,only-caller,1
main,0x000000000044ad90,TinyEffect_2,only-caller,1
main,0x000000000044def0,GPUPostEffect_3,only-caller,1
main,0x000000000044f450,GPUInterfaceEffect_cpp_d_PPFX_ERROR,only-caller,1
main,0x000000000044fa70,GPUInterfaceEffect_cpp_d_PPFX_ERROR,only-caller,1
main,0x000000000044fa90,GPUInterfaceEffect_cpp_d_PPFX_ERROR,only-caller,1
main,0x000000000044fab0,GPUInterfaceEffect_cpp_d_PPFX_ERROR,only-caller,1
main,0x000000000044fad0,GPUInterfaceEffect_cpp_d_PPFX_ERROR,only-caller,1
main,0x000000000044fae0,GPUInterfaceEffect_cpp_d_PPFX_ERROR,only-caller,1
main,0x000000000044faf0,GPUInterfaceEffect_cpp_d_PPFX_ERROR,only-caller,1
main,0x000000000044fb00,GPUInterfaceEffect_cpp_d_PPFX_ERROR,only-caller,1
main,0x000000000044fb10,GPUInterfaceEffect_cpp_d_PPFX_ERROR,only-caller,1
main,0x000000000044fb20,GPUInterfaceEffect_cpp_d_PPFX_ERROR,only-caller,1
main,0x00000000004512d0,YEBIS_PROMOTION2016MAY,unique-callee,1
main,0x0000000000451dc0,glsl_mrg,only-caller,1
main,0x0000000000451f00,delimiters,only-caller,1
main,0x00000000004522d0,glsl_mrg,only-caller,1
main,0x0000000000452340,glsl_mrg,only-caller,1
main,0x0000000000452400,tech_MotionBlurMakeCameraVelocity_RGBA8,only-caller,1
main,0x0000000000452740,GPUPostEffect_cpp_d_PPFX_2,only-caller,1
main,0x00000000004527b0,ppfxLicense_4,only-caller,1
main,0x0000000000452b30,glsl_mrg,only-caller,1
main,0x0000000000452c00,glsl_mrg,only-caller,1
main,0x0000000000452f00,GPURenderGlare_cpp_d_PPFX_ERROR,only-caller,1
main,0x0000000000453440,GPUPostEffect_cpp_d_PPFX_WARNING_14,only-caller,1
main,0x00000000004534a0,GPUPostEffect_cpp_d_PPFX_2,only-caller,1
main,0x00000000004534d0,GPUPostEffect_cpp_d_PPFX_ERROR_7,only-caller,1
main,0x00000000004534e0,GPUPostEffect_cpp_d_PPFX_ERROR_7,only-caller,1
main,0x00000000004534f0,GPUPostEffect_cpp_d_PPFX_WARNING_11,only-caller,1
main,0x00000000004552e0,GPUPostEffect_cpp_d_PPFX_ERROR_7,only-caller,1
main,0x0000000000455350,GPUPostEffect_cpp_d_PPFX_ERROR_7,only-caller,1
main,0x00000000004553a0,GPUPostEffect_cpp_d_PPFX_ERROR_7,only-caller,1
main,0x00000000004553c0,GPUPostEffect_cpp_d_PPFX_WARNING_14,only-caller,1
main,0x00000000004553e0,GPUPostEffect_cpp_d_PPFX_WARNING_14,only-caller,1
main,0x0000000000455400,GPUPostEffect_cpp_d_PPFX_WARNING_14,only-caller,1
main,0x0000000000455420,GPUPostEffect_cpp_d_PPFX_WARNING_14,only-caller,1
main,0x0000000000455440,GPUPostEffect_cpp_d_PPFX_WARNING_14,only-caller,1
main,0x0000000000455460,GPUPostEffect_cpp_d_PPFX_WARNING_14,only-caller,1
main,0x0000000000455480,GPUPostEffect_cpp_d_PPFX_WARNING_14,only-caller,1
main,0x00000000004554a0,GPUPostEffect_cpp_d_PPFX_WARNING_14,only-caller,1
main,0x00000000004554c0,GPUPostEffect_cpp_d_PPFX_WARNING_11,only-caller,1
main,0x00000000004554f0,GPUPostEffect_cpp_d_PPFX_WARNING_11,only-caller,1
main,0x0000000000455510,GPUPostEffect_cpp_d_PPFX_2,only-caller,1
main,0x0000000000455530,GPUPostEffect_cpp_d_PPFX_2,only-caller,1
main,0x0000000000455560,GPUPostEffect_cpp_d_PPFX_WARNING_14,only-caller,1
main,0x0000000000458580,GPUClassUtil_18,only-caller,1
main,0x000000000045d350,GPUPostEffect_cpp_d_PPFX_WARNING_11,only-caller,1
main,0x000000000045e8a0,GPUPostEffect_cpp_d_PPFX_ERROR_7,only-caller,1
main,0x000000000045e900,GPUPostEffect_cpp_d_PPFX_ERROR_7,only-caller,1
main,0x000000000045e920,GPUPostEffect_cpp_d_PPFX_ERROR_7,only-caller,1
main,0x000000000045e930,GPUPostEffect_cpp_d_PPFX_ERROR_7,only-caller,1
main,0x000000000045e940,GPUPostEffect_cpp_d_PPFX_ERROR_7,only-caller,1
main,0x000000000045e980,GPUPostEffect_cpp_d_PPFX_2,only-caller,1
main,0x000000000045ed80,GPUClassUtil_22,only-caller,1
main,0x000000000045ee20,GPUPostEffect_cpp_d_PPFX_WARNING_14,only-caller,1
main,0x000000000045fe90,miniz_2,only-caller,1
main,0x0000000000460330,miniz_2,unique-callee,1
main,0x0000000000461e00,GPURenderGlare_cpp_d_PPFX_ERROR_3,only-caller,1
main,0x0000000000461f20,GPUDepthOfField_cpp_d_PPFX_ERROR_2,only-caller,1
main,0x0000000000462c30,GPUClassUtil_5,unique-callee,1
main,0x0000000000463220,tech_MotionBlurMakeCameraVelocity_RGBA8,only-caller,1
main,0x0000000000463d90,tech_MotionBlurMakeCameraVelocity_RGBA8,only-caller,1
main,0x000000000046cfe0,GPUClassUtil_33,only-caller,1
main,0x000000000046d0c0,GetHandle_tex2D_aTexture_3,only-caller,1
main,0x000000000046d4b0,GPUPostEffect_cpp_d_PPFX_ERROR_8,only-caller,1
main,0x000000000046d5e0,GPURenderGlare_cpp_d_PPFX_WARNING,only-caller,1
main,0x000000000046e350,GPUPostEffect_cpp_d_PPFX_2,only-caller,1
main,0x000000000046ec80,GPUClassUtil_7,only-caller,1
main,0x0000000000470860,GPUPostEffect_cpp_d_PPFX_ERROR_7,only-caller,1
main,0x0000000000470880,GPUPostEffect_cpp_d_PPFX_WARNING_11,only-caller,1
main,0x00000000004708a0,GPUPostEffect_cpp_d_PPFX_2,only-caller,1
main,0x0000000000471960,GPURenderGlare_cpp_d_PPFX_WARNING,unique-callee,1
main,0x0000000000471c50,GetHandle_tex2D_aTexture_2,unique-callee,1
main,0x0000000000471f60,GetHandle_tex2D_aTexture_3,unique-callee,1
main,0x0000000000472250,GPUClassUtil_9,unique-callee,1
main,0x0000000000472590,GPUPostEffect_cpp_d_PPFX_ERROR_13,unique-callee,1
main,0x0000000000472cd0,GPUPostEffect_cpp_d_PPFX_ERROR_8,only-caller,1
main,0x00000000004732b0,GPUPostEffect_cpp_d_PPFX_WARNING_14,only-caller,1
main,0x0000000000473410,GPUClassUtil_24,unique-callee,1
main,0x00000000004738d0,GPUClassUtil_33,only-caller,1
main,0x0000000000473d90,GPUClassUtil_37,only-caller,1
main,0x0000000000473fd0,GPUClassUtil_8,only-caller,1
main,0x0000000000474570,GPUClassUtil_8,only-caller,1
main,0x0000000000474ae0,GPUClassUtil_8,only-caller,1
main,0x0000000000474d00,GPUClassUtil_8,only-caller,1
main,0x0000000000474e70,GPUClassUtil_8,only-caller,1
main,0x0000000000475150,GPUDepthOfField_cpp_d_PPFX_WARNING,only-caller,1
main,0x0000000000475320,GPUPostEffect_cpp_d_PPFX_WARNING_14,only-caller,1
main,0x00000000004772f0,GPURenderGlare_cpp_d_PPFX_WARNING,only-caller,1
main,0x0000000000477350,GPURenderGlare_cpp_d_PPFX_WARNING,only-caller,1
main,0x00000000004773e0,GPUPostEffect_cpp_d_PPFX_WARNING_14,only-caller,1
main,0x00000000004780c0,GPUClassUtil_13,only-caller,1
main,0x00000000004783a0,GPUClassUtil_24,only-caller,1
main,0x00000000004797a0,GPUClassUtil_11,only-caller,1
main,0x0000000000479c30,GPUPostEffect_cpp_d_PPFX_ERROR_12,only-caller,1
main,0x000000000047a380,GPUPostEffect_cpp_d_PPFX_ERROR_12,only-caller,1
main,0x000000000047a850,GPUPostEffect_cpp_d_PPFX_ERROR_12,only-caller,1
main,0x000000000047aa60,GPUPostEffect_cpp_d_PPFX_ERROR_12,only-caller,1
main,0x000000000047abf0,GPUDepthOfField_cpp_d_PPFX_ERROR_4,only-caller,1
main,0x000000000047b8e0,GPUClassUtil_31,only-caller,1
main,0x000000000047bf10,GPUTextureUtil_cpp_d_PPFX_WARNING,all-callers-agree,2
main,0x000000000047c090,GPUTextureUtil_cpp_d_PPFX_WARNING,unique-callee,1
main,0x000000000047c2f0,GPUTextureUtil_cpp_d_PPFX_WARNING,only-caller,1
main,0x000000000047e000,GPUPostEffect_cpp_d_PPFX_ERROR_11,only-caller,1
main,0x0000000000480410,GPUTextureUtil_cpp_d_PPFX_WARNING,only-caller,1
main,0x0000000000480740,GPUClassUtil_7,only-caller,1
main,0x0000000000481000,GPUClassUtil_7,only-caller,1
main,0x0000000000481180,GPUPostEffect_cpp_d_PPFX_ERROR_11,only-caller,1
main,0x0000000000481340,GPUPostEffect_cpp_d_PPFX_ERROR_11,only-caller,1
main,0x0000000000481540,GPUPostEffect_cpp_d_PPFX_ERROR_11,only-caller,1
main,0x00000000004816a0,GPUClassUtil_37,only-caller,1
main,0x0000000000481820,GPUClassUtil_35,only-caller,1
main,0x0000000000481db0,GPUPostEffect_cpp_d_PPFX_WARNING_14,only-caller,1
main,0x00000000004821a0,GPUClassUtil_11,only-caller,1
main,0x00000000004823b0,GPUPostEffect_cpp_d_PPFX_ERROR_12,only-caller,1
main,0x0000000000482d70,GPUPostEffect_cpp_d_PPFX_ERROR_7,only-caller,1
main,0x0000000000482f10,GPUPostEffect_cpp_d_PPFX_ERROR_12,only-caller,1
main,0x00000000004845c0,GPUPostEffect_cpp_d_PPFX_ERROR_12,only-caller,1
main,0x0000000000485610,GPUPostEffect_cpp_d_PPFX_ERROR_12,only-caller,1
main,0x00000000004870b0,GPUPostEffect_cpp_d_PPFX_ERROR_12,only-caller,1
main,0x0000000000487670,GPUPostEffect_cpp_d_PPFX_WARNING_14,only-caller,1
main,0x0000000000488860,GPUPostEffect_cpp_d_PPFX_WARNING_14,only-caller,1
main,0x0000000000488d90,GPUClassUtil_19,only-caller,1
main,0x0000000000489690,GPUClassUtil_19,only-caller,1
main,0x0000000000489c50,GPURenderGlare_cpp_d_PPFX_WARNING,only-caller,1
main,0x0000000000489db0,GPURenderGlare_cpp_d_PPFX_WARNING,only-caller,1
main,0x000000000048b280,GPUClassUtil_4,only-caller,1
main,0x000000000048b6e0,GPUClassUtil_6,only-caller,1
main,0x000000000048b810,GPUClassUtil_37,only-caller,1
main,0x000000000048ba10,GPUClassUtil_37,only-caller,1
main,0x000000000048bbc0,GPUPostEffect_cpp_d_PPFX_ERROR_8,only-caller,1
main,0x000000000048c1b0,GPUClassUtil_8,only-caller,1
main,0x000000000048ca20,GPUClassUtil_8,only-caller,1
main,0x000000000048cc30,GPUClassUtil_8,only-caller,1
main,0x000000000048d550,GPUClassUtil_18,only-caller,1
main,0x000000000048d7f0,GPUClassUtil_42,only-caller,1
main,0x000000000048dad0,GPUClassUtil_5,only-caller,1
main,0x000000000048de50,GPUClassUtil_5,only-caller,1
main,0x000000000048e260,GPUClassUtil_13,only-caller,1
main,0x000000000048e4e0,GPUClassUtil_21,only-caller,1
main,0x000000000048e710,GPUClassUtil_21,only-caller,1
main,0x000000000048e9a0,GPUClassUtil_21,only-caller,1
main,0x000000000048eb30,GPUClassUtil_21,only-caller,1
main,0x000000000048f230,GPUPostEffect_cpp_d_PPFX_WARNING_14,only-caller,1
main,0x000000000048f470,GPUPostEffect_cpp_d_PPFX_WARNING_14,only-caller,1
main,0x000000000048f620,GPUPostEffect_cpp_d_PPFX_WARNING_14,only-caller,1
main,0x000000000048f900,GPUPostEffect_cpp_d_PPFX_WARNING_14,only-caller,1
main,0x000000000048fb40,GPUClassUtil_9,only-caller,1
main,0x0000000000490020,GPUClassUtil_9,only-caller,1
main,0x0000000000490570,GPUClassUtil_14,only-caller,1
main,0x0000000000490e70,GPUDepthOfField_cpp_d_PPFX_WARNING,unique-callee,1
main,0x00000000004915e0,GPUDepthOfField_cpp_d_PPFX_WARNING,only-caller,1
main,0x0000000000491640,GPUDepthOfField_cpp_d_PPFX_WARNING,only-caller,1
main,0x0000000000491bb0,GPUDepthOfField_cpp_d_PPFX_WARNING,unique-callee,1
main,0x00000000004920b0,GPUDepthOfField_cpp_d_PPFX_WARNING,only-caller,1
main,0x00000000004922a0,GPUDepthOfField_cpp_d_PPFX_WARNING,only-caller,1
main,0x00000000004930d0,GPUDepthOfField_cpp_d_PPFX_WARNING,unique-callee,1
main,0x00000000004939c0,GPUDepthOfField_cpp_d_PPFX_WARNING,only-caller,1
main,0x0000000000493be0,GPUDepthOfField_cpp_d_PPFX_WARNING,only-caller,1
main,0x0000000000493e20,GPUDepthOfField_cpp_d_PPFX_WARNING,only-caller,1
main,0x0000000000498800,GPUPostEffect_cpp_d_PPFX_ERROR_13,unique-callee,1
main,0x0000000000498ab0,GPUPostEffect_cpp_d_PPFX_ERROR_13,only-caller,1
main,0x0000000000499250,GPUClassUtil_10,only-caller,1
main,0x000000000049afc0,GPUPostEffect_cpp_d_PPFX_2,unique-callee,1
main,0x000000000049c8d0,GPUPostEffect_cpp_d_PPFX_2,unique-callee,1
main,0x000000000049cfa0,GPUPostEffect_cpp_d_PPFX_2,unique-callee,1
main,0x000000000049da70,GPUPostEffect_cpp_d_PPFX_FN_12,unique-callee,1
main,0x000000000049eb10,GPUPostEffect_cpp_d_PPFX,only-caller,1
main,0x000000000049eb20,GPUPostEffect_cpp_d_PPFX,only-caller,1
main,0x000000000049eb30,GPUPostEffect_cpp_d_PPFX_2,unique-callee,1
main,0x000000000049f7b0,GPUDepthOfField_2,only-caller,1
main,0x000000000049fed0,GPUPostEffect_cpp_d_PPFX_2,only-caller,1
main,0x00000000004a0530,GPUClassUtil_17,only-caller,1
main,0x00000000004a0680,GPUClassUtil_17,only-caller,1
main,0x00000000004a0b00,GPUPostEffect_cpp_d_PPFX_WARNING_14,only-caller,1
main,0x00000000004a0cf0,UserDef,unique-callee,1
main,0x00000000004a2e20,ppfxTypes_2,unique-callee,1
main,0x00000000004a3cc0,ppfxTypes_2,unique-callee,1
main,0x00000000004a5f50,GPUPostEffect_cpp_d_PPFX_2,only-caller,1
main,0x00000000004a6070,GPUPostEffect_cpp_d_PPFX_FN_12,only-caller,1
main,0x00000000004a6160,GPUPostEffect_cpp_d_PPFX_2,all-callers-agree,2
main,0x00000000004a6a50,GPUPostEffect_cpp_d_PPFX_WARNING_15,only-caller,1
main,0x00000000004a7050,GPUDepthOfField,unique-callee,1
main,0x00000000004a71c0,GPUDepthOfField,only-caller,1
main,0x00000000004a7630,GPUPostEffect_cpp_d_PPFX_2,only-caller,1
main,0x00000000004aa290,GPUPostEffect_cpp_d_PPFX_2,only-caller,1
main,0x00000000004aee10,GPUPostEffect_cpp_d_PPFX_WARNING_14,only-caller,1
main,0x00000000004aeed0,GPUPostEffect_cpp_d_PPFX_ERROR_9,only-caller,1
main,0x00000000004afa70,GPUPostEffect_cpp_d_PPFX_WARNING_14,only-caller,1
main,0x00000000004aff50,GPUDepthOfField_cpp_d_PPFX_ERROR_3,only-caller,1
main,0x00000000004b35a0,GPUPostEffect_cpp_d_PPFX_WARNING_15,only-caller,1
main,0x00000000004b4c40,GPUDepthOfField_cpp_d_PPFX_ERROR_4,only-caller,1
main,0x00000000004b5ae0,GPUPostEffect_cpp_d_PPFX_WARNING_11,only-caller,1
main,0x00000000004b72b0,GPUPostEffect_cpp_d_PPFX_2,only-caller,1
main,0x00000000004b72c0,GPUPostEffect_cpp_d_PPFX_ERROR_14,only-caller,1
main,0x00000000004b75a0,GPUTextureLuminance_2,only-caller,1
main,0x00000000004b86d0,GPUPostEffect_cpp_d_PPFX_2,only-caller,1
main,0x00000000004b87d0,GPUPostEffect_cpp_d_PPFX_2,only-caller,1
main,0x00000000004b8ae0,GPUClassUtil_5,only-caller,1
main,0x00000000004b8b40,GPUClassUtil_5,only-caller,1
main,0x00000000004b9200,GPUClassUtil_5,only-caller,1
main,0x00000000004b9210,GPUPostEffect_cpp_d_PPFX_ERROR_11,only-caller,1
main,0x00000000004b9980,FeatureId_YEBIS_SISDK3_NX_BeginYear_0_BeginMonth_0_Begin,only-caller,1
main,0x00000000004b99a0,GPUMemoryAllocator_6,unique-callee,1
main,0x00000000004b9a60,GPUInterfaceDevice_2,unique-callee,1
main,0x00000000004bb4d0,YEBIS_PROMOTION2016MAY,only-caller,1
main,0x00000000004bb530,YEBIS_PROMOTION2016MAY,only-caller,1
main,0x00000000004bb5d0,YEBIS_PROMOTION2016MAY,only-caller,1
main,0x00000000004bb5e0,YEBIS_PROMOTION2016MAY,only-caller,1
main,0x00000000004bb5f0,YEBIS_PROMOTION2016MAY,only-caller,1
main,0x00000000004bb6e0,YEBIS_PROMOTION2016MAY,only-caller,1
main,0x00000000004bc0d0,YEBIS_PROMOTION2016MAY,only-caller,1
main,0x00000000004bc640,SiCore_Array_7,unique-callee,1
main,0x00000000004bc760,GPUPostEffect_cpp_d_PPFX_3,only-caller,1
main,0x00000000004bcdd0,SiGfx_NX_MemoryHeap_Impl_2,only-caller,1
main,0x00000000004bd550,SiGfx_NX_MemoryHeap_Impl_3,unique-callee,1
main,0x00000000004bd8e0,SiGfx_NX_MemoryHeap_Impl_4,unique-callee,1
main,0x00000000004bf660,SiGfx_ImageLoader_DDS,unique-callee,1
main,0x00000000004bf6a0,SiCore_String_21,unique-callee,1
main,0x00000000004bf7b0,SiCore_Array_7,unique-callee,1
main,0x00000000004c3360,SiCore_Array_21,only-caller,1
main,0x00000000004c3560,SiCore_String_67,only-caller,1
main,0x00000000004c4700,shaderpkg,unique-callee,1
main,0x00000000004c4d70,SiCore_String_137,only-caller,1
main,0x00000000004c4d80,SiCore_String_139,only-caller,1
main,0x00000000004c54a0,SiCore_Array_21,unique-callee,1
main,0x00000000004c5630,SiCore_Map_2,unique-callee,1
main,0x00000000004c5750,mb_tex,only-caller,1
main,0x00000000004c8d40,SiCore_Array_21,only-caller,1
main,0x00000000004c8db0,SiCore_Array_21,only-caller,1
main,0x00000000004c8f80,SiIO_Kernel_Impl_8,unique-callee,1
main,0x00000000004c9090,SiIOBinaryArchive_ChunkHandler_ValidateChunkHeader_s_chu,unique-callee,1
main,0x00000000004c9110,SiGfx_Image_9,unique-callee,1
main,0x00000000004c9270,SiGfx_Image_9,only-caller,1
main,0x00000000004c9300,SiCore_Array_21,only-caller,1
main,0x00000000004c99a0,SiCore_LinkedList,only-caller,1
main,0x00000000004c9b90,SSKKArchive,only-caller,1
main,0x00000000004c9c20,SolidColorByLargePoint,only-caller,1
main,0x00000000004c9eb0,shadercache,only-caller,1
main,0x00000000004c9fe0,SiIOBinaryArchive_ChunkHandler_ValidateChunkHeader_s_chu,unique-callee,1
main,0x00000000004ca6a0,SiCore_Array_21,only-caller,1
main,0x00000000004cad50,GPUPostEffect_cpp_d_PPFX_3,all-callers-agree,4
main,0x00000000004cb7b0,SiGfxShaderGraphObject,only-caller,1
main,0x00000000004cbae0,mb_tex,only-caller,1
main,0x00000000004cbbb0,NotFoundList,only-caller,1
main,0x00000000004cbc40,SiGfxShaderEffectPackage_2,only-caller,1
main,0x00000000004cbd40,GPUPostEffect_cpp_d_PPFX_3,only-caller,1
main,0x00000000004cbec0,SiCore_Array_168,unique-callee,1
main,0x00000000004cbf40,SiGfx_PrimitiveDrawHelper_2,unique-callee,1
main,0x00000000004cbf50,SiCore_Array_168,only-caller,1
main,0x00000000004cd1b0,SiGfx_Kernel_Impl,only-caller,1
main,0x00000000004cddb0,SiGfx_NX_Device_Impl_7,only-caller,1
main,0x00000000004d0df0,SiGfx_Kernel_Impl,only-caller,1
main,0x00000000004d1150,SiGfx_Kernel_Impl,only-caller,1
main,0x00000000004d2ba0,SiGfx_Kernel_Impl,only-caller,1
main,0x00000000004d3100,SiGfx_Kernel_Impl,only-caller,1
main,0x00000000004d3180,SiGfx_Kernel_Impl,only-caller,1
main,0x00000000004d9a50,SiGfx_Kernel_Impl,only-caller,1
main,0x00000000004da480,SiGfx_Kernel_Impl,only-caller,1
main,0x00000000004dbcf0,SiGfx_ShaderGraph_NodeType_Operator,only-caller,1
main,0x00000000004df530,SiGfx_ShaderGraph_DataType_Vector,only-caller,1
main,0x00000000004e0050,SiGfx_ShaderGraph_NodeType_Operator_2,unique-callee,1
main,0x00000000004e03f0,SiGfx_ShaderGraph_NodeType_Operator_2,unique-callee,1
main,0x00000000004e1bd0,SiGfx_Kernel_Impl,only-caller,1
main,0x00000000004e2120,SiCore_Array_107,only-caller,1
main,0x00000000004e2400,SiGfx_Kernel_Impl,only-caller,1
main,0x00000000004e2430,SiGfx_NX_Device_Impl_7,unique-callee,1
main,0x00000000004e3650,SiGfx_Kernel_Impl,only-caller,1
main,0x00000000004e3c30,SiGfx_Kernel_Impl,only-caller,1
main,0x00000000004e57e0,NotFoundList,only-caller,1
main,0x00000000004e5a60,NotFoundList,only-caller,1
main,0x00000000004e5d80,NotFoundList,only-caller,1
main,0x00000000004e7680,SiGfx_NX_Device_Impl_7,only-caller,1
main,0x00000000004e8460,SiGfx_ShaderUtility_Impl,only-caller,1
main,0x00000000004e8b20,SiGfx_ShaderUtility_Impl,only-caller,1
main,0x00000000004e90d0,SiCore_QSorter,only-caller,1
main,0x00000000004ea060,SiGfx_NX_Device_Impl_7,only-caller,1
main,0x00000000004eabd0,SiGfx_Kernel_Impl,only-caller,1
main,0x00000000004eac50,SiGfx_Kernel_Impl,only-caller,1
main,0x00000000004ed070,SSKKShaderBinCache,only-caller,1
main,0x00000000004ed180,SiGfx_NX_Canvas_Impl_2,only-caller,1
main,0x00000000004ed6d0,SiGfx_NX_Font_Impl,only-caller,1
main,0x00000000004ee660,SiGfx_Utility_2,only-caller,1
main,0x00000000004f18b0,SiCore_String_77,only-caller,1
main,0x00000000004f3520,SiCore_String_77,only-caller,1
main,0x00000000004f3680,SiCore_String_108,only-caller,1
main,0x00000000004f3dc0,mb_tex,only-caller,1
main,0x00000000004f52b0,SiCore_String_71,only-caller,1
main,0x00000000004f5d90,SiGfxImageLoaderDDS_Load_Failed_to_read_memory_stream,only-caller,1
main,0x00000000004f66b0,Invalid_format,only-caller,1
main,0x00000000004f6890,Invalid_format,only-caller,1
main,0x00000000004f6920,SiGfx_Kernel_Impl,only-caller,1
main,0x00000000004f6c70,SiGfx_Kernel_Impl,only-caller,1
main,0x00000000004f6d80,SiCore_Array_168,only-caller,1
main,0x00000000004f71a0,SiGfx_NX_Manager_Impl,only-caller,1
main,0x00000000004f9480,SiGfx_NX_Device_Impl_7,only-caller,1
main,0x00000000004f9640,SiCore_String_72,unique-callee,1
main,0x00000000004fb1d0,SiGfx_NX_Texture_Impl,only-caller,1
main,0x00000000004fb200,SiGfx_NX_Buffer_Impl,unique-callee,1
main,0x00000000004fb260,SiGfx_NX_SamplerPool,only-caller,1
main,0x00000000004fb2f0,SiCore_String_92,only-caller,1
main,0x00000000004fbb10,SiGfx_NX_CanvasPool,only-caller,1
main,0x00000000004fe610,SiGfx_NX_Device_Impl_3,only-caller,1
main,0x00000000004ff510,SiGfx_NX_FontPool,only-caller,1
main,0x00000000004ff6d0,SiGfx_NX_FontPool,only-caller,1
main,0x00000000004ffed0,SiCore_String_75,only-caller,1
main,0x0000000000500530,SiGfx_NX_FontPool,unique-callee,1
main,0x0000000000500550,SiGfx_NX_Font_Impl,only-caller,1
main,0x00000000005005c0,SiGfx_NX_Font_Impl,only-caller,1
main,0x00000000005006c0,SiGfx_NX_Font_Impl,only-caller,1
main,0x0000000000503290,truetype_3,only-caller,1
main,0x00000000005032f0,truetype_3,only-caller,1
main,0x0000000000503450,truetype,only-caller,1
main,0x0000000000503610,truetype,unique-callee,1
main,0x0000000000504640,truetype,only-caller,1
main,0x0000000000505020,SiGfx_NX_Font_Impl,only-caller,1
main,0x0000000000505a10,truetype_3,only-caller,1
main,0x00000000005063a0,truetype_2,only-caller,1
main,0x0000000000506b90,truetype_2,only-caller,1
main,0x0000000000507f40,truetype_3,only-caller,1
main,0x00000000005089e0,truetype,only-caller,1
main,0x00000000005094d0,truetype,only-caller,1
main,0x0000000000509f00,truetype,only-caller,1
main,0x000000000050ab10,unnamed_2,unique-callee,1
main,0x000000000050ae10,SiCore_Array_188,only-caller,1
main,0x000000000050ae50,SiCore_Pool_3,unique-callee,1
main,0x000000000050c960,SiGfx_FreeType_Manager,only-caller,1
main,0x0000000000512830,periodcentered,only-caller,1
main,0x0000000000513510,periodcentered,unique-callee,1
main,0x0000000000516630,truetype_3,only-caller,1
main,0x00000000005168f0,truetype_3,only-caller,1
main,0x00000000005185a0,truetype_3,unique-callee,1
main,0x000000000051f320,CHARSET_REGISTRY,unique-callee,1
main,0x0000000000520800,length_tree,only-caller,1
main,0x0000000000520950,length_tree,only-caller,1
main,0x0000000000529f40,DLCRoundBold,only-caller,1
main,0x000000000052c730,DLCRoundBold,only-caller,1
main,0x0000000000530d80,SiGfx_NX_Font_Impl,unique-callee,1
main,0x0000000000531a90,SiGfx_NX_Font_Impl,only-caller,1
main,0x00000000005339d0,SiGfx_NX_Font_Impl,only-caller,1
main,0x0000000000534000,SiGfx_NX_Device_Impl_3,unique-callee,1
main,0x0000000000535080,SiGfx_NX_Common,only-caller,1
main,0x0000000000536cb0,SiGfx_NX_Device_Impl_3,only-caller,1
main,0x0000000000537550,SiGfx_NX_BufferPool,only-caller,1
main,0x0000000000538e50,SiGfx_NX_Device_Impl_3,only-caller,1
main,0x0000000000539270,SiGfx_NX_Device_Impl,only-caller,1
main,0x00000000005393f0,SiGfx_NX_Device_Impl,only-caller,1
main,0x0000000000539700,SiGfx_NX_Device_Impl_7,only-caller,1
main,0x000000000053b200,SiGfx_NX_Device_Impl_8,only-caller,1
main,0x000000000053b3f0,SiGfx_NX_Device_Impl_8,only-caller,1
main,0x000000000053b680,SiGfx_NX_Device_Impl_8,only-caller,1
main,0x0000000000543280,SiGfx_NX_Device_Impl_8,only-caller,1
main,0x0000000000544090,SiCore_Array_221,only-caller,1
main,0x0000000000546990,SiGfx_NX_Device_Impl_8,only-caller,1
main,0x000000000054d430,SiGfx_NX_Device_Impl_11,only-caller,1
main,0x000000000054d9d0,SiGfx_NX_Device_Impl_4,only-caller,1
main,0x000000000054e790,SiGfx_NX_Device_Impl_15,only-caller,1
main,0x000000000054ea20,SiGfx_NX_Device_Impl_15,only-caller,1
main,0x000000000054f170,SiGfx_NX_Device_Impl_10,only-caller,1
main,0x000000000054f420,SiGfx_NX_Device_Impl_10,only-caller,1
main,0x000000000054fa00,SiGfx_NX_Device_Impl_14,only-caller,1
main,0x00000000005518d0,SiGfx_NX_Device_Impl_2,only-caller,1
main,0x0000000000551910,SiGfx_NX_Device_Impl_7,only-caller,1
main,0x00000000005520b0,SiGfx_NX_Device_Impl_2,only-caller,1
main,0x00000000005520f0,SiGfx_NX_Device_Impl_7,only-caller,1
main,0x0000000000552af0,SiGfx_NX_Device_Impl_17,only-caller,1
main,0x0000000000553180,SiGfx_NX_Device_Impl_12,only-caller,1
main,0x0000000000553680,SiGfx_NX_Device_Impl_12,only-caller,1
main,0x00000000005544e0,SiGfx_NX_Device_Impl_3,only-caller,1
main,0x0000000000554870,SiGfx_NX_QueryPool,only-caller,1
main,0x0000000000554b80,SiGfx_NX_QueryPool,only-caller,1
main,0x0000000000555340,SiGfx_NX_Device_Impl_3,only-caller,1
main,0x0000000000556cf0,SiGfx_NX_Device_Impl_13,only-caller,1
main,0x0000000000556fe0,SiGfx_NX_Device_Impl_13,only-caller,1
main,0x00000000005588d0,SiGfx_NX_Device_Impl_3,only-caller,1
main,0x0000000000558c60,SiGfx_NX_SamplerPool,only-caller,1
main,0x0000000000558e90,SiGfx_NX_SamplerPool,only-caller,1
main,0x00000000005593f0,SiGfx_NX_Device_Impl_3,only-caller,1
main,0x0000000000559dc0,SiGfx_NX_ShaderProgramPool,only-caller,1
main,0x000000000055abb0,SiGfx_NX_ShaderProgram_Impl,only-caller,1
main,0x000000000055ac60,SiGfx_NX_ShaderProgram_Impl,only-caller,1
main,0x000000000055ade0,SiGfx_NX_ShaderPool,only-caller,1
main,0x000000000055b100,SiGfx_NX_ShaderPool,only-caller,1
main,0x000000000055b740,SiGfx_NX_Device_Impl_8,only-caller,1
main,0x000000000055bc90,SiGfx_NX_Device_Impl_8,unique-callee,1
main,0x000000000055c220,SiGfx_NX_Device_Impl_3,only-caller,1
main,0x000000000055c660,SiCore_Array_272,only-caller,1
main,0x000000000055c990,SiGfx_NX_SurfacePool,only-caller,1
main,0x000000000055cd30,SiGfx_NX_Canvas_Impl_2,only-caller,1
main,0x000000000055cd70,SiGfx_NX_Canvas_Impl_2,unique-callee,1
main,0x000000000055d300,SiCore_Array_267,all-callers-agree,4
main,0x000000000055d5b0,SiGfx_NX_Device_Impl_3,only-caller,1
main,0x000000000055e7c0,SiGfx_NX_TexturePool,only-caller,1
main,0x000000000055f1c0,SiGfx_NX_TexturePool,only-caller,1
main,0x0000000000561730,SiCore_Array_267,only-caller,1
main,0x0000000000561970,SiCore_Array_267,only-caller,1
main,0x0000000000561aa0,SiCore_Array_267,only-caller,1
main,0x0000000000562f40,SiGfx_NX_SamplerPool,only-caller,1
main,0x00000000005630b0,SiGfx_NX_SamplerPool,only-caller,1
main,0x00000000005631a0,SiGfx_NX_SamplerPool,only-caller,1
main,0x0000000000563270,SiGfx_NX_Texture_Impl,only-caller,1
main,0x00000000005635f0,SiGfx_NX_Surface_Impl_2,only-caller,1
main,0x0000000000563700,SiGfx_NX_Device_Impl_3,only-caller,1
main,0x0000000000565560,SiGfx_NX_Device_Impl_3,only-caller,1
main,0x00000000005656f0,SiCore_Array_273,only-caller,1
main,0x0000000000565c10,SiCore_Array_267,only-caller,1
main,0x0000000000565c80,SiCore_Array_267,unique-callee,1
main,0x0000000000566070,SiGfx_ShaderEffectPackage_Impl_10,only-caller,1
main,0x0000000000566250,SiGfx_ShaderEffectPackage_Impl_9,only-caller,1
main,0x00000000005677d0,SiGfx_ShaderEffectPackage_Impl_3,only-caller,1
main,0x0000000000567b80,SiGfx_ShaderEffectPackage_Impl_3,only-caller,1
main,0x000000000056c480,SiGfx_ShaderEffectPackage_Impl_10,only-caller,1
main,0x000000000056c610,SiGfx_ShaderEffectPackage_Impl_10,only-caller,1
main,0x000000000056d100,SiGfx_NX_Device_Impl_7,only-caller,1
main,0x000000000056d630,SiGfx_ShaderEffectPackage_Impl_12,only-caller,1
main,0x000000000056e4e0,SiCore_Array_287,only-caller,1
main,0x000000000056fd60,SiGfx_ShaderEffectPackage_Impl_6,only-caller,1
main,0x0000000000570820,SiGfx_ShaderEffectDefinition_Impl_3,only-caller,1
main,0x0000000000570d00,SiGfx_ShaderEffectPackage_Impl_3,only-caller,1
main,0x0000000000570d10,SiGfx_ShaderEffectVariationList_Impl,unique-callee,1
main,0x0000000000574710,SiGfx_ShaderEffectPackage_Impl_5,only-caller,1
main,0x0000000000575240,SiCore_String_132,only-caller,1
main,0x00000000005765b0,SiCore_String_133,only-caller,1
main,0x0000000000577730,ShiftData,only-caller,1
main,0x0000000000577990,ShiftData,only-caller,1
main,0x0000000000578100,ShiftData,only-caller,1
main,0x0000000000578bc0,SiCore_String_121,only-caller,1
main,0x000000000057a2c0,GPUPostEffect_cpp_d_PPFX_3,only-caller,1
main,0x000000000057b7d0,SiIOBinaryArchive_Save_Failed_to_save_chunk,only-caller,1
main,0x000000000057bb60,SiIOBinaryArchive_Save_Failed_to_save_chunk,only-caller,1
main,0x000000000057bd30,SiIOBinaryArchive_WriteChunkHandler_Failed_to_write_chun,only-caller,1
main,0x000000000057d030,SiIO_Utility,unique-callee,1
main,0x000000000057d3f0,SiIO_Kernel_Impl,only-caller,1
main,0x000000000057de20,SiIO_Kernel_Impl_6,unique-callee,1
main,0x000000000057eb50,SiCore_String_137,only-caller,1
main,0x0000000000580550,SiIO_Kernel_Impl_2,unique-callee,1
main,0x0000000000582d70,SiIO_NX_FileStream_Impl_2,unique-callee,1
main,0x0000000000582e30,NotFoundList,only-caller,1
main,0x0000000000582eb0,shadercache,only-caller,1
main,0x0000000000582f10,SiGfx_ShaderEffectTechnique_Impl_3,unique-callee,1
main,0x0000000000582ff0,SiGfx_BinaryChunk_Texture_2,only-caller,1
main,0x0000000000583140,SiGfx_BinaryChunk_Texture_3,only-caller,1
main,0x0000000000583240,SiGfx_BinaryChunk_Texture_2,only-caller,1
main,0x00000000005832c0,SiGfx_BinaryChunk_Texture_3,only-caller,1
main,0x0000000000583340,SiCore_String_137,only-caller,1
main,0x0000000000583760,SiIO_Kernel_Impl,only-caller,1
main,0x0000000000583970,SiIO_Kernel_Impl,only-caller,1
main,0x0000000000583be0,NotFoundList,only-caller,1
main,0x0000000000583d80,SiIO_VFSManager_Impl,only-caller,1
main,0x0000000000584410,SiIO_VFSManager_Impl,only-caller,1
main,0x0000000000584750,SiCore_String_143,only-caller,1
main,0x00000000005848c0,SiCore_String_143,only-caller,1
main,0x0000000000585ca0,SiIOVFS_2,only-caller,1
main,0x0000000000585d70,SiIOVFS_2,only-caller,1
main,0x0000000000585e70,SiIOVFS_2,only-caller,1
main,0x0000000000587260,SiIO_VFS_Impl_2,unique-callee,1
main,0x0000000000587510,SiIO_VFS_Impl,only-caller,1
main,0x0000000000588110,SiIO_Kernel_Impl_3,unique-callee,1
main,0x000000000058b8d0,SiIO_Kernel_Impl_4,unique-callee,1
main,0x000000000058bf50,f_1_2_11_f_NINTENDO_SDK_v1,only-caller,1
main,0x000000000058c1e0,f_1_2_11_f_NINTENDO_SDK_v1,unique-callee,1
main,0x000000000058d910,f_1_2_11_f_NINTENDO_SDK_v1,only-caller,1
main,0x00000000005933f0,lengths_set,only-caller,1
main,0x0000000000593530,Empty_reply_from_server,unique-callee,1
main,0x0000000000593d80,lengths_set,only-caller,1
main,0x0000000000594470,GPUPostEffect_cpp_d_PPFX_3,only-caller,1
main,0x0000000000595810,GPUPostEffect_cpp_d_PPFX_3,only-caller,1
main,0x0000000000595c00,GPUPostEffect_cpp_d_PPFX_3,only-caller,1
main,0x00000000005960d0,SiOS_Kernel_Impl,unique-callee,1
main,0x0000000000596410,SiGfx_NX_Device_Impl_2,unique-callee,1
main,0x00000000005964e0,ShiftData,only-caller,1
main,0x0000000000596500,ShiftData,only-caller,1
main,0x0000000000596570,SiCore_String_83,only-caller,1
main,0x0000000000596610,SiGfx_NX_CommandList_Impl_3,only-caller,1
main,0x000000000059a260,WaistOffset,unique-callee,1
main,0x000000000059a7a0,PartsB,only-caller,1
main,0x000000000059b090,mouth01,unique-callee,1
main,0x000000000059b0a0,RThigh_2,only-caller,1
main,0x000000000059b110,RThigh_2,only-caller,1
main,0x000000000059b180,RThigh_2,only-caller,1
main,0x000000000059b230,to_ba10_waitB01,only-caller,1
main,0x000000000059bee0,kinoko_light,unique-callee,1
main,0x000000000059c7d0,WaistOffset,unique-callee,1
main,0x000000000059caa0,WaistOffset,unique-callee,1
main,0x00000000005a00d0,Target,only-caller,1
main,0x00000000005a0110,Target,only-caller,1
main,0x00000000005c6830,Corridor,unique-callee,1
main,0x00000000005c81e0,field_event,only-caller,1
main,0x00000000005cc540,fi_spin,unique-callee,1
main,0x00000000005cf8f0,Play_UI_common_report_2,unique-callee,1
main,0x00000000005cf940,JobThread2,all-callers-agree,2
main,0x00000000005cfad0,fi_common_event,unique-callee,1
main,0x00000000005cfb90,pokestatus,only-caller,1
main,0x00000000005cff50,pokestatus,unique-callee,1
main,0x00000000005d0130,pokestatus,only-caller,1
main,0x00000000005d0a40,JobThread2,only-caller,1
main,0x00000000005d0b10,load_hashdb,unique-callee,1
main,0x00000000005d0e50,Play_UI_common_report_2,unique-callee,1
main,0x00000000005d5980,JobThread2,only-caller,1
main,0x00000000005d5a00,JobThread2,only-caller,1
main,0x00000000005d5de0,JobThread2,only-caller,1
main,0x00000000005d63f0,JobThread2,only-caller,1
main,0x00000000005d6590,JobThread2,only-caller,1
main,0x00000000005d7310,JobThread2,all-callers-agree,2
main,0x00000000005d8610,GenericWorkerService,unique-callee,1
main,0x00000000005db1b0,item,unique-callee,1
main,0x00000000005dd4d0,OutLineRenderPath,all-callers-agree,2
main,0x00000000005e2180,unnamed_27,unique-callee,1
main,0x00000000005e2350,anonymous,unique-callee,1
main,0x00000000005e2bc0,Stop_Camp_BallAura_MirrorBall_lp,unique-callee,1
main,0x00000000005e36b0,Stop_Camp_BallAura_MirrorBall_lp,unique-callee,1
main,0x00000000005e4310,FileManagerParallel,only-caller,1
main,0x00000000005e5560,monsname_2,unique-callee,1
main,0x00000000005e5c70,FileManagerParallel,unique-callee,1
main,0x00000000005e6890,FileManagerParallel,only-caller,1
main,0x00000000005e7b30,PokeStatusRibbonView,unique-callee,1
main,0x00000000005e7b90,unnamed_37,only-caller,1
main,0x00000000005fcf30,copyImageConstant,only-caller,1
main,0x00000000005fcf60,OutLineRenderPath,only-caller,1
main,0x00000000005fcf80,OutLineRenderPath,only-caller,1
main,0x00000000005fcfa0,OutLineRenderPath,only-caller,1
main,0x00000000005fcfc0,OutLineRenderPath,only-caller,1
main,0x00000000005fcff0,OutLineRenderPath,only-caller,1
main,0x00000000005fe6a0,ViewCardPassMenu,unique-callee,1
main,0x0000000000601610,DefaultPath,only-caller,1
main,0x0000000000607750,turn_start_duration,unique-callee,1
main,0x0000000000608fa0,ZPrePath,unique-callee,1
main,0x000000000060e2b0,blendCubemapConstant,only-caller,1
main,0x000000000060e2c0,u_Source1,unique-callee,1
main,0x000000000060e320,u_FalloffLut,only-caller,1
main,0x000000000060e340,gamma_correction,only-caller,1
main,0x000000000060e6d0,VectorConstantVS,only-caller,1
main,0x000000000060f3f0,ColorSpace,only-caller,1
main,0x000000000060fc10,blendCubemapConstant,only-caller,1
main,0x0000000000610a40,gamma_correction,unique-callee,1
main,0x00000000006115c0,DepthBuffer,unique-callee,1
main,0x00000000006119e0,u_Source1,unique-callee,1
main,0x0000000000611dd0,u_Source1,only-caller,1
main,0x0000000000612f70,Spine2,unique-callee,1
main,0x0000000000614680,a_t0101_i0101_gamemachine02_bld1,unique-callee,1
main,0x000000000061bf10,EffectTex,only-caller,1
main,0x000000000061bfe0,DepthBuffer,unique-callee,1
main,0x000000000061ca60,DepthBuffer,unique-callee,1
main,0x000000000061cb40,EffectTex,unique-callee,1
main,0x0000000000620770,worldViewProjConstant_2,only-caller,1
main,0x0000000000620830,worldViewProjConstant,only-caller,1
main,0x0000000000620d70,fel_999,unique-callee,1
main,0x0000000000625480,OutLineRenderPath,only-caller,1
main,0x0000000000625730,OutLineRenderPath,only-caller,1
main,0x00000000006264e0,OutLineRenderPath,only-caller,1
main,0x0000000000626ee0,OutLineRenderPath,only-caller,1
main,0x00000000006271b0,OutLineRenderPath,only-caller,1
main,0x0000000000627ca0,OutLineRenderPath,only-caller,1
main,0x0000000000628100,OutLineRenderPath,only-caller,1
main,0x00000000006283a0,OutLineRenderPath,only-caller,1
main,0x00000000006286e0,OutLineRenderPath,only-caller,1
main,0x0000000000628a10,OutLineRenderPath,only-caller,1
main,0x0000000000628c20,OutLineRenderPath,only-caller,1
main,0x0000000000628dd0,OutLineRenderPath,only-caller,1
main,0x00000000006293e0,OutLineRenderPath,only-caller,1
main,0x0000000000629610,OutLineRenderPath,only-caller,1
main,0x0000000000629860,OutLineRenderPath,only-caller,1
main,0x000000000062a4d0,OutLineRenderPath,all-callers-agree,2
main,0x000000000062be10,OutLineRenderPath,only-caller,1
main,0x000000000062cb80,OutLineRenderPath,only-caller,1
main,0x000000000062ce50,OutLineRenderPath,only-caller,1
main,0x000000000062d060,OutLineRenderPath,only-caller,1
main,0x000000000062d630,OutLineRenderPath,all-callers-agree,2
main,0x000000000062d890,OutLineRenderPath,only-caller,1
main,0x000000000062dcb0,OutLineRenderPath,all-callers-agree,2
main,0x000000000062dde0,OutLineRenderPath,all-callers-agree,2
main,0x000000000062df40,OutLineRenderPath,only-caller,1
main,0x000000000062e190,OutLineRenderPath,only-caller,1
main,0x00000000006301a0,OutLineRenderPath,only-caller,1
main,0x0000000000630490,OutLineRenderPath,only-caller,1
main,0x00000000006307d0,OutLineRenderPath,only-caller,1
main,0x0000000000630920,OutLineRenderPath,only-caller,1
main,0x0000000000630ac0,OutLineRenderPath,only-caller,1
main,0x0000000000630ea0,OutLineRenderPath,only-caller,1
main,0x0000000000630fa0,OutLineRenderPath,only-caller,1
main,0x0000000000631160,OutLineRenderPath,only-caller,1
main,0x0000000000631520,OutLineRenderPath,only-caller,1
main,0x0000000000631620,OutLineRenderPath,only-caller,1
main,0x0000000000634110,EffOverHead01_5,unique-callee,1
main,0x000000000063af60,DummyTex,only-caller,1
main,0x000000000063b0b0,DummyTex,only-caller,1
main,0x000000000063c2c0,DummyTex,unique-callee,1
main,0x0000000000640450,DummyTex,only-caller,1
main,0x0000000000641110,PrimitiveRendererConstantVS,only-caller,1
main,0x0000000000641330,DummyTex,only-caller,1
main,0x0000000000641370,DummyTex,only-caller,1
main,0x00000000006418a0,DummyTex,only-caller,1
main,0x0000000000641e30,DummyTex,only-caller,1
main,0x0000000000642770,DummyTex,only-caller,1
main,0x0000000000642bd0,DummyTex,only-caller,1
main,0x0000000000642d00,DummyTex,only-caller,1
main,0x0000000000645a00,DummyTex_2,only-caller,1
main,0x0000000000645e20,Set_State_NightTime,unique-callee,1
main,0x00000000006517e0,unnamed_27,only-caller,1
main,0x0000000000651870,Set_State_NightTime,only-caller,1
main,0x0000000000653450,gfbmdl,all-callers-agree,2
main,0x0000000000653e00,instance_obj,only-caller,1
main,0x0000000000655110,gfbmdl,only-caller,1
main,0x0000000000655230,gfbmdl,only-caller,1
main,0x0000000000655850,gfbmdl,all-callers-agree,4
main,0x0000000000655950,gfbmdl,all-callers-agree,2
main,0x0000000000655b30,gfbmdl,all-callers-agree,2
main,0x0000000000655d40,gfbmdl,all-callers-agree,2
main,0x0000000000656010,gfbmdl,only-caller,1
main,0x0000000000656220,gfbmdl,only-caller,1
main,0x00000000006564c0,gfbmdl,only-caller,1
main,0x0000000000656570,gfbmdl,only-caller,1
main,0x0000000000656620,gfbmdl,only-caller,1
main,0x00000000006566b0,gfbmdl,only-caller,1
main,0x0000000000656a10,gfbmdl,only-caller,1
main,0x0000000000656d60,s__02d_gfbprb,only-caller,1
main,0x0000000000657f80,CopyImagePath,unique-callee,1
main,0x00000000006580f0,CopyImagePath,only-caller,1
main,0x000000000065b300,VibrationThread,only-caller,1
main,0x000000000065b490,unnamed_36,only-caller,1
main,0x000000000065b820,unnamed_36,only-caller,1
main,0x000000000065d700,PcRecovery,unique-callee,1
main,0x000000000065dbf0,no_name,only-caller,1
main,0x000000000065dc10,no_name,only-caller,1
main,0x000000000065dcb0,gflib3_reallocatable_resource,only-caller,1
main,0x000000000065dd50,gflib3_tlsf_pool,only-caller,1
main,0x000000000065dd90,gflib3_tlsf_pool,only-caller,1
main,0x000000000065ddb0,gflib3_tlsf_pool,only-caller,1
main,0x000000000065e0d0,no_name,only-caller,1
main,0x000000000065ea10,gflib3_tlsf_pool,only-caller,1
main,0x000000000065f0c0,gflib3_reallocatable_resource,only-caller,1
main,0x000000000065f1a0,gflib3_tlsf_pool_resource,only-caller,1
main,0x000000000065fb00,gflib3_reallocatable_resource,only-caller,1
main,0x0000000000662c20,height,only-caller,1
main,0x0000000000663c50,height_3,only-caller,1
main,0x0000000000665550,height,only-caller,1
main,0x00000000006658b0,height,all-callers-agree,2
main,0x00000000006666a0,height,only-caller,1
main,0x0000000000666950,MovieAudioOutputHandlerThread,only-caller,1
main,0x0000000000666a60,height,only-caller,1
main,0x00000000006670c0,height,only-caller,1
main,0x00000000006674e0,height,only-caller,1
main,0x0000000000667600,height,only-caller,1
main,0x0000000000667630,height,all-callers-agree,2
main,0x0000000000667a30,height_3,only-caller,1
main,0x0000000000667e60,height,only-caller,1
main,0x0000000000668bc0,height,unique-callee,1
main,0x0000000000669140,height_3,only-caller,1
main,0x0000000000669230,height,only-caller,1
main,0x0000000000669f10,height,only-caller,1
main,0x000000000066b730,GetSceneChangeData,only-caller,1
main,0x000000000066b7d0,p_PokeChangeEnable_2,unique-callee,1
main,0x000000000066c200,p_PokeChangeEnable_2,only-caller,1
main,0x000000000066c9f0,GetSceneChangeData,unique-callee,1
main,0x0000000000670820,EffCenter01_4,only-caller,1
main,0x0000000000672240,pokemon_avoid,only-caller,1
main,0x0000000000673320,AK_OpusDecodingThread,unique-callee,1
main,0x00000000006733e0,unnamed_13,only-caller,1
main,0x0000000000674120,GFDefaultListener,unique-callee,1
main,0x00000000006745f0,unnamed_13,only-caller,1
main,0x0000000000674640,unnamed_13,only-caller,1
main,0x0000000000674f30,SourceGlobal_2,only-caller,1
main,0x0000000000675510,SourceGlobal,unique-callee,1
main,0x0000000000675820,GFDefaultListener,only-caller,1
main,0x0000000000675ad0,GFDefaultListener,unique-callee,1
main,0x00000000006798d0,unnamed_13,only-caller,1
main,0x000000000067ab90,unnamed_13,unique-callee,1
main,0x000000000067b080,unnamed_13,only-caller,1
main,0x000000000067b430,unnamed_5,only-caller,1
main,0x000000000067b7e0,StateBtlSpotCommonMatching_2,unique-callee,1
main,0x000000000067b990,anime_info_out,unique-callee,1
main,0x000000000067be10,msg_wide_road_username,unique-callee,1
main,0x000000000067c120,msg_wide_road_username,unique-callee,1
main,0x000000000067c490,place_name_indirect,unique-callee,1
main,0x000000000067d450,PokeStatusRibbonView,unique-callee,1
main,0x000000000067d490,L_cursor_00,only-caller,1
main,0x000000000067d750,g2d_fw,only-caller,1
main,0x000000000067d760,g2d_fw_2,only-caller,1
main,0x000000000067dc50,Play_UI_Message,unique-callee,1
main,0x000000000067ea40,L_cursor_00,only-caller,1
main,0x000000000067ea50,L_cursor_00,only-caller,1
main,0x00000000006814f0,ScFontB,only-caller,1
main,0x00000000006815e0,gamma_correction,only-caller,1
main,0x00000000006818f0,ScFontB,only-caller,1
main,0x0000000000681b90,ScFontB,only-caller,1
main,0x00000000006835f0,N_out_00,unique-callee,1
main,0x00000000006836a0,N_out_00,only-caller,1
main,0x0000000000684e10,gamma_correction,only-caller,1
main,0x0000000000684f90,gamma_correction,only-caller,1
main,0x0000000000685250,L_cursor_00_2,unique-callee,1
main,0x00000000006855a0,f_02d_s,unique-callee,1
main,0x0000000000685dc0,P_fade_cross_texture_00,only-caller,1
main,0x0000000000686e10,gamma_correction,only-caller,1
main,0x00000000006879e0,gamma_correction,only-caller,1
main,0x00000000006888a0,gamma_correction,only-caller,1
main,0x0000000000688cd0,gamma_correction,only-caller,1
main,0x000000000068ac20,PfxEffectMaskCopyPath,unique-callee,1
main,0x000000000068c1d0,outlineConstant,only-caller,1
main,0x000000000068cc60,DepthDiscardValue,unique-callee,1
main,0x000000000068d030,DepthDiscardValue,only-caller,1
main,0x000000000068d230,Set_State_Camp_Playground_3,unique-callee,1
main,0x000000000068d710,Origin_3,unique-callee,1
main,0x000000000068d9f0,Play_Prop_Gimmick_a_t0301_g0102_voice,unique-callee,1
main,0x000000000068da80,Set_State_Camp_Cooking,only-caller,1
main,0x000000000068f030,fel_999,only-caller,1
main,0x0000000000691560,Play_Prop_Gimmick_a_t0301_g0102_voice,unique-callee,1
main,0x0000000000699540,unnamed_7,only-caller,1
main,0x0000000000699740,PfxRenderPath,only-caller,1
main,0x0000000000699f50,PfxEffectMaskCopyPath,only-caller,1
main,0x000000000069bde0,PfxRenderPath,only-caller,1
main,0x000000000069d6e0,unnamed_27,only-caller,1
main,0x000000000069f4b0,bcat_file_load_thread,all-callers-agree,2
main,0x000000000069fa40,bcat_file_load_thread,only-caller,1
main,0x00000000006a0590,d6eee09e,only-caller,1
main,0x00000000006a0da0,d6eee09e,only-caller,1
main,0x00000000006a0e50,d6eee09e,only-caller,1
main,0x00000000006a0ed0,d6eee09e,only-caller,1
main,0x00000000006a11a0,d6eee09e,only-caller,1
main,0x00000000006a1280,d6eee09e,only-caller,1
main,0x00000000006a1360,d6eee09e,only-caller,1
main,0x00000000006a1720,d6eee09e,only-caller,1
main,0x00000000006a1800,d6eee09e,only-caller,1
main,0x00000000006a19b0,d6eee09e,unique-callee,1
main,0x00000000006a1bd0,d6eee09e,unique-callee,1
main,0x00000000006a1d40,d6eee09e,only-caller,1
main,0x00000000006a27f0,d6eee09e,unique-callee,1
main,0x00000000006a2a20,d6eee09e,only-caller,1
main,0x00000000006a3240,public_key,unique-callee,1
main,0x00000000006a3660,d6eee09e,unique-callee,1
main,0x00000000006a4ba0,d6eee09e,only-caller,1
main,0x00000000006a4c00,d6eee09e,only-caller,1
main,0x00000000006a5230,InstanceTable_137,unique-callee,1
main,0x00000000006a54a0,balloonGroups,unique-callee,1
main,0x00000000006a8500,InstanceTable_98,all-callers-agree,2
main,0x00000000006ad590,d6eee09e,only-caller,1
main,0x00000000006ae810,AnyoneLeftNotice_2,only-caller,1
main,0x00000000006aee10,p1frXqxmeCZWFv0X,only-caller,1
main,0x00000000006af060,p1frXqxmeCZWFv0X,only-caller,1
main,0x00000000006afa20,d6eee09e,only-caller,1
main,0x00000000006b6550,d6eee09e,only-caller,1
main,0x00000000006bb230,TENT__s,unique-callee,1
main,0x00000000006be5a0,d6eee09e,unique-callee,1
main,0x00000000006c1c70,d6eee09e,only-caller,1
main,0x00000000006c2a10,d6eee09e,only-caller,1
main,0x00000000006c32e0,d6eee09e,unique-callee,1
main,0x00000000006c54e0,d6eee09e,only-caller,1
main,0x00000000006cdc10,d6eee09e,only-caller,1
main,0x00000000006cdc70,d6eee09e,unique-callee,1
main,0x00000000006ce110,StartRandomMatching,unique-callee,1
main,0x00000000006ce870,StartRandomMatching,only-caller,1
main,0x00000000006dd2f0,network,unique-callee,1
main,0x00000000006de320,HttpThread,only-caller,1
main,0x00000000006de3f0,HttpThread,only-caller,1
main,0x00000000006de660,validate,only-caller,1
main,0x00000000006df410,gflnet3_descriptor_5,only-caller,1
main,0x00000000006df600,gflnet3_descriptor_5,only-caller,1
main,0x00000000006dfcf0,gflnet3_descriptor_5,only-caller,1
main,0x00000000006dfe60,Enum_type,only-caller,1
main,0x00000000006e01c0,Enum_type,only-caller,1
main,0x00000000006e0840,Enum_type,only-caller,1
main,0x00000000006e0b40,gflnet3_descriptor_5,only-caller,1
main,0x00000000006e1260,gflnet3_logging,only-caller,1
main,0x00000000006e1390,gflnet3_dynamic_message,unique-callee,1
main,0x00000000006e29b0,gflnet3_text_format_5,only-caller,1
main,0x00000000006e2a60,gflnet3_text_format_6,unique-callee,1
main,0x00000000006e2bf0,gflnet3_text_format_6,only-caller,1
main,0x00000000006e4970,proto3,only-caller,1
main,0x00000000006e51f0,proto3,only-caller,1
main,0x00000000006e53c0,proto3,only-caller,1
main,0x00000000006e54d0,proto3,only-caller,1
main,0x00000000006e7ab0,unnamed_9,only-caller,1
main,0x00000000006e8270,gflnet3_logging,only-caller,1
main,0x00000000006e8820,unnamed_9,only-caller,1
main,0x00000000006e8b80,unnamed_10,only-caller,1
main,0x00000000006e90d0,f_0_1_2,only-caller,1
main,0x00000000006eaa60,gflnet3_descriptor_5,only-caller,1
main,0x00000000006ec340,gflnet3_descriptor_5,only-caller,1
main,0x00000000006edb20,gflnet3_descriptor_5,only-caller,1
main,0x00000000006edcc0,gflnet3_descriptor_5,only-caller,1
main,0x00000000006eeef0,Field_name_0_is_reserved,only-caller,1
main,0x00000000006f0bc0,gflnet3_descriptor_5,only-caller,1
main,0x00000000006f64e0,gflnet3_text_format_5,unique-callee,1
main,0x00000000006f8490,gflnet3_descriptor_5,only-caller,1
main,0x00000000006f8830,Enum_type,only-caller,1
main,0x00000000006f9490,gflnet3_descriptor_5,only-caller,1
main,0x00000000006f95c0,gflnet3_descriptor_5,only-caller,1
main,0x00000000006f9b60,gflnet3_descriptor_5,only-caller,1
main,0x00000000006f9cc0,gflnet3_descriptor_5,only-caller,1
main,0x00000000006f9e90,gflnet3_descriptor_5,only-caller,1
main,0x00000000006f9ff0,gflnet3_descriptor_5,only-caller,1
main,0x00000000006fa150,gflnet3_descriptor_5,only-caller,1
main,0x00000000006fa2b0,gflnet3_descriptor_5,only-caller,1
main,0x00000000006fa410,gflnet3_descriptor_5,only-caller,1
main,0x00000000006fa700,gflnet3_logging,only-caller,1
main,0x00000000006fafb0,gflnet3_descriptor_5,only-caller,1
main,0x00000000006fb0c0,proto2,only-caller,1
main,0x00000000006fb210,gflnet3_descriptor_5,only-caller,1
main,0x00000000006fb320,Field_name_0_is_reserved,only-caller,1
main,0x00000000006fb650,Field_name_0_is_reserved,only-caller,1
main,0x00000000006fb760,Field_name_0_is_reserved,only-caller,1
main,0x00000000006fb980,Couldn_t_parse_default_value,only-caller,1
main,0x00000000006fbcb0,Couldn_t_parse_default_value,only-caller,1
main,0x00000000006fbdc0,Field_name_0_is_reserved,only-caller,1
main,0x00000000006fc0f0,Field_name_0_is_reserved,only-caller,1
main,0x00000000006fc200,Enums_must_contain_at_least_one_value,only-caller,1
main,0x00000000006fc530,Enums_must_contain_at_least_one_value,only-caller,1
main,0x00000000006fc640,the_global_scope,only-caller,1
main,0x00000000006fc970,the_global_scope,only-caller,1
main,0x00000000006fca80,gflnet3_descriptor_5,only-caller,1
main,0x00000000006fcdb0,gflnet3_descriptor_5,only-caller,1
main,0x00000000006fcec0,gflnet3_descriptor_5,only-caller,1
main,0x00000000006fd300,This_is_not,only-caller,1
main,0x00000000006fd410,This_is_not,only-caller,1
main,0x00000000006fd540,Expanded_map_entry_type,only-caller,1
main,0x00000000006fd670,Expanded_map_entry_type,only-caller,1
main,0x00000000006fd780,unnamed_11,only-caller,1
main,0x00000000006fd8d0,unnamed_11,only-caller,1
main,0x00000000006fdca0,Couldn_t_parse_default_value,only-caller,1
main,0x00000000006fdf80,Couldn_t_parse_default_value,only-caller,1
main,0x00000000006fe2c0,Extension_numbers_cannot_be_greater_than_0,only-caller,1
main,0x00000000006fe8d0,gflnet3_descriptor_2,only-caller,1
main,0x00000000006febe0,gflnet3_descriptor_2,only-caller,1
main,0x00000000006fed50,gflnet3_descriptor_2,only-caller,1
main,0x00000000006fee00,gflnet3_descriptor_2,only-caller,1
main,0x00000000006fef30,gflnet3_descriptor_2,unique-callee,1
main,0x00000000006ff040,gflnet3_text_format_5,only-caller,1
main,0x00000000006ff0a0,gflnet3_text_format_5,only-caller,1
main,0x0000000000700130,gflnet3_tokenizer_2,only-caller,1
main,0x0000000000700b80,gflnet3_text_format_5,only-caller,1
main,0x0000000000700d70,gflnet3_text_format_5,only-caller,1
main,0x0000000000700f80,gflnet3_descriptor_15,only-caller,1
main,0x0000000000700f90,gflnet3_descriptor_15,only-caller,1
main,0x0000000000700fa0,gflnet3_descriptor_15,only-caller,1
main,0x00000000007012a0,gflnet3_descriptor_15,only-caller,1
main,0x00000000007066a0,gflnet3_text_format_5,only-caller,1
main,0x000000000070ac80,gflnet3_descriptor_5,only-caller,1
main,0x000000000070b180,Value_of_type,only-caller,1
main,0x000000000070b2c0,gflnet3_descriptor_15,only-caller,1
main,0x000000000070cb60,gflnet3_wire_format_2,unique-callee,1
main,0x000000000070d3f0,gflnet3_message_lite_3,only-caller,1
main,0x000000000070d420,gflnet3_message_lite_3,only-caller,1
main,0x000000000070ddd0,gflnet3_tokenizer_2,unique-callee,1
main,0x000000000070dfa0,gflnet3_tokenizer_2,only-caller,1
main,0x000000000070efc0,gflnet3_wire_format_2,only-caller,1
main,0x000000000070fc00,gflnet3_wire_format_2,only-caller,1
main,0x0000000000711a60,gflnet3_wire_format_2,only-caller,1
main,0x0000000000715050,gflnet3_wire_format_lite_5,unique-callee,1
main,0x0000000000715270,gflnet3_wire_format_lite_5,only-caller,1
main,0x00000000007164d0,gflnet3_dynamic_message,only-caller,1
main,0x00000000007166f0,gflnet3_dynamic_message,only-caller,1
main,0x0000000000716820,gflnet3_dynamic_message,only-caller,1
main,0x0000000000716dd0,Message_missing_required_fields,only-caller,1
main,0x0000000000717e60,gflnet3_message_3,only-caller,1
main,0x0000000000718200,gflnet3_message_4,only-caller,1
main,0x0000000000718590,gflnet3_message_6,only-caller,1
main,0x00000000007186c0,gflnet3_message_3,only-caller,1
main,0x0000000000718930,gflnet3_message_4,only-caller,1
main,0x0000000000718f60,gflnet3_reflection_internal,only-caller,1
main,0x00000000007194d0,gflnet3_reflection_internal_2,only-caller,1
main,0x0000000000719a30,gflnet3_reflection_internal_3,only-caller,1
main,0x0000000000719f90,gflnet3_reflection_internal_4,only-caller,1
main,0x000000000071a500,gflnet3_reflection_internal_5,only-caller,1
main,0x000000000071aa70,gflnet3_reflection_internal_6,only-caller,1
main,0x000000000071afc0,gflnet3_reflection_internal_7,only-caller,1
main,0x000000000071c090,gflnet3_map_field,only-caller,1
main,0x0000000000722e70,gflnet3_message_2,only-caller,1
main,0x0000000000724750,MutableMessage,unique-callee,1
main,0x0000000000724a30,gflnet3_extension_set_26,only-caller,1
main,0x0000000000724f90,gflnet3_extension_set_26,only-caller,1
main,0x00000000007254f0,gflnet3_extension_set_26,only-caller,1
main,0x0000000000725a50,gflnet3_extension_set_26,only-caller,1
main,0x0000000000725fb0,gflnet3_extension_set_26,only-caller,1
main,0x0000000000726520,gflnet3_extension_set_26,only-caller,1
main,0x0000000000726aa0,gflnet3_extension_set_26,only-caller,1
main,0x0000000000727620,GetString,only-caller,1
main,0x0000000000727b50,gflnet3_extension_set_26,only-caller,1
main,0x0000000000728120,gflnet3_extension_set_26,only-caller,1
main,0x0000000000729860,gflnet3_generated_message_reflection_3,only-caller,1
main,0x0000000000729bd0,gflnet3_generated_message_reflection_4,only-caller,1
main,0x000000000072de70,gflnet3_dynamic_message,only-caller,1
main,0x000000000072def0,gflnet3_dynamic_message,only-caller,1
main,0x0000000000732cc0,gflnet3_generated_message_reflection_4,only-caller,1
main,0x0000000000733150,gflnet3_generated_message_reflection_4,unique-callee,1
main,0x000000000073cb60,gflnet3_generated_message_reflection,only-caller,1
main,0x000000000073e100,GetMessage,only-caller,1
main,0x000000000073e1c0,MutableMessage,only-caller,1
main,0x000000000073e2c0,ReleaseMessage,only-caller,1
main,0x0000000000740780,gflnet3_descriptor_15,all-callers-agree,2
main,0x0000000000740790,gflnet3_descriptor_15,only-caller,1
main,0x0000000000740880,gflnet3_descriptor_15,only-caller,1
main,0x00000000007408f0,Interpreting_non_ascii_codepoint_d,unique-callee,1
main,0x00000000007418b0,Interpreting_non_ascii_codepoint_d,only-caller,1
main,0x0000000000742720,Enum_type,only-caller,1
main,0x0000000000742af0,gflnet3_strtod,only-caller,1
main,0x0000000000742cf0,gflnet3_text_format_2,only-caller,1
main,0x0000000000745250,gflnet3_descriptor_18,only-caller,1
main,0x0000000000747fc0,gflnet3_descriptor_19,only-caller,1
main,0x000000000074b980,gflnet3_descriptor_26,only-caller,1
main,0x000000000074baa0,gflnet3_descriptor_26,only-caller,1
main,0x000000000074bbc0,gflnet3_descriptor_26,only-caller,1
main,0x000000000074f770,gflnet3_descriptor_35,only-caller,1
main,0x00000000007518c0,gflnet3_descriptor_41,only-caller,1
main,0x0000000000759580,proto3,only-caller,1
main,0x000000000075b090,gflnet3_descriptor_57,only-caller,1
main,0x000000000075c970,gflnet3_descriptor_5,only-caller,1
main,0x000000000075d1a0,gflnet3_descriptor_5,only-caller,1
main,0x000000000075e940,gflnet3_descriptor_64,only-caller,1
main,0x000000000075f910,gflnet3_descriptor_18,only-caller,1
main,0x000000000075f940,gflnet3_descriptor_19,only-caller,1
main,0x000000000075f960,gflnet3_descriptor_26,only-caller,1
main,0x000000000075f970,gflnet3_descriptor_26,only-caller,1
main,0x000000000075f980,gflnet3_descriptor_26,only-caller,1
main,0x000000000075f990,gflnet3_descriptor_35,only-caller,1
main,0x000000000075f9a0,gflnet3_descriptor_41,only-caller,1
main,0x000000000075f9c0,gflnet3_descriptor_57,only-caller,1
main,0x000000000075f9e0,gflnet3_descriptor_64,only-caller,1
main,0x0000000000760490,gflnet3_descriptor_database_2,only-caller,1
main,0x0000000000760e40,gflnet3_descriptor_database_3,only-caller,1
main,0x0000000000761130,gflnet3_descriptor_database_4,only-caller,1
main,0x0000000000761230,gflnet3_descriptor_database_4,only-caller,1
main,0x0000000000761f70,monsname_2,only-caller,1
main,0x00000000007621d0,anime_info_out,only-caller,1
main,0x0000000000762950,SystemMessageView_3,only-caller,1
main,0x0000000000762da0,EVOLVE_POKEMON,only-caller,1
main,0x0000000000762e50,EVOLVE_POKEMON,only-caller,1
main,0x00000000007631d0,Stop_Battle_Music_for865,only-caller,1
main,0x0000000000763240,Stop_Battle_Music_for865,only-caller,1
main,0x0000000000763630,anime_L_spdefense_00,unique-callee,1
main,0x0000000000764c30,ViewResult,unique-callee,1
main,0x0000000000764da0,ViewResult,only-caller,1
main,0x00000000007655b0,Set_Volume_m96_Field_Music,all-callers-agree,2
main,0x0000000000766f50,LEARN_SKILL_5,only-caller,1
main,0x0000000000767090,LEARN_SKILL_4,only-caller,1
main,0x00000000007676f0,poke_memory_place_2,only-caller,1
main,0x0000000000767700,poke_memory_place_2,only-caller,1
main,0x0000000000767710,poke_memory_place_2,only-caller,1
main,0x0000000000767870,Play_Camp_Rush,unique-callee,1
main,0x00000000007678e0,Play_Camp_ClosenessUp,only-caller,1
main,0x0000000000767a10,MEET_BY_EVENT,only-caller,1
main,0x0000000000767b90,SystemMessageView_6,only-caller,1
main,0x0000000000768c60,LEARN_SKILL_3,only-caller,1
main,0x0000000000769060,EVOLVE_POKEMON,only-caller,1
main,0x00000000007690e0,Stop_Battle_Music_for865,all-callers-agree,2
main,0x0000000000769150,Stop_Battle_Music_for865,only-caller,1
main,0x00000000007691a0,Stop_Battle_Music_for865,only-caller,1
main,0x0000000000769240,anime_tnote_poke,all-callers-agree,3
main,0x00000000007693a0,monsname_2,only-caller,1
main,0x00000000007693e0,Stop_Battle_Music_for865,all-callers-agree,2
main,0x00000000007697c0,monsname_2,only-caller,1
main,0x0000000000769f50,monsname_2,only-caller,1
main,0x000000000076a0c0,monsname_2,only-caller,1
main,0x000000000076a5c0,monsname_2,unique-callee,1
main,0x000000000076ac70,monsname_2,only-caller,1
main,0x000000000076c0c0,monsname_2,only-caller,1
main,0x000000000076c470,NONE_NONE_4,all-callers-agree,4
main,0x000000000076c4a0,NONE_NONE_4,all-callers-agree,4
main,0x000000000076ca40,NONE_NONE_4,all-callers-agree,4
main,0x000000000076d0d0,unnamed_14,unique-callee,1
main,0x000000000076d2b0,monsname_2,only-caller,1
main,0x000000000076d610,anime_L_poke_name_00_keep_2,unique-callee,1
main,0x000000000076e0f0,monsname_2,only-caller,1
main,0x000000000076e840,monsname_2,only-caller,1
main,0x000000000076eb50,monsname_2,only-caller,1
main,0x000000000076efc0,monsname_2,only-caller,1
main,0x000000000076f430,monsname_2,only-caller,1
main,0x000000000076f550,anime_info_out,unique-callee,1
main,0x000000000076f7d0,execute_2,unique-callee,1
main,0x0000000000770910,EVOLVE_POKEMON,only-caller,1
main,0x0000000000771520,Set_Volume_m96_Field_Music,unique-callee,1
main,0x0000000000776170,Stop_Battle_Music_for865,unique-callee,1
main,0x00000000007779a0,Play_Camp_ClosenessUp,unique-callee,1
main,0x000000000077f890,Stop_Battle_Music_for865,all-callers-agree,2
main,0x000000000077fb20,anime_L_spdefense_00,unique-callee,1
main,0x000000000077fc60,monsname_2,only-caller,1
main,0x0000000000780ae0,monsname_2,only-caller,1
main,0x0000000000780d40,barrierbreak_g,unique-callee,1
main,0x00000000007814e0,monsname_2,only-caller,1
main,0x00000000007816b0,monsname_2,only-caller,1
main,0x00000000007816f0,barrierbreak_g,unique-callee,1
main,0x0000000000782dd0,Stop_Battle_Music_for865,only-caller,1
main,0x0000000000782de0,Stop_Battle_Music_for865,all-callers-agree,2
main,0x0000000000783bd0,fileName,unique-callee,1
main,0x0000000000784760,turn_start_duration,only-caller,1
main,0x0000000000784960,Set_State_Event_Script_Demo,unique-callee,1
main,0x00000000007856b0,Stop_Battle_Music_for865,only-caller,1
main,0x00000000007857b0,Stop_Battle_Music_for865,only-caller,1
main,0x0000000000785ce0,BagStateSkillLearning,unique-callee,1
main,0x0000000000786050,item_dummy_2,only-caller,1
main,0x00000000007860e0,anime_pattern_comment,only-caller,1
main,0x00000000007863b0,BagViewShop,unique-callee,1
main,0x0000000000786a40,box_button_00,unique-callee,1
main,0x0000000000786cf0,BagStateSkillLearning,all-callers-agree,2
main,0x0000000000788dd0,mTimeRatio_is_f,only-caller,1
main,0x00000000007894c0,mTimeRatio_is_f_2,only-caller,1
main,0x00000000007897f0,mTimeRatio_is_f_2,only-caller,1
main,0x000000000078a780,mTimeRatio_is_f_2,only-caller,1
main,0x000000000078aa80,mTimeRatio_is_f_2,only-caller,1
main,0x000000000078acf0,mTimeRatio_is_f,only-caller,1
main,0x000000000078d430,Failed_during_GrainReader_allocation_insufficient_memory,unique-callee,1
main,0x000000000078d5a0,mTimeRatio_is_f_2,unique-callee,1
main,0x000000000078d8d0,Failed_during_grain_allocation_insufficient_memory,only-caller,1
main,0x000000000078da40,mTimeRatio_is_f_2,only-caller,1
main,0x000000000078dbb0,mTimeRatio_is_f,only-caller,1
main,0x000000000078e1d0,Real_FFT_optimization_must_be_even,only-caller,1
main,0x000000000078ebd0,kiss_fft_usage_error_improper_alloc,unique-callee,1
main,0x000000000078f350,attention,only-caller,1
main,0x0000000000790010,attention,only-caller,1
main,0x0000000000791a00,Play_Prop_Gimmick_PM_drop,unique-callee,1
main,0x0000000000791d50,nn_ldn_SetStationAcceptPolicy_2,unique-callee,1
main,0x0000000000791dc0,Play_Prop_Gimmick_PM_drop,only-caller,1
main,0x0000000000792060,Play_Prop_Gimmick_PM_drop,only-caller,1
main,0x0000000000792720,SourceGlobal,only-caller,1
main,0x00000000007935d0,unnamed_12,only-caller,1
main,0x00000000007935f0,nn_ldn_SetStationAcceptPolicy_2,unique-callee,1
main,0x0000000000793600,SourceGlobal,only-caller,1
main,0x0000000000793610,unnamed_12,only-caller,1
main,0x00000000007938b0,SourceGlobal,only-caller,1
main,0x0000000000793a60,ba_cheer,unique-callee,1
main,0x0000000000794040,Play_UI_common_encount,unique-callee,1
main,0x0000000000794220,PM133_06,unique-callee,1
main,0x0000000000794310,AudioUsbDeviceOutput,unique-callee,1
main,0x0000000000794330,Play_Prop_Gimmick_PM_drop,unique-callee,1
main,0x00000000007943f0,Corridor,only-caller,1
main,0x0000000000794560,BagViewShop,only-caller,1
main,0x0000000000794ca0,BagViewShop,only-caller,1
main,0x00000000007951f0,BagViewShop,only-caller,1
main,0x0000000000795a20,BagViewShop_2,only-caller,1
main,0x0000000000799840,BagViewShop,unique-callee,1
main,0x0000000000799930,BagViewShop,unique-callee,1
main,0x000000000079a420,BagViewShop,only-caller,1
main,0x000000000079a540,BagViewShop,only-caller,1
main,0x000000000079e500,grid_00,only-caller,1
main,0x000000000079e8a0,grid_00,only-caller,1
main,0x000000000079eee0,BagViewShop_2,only-caller,1
main,0x00000000007a29b0,anime_pattern_comment,only-caller,1
main,0x00000000007a2b10,BagViewShop_8,only-caller,1
main,0x00000000007a2b80,BagViewShop_8,only-caller,1
main,0x00000000007a2de0,BagViewShop_8,only-caller,1
main,0x00000000007a2e30,msg_ui_pokecamp_cooking_31_02,only-caller,1
main,0x00000000007a30a0,BagStateSkillLearning,only-caller,1
main,0x00000000007a3140,USE_SPRAY,only-caller,1
main,0x00000000007a3150,USE_SPRAY,only-caller,1
main,0x00000000007a3490,BagStateUsePoke,only-caller,1
main,0x00000000007a3570,BagStatePokeSelect,only-caller,1
main,0x00000000007a3620,BagViewIngredientsEffect,only-caller,1
main,0x00000000007a3a10,stamp_table_6,unique-callee,1
main,0x00000000007a6d90,BagViewShop,only-caller,1
main,0x00000000007a7260,BagViewShop,only-caller,1
main,0x00000000007a7830,BagViewShop_2,only-caller,1
main,0x00000000007a78c0,BagViewShop_2,only-caller,1
main,0x00000000007a78f0,BagViewShop_3,only-caller,1
main,0x00000000007a79f0,BagViewShop_2,only-caller,1
main,0x00000000007a9fd0,BagViewShop_5,only-caller,1
main,0x00000000007aa420,BagViewIngredientsEffect,only-caller,1
main,0x00000000007acd40,BagStateCombine,only-caller,1
main,0x00000000007ace40,BagStateCombine,only-caller,1
main,0x00000000007af360,BagStatePossess,only-caller,1
main,0x00000000007aff10,BagStateUsePoke,only-caller,1
main,0x00000000007b0870,BagStateUsePoke,only-caller,1
main,0x00000000007b0d90,BagStateEvolution,only-caller,1
main,0x00000000007b1a40,USE_SPRAY,only-caller,1
main,0x00000000007b1b50,USE_SPRAY,all-callers-agree,2
main,0x00000000007b1c40,USE_SPRAY,only-caller,1
main,0x00000000007b3fd0,BagStatePokeSelect,only-caller,1
main,0x00000000007b4ef0,BagStateSkillSelect,only-caller,1
main,0x00000000007b84c0,BagStateSkillLearning,only-caller,1
main,0x00000000007bb370,BagViewShop_6,only-caller,1
main,0x00000000007bb530,BagViewShop_6,only-caller,1
main,0x00000000007bfd00,monsname,only-caller,1
main,0x00000000007c1d40,item_hash_to_index,only-caller,1
main,0x00000000007c2b90,a_t0101_i0101,only-caller,1
main,0x00000000007c4ab0,fileName,only-caller,1
main,0x00000000007c4c80,fileName,only-caller,1
main,0x00000000007c4df0,fileName,only-caller,1
main,0x00000000007cb540,ee630,unique-callee,1
main,0x00000000007cb660,ee630,all-callers-agree,2
main,0x00000000007cb7a0,ee630,all-callers-agree,2
main,0x00000000007cb850,ee630,all-callers-agree,2
main,0x00000000007cc8f0,fileName,only-caller,1
main,0x00000000007ce1c0,NONE_NONE_5,only-caller,1
main,0x00000000007ce1f0,NONE_NONE_5,only-caller,1
main,0x00000000007ea870,fileName,only-caller,1
main,0x00000000007ebfc0,fileName,only-caller,1
main,0x00000000007ec0f0,fileName,only-caller,1
main,0x00000000007f4580,AnyoneLeftNotice,unique-callee,1
main,0x00000000007f47e0,NONE_NONE_4,all-callers-agree,2
main,0x00000000007f4b10,NONE_NONE_3,only-caller,1
main,0x00000000007f4c30,NONE_NONE_3,only-caller,1
main,0x00000000007f4fb0,NONE_NONE_7,only-caller,1
main,0x00000000007f4fd0,a_btl37_wr03,only-caller,1
main,0x00000000007f5340,a_btl37_wr03_2,only-caller,1
main,0x00000000007f57b0,a_btl37_wr03_2,only-caller,1
main,0x00000000007f59c0,NONE_NONE_4,only-caller,1
main,0x00000000007f5a90,NONE_NONE_4,only-caller,1
main,0x00000000007f5b60,NONE_NONE_4,only-caller,1
main,0x00000000007f5d30,NONE_NONE_4,only-caller,1
main,0x00000000007f5f60,NONE_NONE_4,only-caller,1
main,0x00000000007f6110,NONE_NONE_4,only-caller,1
main,0x00000000007f62c0,NONE_NONE_4,only-caller,1
main,0x00000000007f64d0,NONE_NONE_4,only-caller,1
main,0x00000000007f6c00,NONE_NONE_5,only-caller,1
main,0x00000000007f6ea0,fileName,only-caller,1
main,0x00000000007f8350,fileName,only-caller,1
main,0x00000000007f8bd0,fileName,unique-callee,1
main,0x00000000007f8c10,fileName,only-caller,1
main,0x00000000007f9ac0,ee630,unique-callee,1
main,0x00000000007fd000,fileName,unique-callee,1
main,0x00000000007fe830,fileName,only-caller,1
main,0x00000000007feaa0,fileName,only-caller,1
main,0x00000000007ff150,Set_State_BattleSunny,only-caller,1
main,0x00000000007ff2a0,Set_State_BattleSunny,only-caller,1
main,0x00000000007ff3a0,fileName,only-caller,1
main,0x00000000007ff5e0,fileName,only-caller,1
main,0x00000000007ff840,fileName,only-caller,1
main,0x0000000000800550,fileName,only-caller,1
main,0x0000000000800720,fileName,only-caller,1
main,0x0000000000800d40,fileName,only-caller,1
main,0x00000000008017f0,fileName,only-caller,1
main,0x0000000000801930,fileName,only-caller,1
main,0x0000000000802560,fileName,only-caller,1
main,0x00000000008025f0,fileName,only-caller,1
main,0x0000000000802dd0,fileName,only-caller,1
main,0x0000000000803a10,fileName,only-caller,1
main,0x0000000000891a20,fileName,unique-callee,1
main,0x00000000008920d0,fileName,only-caller,1
main,0x0000000000893310,fileName,only-caller,1
main,0x00000000008939e0,fileName,only-caller,1
main,0x0000000000894000,fileName,only-caller,1
main,0x0000000000894500,fileName,only-caller,1
main,0x00000000008990d0,fileName,only-caller,1
main,0x000000000089ad30,fileName,only-caller,1
main,0x000000000089ae20,fileName,only-caller,1
main,0x000000000089b690,fileName,only-caller,1
main,0x00000000008a6010,fileName,unique-callee,1
main,0x00000000008a6d00,fileName,only-caller,1
main,0x00000000008a6d10,fileName,only-caller,1
main,0x00000000008a8230,fileName,only-caller,1
main,0x00000000008a9070,ee630,all-callers-agree,2
main,0x00000000008abdf0,fileName,only-caller,1
main,0x00000000008ad300,fileName,only-caller,1
main,0x00000000008ad580,fileName,only-caller,1
main,0x00000000008adb30,fileName,unique-callee,1
main,0x00000000008b17a0,fileName,only-caller,1
main,0x00000000008b2890,fileName,only-caller,1
main,0x00000000008c9e20,fileName,only-caller,1
main,0x00000000008ca6b0,fel_999,only-caller,1
main,0x00000000008cac40,fel_999,only-caller,1
main,0x00000000008cacc0,fel_999,only-caller,1
main,0x00000000008cad30,Set_State_Battle_Off,only-caller,1
main,0x00000000008ce2e0,fileName,only-caller,1
main,0x00000000008ce700,fileName,only-caller,1
main,0x00000000008cf610,Set_Volume_m96_Field_Music,only-caller,1
main,0x00000000008cf6b0,Set_Volume_m96_Field_Music,unique-callee,1
main,0x00000000008d01a0,Set_Volume_m96_Field_Music,only-caller,1
main,0x00000000008d0be0,CommonOptionBar,only-caller,1
main,0x00000000008d1310,CommonOptionBar,only-caller,1
main,0x00000000008d2d20,CommonOptionBar,only-caller,1
main,0x00000000008d2e40,CommonOptionBar,only-caller,1
main,0x00000000008d30e0,CommonOptionBar,only-caller,1
main,0x00000000008d3200,CommonOptionBar,only-caller,1
main,0x00000000008d3440,CommonOptionBar,only-caller,1
main,0x00000000008d3560,CommonOptionBar,only-caller,1
main,0x00000000008d37a0,ViewSelect,only-caller,1
main,0x00000000008d38f0,ViewSelect,only-caller,1
main,0x00000000008d3a30,ViewSelect,only-caller,1
main,0x00000000008d3b70,ViewSelect,only-caller,1
main,0x00000000008d3cc0,ViewSelect,only-caller,1
main,0x00000000008d4040,ViewSelect,only-caller,1
main,0x00000000008d4190,ViewSelect,only-caller,1
main,0x00000000008d42d0,ViewSelect,only-caller,1
main,0x00000000008d4b80,ViewAllParty,only-caller,1
main,0x00000000008d4e10,ViewAllParty,only-caller,1
main,0x00000000008d7ac0,L_pselect_temochi_00_L,only-caller,1
main,0x00000000008d9270,ViewAllParty,only-caller,1
main,0x00000000008da010,ViewAllParty,only-caller,1
main,0x00000000008e0060,StateBtlSpotCompTop_3,only-caller,1
main,0x00000000008e04b0,a_btl36_vs02,only-caller,1
main,0x00000000008e0710,a_btl36_vs02,only-caller,1
main,0x00000000008e0de0,OptionBar_11,only-caller,1
main,0x00000000008e1430,StateBtlSpotRankMatchBattle_3,all-callers-agree,2
main,0x00000000008e3fc0,ViewBattletowerSelectmode,only-caller,1
main,0x00000000008e59a0,ViewBattletowerSelectmode,only-caller,1
main,0x00000000008e5ac0,ViewBattletowerSelectmode,only-caller,1
main,0x00000000008e5d80,ViewBattletowerSelectmode,only-caller,1
main,0x00000000008e5ea0,ViewBattletowerSelectmode,only-caller,1
main,0x00000000008e6020,ViewBattletowerSelectmode,only-caller,1
main,0x00000000008e6310,ViewBattletowerSelectmode,only-caller,1
main,0x00000000008e6430,ViewBattletowerSelectmode,only-caller,1
main,0x00000000008e65b0,ViewBattletowerSelectmode,only-caller,1
main,0x00000000008e6f20,statebattletowerout,only-caller,1
main,0x00000000008e6f50,ViewBattletowerSelectmode,only-caller,1
main,0x00000000008e7010,ViewBattletowerSelectmode,only-caller,1
main,0x00000000008e7080,statebattletowerin,only-caller,1
main,0x00000000008e7460,L_rank_00,only-caller,1
main,0x00000000008e7620,L_rank_00,only-caller,1
main,0x00000000008e7f30,L_rank_00,only-caller,1
main,0x00000000008e80e0,statebattletowerselectmode,only-caller,1
main,0x00000000008ea550,ba_cheer,only-caller,1
main,0x00000000008ea5d0,Play_Ba_sys_hit_m,only-caller,1
main,0x00000000008ea650,Play_Ba_sys_pinch,only-caller,1
main,0x00000000008ea6b0,Play_Ba_sys_pinch,only-caller,1
main,0x00000000008eb3a0,BossView,unique-callee,1
main,0x00000000008eb4f0,RemainTimeView,unique-callee,1
main,0x00000000008eb790,SpectatorViewName,only-caller,1
main,0x00000000008eb8e0,TokuseiView,unique-callee,1
main,0x00000000008eba30,FogView,unique-callee,1
main,0x00000000008ebe10,ActionSelectSubView_3,only-caller,1
main,0x00000000008ecc80,ActionSelectSubView,only-caller,1
main,0x00000000008eed60,L_HP_boss_00,only-caller,1
main,0x00000000008f0890,L_HP_boss_00,only-caller,1
main,0x00000000008f19b0,pane_L_notice__02d_T_notice_01,unique-callee,1
main,0x00000000008f2900,ActionSelectSubView_2,unique-callee,1
main,0x00000000008f4080,anime_switch,only-caller,1
main,0x00000000008f40a0,anime_switch,only-caller,1
main,0x00000000008f9bd0,L_time_near_L_timer_00,only-caller,1
main,0x00000000008fb170,L_time_near_L_timer_00,only-caller,1
main,0x00000000008fb3f0,L_time_near_L_timer_00,only-caller,1
main,0x00000000008fcc00,L_time_near_L_timer_00,only-caller,1
main,0x00000000008ff2b0,L_time_near_L_timer_00,only-caller,1
main,0x0000000000905d70,Play_Ba_sys_hit_m,unique-callee,1
main,0x00000000009061a0,Play_Ba_sys_hit_m,only-caller,1
main,0x0000000000906480,ActionSelectSubView_2,only-caller,1
main,0x0000000000907b50,L_near4_raid_L_pokeicon_00,only-caller,1
main,0x00000000009082d0,ActionSelectSubView_2,only-caller,1
main,0x0000000000908300,ActionSelectSubView_2,only-caller,1
main,0x0000000000909420,RaidResultView,only-caller,1
main,0x000000000090a310,ActionSelectSubView,only-caller,1
main,0x000000000090a4a0,ActionSelectSubView,only-caller,1
main,0x000000000090ab60,RemainTimeView_2,only-caller,1
main,0x000000000090de80,ba_cheer,only-caller,1
main,0x000000000090e4c0,ActionSelectSubView,only-caller,1
main,0x000000000090e980,ActionSelectSubView,only-caller,1
main,0x000000000090f090,ActionSelectSubView,only-caller,1
main,0x000000000090f360,ActionSelectSubView,only-caller,1
main,0x000000000090f5d0,ActionSelectSubView,only-caller,1
main,0x000000000090f6f0,ActionSelectSubView,only-caller,1
main,0x000000000090f930,ActionSelectSubView,only-caller,1
main,0x000000000090fa50,ActionSelectSubView,only-caller,1
main,0x000000000090fcd0,ActionSelectSubView,only-caller,1
main,0x000000000090fdf0,ActionSelectSubView,only-caller,1
main,0x0000000000910090,ActionSelectSubView,only-caller,1
main,0x00000000009101b0,ActionSelectSubView,only-caller,1
main,0x00000000009104b0,ActionSelectSubView,only-caller,1
main,0x00000000009105d0,ActionSelectSubView,only-caller,1
main,0x0000000000910830,ActionSelectSubView,only-caller,1
main,0x0000000000910950,ActionSelectSubView,only-caller,1
main,0x0000000000910ba0,ActionSelectSubView,only-caller,1
main,0x0000000000910cc0,ActionSelectSubView,only-caller,1
main,0x0000000000910ef0,ActionSelectSubView,only-caller,1
main,0x0000000000911010,ActionSelectSubView,only-caller,1
main,0x0000000000911190,ActionSelectSubView,only-caller,1
main,0x00000000009113f0,ActionSelectSubView,only-caller,1
main,0x0000000000911510,ActionSelectSubView,only-caller,1
main,0x0000000000911690,ActionSelectSubView,only-caller,1
main,0x00000000009117e0,ActionSelectSubView,only-caller,1
main,0x0000000000911900,ActionSelectSubView,only-caller,1
main,0x0000000000911b30,ActionSelectSubView,only-caller,1
main,0x0000000000911c50,ActionSelectSubView,only-caller,1
main,0x0000000000911ec0,ActionSelectSubView,only-caller,1
main,0x0000000000911fe0,ActionSelectSubView,only-caller,1
main,0x0000000000912230,ActionSelectSubView,only-caller,1
main,0x0000000000912350,ActionSelectSubView,only-caller,1
main,0x00000000009124d0,ActionSelectSubView,only-caller,1
main,0x0000000000912610,ActionSelectSubView,only-caller,1
main,0x0000000000912730,ActionSelectSubView,only-caller,1
main,0x00000000009128b0,ActionSelectSubView,only-caller,1
main,0x0000000000912c10,ActionSelectSubView,only-caller,1
main,0x0000000000912d30,ActionSelectSubView,only-caller,1
main,0x0000000000912f40,ActionSelectSubView,only-caller,1
main,0x0000000000913160,ActionSelectSubView,only-caller,1
main,0x0000000000913280,ActionSelectSubView,only-caller,1
main,0x0000000000913520,ActionSelectSubView,only-caller,1
main,0x0000000000913640,ActionSelectSubView,only-caller,1
main,0x0000000000917090,RemainTimeView_2,only-caller,1
main,0x0000000000919190,RemainTimeView_2,only-caller,1
main,0x00000000009191b0,WazaSelectSubView,only-caller,1
main,0x0000000000919f80,L_gskillButton_03,only-caller,1
main,0x0000000000919f90,L_gskillButton_03,only-caller,1
main,0x000000000091c480,ActionSelectSubView_3,only-caller,1
main,0x000000000091c940,RemainTimeView_2,only-caller,1
main,0x0000000000920c60,RaidResultView,only-caller,1
main,0x0000000000920d70,RaidResultView,only-caller,1
main,0x0000000000921040,RaidResultView,only-caller,1
main,0x00000000009216c0,T_title_00,only-caller,1
main,0x00000000009218a0,T_title_00,only-caller,1
main,0x0000000000921ba0,RaidResultView,only-caller,1
main,0x0000000000922090,T_title_00,only-caller,1
main,0x00000000009225f0,T_title_00,only-caller,1
main,0x00000000009228b0,RaidResultView,unique-callee,1
main,0x0000000000922b80,T_title_00,only-caller,1
main,0x0000000000923960,T_title_00,only-caller,1
main,0x0000000000926da0,RaidResultView,only-caller,1
main,0x00000000009276f0,View_SelectWaza,only-caller,1
main,0x0000000000928ed0,L_netbtl_standby_team_05,only-caller,1
main,0x00000000009292f0,L_netbtl_standby_team_05,only-caller,1
main,0x0000000000929670,anime_switch,only-caller,1
main,0x00000000009299d0,anime_switch,only-caller,1
main,0x000000000092a5b0,L_netbtl_standby_team_05,only-caller,1
main,0x000000000092b780,WazaSelectSubView,only-caller,1
main,0x000000000092c150,WazaSelectSubView,only-caller,1
main,0x000000000092e6a0,pane__s_3,only-caller,1
main,0x0000000000930270,opponent_info,only-caller,1
main,0x0000000000930360,opponent_info,only-caller,1
main,0x0000000000930830,TargetSelectView,only-caller,1
main,0x0000000000931520,ActionSelectSubView_2,only-caller,1
main,0x0000000000934a30,L_pokeIcon_00,only-caller,1
main,0x0000000000934e50,OptionBarView,only-caller,1
main,0x0000000000934e70,OptionBarView,only-caller,1
main,0x0000000000935980,OptionBarView,only-caller,1
main,0x0000000000936190,L_pokeIcon_00,only-caller,1
main,0x0000000000936760,L_pokeIcon_00,only-caller,1
main,0x0000000000936d10,L_pokeIcon_00,only-caller,1
main,0x0000000000937640,L_pokeIcon_00,only-caller,1
main,0x00000000009382a0,OptionBarView,only-caller,1
main,0x0000000000939f80,RemainTimeView_3,unique-callee,1
main,0x000000000093a090,RemainTimeView_3,only-caller,1
main,0x000000000093a2c0,StartingDemoView,unique-callee,1
main,0x000000000093a3d0,StartingDemoView,only-caller,1
main,0x000000000093c570,PokeListViewBattle_3,unique-callee,1
main,0x000000000093cb20,Play_UI_Message,only-caller,1
main,0x000000000093cc70,Play_UI_Message,only-caller,1
main,0x000000000093cc90,Play_UI_Message,only-caller,1
main,0x000000000093ccb0,Play_UI_Message,only-caller,1
main,0x000000000093d140,L_cursor_00,only-caller,1
main,0x000000000093db10,StartingDemoView_2,only-caller,1
main,0x000000000093e4e0,StartingDemoView_2,only-caller,1
main,0x000000000093ea20,StartingDemoView_2,only-caller,1
main,0x000000000093eb40,StartingDemoView_2,only-caller,1
main,0x000000000093ed70,StartingDemoView_2,only-caller,1
main,0x000000000093ee90,StartingDemoView_2,only-caller,1
main,0x000000000093f010,StartingDemoView_2,only-caller,1
main,0x000000000093f1b0,StartingDemoView_2,only-caller,1
main,0x000000000093f2d0,StartingDemoView_2,only-caller,1
main,0x000000000093f450,StartingDemoView_2,only-caller,1
main,0x000000000093f5f0,StartingDemoView_2,only-caller,1
main,0x000000000093f710,StartingDemoView_2,only-caller,1
main,0x0000000000940540,NONE_NONE,only-caller,1
main,0x00000000009432e0,fel_999,only-caller,1
main,0x00000000009438f0,fel_999,only-caller,1
main,0x0000000000946300,eb_03d_capture,unique-callee,1
main,0x0000000000946430,fel_999,only-caller,1
main,0x0000000000946960,fel_999,only-caller,1
main,0x0000000000946b50,Set_State_Battle_Off,only-caller,1
main,0x0000000000947030,tr0001_00_champion_tr0001_00_battle02,only-caller,1
main,0x0000000000947d90,battle_common,only-caller,1
main,0x000000000094a810,wait_camera_lens_distortion_data,only-caller,1
main,0x000000000094f150,ba_cheer,only-caller,1
main,0x000000000094f2c0,ba_cheer,only-caller,1
main,0x0000000000950ca0,isDepthOfField,only-caller,1
main,0x00000000009510f0,isOtherField,only-caller,1
main,0x0000000000952770,isDepthOfField,only-caller,1
main,0x0000000000952910,subIndexId,only-caller,1
main,0x0000000000954130,ba_cheer,only-caller,1
main,0x0000000000955c70,ob0226_00_gfbmdl,only-caller,1
main,0x0000000000955ed0,ob0226_00_gfbmdl,only-caller,1
main,0x0000000000956780,ob0226_00_parallelball,only-caller,1
main,0x0000000000957d70,mask_d,unique-callee,1
main,0x000000000095acb0,Set_State_Battle_Wild,only-caller,1
main,0x000000000095b140,barrierbreak_g,only-caller,1
main,0x000000000095b9e0,ba_cheer,only-caller,1
main,0x00000000009626e0,ba_cheer,only-caller,1
main,0x00000000009632d0,isDepthOfField,only-caller,1
main,0x0000000000963a50,unnamed_18,only-caller,1
main,0x0000000000965c50,isDepthOfField,only-caller,1
main,0x0000000000967240,Play_SceneTransition_Footsteps,unique-callee,1
main,0x0000000000967ff0,fel_999,only-caller,1
main,0x0000000000968e40,fel_999,only-caller,1
main,0x0000000000969100,fel_999,only-caller,1
main,0x0000000000969790,ba_cheer,unique-callee,1
main,0x00000000009698a0,fel_999,only-caller,1
main,0x0000000000969b60,eb_03d_capture,only-caller,1
main,0x000000000096b0b0,wait_camera_lens_distortion_data,only-caller,1
main,0x000000000096b2d0,fileName_3,only-caller,1
main,0x000000000096b570,fileName_3,unique-callee,1
main,0x000000000096c590,kinoko_light,unique-callee,1
main,0x000000000096cee0,ob0226_00_gfbmdl,only-caller,1
main,0x000000000096d160,mask_d,only-caller,1
main,0x000000000096d640,ba_cheer,only-caller,1
main,0x0000000000970060,ee090_finder00_cam,unique-callee,1
main,0x0000000000972c70,Play_Camp_Switching_Toy,unique-callee,1
main,0x00000000009799b0,battle_common,only-caller,1
main,0x000000000097c4e0,GroundAttributes,only-caller,1
main,0x000000000097cdf0,GroundAttributes,only-caller,1
main,0x000000000097d3f0,GroundAttributes,only-caller,1
main,0x000000000097d9a0,PM_Health,unique-callee,1
main,0x000000000097da70,GroundAttributes,only-caller,1
main,0x000000000097dd80,GroundAttributes,only-caller,1
main,0x000000000097fdd0,isLoseEyeBlink,only-caller,1
main,0x0000000000980b60,unnamed_23,only-caller,1
main,0x0000000000981b70,isDepthOfField,unique-callee,1
main,0x0000000000982a10,to_kw32_happyB01,only-caller,1
main,0x0000000000987eb0,fel_999,only-caller,1
main,0x0000000000989900,fel_999,only-caller,1
main,0x0000000000989d20,fel_999,only-caller,1
main,0x0000000000989da0,Set_State_Battle_Off,only-caller,1
main,0x0000000000989de0,Set_State_Battle_Off,only-caller,1
main,0x0000000000989eb0,ba_cheer,only-caller,1
main,0x000000000098a690,fel_999,only-caller,1
main,0x000000000098a7e0,tu001,only-caller,1
main,0x000000000098ab90,tu001,unique-callee,1
main,0x000000000098acc0,item,all-callers-agree,7
main,0x000000000098adb0,fel_999,unique-callee,1
main,0x000000000098c3e0,camAdjustScale_2,all-callers-agree,2
main,0x000000000098c760,camAdjustScale_2,only-caller,1
main,0x000000000098d400,fi_action_uniq_trigger,only-caller,1
main,0x000000000098d5f0,isDepthOfField,unique-callee,1
main,0x000000000098fa20,M_Mask_2,unique-callee,1
main,0x00000000009a4920,fel_999,only-caller,1
main,0x00000000009a7250,ba_cheer,only-caller,1
main,0x00000000009a72a0,ba_cheer,only-caller,1
main,0x00000000009a76b0,gballThrowCamPath_3,only-caller,1
main,0x00000000009aaa20,isDepthOfField,only-caller,1
main,0x00000000009ab950,subIndexId,only-caller,1
main,0x00000000009ad300,fel_999,only-caller,1
main,0x00000000009add40,subIndexId,only-caller,1
main,0x00000000009ae4d0,ee090_finder00_cam,only-caller,1
main,0x00000000009ae7e0,ee090_finder00_cam,only-caller,1
main,0x00000000009aedd0,ba_drone_move,only-caller,1
main,0x00000000009aefc0,ba_drone_move,only-caller,1
main,0x00000000009af1f0,ba_drone_move,only-caller,1
main,0x00000000009b0a00,ba_cheer,only-caller,1
main,0x00000000009b0fa0,fel_999,only-caller,1
main,0x00000000009baea0,es005_paralysis,only-caller,1
main,0x00000000009bb230,FacialAnimMax_2,only-caller,1
main,0x00000000009bbc90,FacialAnimMax_2,only-caller,1
main,0x00000000009bbd10,fel_999,only-caller,1
main,0x00000000009be1e0,fel_999,only-caller,1
main,0x00000000009be650,ee630,only-caller,1
main,0x00000000009be7f0,ee630,only-caller,1
main,0x00000000009be950,fel_999,only-caller,1
main,0x00000000009f8fa0,ba_cheer,only-caller,1
main,0x00000000009f9350,ba_cheer,only-caller,1
main,0x00000000009f9360,ba_cheer,only-caller,1
main,0x00000000009f9380,ba_cheer,only-caller,1
main,0x00000000009fccc0,unnamed_41,unique-callee,1
main,0x00000000009fd0e0,fel_999,only-caller,1
main,0x0000000000a37ba0,fel_999,unique-callee,1
main,0x0000000000a37f70,unnamed_41,only-caller,1
main,0x0000000000a69620,M_Mask_2,only-caller,1
main,0x0000000000a6d200,Stop_Battle_Music,only-caller,1
main,0x0000000000a6d280,Stop_Battle_Music,only-caller,1
main,0x0000000000a6f200,CommonOptionBar_2,only-caller,1
main,0x0000000000a6fc00,CommonOptionBar_2,only-caller,1
main,0x0000000000a708b0,CommonOptionBar_2,only-caller,1
main,0x0000000000a709d0,CommonOptionBar_2,only-caller,1
main,0x0000000000a70b50,CommonOptionBar_2,only-caller,1
main,0x0000000000a77140,View_Top_4,only-caller,1
main,0x0000000000a774d0,View_Model,only-caller,1
main,0x0000000000a777a0,OptionBar_2,only-caller,1
main,0x0000000000a78770,View_Model,only-caller,1
main,0x0000000000a7a5e0,View_Model,only-caller,1
main,0x0000000000a7a9b0,View_Model,only-caller,1
main,0x0000000000a7aad0,View_Model,only-caller,1
main,0x0000000000a7ac50,View_Model,only-caller,1
main,0x0000000000a7ae20,View_Model,only-caller,1
main,0x0000000000a7af40,View_Model,only-caller,1
main,0x0000000000a7b1b0,View_Model,only-caller,1
main,0x0000000000a7b2d0,View_Model,only-caller,1
main,0x0000000000a7b500,View_Model,only-caller,1
main,0x0000000000a7b620,View_Model,only-caller,1
main,0x0000000000a86610,View_Model_2,only-caller,1
main,0x0000000000a8b7c0,View_Model_2,only-caller,1
main,0x0000000000a8b820,View_Model_2,only-caller,1
main,0x0000000000a8c870,View_Search,only-caller,1
main,0x0000000000a8c8d0,View_Search,only-caller,1
main,0x0000000000a8c930,search_start,only-caller,1
main,0x0000000000a8c990,View_Model,only-caller,1
main,0x0000000000a8c9a0,View_Model,only-caller,1
main,0x0000000000a8ca80,search_start,only-caller,1
main,0x0000000000a8de80,anime_search_list_sub_3,only-caller,1
main,0x0000000000a94270,anime_info_out,only-caller,1
main,0x0000000000a94390,anime_info_out,only-caller,1
main,0x0000000000a95120,anime_info_out,only-caller,1
main,0x0000000000a95810,anime_info_out,only-caller,1
main,0x0000000000a96a70,OptionBar_2,only-caller,1
main,0x0000000000a96aa0,OptionBar,only-caller,1
main,0x0000000000a96ad0,View_Search_2,only-caller,1
main,0x0000000000a96ae0,search_start,only-caller,1
main,0x0000000000a96b10,View_Top_4,only-caller,1
main,0x0000000000a96b40,View_Model,only-caller,1
main,0x0000000000a96b50,View_Model,only-caller,1
main,0x0000000000a96bb0,View_Model,only-caller,1
main,0x0000000000a96bc0,View_Model,only-caller,1
main,0x0000000000a96bd0,View_Model,only-caller,1
main,0x0000000000a97440,View_Model,only-caller,1
main,0x0000000000a97450,anime_info_out,unique-callee,1
main,0x0000000000a97570,View_Model,only-caller,1
main,0x0000000000a99470,default_fn,only-caller,1
main,0x0000000000a99590,default_fn,only-caller,1
main,0x0000000000a99620,View_Wallpaper,only-caller,1
main,0x0000000000a99630,View_Model,only-caller,1
main,0x0000000000a9d7a0,marking_panel_3,only-caller,1
main,0x0000000000aa0630,anime_info_out_6,only-caller,1
main,0x0000000000aa0850,anime_info_out_6,only-caller,1
main,0x0000000000aa3620,poke_panel_21,only-caller,1
main,0x0000000000aa41d0,poke_panel_34,only-caller,1
main,0x0000000000aa4670,View_Top_7,only-caller,1
main,0x0000000000aa75b0,View_Top_4,only-caller,1
main,0x0000000000aa7fd0,swap_boxtray,only-caller,1
main,0x0000000000aa89f0,boxtray_put,only-caller,1
main,0x0000000000aab1a0,View_Top_7,only-caller,1
main,0x0000000000aabb00,anime_info_out,only-caller,1
main,0x0000000000aabbe0,anime_info_out,only-caller,1
main,0x0000000000aabfc0,anime_info_out,only-caller,1
main,0x0000000000aac430,anime_info_out,only-caller,1
main,0x0000000000aac690,anime_L_box_change_00_L_icon_box__02d__02d_gray_max,only-caller,1
main,0x0000000000aac6c0,poke_panel_21,unique-callee,1
main,0x0000000000aac850,poke_panel_29,only-caller,1
main,0x0000000000aad1b0,poke_panel_32,only-caller,1
main,0x0000000000aad400,poke_panel_58,only-caller,1
main,0x0000000000aad520,poke_panel_31,only-caller,1
main,0x0000000000aadd60,poke_panel_21,only-caller,1
main,0x0000000000aadfa0,poke_panel_44,only-caller,1
main,0x0000000000aae290,poke_panel_18,only-caller,1
main,0x0000000000aae4d0,poke_panel_50,only-caller,1
main,0x0000000000aae6a0,poke_panel,only-caller,1
main,0x0000000000aaf040,poke_panel_61,only-caller,1
main,0x0000000000aaf5f0,View_Model,unique-callee,1
main,0x0000000000aaf630,anime_info_out,unique-callee,1
main,0x0000000000aafab0,anime_L_spdefense_00,only-caller,1
main,0x0000000000aafbc0,poke_panel_59,only-caller,1
main,0x0000000000aafc20,poke_panel_59,only-caller,1
main,0x0000000000aafe00,anime_info_out,unique-callee,1
main,0x0000000000ab1840,poke_panel_5,only-caller,1
main,0x0000000000ab1fa0,poke_panel_7,only-caller,1
main,0x0000000000ab2050,poke_panel_49,only-caller,1
main,0x0000000000ab2640,poke_panel_37,only-caller,1
main,0x0000000000ab30e0,poke_panel_59,only-caller,1
main,0x0000000000ab3760,View_Wallpaper_2,only-caller,1
main,0x0000000000ab3810,View_Wallpaper_2,only-caller,1
main,0x0000000000ab3ab0,wallpaper_start,only-caller,1
main,0x0000000000ab3ac0,View_Wallpaper_3,only-caller,1
main,0x0000000000ab3b10,wallpaper_start,only-caller,1
main,0x0000000000ab3b60,wallpaper_start,only-caller,1
main,0x0000000000ab4140,msg_ui_box_wallpaper__02d,only-caller,1
main,0x0000000000ab85d0,Play_bgm_or_st_sys10,only-caller,1
main,0x0000000000ab8fb0,StateBtlSpotRankMatchBattle_3,all-callers-agree,6
main,0x0000000000ab95d0,StateBtlSpotRankMatchAnimation,only-caller,1
main,0x0000000000ab9630,StateBtlSpotRankMatchBattle_3,only-caller,1
main,0x0000000000ab9780,StateBtlSpotRankMatchBattle_3,all-callers-agree,3
main,0x0000000000ab97a0,StateBtlSpotRankMatchBattle_3,only-caller,1
main,0x0000000000ab97b0,StateBtlSpotRankMatchBattle_3,all-callers-agree,2
main,0x0000000000ab97e0,StateBtlSpotRankMatchBattle_3,only-caller,1
main,0x0000000000ab9890,StateBtlSpotRankMatchAnimation_2,only-caller,1
main,0x0000000000ab9960,StateBtlSpotRankMatchBattle_3,only-caller,1
main,0x0000000000ab99a0,StateBtlSpotRankMatchBattle_3,only-caller,1
main,0x0000000000ab9f00,StateBtlSpotRankMatchBattle_3,only-caller,1
main,0x0000000000aba280,StateBtlSpotCommonMatching,only-caller,1
main,0x0000000000aba6c0,StateBtlSpotCasualMatchPrepareMatching_2,only-caller,1
main,0x0000000000aba700,StateBtlSpotCommonMatching_3,only-caller,1
main,0x0000000000abaf40,StateBtlSpotRankMatchAnimation_2,only-caller,1
main,0x0000000000abaf90,StateBtlSpotRankMatchAnimation_2,only-caller,1
main,0x0000000000abaff0,StateBtlSpotRankMatchAnimation_2,only-caller,1
main,0x0000000000abb060,StateBtlSpotRankMatchAnimation_3,only-caller,1
main,0x0000000000abb070,StateBtlSpotRankMatchAnimation,only-caller,1
main,0x0000000000abb080,StateBtlSpotRankMatchEntrance_3,only-caller,1
main,0x0000000000abb090,StateBtlSpotRankMatchAnimation_2,only-caller,1
main,0x0000000000abb0a0,StateBtlSpotRankMatchBattle_3,only-caller,1
main,0x0000000000abb800,StateBtlSpotRankMatchBattle_3,only-caller,1
main,0x0000000000abb910,StateBtlSpotCommonMatching_2,only-caller,1
main,0x0000000000abba60,StateBtlSpotCompPrepareMatching,only-caller,1
main,0x0000000000abba80,StateBtlSpotCommonMatching_2,only-caller,1
main,0x0000000000abbd50,StateBtlSpotCompEntry_2,only-caller,1
main,0x0000000000abbd60,StateBtlSpotCompPrepareMatching_2,only-caller,1
main,0x0000000000abbdd0,StateBtlSpotCompBattleEntrance,only-caller,1
main,0x0000000000abbe70,StateBtlSpotCompBattleEntrance,only-caller,1
main,0x0000000000abbf70,Play_bgm_or_st_sys10,unique-callee,1
main,0x0000000000abf910,StateBtlSpotCompTop_3,only-caller,1
main,0x0000000000abf970,StateBtlSpotRankMatchAnimation_2,only-caller,1
main,0x0000000000abfc40,StateBtlSpotCompEntry_2,only-caller,1
main,0x0000000000ac03b0,StateBtlSpotCompTop_3,only-caller,1
main,0x0000000000ac0550,StateBtlSpotCompBattleEntrance,only-caller,1
main,0x0000000000ac0730,StateBtlSpotCompBattleEntrance,only-caller,1
main,0x0000000000ac0fd0,StateBtlSpotCompPrepareMatching_2,only-caller,1
main,0x0000000000ac1050,StateBtlSpotCommonMatching_2,only-caller,1
main,0x0000000000ac1b00,StateBtlSpotRankMatchAnimation_2,only-caller,1
main,0x0000000000ac3100,ViewBtlSpotMenuRankmatch,only-caller,1
main,0x0000000000ac4880,StateBtlSpotTop,unique-callee,1
main,0x0000000000ac5c80,ViewBtlSpotMenuRankmatch,only-caller,1
main,0x0000000000ac5da0,ViewBtlSpotMenuRankmatch,only-caller,1
main,0x0000000000ac5f20,ViewBtlSpotMenuRankmatch,only-caller,1
main,0x0000000000ac6090,ViewBtlSpotMenuRankmatch,only-caller,1
main,0x0000000000ac61b0,ViewBtlSpotMenuRankmatch,only-caller,1
main,0x0000000000ac6330,ViewBtlSpotMenuRankmatch,only-caller,1
main,0x0000000000ac64a0,ViewBtlSpotMenuRankmatch,only-caller,1
main,0x0000000000ac65c0,ViewBtlSpotMenuRankmatch,only-caller,1
main,0x0000000000ac6740,ViewBtlSpotMenuRankmatch,only-caller,1
main,0x0000000000ac68b0,ViewBtlSpotMenuRankmatch,only-caller,1
main,0x0000000000ac69d0,ViewBtlSpotMenuRankmatch,only-caller,1
main,0x0000000000ac6b50,ViewBtlSpotMenuRankmatch,only-caller,1
main,0x0000000000ac6cd0,ViewBtlSpotMenuRankmatch,only-caller,1
main,0x0000000000ac6df0,ViewBtlSpotMenuRankmatch,only-caller,1
main,0x0000000000ac6f70,ViewBtlSpotMenuRankmatch,only-caller,1
main,0x0000000000ac7760,ViewBtlSpotMenuRankmatch,only-caller,1
main,0x0000000000ac7880,ViewBtlSpotMenuRankmatch,only-caller,1
main,0x0000000000ac7a00,ViewBtlSpotMenuRankmatch,only-caller,1
main,0x0000000000ac7b80,ViewBtlSpotMenuRankmatch,only-caller,1
main,0x0000000000ac7ca0,ViewBtlSpotMenuRankmatch,only-caller,1
main,0x0000000000ac7e20,ViewBtlSpotMenuRankmatch,only-caller,1
main,0x0000000000ac81f0,ViewBtlSpotMenuRankmatch,only-caller,1
main,0x0000000000ac8310,ViewBtlSpotMenuRankmatch,only-caller,1
main,0x0000000000ac8490,ViewBtlSpotMenuRankmatch,only-caller,1
main,0x0000000000ac8600,ViewBtlSpotMenuRankmatch,only-caller,1
main,0x0000000000ac8720,ViewBtlSpotMenuRankmatch,only-caller,1
main,0x0000000000ac88a0,ViewBtlSpotMenuRankmatch,only-caller,1
main,0x0000000000ac8c70,ViewBtlSpotMenuRankmatch,only-caller,1
main,0x0000000000ac8d90,ViewBtlSpotMenuRankmatch,only-caller,1
main,0x0000000000ac8f10,ViewBtlSpotMenuRankmatch,only-caller,1
main,0x0000000000ac90c0,ViewBtlSpotMenuRankmatch,only-caller,1
main,0x0000000000ac91e0,ViewBtlSpotMenuRankmatch,only-caller,1
main,0x0000000000ac9360,ViewBtlSpotMenuRankmatch,only-caller,1
main,0x0000000000ac94e0,ViewBtlSpotMenuRankmatch,only-caller,1
main,0x0000000000ac9600,ViewBtlSpotMenuRankmatch,only-caller,1
main,0x0000000000ac9780,ViewBtlSpotMenuRankmatch,only-caller,1
main,0x0000000000ac9910,ViewBtlSpotMenuRankmatch,only-caller,1
main,0x0000000000ac9a30,ViewBtlSpotMenuRankmatch,only-caller,1
main,0x0000000000ac9bb0,ViewBtlSpotMenuRankmatch,only-caller,1
main,0x0000000000ac9d30,ViewBtlSpotMenuRankmatch,only-caller,1
main,0x0000000000ac9e50,ViewBtlSpotMenuRankmatch,only-caller,1
main,0x0000000000ac9fd0,ViewBtlSpotMenuRankmatch,only-caller,1
main,0x0000000000aca150,ViewBtlSpotMenuRankmatch,only-caller,1
main,0x0000000000aca270,ViewBtlSpotMenuRankmatch,only-caller,1
main,0x0000000000aca3f0,ViewBtlSpotMenuRankmatch,only-caller,1
main,0x0000000000aca580,ViewBtlSpotMenuRankmatch,only-caller,1
main,0x0000000000aca6a0,ViewBtlSpotMenuRankmatch,only-caller,1
main,0x0000000000aca820,ViewBtlSpotMenuRankmatch,only-caller,1
main,0x0000000000aca990,ViewBtlSpotMenuRankmatch,only-caller,1
main,0x0000000000acaab0,ViewBtlSpotMenuRankmatch,only-caller,1
main,0x0000000000acac30,ViewBtlSpotMenuRankmatch,only-caller,1
main,0x0000000000acb060,ViewBtlSpotMenuRankmatch,only-caller,1
main,0x0000000000acb180,ViewBtlSpotMenuRankmatch,only-caller,1
main,0x0000000000acb3d0,StateBtlSpotRankMatchBattle,only-caller,1
main,0x0000000000ace0c0,anime_L_btlcup_icon_00_flashing,unique-callee,1
main,0x0000000000ace100,msg_ui_btlspot_help_08,only-caller,1
main,0x0000000000ace130,ViewBtlSpotMenuRankmatch_2,only-caller,1
main,0x0000000000ad0ec0,StateBtlSpotRankMatchBattle,unique-callee,1
main,0x0000000000ad4530,StateBtlSpotRankMatchAnimation_2,only-caller,1
main,0x0000000000ad46d0,ViewBtlSpotMenuRankmatch_2,only-caller,1
main,0x0000000000ad47c0,ViewBtlSpotMenuRankmatch_2,only-caller,1
main,0x0000000000ad48b0,ViewBtlSpotMenuRankmatch_2,only-caller,1
main,0x0000000000ad49a0,ViewBtlSpotMenuRankmatch_2,only-caller,1
main,0x0000000000ad4a90,ViewBtlSpotMenuRankmatch_2,only-caller,1
main,0x0000000000ad4c80,ViewBtlSpotMenuRankmatch_2,only-caller,1
main,0x0000000000ad4d70,ViewBtlSpotMenuRankmatch_2,only-caller,1
main,0x0000000000ad4e60,ViewBtlSpotMenuRankmatch_2,only-caller,1
main,0x0000000000ad4f50,ViewBtlSpotMenuRankmatch_2,only-caller,1
main,0x0000000000ad50a0,ViewBtlSpotMenuRankmatch_2,only-caller,1
main,0x0000000000ad5290,ViewBtlSpotMenuRankmatch_2,only-caller,1
main,0x0000000000ad5480,ViewBtlSpotMenuRankmatch_2,only-caller,1
main,0x0000000000ad5670,ViewBtlSpotMenuRankmatch_2,only-caller,1
main,0x0000000000ad5760,ViewBtlSpotMenuRankmatch_2,only-caller,1
main,0x0000000000ad5850,ViewBtlSpotMenuRankmatch_2,only-caller,1
main,0x0000000000ad5a40,ViewBtlSpotMenuRankmatch_2,only-caller,1
main,0x0000000000ad5b30,ViewBtlSpotMenuRankmatch_2,only-caller,1
main,0x0000000000ad5d20,ViewBtlSpotMenuRankmatch_2,only-caller,1
main,0x0000000000adcf80,ViewBtlSpotMenuRankmatch_2,only-caller,1
main,0x0000000000ade340,pane_T_detail_t_34,only-caller,1
main,0x0000000000ade6a0,pane_T_detail_t_34,only-caller,1
main,0x0000000000ade980,pane_T_detail_t_34,only-caller,1
main,0x0000000000adeab0,pane_T_detail_t_34,only-caller,1
main,0x0000000000adefa0,pane_P_matchmake_icon_00,only-caller,1
main,0x0000000000ae91d0,pane_P_icon_detail_f_00,only-caller,1
main,0x0000000000aeb820,pane_P_icon_detail_t_00,only-caller,1
main,0x0000000000af8260,StateBtlSpotCompPrepareMatching,only-caller,1
main,0x0000000000af8420,StateBtlSpotCompPrepareMatching,only-caller,1
main,0x0000000000af86d0,StateBtlSpotCompPrepareMatching,only-caller,1
main,0x0000000000af87c0,StateBtlSpotCompPrepareMatching,only-caller,1
main,0x0000000000af88a0,StateBtlSpotCompPrepareMatching,only-caller,1
main,0x0000000000af8b00,StateBtlSpotCompPrepareMatching,only-caller,1
main,0x0000000000af8e10,StateBtlSpotCompPrepareMatching,only-caller,1
main,0x0000000000af9040,StateBtlSpotCompPrepareMatching,only-caller,1
main,0x0000000000af91b0,StateBtlSpotCompPrepareMatching,only-caller,1
main,0x0000000000af9300,StateBtlSpotCompPrepareMatching,only-caller,1
main,0x0000000000af9640,StateBtlSpotCompPrepareMatching,only-caller,1
main,0x0000000000af97c0,StateBtlSpotCompPrepareMatching,only-caller,1
main,0x0000000000afa6d0,StateBtlSpotCompPrepareMatching,unique-callee,1
main,0x0000000000afb530,ViewBtlSpotMenuRankmatch,only-caller,1
main,0x0000000000afb5b0,StateBtlSpotTop,only-caller,1
main,0x0000000000afb600,StateBtlSpotRankMatchBattle,only-caller,1
main,0x0000000000afb680,StateBtlSpotRankMatchBattle,only-caller,1
main,0x0000000000afb700,StateBtlSpotRankMatchBattle,only-caller,1
main,0x0000000000afb7d0,StateBtlSpotRankMatchEntrance,only-caller,1
main,0x0000000000afb810,StateBtlSpotRankMatchBattle_3,all-callers-agree,2
main,0x0000000000afb900,StateBtlSpotRankMatchBattle_3,all-callers-agree,4
main,0x0000000000afd7e0,StateBtlSpotRankMatchAnimation,only-caller,1
main,0x0000000000afd9a0,StateBtlSpotRankMatchAnimation,only-caller,1
main,0x0000000000afddd0,StateBtlSpotRankMatchAnimation,only-caller,1
main,0x0000000000afe1b0,StateBtlSpotRankMatchAnimation,only-caller,1
main,0x0000000000afe2a0,StateBtlSpotRankMatchAnimation,only-caller,1
main,0x0000000000afe380,StateBtlSpotRankMatchAnimation,only-caller,1
main,0x0000000000afe5e0,StateBtlSpotRankMatchAnimation,only-caller,1
main,0x0000000000afe950,StateBtlSpotRankMatchAnimation,only-caller,1
main,0x0000000000afebe0,StateBtlSpotRankMatchAnimation,only-caller,1
main,0x0000000000afeed0,StateBtlSpotRankMatchAnimation,only-caller,1
main,0x0000000000aff160,StateBtlSpotRankMatchAnimation,only-caller,1
main,0x0000000000aff740,StateBtlSpotRankMatchAnimation,all-callers-agree,2
main,0x0000000000aff890,StateBtlSpotRankMatchAnimation,only-caller,1
main,0x0000000000affc50,StateBtlSpotRankMatchAnimation,only-caller,1
main,0x0000000000affd90,StateBtlSpotRankMatchAnimation,only-caller,1
main,0x0000000000b024b0,StateBtlSpotRankMatchEntrance,only-caller,1
main,0x0000000000b046e0,StateBtlSpotCompBattleEntrance,only-caller,1
main,0x0000000000b04920,StateBtlSpotCompBattleEntrance,only-caller,1
main,0x0000000000b04b60,StateBtlSpotCompBattleEntrance,only-caller,1
main,0x0000000000b04db0,StateBtlSpotCompBattleEntrance,only-caller,1
main,0x0000000000b04ff0,StateBtlSpotCompBattleEntrance,only-caller,1
main,0x0000000000b05180,StateBtlSpotCompBattleEntrance,only-caller,1
main,0x0000000000b053c0,StateBtlSpotCompBattleEntrance,only-caller,1
main,0x0000000000b05630,StateBtlSpotCompBattleEntrance,only-caller,1
main,0x0000000000b058d0,StateBtlSpotCompBattleEntrance,only-caller,1
main,0x0000000000b05a20,StateBtlSpotCompBattleEntrance,only-caller,1
main,0x0000000000b05dc0,StateBtlSpotCompBattleEntrance,all-callers-agree,2
main,0x0000000000b05f00,StateBtlSpotCompBattleEntrance,only-caller,1
main,0x0000000000b06160,StateBtlSpotCompBattleEntrance,only-caller,1
main,0x0000000000b062b0,StateBtlSpotCompBattleEntrance,only-caller,1
main,0x0000000000b06450,StateBtlSpotCompBattleEntrance,only-caller,1
main,0x0000000000b069b0,StateBtlSpotCompBattleEntrance,only-caller,1
main,0x0000000000b06bb0,StateBtlSpotCompBattleEntrance,only-caller,1
main,0x0000000000b09390,StateBtlSpotCompTop_2,only-caller,1
main,0x0000000000b09580,StateBtlSpotCompTop_2,only-caller,1
main,0x0000000000b09760,StateBtlSpotCompTop_2,only-caller,1
main,0x0000000000b09a60,StateBtlSpotCompTop_2,only-caller,1
main,0x0000000000b0a140,StateBtlSpotCompTop_2,only-caller,1
main,0x0000000000b0b510,StateBtlSpotRankMatchBattle_3,only-caller,1
main,0x0000000000b0ba60,StateBtlSpotRankMatchBattle_3,only-caller,1
main,0x0000000000b0bd10,StateBtlSpotRankMatchBattle_3,only-caller,1
main,0x0000000000b0bfc0,StateBtlSpotRankMatchBattle_3,only-caller,1
main,0x0000000000b0c430,StateBtlSpotRankMatchBattle_3,only-caller,1
main,0x0000000000b0c710,StateBtlSpotRankMatchBattle_3,only-caller,1
main,0x0000000000b0c9d0,StateBtlSpotRankMatchBattle_3,only-caller,1
main,0x0000000000b0cbc0,StateBtlSpotRankMatchBattle_3,only-caller,1
main,0x0000000000b0cce0,StateBtlSpotRankMatchBattle_3,only-caller,1
main,0x0000000000b0d290,StateBtlSpotRankMatchBattle_3,only-caller,1
main,0x0000000000b0d3d0,StateBtlSpotRankMatchBattle_3,only-caller,1
main,0x0000000000b0d730,StateBtlSpotRankMatchBattle_3,only-caller,1
main,0x0000000000b0dce0,StateBtlSpotRankMatchBattle_3,only-caller,1
main,0x0000000000b0ddf0,StateBtlSpotRankMatchBattle_3,only-caller,1
main,0x0000000000b0df20,StateBtlSpotRankMatchBattle_3,only-caller,1
main,0x0000000000b0f080,StateBtlSpotRankMatchBattle_3,only-caller,1
main,0x0000000000b0f6b0,StateBtlSpotRankMatchBattle_3,only-caller,1
main,0x0000000000b11330,StateBtlSpotCompEntry_2,only-caller,1
main,0x0000000000b114e0,StateBtlSpotCompEntry_2,only-caller,1
main,0x0000000000b116d0,StateBtlSpotCompEntry_2,only-caller,1
main,0x0000000000b118c0,StateBtlSpotCompEntry_2,only-caller,1
main,0x0000000000b11b20,StateBtlSpotCompEntry_2,only-caller,1
main,0x0000000000b11d60,StateBtlSpotCompEntry_2,only-caller,1
main,0x0000000000b11ef0,StateBtlSpotCompEntry_2,only-caller,1
main,0x0000000000b120e0,StateBtlSpotCompEntry_2,only-caller,1
main,0x0000000000b12640,StateBtlSpotCompEntry_2,only-caller,1
main,0x0000000000b13bc0,StateBtlSpotCompEntry_2,only-caller,1
main,0x0000000000b13f60,StateBtlSpotCompEntry_2,only-caller,1
main,0x0000000000b14180,StateBtlSpotCompEntry_2,only-caller,1
main,0x0000000000b14550,StateBtlSpotCompEntry_2,only-caller,1
main,0x0000000000b15080,StateBtlSpotCompTop_3,only-caller,1
main,0x0000000000b15520,StateBtlSpotCompTop_3,only-caller,1
main,0x0000000000b15770,StateBtlSpotCompTop_3,only-caller,1
main,0x0000000000b158f0,StateBtlSpotCompTop_3,only-caller,1
main,0x0000000000b15c60,StateBtlSpotCompTop_3,only-caller,1
main,0x0000000000b17c40,StateBtlSpotCasualMatchPrepareMatching,only-caller,1
main,0x0000000000b17e00,StateBtlSpotCasualMatchPrepareMatching,only-caller,1
main,0x0000000000b17ef0,StateBtlSpotCasualMatchPrepareMatching,only-caller,1
main,0x0000000000b17fd0,StateBtlSpotCasualMatchPrepareMatching,only-caller,1
main,0x0000000000b18230,StateBtlSpotCasualMatchPrepareMatching,only-caller,1
main,0x0000000000b18820,StateBtlSpotCasualMatchPrepareMatching,only-caller,1
main,0x0000000000b18970,StateBtlSpotCasualMatchPrepareMatching,unique-callee,1
main,0x0000000000b1a6c0,StateBtlSpotRankMatchAnimation_2,only-caller,1
main,0x0000000000b1a900,StateBtlSpotRankMatchAnimation_2,only-caller,1
main,0x0000000000b1ab60,StateBtlSpotRankMatchAnimation_2,only-caller,1
main,0x0000000000b1add0,StateBtlSpotRankMatchAnimation_2,only-caller,1
main,0x0000000000b1b010,StateBtlSpotRankMatchAnimation_2,only-caller,1
main,0x0000000000b1b370,StateBtlSpotRankMatchAnimation_2,only-caller,1
main,0x0000000000b1b5b0,StateBtlSpotRankMatchAnimation_2,only-caller,1
main,0x0000000000b1b810,StateBtlSpotRankMatchAnimation_2,only-caller,1
main,0x0000000000b1b940,StateBtlSpotRankMatchAnimation_2,only-caller,1
main,0x0000000000b1ba70,StateBtlSpotRankMatchAnimation_2,only-caller,1
main,0x0000000000b1bca0,StateBtlSpotRankMatchAnimation_2,only-caller,1
main,0x0000000000b1bee0,StateBtlSpotRankMatchAnimation_2,only-caller,1
main,0x0000000000b1c030,StateBtlSpotRankMatchAnimation_2,only-caller,1
main,0x0000000000b1c2d0,StateBtlSpotRankMatchAnimation_2,only-caller,1
main,0x0000000000b1c660,StateBtlSpotRankMatchAnimation_2,only-caller,1
main,0x0000000000b20310,StateBtlSpotCompPrepareMatching_2,only-caller,1
main,0x0000000000b20510,StateBtlSpotCompPrepareMatching_2,only-caller,1
main,0x0000000000b20730,StateBtlSpotCompPrepareMatching_2,only-caller,1
main,0x0000000000b209e0,StateBtlSpotCompPrepareMatching_2,only-caller,1
main,0x0000000000b20e30,StateBtlSpotCompPrepareMatching_2,only-caller,1
main,0x0000000000b21060,StateBtlSpotCompPrepareMatching_2,only-caller,1
main,0x0000000000b212a0,StateBtlSpotCompPrepareMatching_2,only-caller,1
main,0x0000000000b214d0,StateBtlSpotCompPrepareMatching_2,only-caller,1
main,0x0000000000b21620,StateBtlSpotCompPrepareMatching_2,only-caller,1
main,0x0000000000b21a10,StateBtlSpotCompPrepareMatching_2,only-caller,1
main,0x0000000000b21dc0,StateBtlSpotCompPrepareMatching_2,only-caller,1
main,0x0000000000b22200,StateBtlSpotCompPrepareMatching_2,only-caller,1
main,0x0000000000b23f40,StateBtlSpotRankMatchPrepareMatching,only-caller,1
main,0x0000000000b241a0,StateBtlSpotRankMatchPrepareMatching,only-caller,1
main,0x0000000000b24420,StateBtlSpotRankMatchPrepareMatching,only-caller,1
main,0x0000000000b24590,StateBtlSpotRankMatchPrepareMatching,only-caller,1
main,0x0000000000b24640,StateBtlSpotRankMatchPrepareMatching,only-caller,1
main,0x0000000000b24810,StateBtlSpotRankMatchPrepareMatching,only-caller,1
main,0x0000000000b24a30,StateBtlSpotRankMatchPrepareMatching,only-caller,1
main,0x0000000000b25fa0,StateBtlSpotCasualMatchPrepareMatching_2,only-caller,1
main,0x0000000000b261e0,StateBtlSpotCasualMatchPrepareMatching_2,only-caller,1
main,0x0000000000b27610,StateBtlSpotCommonMatching_2,only-caller,1
main,0x0000000000b27740,StateBtlSpotCommonMatching_2,only-caller,1
main,0x0000000000b27b80,StateBtlSpotCommonMatching_2,only-caller,1
main,0x0000000000b27d60,StateBtlSpotCommonMatching_2,only-caller,1
main,0x0000000000b27eb0,StateBtlSpotCommonMatching_2,only-caller,1
main,0x0000000000b28230,StateBtlSpotCommonMatching_2,only-caller,1
main,0x0000000000b28460,StateBtlSpotCommonMatching_2,only-caller,1
main,0x0000000000b29a60,StateBtlSpotRankMatchEntrance_3,only-caller,1
main,0x0000000000b2a8b0,StateBtlSpotCommonMatching_3,only-caller,1
main,0x0000000000b2e8c0,ViewSystemMessage,only-caller,1
main,0x0000000000b30990,ViewSystemMessage,only-caller,1
main,0x0000000000b33870,ba_drone_move,unique-callee,1
main,0x0000000000b383c0,ba_drone_move,unique-callee,1
main,0x0000000000b39cf0,Col0SecondaryColor_2,unique-callee,1
main,0x0000000000b46170,RThigh_2,unique-callee,1
main,0x0000000000b47aa0,ba_variation,only-caller,1
main,0x0000000000b491e0,eye01_03,unique-callee,1
main,0x0000000000b49880,eye01_03,unique-callee,1
main,0x0000000000b4c060,State_Intro_Confirm,unique-callee,1
main,0x0000000000b57190,Col0SecondaryColor_2,only-caller,1
main,0x0000000000b57200,Col0SecondaryColor_2,only-caller,1
main,0x0000000000b572f0,orion_dressup_p2_table,only-caller,1
main,0x0000000000b573d0,orion_dressup_p2_table,only-caller,1
main,0x0000000000b574b0,orion_dressup_p2_table,only-caller,1
main,0x0000000000b57590,orion_dressup_p2_table,only-caller,1
main,0x0000000000b57670,orion_dressup_p2_table,only-caller,1
main,0x0000000000b57750,orion_dressup_p2_table,only-caller,1
main,0x0000000000b57830,orion_dressup_p2_table,only-caller,1
main,0x0000000000b57910,orion_dressup_p2_table,only-caller,1
main,0x0000000000b57fb0,Col0SecondaryColor_2,only-caller,1
main,0x0000000000b580f0,orion_dressup_p2_table,unique-callee,1
main,0x0000000000b58380,orion_dressup_p2_table,unique-callee,1
main,0x0000000000b73bc0,only_model_and_animation_component,only-caller,1
main,0x0000000000b743e0,orion_dressup_p2_table,unique-callee,1
main,0x0000000000b74760,orion_dressup_p2_table,unique-callee,1
main,0x0000000000b82f00,orion_dressup_p2_table,unique-callee,1
main,0x0000000000b83100,orion_dressup_p2_table,only-caller,1
main,0x0000000000b83910,orion_dressup_p2_table,unique-callee,1
main,0x0000000000b83a00,Col0SecondaryColor_2,only-caller,1
main,0x0000000000b83a30,Col0SecondaryColor_2,only-caller,1
main,0x0000000000b83c70,orion_dressup_p2_table,unique-callee,1
main,0x0000000000b84370,eye01_03,only-caller,1
main,0x0000000000b86950,PM_Visible_3,only-caller,1
main,0x0000000000b91f30,Col0SecondaryColor_2,only-caller,1
main,0x0000000000b946e0,Col0SecondaryColor_2,all-callers-agree,2
main,0x0000000000b953a0,fi0047_idling06_loop,only-caller,1
main,0x0000000000b96730,isDepthOfField,unique-callee,1
main,0x0000000000ba2ad0,SystemMessageView,only-caller,1
main,0x0000000000ba2ff0,ViewTop,only-caller,1
main,0x0000000000ba43c0,SystemMessageView,only-caller,1
main,0x0000000000ba47c0,SystemMessageView,only-caller,1
main,0x0000000000ba48e0,SystemMessageView,only-caller,1
main,0x0000000000ba4b50,SystemMessageView,only-caller,1
main,0x0000000000ba4c70,SystemMessageView,only-caller,1
main,0x0000000000ba4df0,SystemMessageView,only-caller,1
main,0x0000000000ba4f60,SystemMessageView,only-caller,1
main,0x0000000000ba5080,SystemMessageView,only-caller,1
main,0x0000000000ba7540,L_co_top_detail_02_2,only-caller,1
main,0x0000000000ba7840,T_co_r_title_00,unique-callee,1
main,0x0000000000badfe0,switch_fn_2,only-caller,1
main,0x0000000000baeef0,pointer_2,only-caller,1
main,0x0000000000bb4e70,SendRegulation,only-caller,1
main,0x0000000000bba610,OptionBar_4,only-caller,1
main,0x0000000000bc0340,demo_data,only-caller,1
main,0x0000000000bc0a10,demo_data,only-caller,1
main,0x0000000000bc0ee0,demo_data,only-caller,1
main,0x0000000000bc6020,screen_paste_cam_gfbcam,only-caller,1
main,0x0000000000bc6640,demo_data,only-caller,1
main,0x0000000000bca7e0,ob0046_00_xshadowmSkin_vis_2,all-callers-agree,2
main,0x0000000000bcaef0,ob0046_00_xshadowmSkin_vis_2,all-callers-agree,2
main,0x0000000000bde800,ob0046_00_xshadowmSkin_vis_2,only-caller,1
main,0x0000000000bf3a10,instance_obj,all-callers-agree,4
main,0x0000000000bf3b50,instance_obj,only-caller,1
main,0x0000000000bf6e20,skybox_01_gfbmdl,only-caller,1
main,0x0000000000c101f0,netball,only-caller,1
main,0x0000000000c110b0,netball,unique-callee,1
main,0x0000000000c15100,demo_data,only-caller,1
main,0x0000000000c160c0,unnamed_24,only-caller,1
main,0x0000000000c16de0,unnamed_24,only-caller,1
main,0x0000000000c17080,unnamed_24,only-caller,1
main,0x0000000000c17320,unnamed_24,only-caller,1
main,0x0000000000c18130,message_wait,only-caller,1
main,0x0000000000c195d0,unnamed_24,all-callers-agree,2
main,0x0000000000c1e840,fel_999,only-caller,1
main,0x0000000000c1f390,ba_cheer,only-caller,1
main,0x0000000000c1f910,ba_cheer,unique-callee,1
main,0x0000000000c20c90,DressupStartState,all-callers-agree,2
main,0x0000000000c23570,SystemMessageView_2,only-caller,1
main,0x0000000000c240e0,SystemMessageView_2,only-caller,1
main,0x0000000000c241f0,SystemMessageView_2,only-caller,1
main,0x0000000000c245d0,SystemMessageView_2,only-caller,1
main,0x0000000000c24ab0,SystemMessageView_2,only-caller,1
main,0x0000000000c24bd0,SystemMessageView_2,only-caller,1
main,0x0000000000c24d50,SystemMessageView_2,only-caller,1
main,0x0000000000c25620,SystemMessageView_2,only-caller,1
main,0x0000000000c25c70,SystemMessageView_2,only-caller,1
main,0x0000000000c27fe0,DressupEndState,only-caller,1
main,0x0000000000c281b0,DressupEndState,only-caller,1
main,0x0000000000c2bb70,Play_UI_boutique_change,only-caller,1
main,0x0000000000c2d700,DressupSelectState,only-caller,1
main,0x0000000000c2e330,Play_UI_common_report,only-caller,1
main,0x0000000000c2e610,anime_L_tab_right_00_key_select_2,only-caller,1
main,0x0000000000c2e6b0,Play_UI_boutique_change,only-caller,1
main,0x0000000000c2e960,DressupStartState,only-caller,1
main,0x0000000000c2eb30,DressupStartState,only-caller,1
main,0x0000000000c37b60,a_t0101_i0101,only-caller,1
main,0x0000000000c37d80,a_t0101_i0101,only-caller,1
main,0x0000000000c385e0,a_t0101_i0101,only-caller,1
main,0x0000000000c38850,a_t0101_i0101,only-caller,1
main,0x0000000000c38a30,a_t0101_i0101,only-caller,1
main,0x0000000000c39c40,item,unique-callee,1
main,0x0000000000c39f00,a_t0101_i0101,only-caller,1
main,0x0000000000c3a010,a_t0101_i0101,only-caller,1
main,0x0000000000c3a0f0,a_t0101_i0101,only-caller,1
main,0x0000000000c3a920,a_t0101_i0101,only-caller,1
main,0x0000000000c3ab20,a_t0101_i0101,only-caller,1
main,0x0000000000c3b730,a_t0101_i0101,only-caller,1
main,0x0000000000c3b860,a_t0101_i0101,only-caller,1
main,0x0000000000c3e5a0,Resume_Win_Music,only-caller,1
main,0x0000000000c3e920,Resume_Win_Music,only-caller,1
main,0x0000000000c3ea10,Resume_Win_Music,only-caller,1
main,0x0000000000c3fdb0,SystemMessageView_3,only-caller,1
main,0x0000000000c40fc0,EVOLVE_POKEMON,only-caller,1
main,0x0000000000c41280,Resume_Win_Music,only-caller,1
main,0x0000000000c415b0,SystemMessageView_3,only-caller,1
main,0x0000000000c443f0,Play_UI_map_open,unique-callee,1
main,0x0000000000c448b0,townmap_top_00_lyt,only-caller,1
main,0x0000000000c44990,townmap_top_00_lyt,only-caller,1
main,0x0000000000c44b50,townmap_top_00_lyt,only-caller,1
main,0x0000000000c44c30,townmap_top_00_lyt,unique-callee,1
main,0x0000000000c44f40,townmap_top_00_lyt,only-caller,1
main,0x0000000000c45170,townmap_top_00_lyt,only-caller,1
main,0x0000000000c46830,uikit_bag_top,unique-callee,1
main,0x0000000000c46970,fade_common_00,only-caller,1
main,0x0000000000c47c50,townmap_top_00_lyt,unique-callee,1
main,0x0000000000c48da0,map_destination_data,only-caller,1
main,0x0000000000c4c5f0,townmap_top_00_lyt,only-caller,1
main,0x0000000000c4c660,townmap_top_00_lyt,unique-callee,1
main,0x0000000000c4d640,attention_3,only-caller,1
main,0x0000000000c4deb0,attention_3,only-caller,1
main,0x0000000000c50870,effect_resource_table,only-caller,1
main,0x0000000000c508b0,instance_obj,unique-callee,1
main,0x0000000000c50a30,instance_obj,only-caller,1
main,0x0000000000c52780,UnMutePM_at_Recovering,unique-callee,1
main,0x0000000000c52a70,UnMutePM_at_Recovering,only-caller,1
main,0x0000000000c545c0,fel_999,unique-callee,1
main,0x0000000000c556e0,fel_999,unique-callee,1
main,0x0000000000c58d40,Set_State_NightTime,only-caller,1
main,0x0000000000c59150,Set_State_NightTime,only-caller,1
main,0x0000000000c5a100,Set_State_NightTime,only-caller,1
main,0x0000000000c5adb0,Set_State_BattleSunny,only-caller,1
main,0x0000000000c5ae50,Set_State_NightTime,unique-callee,1
main,0x0000000000c5af60,unnamed_27,only-caller,1
main,0x0000000000c5b060,unnamed_27,only-caller,1
main,0x0000000000c5b100,unnamed_27,only-caller,1
main,0x0000000000c5b1b0,ProjectionConstant,only-caller,1
main,0x0000000000c5c520,ProjectionConstant,only-caller,1
main,0x0000000000c5da80,ProjectionConstant,unique-callee,1
main,0x0000000000c5dbc0,ProjectionConstant,only-caller,1
main,0x0000000000c5e5d0,ProjectionConstant,only-caller,1
main,0x0000000000c5e7a0,ProjectionConstant,only-caller,1
main,0x0000000000c5e960,ProjectionConstant,only-caller,1
main,0x0000000000c5ed60,ProjectionConstant,only-caller,1
main,0x0000000000c5f070,unnamed_27,only-caller,1
main,0x0000000000c5f970,unnamed_27,only-caller,1
main,0x0000000000c60bc0,ProjectionConstant,only-caller,1
main,0x0000000000c60e50,TestBGM,unique-callee,1
main,0x0000000000c64f10,FieldObject__lu,only-caller,1
main,0x0000000000c657d0,gate_open_close,unique-callee,1
main,0x0000000000c67e40,TENT__s,unique-callee,1
main,0x0000000000c68270,TENT__s,only-caller,1
main,0x0000000000c68610,nn_ldn_SetStationAcceptPolicy_3,only-caller,1
main,0x0000000000c68b30,TENT__s,unique-callee,1
main,0x0000000000c72d40,unnamed_29,only-caller,1
main,0x0000000000c75ec0,ShadowFadeLength,unique-callee,1
main,0x0000000000c77c00,instance_obj,only-caller,1
main,0x0000000000c77da0,instance_obj,only-caller,1
main,0x0000000000c77f20,instance_obj,only-caller,1
main,0x0000000000c780a0,instance_obj,only-caller,1
main,0x0000000000c792a0,ShadowFadeLength,only-caller,1
main,0x0000000000c79320,ShadowFadeLength,only-caller,1
main,0x0000000000c794a0,ShadowFadeLength,only-caller,1
main,0x0000000000c7b5c0,a_t0101_i0101_gamemachine02_bld1,only-caller,1
main,0x0000000000c7b730,a_t0101_i0101_gamemachine02_bld1,only-caller,1
main,0x0000000000c7cd70,instance_obj,only-caller,1
main,0x0000000000c7ed40,Collider_dRadius,unique-callee,1
main,0x0000000000c7fe70,ProjectionConstant,only-caller,1
main,0x0000000000c7fef0,ProjectionConstant,only-caller,1
main,0x0000000000c801c0,ShadowFadeLength,only-caller,1
main,0x0000000000c80240,ShadowFadeLength,only-caller,1
main,0x0000000000c80960,ProjectionConstant,unique-callee,1
main,0x0000000000c80d30,RThigh_2,only-caller,1
main,0x0000000000c81890,Play_UI_common_decide,only-caller,1
main,0x0000000000c81cf0,Play_UI_common_decide,only-caller,1
main,0x0000000000c86a50,gfbanm,unique-callee,1
main,0x0000000000c88050,gfbanm,only-caller,1
main,0x0000000000c8a350,a_wr0101_nest_hole_emitter,unique-callee,1
main,0x0000000000c915b0,Play_UI_common_decide,only-caller,1
main,0x0000000000c94d10,unnamed_36,only-caller,1
main,0x0000000000c95020,unnamed_36,only-caller,1
main,0x0000000000c95040,unnamed_36,only-caller,1
main,0x0000000000c950c0,unnamed_36,unique-callee,1
main,0x0000000000c957e0,RThigh_2,unique-callee,1
main,0x0000000000c962a0,fi_spin,only-caller,1
main,0x0000000000c96480,fi_spin,only-caller,1
main,0x0000000000c96870,fi_spin,only-caller,1
main,0x0000000000c96b20,fi_spin,only-caller,1
main,0x0000000000c97e70,Play_PL_Cycling_Trubo_Water,only-caller,1
main,0x0000000000c993f0,fi_spin,only-caller,1
main,0x0000000000c99770,fi0047_idling06_loop,only-caller,1
main,0x0000000000c999f0,fi_spin,only-caller,1
main,0x0000000000c99be0,Play_UI_Lcircuit_Count_Down,only-caller,1
main,0x0000000000c99bf0,Play_Prop_Gimmick_Get_Baloon_2,only-caller,1
main,0x0000000000c99c50,Play_UI_common_decide,only-caller,1
main,0x0000000000c9c3c0,kw20_drowse01_Enabled,only-caller,1
main,0x0000000000c9c520,kw20_drowse01_Enabled,only-caller,1
main,0x0000000000c9c640,kw20_drowse01_Enabled,only-caller,1
main,0x0000000000c9ca90,kw20_drowse01_Enabled,only-caller,1
main,0x0000000000c9cdd0,kw20_drowse01_Enabled,only-caller,1
main,0x0000000000c9dcd0,fi_npc_type_2,unique-callee,1
main,0x0000000000c9de70,kw20_drowse01_Enabled,only-caller,1
main,0x0000000000c9ecd0,LookAtWait_8,only-caller,1
main,0x0000000000c9ece0,fi_wait_type,only-caller,1
main,0x0000000000c9ed40,kw20_drowse01_Enabled,all-callers-agree,2
main,0x0000000000c9ee70,kw20_drowse01_Enabled,only-caller,1
main,0x0000000000c9f140,to_kw32_happyB01_2,only-caller,1
main,0x0000000000c9faa0,kw20_drowse01_Enabled,all-callers-agree,2
main,0x0000000000ca0200,to_kw32_happyB01_2,only-caller,1
main,0x0000000000ca3020,kw20_drowse01_Enabled,unique-callee,1
main,0x0000000000ca6d40,Set_State_Off,only-caller,1
main,0x0000000000ca7030,Set_State_Off,only-caller,1
main,0x0000000000ca7130,Set_State_Off,only-caller,1
main,0x0000000000ca8060,GfMapCamArea_Polygon,unique-callee,1
main,0x0000000000ca8e70,loc_eff_head,only-caller,1
main,0x0000000000caaf10,loc_eff_head,only-caller,1
main,0x0000000000cacf50,scrollstop,only-caller,1
main,0x0000000000cad140,scrollstop,only-caller,1
main,0x0000000000caeb80,scrollstop,only-caller,1
main,0x0000000000caed70,scrollstop,only-caller,1
main,0x0000000000caed80,Set_State_Off,only-caller,1
main,0x0000000000caefc0,Set_State_Off,only-caller,1
main,0x0000000000caf040,GfMapCamArea_Polygon,only-caller,1
main,0x0000000000caf180,GfMapCamArea_Polygon,only-caller,1
main,0x0000000000caf7c0,scrollstop,only-caller,1
main,0x0000000000caf9b0,scrollstop,only-caller,1
main,0x0000000000cafce0,RThigh_2,unique-callee,1
main,0x0000000000cb10a0,RThigh_2,only-caller,1
main,0x0000000000cb1630,Play_SceneTransition_Footsteps,only-caller,1
main,0x0000000000cb1840,Play_UI_common_decide,only-caller,1
main,0x0000000000cb2010,Stop_Battle_Music_for865,only-caller,1
main,0x0000000000cb33f0,Stop_PL_Foley_fishing_fish_fight_lp,only-caller,1
main,0x0000000000cb3470,Stop_Battle_Music_for865,only-caller,1
main,0x0000000000cb3fe0,AroundMax,only-caller,1
main,0x0000000000cb4230,AroundMax,all-callers-agree,2
main,0x0000000000cb4bc0,AroundMax,only-caller,1
main,0x0000000000cb6420,sndarea,only-caller,1
main,0x0000000000cb6610,sndarea,only-caller,1
main,0x0000000000cb6620,Corridor,only-caller,1
main,0x0000000000cb6c60,sndarea,only-caller,1
main,0x0000000000cb6e50,sndarea,only-caller,1
main,0x0000000000cb6ff0,Corridor,only-caller,1
main,0x0000000000cb70a0,Corridor,only-caller,1
main,0x0000000000cb7100,Corridor,only-caller,1
main,0x0000000000cbe940,unnamed_30,only-caller,1
main,0x0000000000cbea30,unnamed_30,only-caller,1
main,0x0000000000cbec10,unnamed_30,only-caller,1
main,0x0000000000cc0e70,ShadowFadeLength,only-caller,1
main,0x0000000000cc1270,nn_ldn_SetStationAcceptPolicy_3,only-caller,1
main,0x0000000000cc1490,nn_ldn_SetStationAcceptPolicy_3,only-caller,1
main,0x0000000000cc1740,nn_ldn_SetStationAcceptPolicy_3,only-caller,1
main,0x0000000000cc23f0,kw20_drowse01_Enabled,only-caller,1
main,0x0000000000cc2460,PcRecovery,only-caller,1
main,0x0000000000cc25f0,PcRecovery,only-caller,1
main,0x0000000000cc2780,PcRecovery,only-caller,1
main,0x0000000000cc2910,PcRecovery,only-caller,1
main,0x0000000000cc2aa0,PcRecovery,only-caller,1
main,0x0000000000cc2c30,PcRecovery,only-caller,1
main,0x0000000000cc2dc0,PcRecovery,only-caller,1
main,0x0000000000cc2f50,PcRecovery,only-caller,1
main,0x0000000000cc30e0,PcRecovery,only-caller,1
main,0x0000000000cc3270,PcRecovery,only-caller,1
main,0x0000000000cc3400,PcRecovery,only-caller,1
main,0x0000000000cc3590,PcRecovery,only-caller,1
main,0x0000000000cc3720,PcRecovery,only-caller,1
main,0x0000000000cc38b0,PcRecovery,only-caller,1
main,0x0000000000cc3a40,PcRecovery,only-caller,1
main,0x0000000000cc3bd0,PcRecovery,only-caller,1
main,0x0000000000cc3d60,PcRecovery,only-caller,1
main,0x0000000000cc3ef0,PcRecovery,only-caller,1
main,0x0000000000cc4080,PcRecovery,only-caller,1
main,0x0000000000cc4210,PcRecovery,only-caller,1
main,0x0000000000cc43a0,PcRecovery,only-caller,1
main,0x0000000000cc4530,PcRecovery,only-caller,1
main,0x0000000000cc46c0,PcRecovery,only-caller,1
main,0x0000000000cc4850,PcRecovery,only-caller,1
main,0x0000000000cc49e0,PcRecovery,only-caller,1
main,0x0000000000cc4b70,PcRecovery,only-caller,1
main,0x0000000000cc4d00,PcRecovery,only-caller,1
main,0x0000000000cc4e90,PcRecovery,only-caller,1
main,0x0000000000cc5020,PcRecovery,only-caller,1
main,0x0000000000cc51b0,PcRecovery,only-caller,1
main,0x0000000000cc5340,PcRecovery,only-caller,1
main,0x0000000000cc54d0,PcRecovery,only-caller,1
main,0x0000000000cc5660,PcRecovery,only-caller,1
main,0x0000000000cc57f0,PcRecovery,only-caller,1
main,0x0000000000cc5980,PcRecovery,only-caller,1
main,0x0000000000cc5aa0,PcRecovery,only-caller,1
main,0x0000000000cc5c00,PcRecovery,only-caller,1
main,0x0000000000cc64a0,nn_ldn_SetStationAcceptPolicy_3,all-callers-agree,2
main,0x0000000000cc9900,PcRecovery,unique-callee,1
main,0x0000000000cc9fd0,unnamed_31,only-caller,1
main,0x0000000000cca680,ShadowFadeLength,only-caller,1
main,0x0000000000ccba50,PcRecovery,only-caller,1
main,0x0000000000ccbcb0,PcRecovery,only-caller,1
main,0x0000000000ccbe70,PcRecovery,only-caller,1
main,0x0000000000ccd600,PcRecovery,only-caller,1
main,0x0000000000cddd10,Play_UI_common_decide,only-caller,1
main,0x0000000000cde010,Stop_Battle_Music_for865,only-caller,1
main,0x0000000000cde050,NONE_NONE_4,all-callers-agree,2
main,0x0000000000cde110,NONE_NONE_4,unique-callee,1
main,0x0000000000ce0210,encount_symbol_k,unique-callee,1
main,0x0000000000ce04c0,GroundAttributes_2,only-caller,1
main,0x0000000000ce2630,Stop_Battle_Music_for865,only-caller,1
main,0x0000000000ce3a10,TENT__s,unique-callee,1
main,0x0000000000ce5390,s__02d_gfbprb,only-caller,1
main,0x0000000000ce5fb0,fel_999,only-caller,1
main,0x0000000000ce6010,Set_State_Battle_Off,only-caller,1
main,0x0000000000ce6050,fel_999,only-caller,1
main,0x0000000000ce6410,s__02d_gfbprb,only-caller,1
main,0x0000000000ce6750,s__02d_gfbprb,only-caller,1
main,0x0000000000ce6910,s__02d_gfbprb,only-caller,1
main,0x0000000000ced290,unnamed_32,only-caller,1
main,0x0000000000cf10f0,TENT__s,only-caller,1
main,0x0000000000cf4530,RThigh_2,only-caller,1
main,0x0000000000cf4bf0,RThigh_2,only-caller,1
main,0x0000000000cf4c00,RThigh_2,only-caller,1
main,0x0000000000cf4cd0,RThigh_2,only-caller,1
main,0x0000000000cf5170,RThigh_2,only-caller,1
main,0x0000000000cf51c0,RThigh_2,only-caller,1
main,0x0000000000cf5210,RThigh_2,only-caller,1
main,0x0000000000cf5730,RThigh_2,only-caller,1
main,0x0000000000cf6c80,RThigh_2,only-caller,1
main,0x0000000000cfa610,RThigh_2,only-caller,1
main,0x0000000000cfbf50,RThigh_2,unique-callee,1
main,0x0000000000cfc840,RThigh_2,unique-callee,1
main,0x0000000000cfd140,RThigh_2,only-caller,1
main,0x0000000000d02730,Play_SceneTransition_Footsteps,only-caller,1
main,0x0000000000d03a70,Play_UI_common_decide,only-caller,1
main,0x0000000000d075c0,APPEAR_POKEMON_2,only-caller,1
main,0x0000000000d07d90,APPEAR_POKEMON_2,only-caller,1
main,0x0000000000d087b0,APPEAR_POKEMON_2,all-callers-agree,2
main,0x0000000000d0e770,AttenuationType,only-caller,1
main,0x0000000000d0fad0,Stop_PL_Foley_fishing_fish_fight_lp,only-caller,1
main,0x0000000000d11430,wait_trigger,only-caller,1
main,0x0000000000d13100,Play_Prop_Gimmick_a_t0301_g0102_voice,only-caller,1
main,0x0000000000d13260,Play_Prop_Gimmick_a_t0301_g0102_voice,only-caller,1
main,0x0000000000d137f0,Play_Prop_Gimmick_a_t0301_g0102_voice,only-caller,1
main,0x0000000000d15400,Play_Prop_Gimmick_a_t0301_g0102_voice,only-caller,1
main,0x0000000000d1b2b0,ob0023_00_ball7Skin,unique-callee,1
main,0x0000000000d1b320,PathObject,only-caller,1
main,0x0000000000d201e0,fi_npc_type_2,only-caller,1
main,0x0000000000d20a90,PathObject,only-caller,1
main,0x0000000000d21110,ResetFrame_2,unique-callee,1
main,0x0000000000d21580,ResetFrame_3,unique-callee,1
main,0x0000000000d21a30,ResetFrame_4,unique-callee,1
main,0x0000000000d236b0,Play_Prop_Gimmick_elevator_move,only-caller,1
main,0x0000000000d237f0,fi20_walk01,unique-callee,1
main,0x0000000000d240d0,CharacterMotion,only-caller,1
main,0x0000000000d245e0,Play_Prop_Gimmick_elevator_move,only-caller,1
main,0x0000000000d24730,Play_Prop_Gimmick_elevator_move,only-caller,1
main,0x0000000000d253d0,unnamed_50,only-caller,1
main,0x0000000000d25c50,USE_SPRAY,unique-callee,1
main,0x0000000000d25d00,msg_wide_road_username,only-caller,1
main,0x0000000000d27340,ResetFrame,unique-callee,1
main,0x0000000000d27470,ResetFrame_3,only-caller,1
main,0x0000000000d28390,Play_UI_common_decide,only-caller,1
main,0x0000000000d28d20,USE_SPRAY,unique-callee,1
main,0x0000000000d2a440,Stop_Battle_Music_for865,only-caller,1
main,0x0000000000d2a4f0,PathObject_2,only-caller,1
main,0x0000000000d2a620,PathObject_2,only-caller,1
main,0x0000000000d2aa70,TOWER_TRAINER__d,unique-callee,1
main,0x0000000000d2ac00,TOWER_TRAINER__d,only-caller,1
main,0x0000000000d2b820,PathObject_2,only-caller,1
main,0x0000000000d2ba70,PathObject_2,only-caller,1
main,0x0000000000d2c760,TOWER_TRAINER__d,only-caller,1
main,0x0000000000d2d8d0,PathObject,only-caller,1
main,0x0000000000d2eb00,Play_UI_common_decide,all-callers-agree,2
main,0x0000000000d2ebf0,Play_UI_common_decide,all-callers-agree,2
main,0x0000000000d36bf0,Set_State_On,only-caller,1
main,0x0000000000d40ad0,Stop_PL_Foley_fishing_fish_fight_lp,only-caller,1
main,0x0000000000d40b10,RThigh_2,only-caller,1
main,0x0000000000d40c10,RThigh_2,only-caller,1
main,0x0000000000d40d10,RThigh_2,only-caller,1
main,0x0000000000d41ed0,Play_UI_common_decide,all-callers-agree,2
main,0x0000000000d45240,field_event,only-caller,1
main,0x0000000000d45410,field_event,only-caller,1
main,0x0000000000d45740,field_event,only-caller,1
main,0x0000000000d45b60,Play_UI_common_decide,all-callers-agree,2
main,0x0000000000d46690,Stop_PL_Foley_fishing_fish_fight_lp,only-caller,1
main,0x0000000000d466a0,Stop_PL_Foley_fishing_fish_fight_lp,only-caller,1
main,0x0000000000d466b0,Play_UI_common_decide,only-caller,1
main,0x0000000000d46900,Play_UI_common_decide,only-caller,1
main,0x0000000000d46c00,fi0047_idling06_loop,only-caller,1
main,0x0000000000d46fd0,Play_UI_common_decide,only-caller,1
main,0x0000000000d48050,Play_PL_Cycling_Trubo_Water,only-caller,1
main,0x0000000000d48a20,RThigh_2,only-caller,1
main,0x0000000000d48b50,RThigh_2,only-caller,1
main,0x0000000000d499a0,RThigh_2,only-caller,1
main,0x0000000000d49bb0,RThigh_2,only-caller,1
main,0x0000000000d4a720,fi0047_idling06_loop,only-caller,1
main,0x0000000000d4be10,Stop_PL_Foley_fishing_fish_fight_lp,only-caller,1
main,0x0000000000d4c1e0,Stop_PL_Foley_fishing_fish_fight_lp,only-caller,1
main,0x0000000000d51aa0,Play_SceneTransition_Footsteps,only-caller,1
main,0x0000000000d52ef0,nn_ldn_SetStationAcceptPolicy_3,only-caller,1
main,0x0000000000d55320,APPEAR_POKEMON_2,only-caller,1
main,0x0000000000d553f0,Play_UI_common_decide,only-caller,1
main,0x0000000000d555e0,Play_UI_common_decide,only-caller,1
main,0x0000000000d55870,Play_UI_common_decide,only-caller,1
main,0x0000000000d56dd0,TENT__s,only-caller,1
main,0x0000000000d57510,msg_wide_road_username,only-caller,1
main,0x0000000000d5a3c0,Play_UI_common_decide,only-caller,1
main,0x0000000000d5a6c0,Play_UI_common_decide,all-callers-agree,2
main,0x0000000000d5a960,Play_UI_common_decide,only-caller,1
main,0x0000000000d5ad80,Play_UI_common_decide,only-caller,1
main,0x0000000000d5b0e0,Stop_Battle_Music_for865,only-caller,1
main,0x0000000000d5bd60,Play_UI_common_decide,all-callers-agree,2
main,0x0000000000d5be10,Play_UI_common_decide,only-caller,1
main,0x0000000000d5c790,ob0023_00_ball7Skin,only-caller,1
main,0x0000000000d5cd20,ob0023_00_ball7Skin,only-caller,1
main,0x0000000000d5fac0,unnamed_35,only-caller,1
main,0x0000000000d62b60,USE_SPRAY,only-caller,1
main,0x0000000000d630d0,nn_ldn_SetStationAcceptPolicy_3,only-caller,1
main,0x0000000000d631c0,showCheck,only-caller,1
main,0x0000000000d63320,USE_SPRAY,only-caller,1
main,0x0000000000d63bc0,MEET_BY_EVENT,only-caller,1
main,0x0000000000d677d0,Set_State_Battle_Off,only-caller,1
main,0x0000000000d677f0,Set_State_Battle_Off,only-caller,1
main,0x0000000000d688a0,TENT__s,only-caller,1
main,0x0000000000d68980,TENT__s,only-caller,1
main,0x0000000000d6a600,fi_pc_type,only-caller,1
main,0x0000000000d6aa50,fi_pc_type,unique-callee,1
main,0x0000000000d6eef0,TestBGM,only-caller,1
main,0x0000000000d6ef40,TestBGM,only-caller,1
main,0x0000000000d73ed0,APPEAR_POKEMON,only-caller,1
main,0x0000000000d79160,Stop_Battle_Music_for865,only-caller,1
main,0x0000000000d79250,Stop_Battle_Music_for865,only-caller,1
main,0x0000000000d79390,Stop_Battle_Music_for865,only-caller,1
main,0x0000000000d79580,Stop_Battle_Music_for865,only-caller,1
main,0x0000000000d797e0,Stop_Battle_Music_for865,only-caller,1
main,0x0000000000d79aa0,NONE_NONE_4,only-caller,1
main,0x0000000000d7af10,Stop_Battle_Music_for865,only-caller,1
main,0x0000000000d7bd00,APPEAR_POKEMON,only-caller,1
main,0x0000000000d81c30,Play_UI_Common_PM_Encount_FX,only-caller,1
main,0x0000000000d857c0,TestBGM,only-caller,1
main,0x0000000000d85df0,TestBGM,only-caller,1
main,0x0000000000d89150,nn_ldn_SetStationAcceptPolicy_3,only-caller,1
main,0x0000000000d893e0,nn_ldn_SetStationAcceptPolicy_3,only-caller,1
main,0x0000000000d89890,TestBGM,only-caller,1
main,0x0000000000d89970,TestBGM,only-caller,1
main,0x0000000000d89aa0,TestBGM,only-caller,1
main,0x0000000000d89cf0,TestBGM,only-caller,1
main,0x0000000000d89dd0,TestBGM,only-caller,1
main,0x0000000000d8b8f0,TestBGM,unique-callee,1
main,0x0000000000d8bb60,TestBGM,only-caller,1
main,0x0000000000d8ce90,Play_UI_common_decide,only-caller,1
main,0x0000000000d8d180,Play_UI_common_decide,only-caller,1
main,0x0000000000d8d4c0,Play_UI_common_decide,only-caller,1
main,0x0000000000d8e8e0,Play_UI_common_decide,only-caller,1
main,0x0000000000d8ee90,Play_UI_common_decide,only-caller,1
main,0x0000000000d90b20,Play_UI_common_decide,only-caller,1
main,0x0000000000d90d60,Play_UI_common_decide,only-caller,1
main,0x0000000000d911a0,Play_UI_common_decide,only-caller,1
main,0x0000000000d914c0,Play_SceneTransition_Footsteps,only-caller,1
main,0x0000000000d91790,Play_SceneTransition_Footsteps,only-caller,1
main,0x0000000000d91ad0,Play_UI_common_decide,only-caller,1
main,0x0000000000d91ce0,TestBGM,unique-callee,1
main,0x0000000000d91f40,Play_SceneTransition_Footsteps,only-caller,1
main,0x0000000000d920c0,Play_UI_common_decide,all-callers-agree,3
main,0x0000000000d922a0,Play_UI_common_decide,only-caller,1
main,0x0000000000d92440,Play_UI_common_decide,only-caller,1
main,0x0000000000d92660,Play_UI_common_decide,only-caller,1
main,0x0000000000d92740,Play_UI_common_decide,only-caller,1
main,0x0000000000d92870,Play_UI_common_decide,unique-callee,1
main,0x0000000000d92b80,Play_UI_common_decide,only-caller,1
main,0x0000000000d94110,Play_SceneTransition_Footsteps,only-caller,1
main,0x0000000000d942a0,Play_SceneTransition_Footsteps,only-caller,1
main,0x0000000000d94ab0,Play_SceneTransition_Footsteps,only-caller,1
main,0x0000000000d94be0,Play_SceneTransition_Footsteps,only-caller,1
main,0x0000000000d94e00,Play_UI_common_decide,only-caller,1
main,0x0000000000d952c0,Play_SceneTransition_Footsteps,only-caller,1
main,0x0000000000d95350,Play_SceneTransition_Footsteps,unique-callee,1
main,0x0000000000d964f0,Play_SceneTransition_Footsteps,only-caller,1
main,0x0000000000d98260,TestBGM,unique-callee,1
main,0x0000000000d985a0,TestBGM,unique-callee,1
main,0x0000000000d9b230,syoujou,only-caller,1
main,0x0000000000d9b370,syoujou,only-caller,1
main,0x0000000000d9d210,MutePM_at_Recovering,only-caller,1
main,0x0000000000d9f490,UnMutePM_at_Recovering,only-caller,1
main,0x0000000000d9fd30,s_02d,only-caller,1
main,0x0000000000da1800,UnMutePM_at_Recovering,only-caller,1
main,0x0000000000da36d0,Play_UI_common_decide,only-caller,1
main,0x0000000000da3770,Play_UI_common_decide,unique-callee,1
main,0x0000000000da3890,Play_UI_common_decide,only-caller,1
main,0x0000000000da6f20,Play_SceneTransition_Footsteps,only-caller,1
main,0x0000000000da6fa0,Play_SceneTransition_Footsteps,unique-callee,1
main,0x0000000000da7900,Play_SceneTransition_Footsteps,only-caller,1
main,0x0000000000dadc60,FE_G_IWA_KORI_HOLE,only-caller,1
main,0x0000000000daef70,FE_G_IWA_KORI_HOLE,unique-callee,1
main,0x0000000000db6200,CupRotationSpeed,only-caller,1
main,0x0000000000db70f0,Play_Prop_Gimmick_a_t0501_g0202_hit_5,only-caller,1
main,0x0000000000dbdde0,number_count02_trigger,only-caller,1
main,0x0000000000dbe2f0,_PokeSpaceBox,only-caller,1
main,0x0000000000dbe440,_PokeSpaceBox,only-caller,1
main,0x0000000000dbf420,gate_open_close,only-caller,1
main,0x0000000000dc1360,Play_Prop_Gimmick_a_t0301_g0102_countfix,only-caller,1
main,0x0000000000dc3da0,_PokeSpaceBox,only-caller,1
main,0x0000000000dc43f0,gate_open_close,only-caller,1
main,0x0000000000dc5940,Set_State_t0401_Switch_Yellow_b,only-caller,1
main,0x0000000000dc7ca0,Set_State_t0401_Switch_Yellow_b,only-caller,1
main,0x0000000000dc9ab0,kinoko_light,only-caller,1
main,0x0000000000dc9bd0,kinoko_light,only-caller,1
main,0x0000000000dc9cf0,kinoko_light,only-caller,1
main,0x0000000000dc9e10,kinoko_light,only-caller,1
main,0x0000000000dc9f30,kinoko_light,only-caller,1
main,0x0000000000dca050,kinoko_light,only-caller,1
main,0x0000000000dca170,kinoko_light,only-caller,1
main,0x0000000000dca290,kinoko_light,only-caller,1
main,0x0000000000dca8a0,kinoko_light,only-caller,1
main,0x0000000000dd1740,balloonGroups,only-caller,1
main,0x0000000000dd1940,balloonGroups,only-caller,1
main,0x0000000000dd1a70,balloonGroups,only-caller,1
main,0x0000000000dd1ba0,balloonGroups,only-caller,1
main,0x0000000000dd1d70,balloonGroups,only-caller,1
main,0x0000000000dd1f00,balloonGroups,unique-callee,1
main,0x0000000000dd2090,balloonGroups,unique-callee,1
main,0x0000000000dd2330,balloonGroups,only-caller,1
main,0x0000000000dd24c0,balloonGroups,only-caller,1
main,0x0000000000dd26e0,balloonGroups,only-caller,1
main,0x0000000000dd2900,balloonGroups,only-caller,1
main,0x0000000000dd2d70,Play_UI_Lcircuit_Count_Down,only-caller,1
main,0x0000000000dd3090,Play_UI_Lcircuit_Count_Down,only-caller,1
main,0x0000000000dd48f0,Play_UI_Lcircuit_Count_Down,only-caller,1
main,0x0000000000dd4a00,Play_UI_Lcircuit_Count_Down,only-caller,1
main,0x0000000000dd4b50,Play_UI_Lcircuit_Count_Down,only-caller,1
main,0x0000000000ddc8f0,Stop_bgm_or_st_sys03,only-caller,1
main,0x0000000000ddc9f0,Stop_bgm_or_st_sys03,only-caller,1
main,0x0000000000ddce70,Play_Prop_Gimmick_Get_Baloon_2,only-caller,1
main,0x0000000000ddd300,Play_UI_Lcircuit_CheckPoint,only-caller,1
main,0x0000000000ddd500,Play_UI_Lcircuit_CheckPoint,only-caller,1
main,0x0000000000de0ef0,_PokeSpaceBox,only-caller,1
main,0x0000000000de2ab0,_PokeSpaceBox,only-caller,1
main,0x0000000000de2c10,_PokeSpaceBox,only-caller,1
main,0x0000000000de4c80,encount_symbol_k,unique-callee,1
main,0x0000000000de5a50,tower_tr__03d,only-caller,1
main,0x0000000000de5bb0,tower_trainer,only-caller,1
main,0x0000000000de5c90,tower_trainer,only-caller,1
main,0x0000000000de5d70,tower_trainer,unique-callee,1
main,0x0000000000de5e60,mes_tower_tr__03d_03,only-caller,1
main,0x0000000000de6050,mes_tower_tr__03d_03,only-caller,1
main,0x0000000000de64f0,mes_tower_tr__03d_03,only-caller,1
main,0x0000000000de67f0,mes_tower_tr__03d_03,only-caller,1
main,0x0000000000de6940,tower_trainer,unique-callee,1
main,0x0000000000de6a30,mes_tower_tr__03d_03,unique-callee,1
main,0x0000000000de6b50,tower_tr__03d,unique-callee,1
main,0x0000000000de6c50,mes_tower_tr__03d_03,only-caller,1
main,0x0000000000de6de0,mes_tower_tr__03d_03,only-caller,1
main,0x0000000000de6ee0,encount_symbol_k,unique-callee,1
main,0x0000000000de6fd0,Stop_Battle_Music_for865,only-caller,1
main,0x0000000000de7180,MEET_BY_EVENT,unique-callee,1
main,0x0000000000de7580,MEET_BY_EVENT,only-caller,1
main,0x0000000000de76a0,MEET_BY_EVENT,only-caller,1
main,0x0000000000de7940,MEET_BY_EVENT,only-caller,1
main,0x0000000000de7a70,MEET_BY_EVENT,only-caller,1
main,0x0000000000de8030,MEET_BY_EVENT,only-caller,1
main,0x0000000000de8600,MEET_BY_EVENT,unique-callee,1
main,0x0000000000de8e20,event_encount_data,only-caller,1
main,0x0000000000de9890,event_encount_data,unique-callee,1
main,0x0000000000de9cc0,event_encount_data,unique-callee,1
main,0x0000000000dea090,poke_memory,unique-callee,1
main,0x0000000000df4370,SetBackupScriptState,only-caller,1
main,0x0000000000df4440,SetBackupScriptState,only-caller,1
main,0x0000000000df4730,SetBackupScriptState,only-caller,1
main,0x0000000000df4a40,SetBackupScriptState,only-caller,1
main,0x0000000000df4ce0,SetBackupScriptState,only-caller,1
main,0x0000000000df5a20,SetBackupScriptState,only-caller,1
main,0x0000000000df5af0,SetBackupScriptState,only-caller,1
main,0x0000000000df7fa0,unknown,only-caller,1
main,0x0000000000dfdbb0,SetBackupScriptState,all-callers-agree,4
main,0x0000000000dfe690,class_check_5,only-caller,1
main,0x0000000000dffd00,class_check_5,only-caller,1
main,0x0000000000dffe40,class_check_5,only-caller,1
main,0x0000000000dfff80,class_check_5,only-caller,1
main,0x0000000000e009a0,class_check_5,only-caller,1
main,0x0000000000e00b40,class_check_5,only-caller,1
main,0x0000000000e00f40,class_check_5,only-caller,1
main,0x0000000000e013d0,SetBackupScriptState,only-caller,1
main,0x0000000000e014b0,SetBackupScriptState,only-caller,1
main,0x0000000000e03a70,unknown_2,only-caller,1
main,0x0000000000e09120,class_check_8,only-caller,1
main,0x0000000000e0a790,class_check_8,only-caller,1
main,0x0000000000e0a8d0,class_check_8,only-caller,1
main,0x0000000000e0aa10,class_check_8,only-caller,1
main,0x0000000000e0b430,class_check_8,only-caller,1
main,0x0000000000e0b520,class_check_8,only-caller,1
main,0x0000000000e0b920,class_check_8,only-caller,1
main,0x0000000000e0bdb0,SetBackupScriptState,only-caller,1
main,0x0000000000e0be90,SetBackupScriptState,only-caller,1
main,0x0000000000e0df40,SetBackupScriptState,only-caller,1
main,0x0000000000e0e1c0,unknown_3,only-caller,1
main,0x0000000000e12cf0,class_check_11,only-caller,1
main,0x0000000000e14360,class_check_11,only-caller,1
main,0x0000000000e144a0,class_check_11,only-caller,1
main,0x0000000000e145e0,class_check_11,only-caller,1
main,0x0000000000e15000,class_check_11,only-caller,1
main,0x0000000000e150f0,class_check_11,only-caller,1
main,0x0000000000e154f0,class_check_11,only-caller,1
main,0x0000000000e15980,SetBackupScriptState,only-caller,1
main,0x0000000000e15a60,SetBackupScriptState,only-caller,1
main,0x0000000000e204e0,SetBackupScriptState,only-caller,1
main,0x0000000000e20f40,unknown_4,only-caller,1
main,0x0000000000e280f0,class_check_12,only-caller,1
main,0x0000000000e31aa0,class_check_12,only-caller,1
main,0x0000000000e31be0,class_check_12,only-caller,1
main,0x0000000000e31d20,class_check_12,only-caller,1
main,0x0000000000e32740,class_check_12,only-caller,1
main,0x0000000000e32830,class_check_12,only-caller,1
main,0x0000000000e32c30,class_check_12,only-caller,1
main,0x0000000000e330c0,SetBackupScriptState,only-caller,1
main,0x0000000000e331a0,SetBackupScriptState,only-caller,1
main,0x0000000000e33440,SetBackupScriptState,only-caller,1
main,0x0000000000e33520,SetBackupScriptState,only-caller,1
main,0x0000000000e337b0,SetBackupScriptState,only-caller,1
main,0x0000000000e339e0,SetBackupScriptState,all-callers-agree,10
main,0x0000000000e33b00,SetBackupScriptState,only-caller,1
main,0x0000000000e33bc0,SetBackupScriptState,all-callers-agree,10
main,0x0000000000e33ca0,SetBackupScriptState,all-callers-agree,10
main,0x0000000000e33d80,SetBackupScriptState,only-caller,1
main,0x0000000000e33f80,SetBackupScriptState,only-caller,1
main,0x0000000000e340c0,SetBackupScriptState,only-caller,1
main,0x0000000000e342c0,SetBackupScriptState,only-caller,1
main,0x0000000000e343d0,SetBackupScriptState,only-caller,1
main,0x0000000000e34600,SetBackupScriptState,only-caller,1
main,0x0000000000e347a0,SetBackupScriptState,only-caller,1
main,0x0000000000e349a0,SetBackupScriptState,only-caller,1
main,0x0000000000e34ae0,SetBackupScriptState,only-caller,1
main,0x0000000000e34ce0,SetBackupScriptState,only-caller,1
main,0x0000000000e34df0,SetBackupScriptState,only-caller,1
main,0x0000000000e35040,SetBackupScriptState,only-caller,1
main,0x0000000000e35210,SetBackupScriptState,only-caller,1
main,0x0000000000e35410,SetBackupScriptState,only-caller,1
main,0x0000000000e35520,SetBackupScriptState,only-caller,1
main,0x0000000000e35b80,SetBackupScriptState,only-caller,1
main,0x0000000000e36370,SetBackupScriptState,only-caller,1
main,0x0000000000e36570,SetBackupScriptState,only-caller,1
main,0x0000000000e37b80,APPEAR_POKEMON_2,all-callers-agree,2
main,0x0000000000e38d90,APPEAR_POKEMON_2,unique-callee,1
main,0x0000000000e38ec0,encount_symbol_k,unique-callee,1
main,0x0000000000e394b0,encount_symbol_k,only-caller,1
main,0x0000000000e39820,encount_symbol_k,only-caller,1
main,0x0000000000e39900,encount_symbol_k,only-caller,1
main,0x0000000000e399e0,encount_symbol_k,only-caller,1
main,0x0000000000e39ac0,encount_symbol_k,only-caller,1
main,0x0000000000e39ba0,encount_symbol_k,only-caller,1
main,0x0000000000e39c80,encount_symbol_k,unique-callee,1
main,0x0000000000e39f10,encount_symbol_k,unique-callee,1
main,0x0000000000e3a1b0,encount_symbol_k,unique-callee,1
main,0x0000000000e3a410,encount_symbol_k,unique-callee,1
main,0x0000000000e3a670,encount_symbol_k,unique-callee,1
main,0x0000000000e3ac30,a_t0101_i0101,only-caller,1
main,0x0000000000e3c0b0,UnMutePM_at_Recovering,unique-callee,1
main,0x0000000000e3c4a0,UnMutePM_at_Recovering,only-caller,1
main,0x0000000000e3c5e0,UnMutePM_at_Recovering,only-caller,1
main,0x0000000000e3c600,s_02d,only-caller,1
main,0x0000000000e3c8b0,ShadowFadeLength,only-caller,1
main,0x0000000000e3d0b0,TestBGM,only-caller,1
main,0x0000000000e3e000,msg_wide_road_username,only-caller,1
main,0x0000000000e3f4d0,TestBGM,unique-callee,1
main,0x0000000000e3f750,TestBGM,only-caller,1
main,0x0000000000e3fa90,TestBGM,only-caller,1
main,0x0000000000e40670,TestBGM,only-caller,1
main,0x0000000000e40830,TestBGM,only-caller,1
main,0x0000000000e41310,TestBGM,only-caller,1
main,0x0000000000e421e0,field_event,only-caller,1
main,0x0000000000e42850,effect_resource_table,only-caller,1
main,0x0000000000e42d30,effect_resource_table,only-caller,1
main,0x0000000000e42f20,TestBGM,only-caller,1
main,0x0000000000e43ae0,TestBGM,only-caller,1
main,0x0000000000e43b50,TestBGM,only-caller,1
main,0x0000000000e467a0,Set_State_BattleSunny,only-caller,1
main,0x0000000000e469f0,fel_999,only-caller,1
main,0x0000000000e47160,Set_State_BattleSunny,only-caller,1
main,0x0000000000e47200,Set_State_BattleSunny,only-caller,1
main,0x0000000000e47400,Set_State_BattleSunny,only-caller,1
main,0x0000000000e47750,Set_State_BattleSunny,only-caller,1
main,0x0000000000e4d7e0,unit_obj_tent02_gfbmdl,only-caller,1
main,0x0000000000e4d960,unit_obj_tent02_gfbmdl,only-caller,1
main,0x0000000000e4dba0,unit_obj_tent02_gfbmdl,only-caller,1
main,0x0000000000e4e150,Offline,all-callers-agree,2
main,0x0000000000e4fce0,Offline,only-caller,1
main,0x0000000000e50240,Offline,only-caller,1
main,0x0000000000e51180,TENT__s,only-caller,1
main,0x0000000000e51310,TENT__s,only-caller,1
main,0x0000000000e514a0,TENT__s,only-caller,1
main,0x0000000000e51600,TENT__s,only-caller,1
main,0x0000000000e52390,unit_obj_tent02_gfbmdl,only-caller,1
main,0x0000000000e52610,unit_obj_tent02_gfbmdl,only-caller,1
main,0x0000000000e527d0,unit_obj_tent02_gfbmdl,only-caller,1
main,0x0000000000e52990,unit_obj_tent02_gfbmdl,only-caller,1
main,0x0000000000e53500,Offline,only-caller,1
main,0x0000000000e55be0,TENT__s,only-caller,1
main,0x0000000000e55df0,TENT__s,only-caller,1
main,0x0000000000e56010,TENT__s,only-caller,1
main,0x0000000000e574d0,ef_env_wr0101_nesuto_rare,only-caller,1
main,0x0000000000e57920,a_wr0101_nest_hole_emitter,only-caller,1
main,0x0000000000e579a0,a_wr0101_nest_hole_emitter,only-caller,1
main,0x0000000000e585d0,a_wr0101_nest_hole_emitter,only-caller,1
main,0x0000000000e59010,USE_SPRAY,unique-callee,1
main,0x0000000000e5eb00,FieldMenuRotomView,only-caller,1
main,0x0000000000e60e40,FieldMenuRotomView,only-caller,1
main,0x0000000000e612a0,FieldMenuRotomView,only-caller,1
main,0x0000000000e613c0,FieldMenuRotomView,only-caller,1
main,0x0000000000e61540,FieldMenuRotomView,only-caller,1
main,0x0000000000e616c0,FieldMenuRotomView,only-caller,1
main,0x0000000000e617e0,FieldMenuRotomView,only-caller,1
main,0x0000000000e63b10,Play_UI_pbox_error,only-caller,1
main,0x0000000000e64070,anime_fade_out,only-caller,1
main,0x0000000000e64780,anime_fade_out,only-caller,1
main,0x0000000000e64890,Play_UI_pbox_error,only-caller,1
main,0x0000000000e649d0,anime_fade_out,only-caller,1
main,0x0000000000e64ab0,anime_fade_out,only-caller,1
main,0x0000000000e64b40,anime_fade_out,only-caller,1
main,0x0000000000e65130,FieldMenuRotomView_2,only-caller,1
main,0x0000000000e676f0,live_comm,only-caller,1
main,0x0000000000e67ad0,View_PlaceName,unique-callee,1
main,0x0000000000e67bf0,View_PlaceName,only-caller,1
main,0x0000000000e68390,live_comm,only-caller,1
main,0x0000000000e695c0,PopupView_03,only-caller,1
main,0x0000000000e696e0,PopupView_03,only-caller,1
main,0x0000000000e6a300,live_comm,only-caller,1
main,0x0000000000e6ac40,enable,only-caller,1
main,0x0000000000e6b7c0,live_comm,only-caller,1
main,0x0000000000e6c0c0,anime_new_out_4,only-caller,1
main,0x0000000000e6d280,live_comm,only-caller,1
main,0x0000000000e6d510,View_Wallet,unique-callee,1
main,0x0000000000e6d630,View_Wallet,only-caller,1
main,0x0000000000e6d870,live_comm,only-caller,1
main,0x0000000000e6da60,Set_State_On,only-caller,1
main,0x0000000000e6db00,loc_eff_head,only-caller,1
main,0x0000000000e6db90,View_EyeSight,unique-callee,1
main,0x0000000000e6dcb0,View_EyeSight,only-caller,1
main,0x0000000000e6e690,live_comm,only-caller,1
main,0x0000000000e6e940,ItemDescView,unique-callee,1
main,0x0000000000e6ea60,ItemDescView,only-caller,1
main,0x0000000000e6ec70,live_comm,only-caller,1
main,0x0000000000e6fcc0,anime_new_out_4,only-caller,1
main,0x0000000000e70d00,live_comm,only-caller,1
main,0x0000000000e719d0,LiveCommViewField,unique-callee,1
main,0x0000000000e71af0,LiveCommViewField,only-caller,1
main,0x0000000000e71d80,LiveCommViewField,only-caller,1
main,0x0000000000e73880,Defeat_Off,only-caller,1
main,0x0000000000e739c0,Defeat_Off,only-caller,1
main,0x0000000000e74200,Defeat_Off,only-caller,1
main,0x0000000000e745f0,ViewTop_2,only-caller,1
main,0x0000000000e755a0,ViewTop_2,only-caller,1
main,0x0000000000e756c0,ViewTop_2,only-caller,1
main,0x0000000000e75e30,msg_all_dead_02,only-caller,1
main,0x0000000000e75f40,msg_all_dead_02,only-caller,1
main,0x0000000000e76460,msg_all_dead_02,only-caller,1
main,0x0000000000e7a030,StateBtlSpotCompEntry_2,only-caller,1
main,0x0000000000e7c210,ViewBattletowerSelectmode,unique-callee,1
main,0x0000000000e7ea90,btl_app_2,unique-callee,1
main,0x0000000000e7f6c0,opponent_info,unique-callee,1
main,0x0000000000e7f7f0,L_time_near_L_timer_00,unique-callee,1
main,0x0000000000e7fca0,anonymous_2,only-caller,1
main,0x0000000000e80580,ViewDetails_6,unique-callee,1
main,0x0000000000e806b0,anime_in_2,unique-callee,1
main,0x0000000000e82ef0,Stop_UI_common_lv_gauge_up,unique-callee,1
main,0x0000000000e833a0,anime_L_card_rival_search_P_matchmake_icon_00_keep,unique-callee,1
main,0x0000000000e83430,anime_L_bg_box_list_02_bg_default,unique-callee,1
main,0x0000000000e83450,anime_out_9,unique-callee,1
main,0x0000000000e83540,anime_out_9,unique-callee,1
main,0x0000000000e83870,anime_L_notice__02d_icon_change,unique-callee,1
main,0x0000000000e83930,L_pokeIcon_00_3,unique-callee,1
main,0x0000000000e83d70,C_button_confirm,unique-callee,1
main,0x0000000000e840a0,grid_TopMenu_3,unique-callee,1
main,0x0000000000e86780,C_button_confirm,unique-callee,1
main,0x0000000000e868f0,grid_TopMenu_3,unique-callee,1
main,0x0000000000e86a60,grid_TopMenu_3,only-caller,1
main,0x0000000000e89e40,battle_default_placement_data,only-caller,1
main,0x0000000000e8a100,battle_default_placement_data,only-caller,1
main,0x0000000000e8e4b0,a_t0101_i0101,only-caller,1
main,0x0000000000e8fbb0,effect_resource_table,only-caller,1
main,0x0000000000e902c0,unnamed_37,only-caller,1
main,0x0000000000e903b0,unnamed_37,only-caller,1
main,0x0000000000e91e30,no_short,only-caller,1
main,0x0000000000e937c0,effect_resource_table,all-callers-agree,2
main,0x0000000000e93d00,effect_resource_table,all-callers-agree,2
main,0x0000000000e93f90,effect_resource_table,only-caller,1
main,0x0000000000e940d0,effect_resource_table,only-caller,1
main,0x0000000000e943b0,effect_resource_table,only-caller,1
main,0x0000000000e97f10,template_data,only-caller,1
main,0x0000000000e98cb0,encount_symbol_k,only-caller,1
main,0x0000000000e98d90,encount_symbol_k,only-caller,1
main,0x0000000000e98e70,encount_symbol_k,only-caller,1
main,0x0000000000e98f50,encount_symbol_k,only-caller,1
main,0x0000000000e99030,encount_symbol_k,only-caller,1
main,0x0000000000e99750,gfbmdl_3,only-caller,1
main,0x0000000000e99820,gfbmdl_3,only-caller,1
main,0x0000000000e99910,gfbmdl_3,only-caller,1
main,0x0000000000e9a460,gfbmdl_3,only-caller,1
main,0x0000000000e9ab60,unnamed_30,unique-callee,1
main,0x0000000000e9b2f0,effect_resource_table,only-caller,1
main,0x0000000000e9b440,effect_resource_table,only-caller,1
main,0x0000000000e9bd20,effect_resource_table,only-caller,1
main,0x0000000000e9be30,effect_resource_table,only-caller,1
main,0x0000000000e9c3a0,effect_resource_table,only-caller,1
main,0x0000000000e9c4e0,unnamed_37,only-caller,1
main,0x0000000000e9c5f0,unnamed_37,only-caller,1
main,0x0000000000e9cc20,encount_symbol_k,unique-callee,1
main,0x0000000000e9ccb0,nn_ldn_SetStationAcceptPolicy_3,unique-callee,1
main,0x0000000000e9cef0,nn_ldn_SetStationAcceptPolicy_3,only-caller,1
main,0x0000000000e9cf10,showCheck,only-caller,1
main,0x0000000000e9d130,unit_obj_monsterball01_ball,unique-callee,1
main,0x0000000000e9d690,unit_obj_monsterball01_ball,only-caller,1
main,0x0000000000ea2670,unnamed_7,unique-callee,1
main,0x0000000000ea4780,Play_Camp_Switching_Toy,all-callers-agree,2
main,0x0000000000eaa630,Play_me_or_st_item_get_2,unique-callee,1
main,0x0000000000eabf70,nn_ldn_SetStationAcceptPolicy_3,only-caller,1
main,0x0000000000ead110,fileName,unique-callee,1
main,0x0000000000ead190,orion_dressup_p2_table,unique-callee,1
main,0x0000000000ead4e0,tower_trainer,only-caller,1
main,0x0000000000ead710,Col0SecondaryColor_2,unique-callee,1
main,0x0000000000eadcd0,Set_State_NightTime,all-callers-agree,2
main,0x0000000000eaec20,Set_State_NightTime,all-callers-agree,2
main,0x0000000000eaec80,Set_State_NightTime,all-callers-agree,2
main,0x0000000000eaf710,Set_State_NightTime,only-caller,1
main,0x0000000000eaf780,Set_State_NightTime,only-caller,1
main,0x0000000000eaf8d0,Set_State_NightTime,only-caller,1
main,0x0000000000eb1820,screen_paste_cam_gfbcam,only-caller,1
main,0x0000000000eb2600,live_comm_stamp,all-callers-agree,3
main,0x0000000000eb28e0,live_comm_stamp,unique-callee,1
main,0x0000000000eb2c80,live_comm_stamp,all-callers-agree,3
main,0x0000000000eb2ee0,live_comm_stamp,all-callers-agree,3
main,0x0000000000eb5100,screen_paste_cam_gfbcam,only-caller,1
main,0x0000000000eb5c10,live_comm_stamp,only-caller,1
main,0x0000000000eb6230,anime_out,unique-callee,1
main,0x0000000000eb6530,ba_cheer,unique-callee,1
main,0x0000000000eb7b00,LiveCommViewBattle_2,unique-callee,1
main,0x0000000000eb8a30,statebattletowerout,unique-callee,1
main,0x0000000000eb98a0,tipsdata_2,only-caller,1
main,0x0000000000eb9fd0,picfilename,only-caller,1
main,0x0000000000eba830,picfilename,only-caller,1
main,0x0000000000ebbab0,tips,only-caller,1
main,0x0000000000ebbf60,tips,only-caller,1
main,0x0000000000ebc120,tips,only-caller,1
main,0x0000000000ebc2f0,tips,only-caller,1
main,0x0000000000ebcbf0,tips,only-caller,1
main,0x0000000000ebd180,Play_UI_Gnest_start_Gbattle,only-caller,1
main,0x0000000000ebe9f0,pt3_mons_form,unique-callee,1
main,0x0000000000ec0870,RemainTimeView_2,only-caller,1
main,0x0000000000ec66f0,ItemDescView,only-caller,1
main,0x0000000000ec8f50,DeterminePlayerPosMulti,unique-callee,1
main,0x0000000000ec9070,Play_bgm_or_vs_vs22,only-caller,1
main,0x0000000000ec9570,PostEventName,only-caller,1
main,0x0000000000ece170,Play_me_or_st_item_get_2,only-caller,1
main,0x0000000000ece1c0,Play_me_or_st_item_get_2,only-caller,1
main,0x0000000000ece200,Play_me_or_st_item_get_2,only-caller,1
main,0x0000000000ece220,Play_me_or_st_item_get_2,only-caller,1
main,0x0000000000ece260,Play_me_or_st_item_get_2,only-caller,1
main,0x0000000000ece270,Play_me_or_st_item_get_2,only-caller,1
main,0x0000000000ece290,Play_me_or_st_item_get_2,only-caller,1
main,0x0000000000ece2b0,Play_me_or_st_item_get_2,only-caller,1
main,0x0000000000ecffc0,sd9130_trade,only-caller,1
main,0x0000000000ed0a20,fi_pc_number,unique-callee,1
main,0x0000000000ed32d0,item,unique-callee,1
main,0x0000000000ed3380,demo_data,only-caller,1
main,0x0000000000ed3960,Set_State_NightTime,only-caller,1
main,0x0000000000ed3a40,Set_State_NightTime,only-caller,1
main,0x0000000000ed86b0,ZPrePath,only-caller,1
main,0x0000000000ed8aa0,PfxEffectMaskCopyPath,only-caller,1
main,0x0000000000ed8b90,PfxEffectMaskCopyPath,only-caller,1
main,0x0000000000ed8f30,PfxEffectMaskCopyPath,only-caller,1
main,0x0000000000ed9050,FirstResolvePath,only-caller,1
main,0x0000000000ee4bc0,townmap_top_00_lyt,only-caller,1
main,0x0000000000ee5530,townmap_top_00_lyt,only-caller,1
main,0x0000000000ee5940,townmap_top_00_lyt,only-caller,1
main,0x0000000000ee77c0,ba_cheer,only-caller,1
main,0x0000000000ee7990,Set_State_Battle_Off,only-caller,1
main,0x0000000000ee9a60,FinalizeRenderPath,only-caller,1
main,0x0000000000eed710,View_Top_10,only-caller,1
main,0x0000000000eee4d0,View_Top_10,only-caller,1
main,0x0000000000eee5f0,View_Top_10,only-caller,1
main,0x0000000000eeed10,StateFirst,only-caller,1
main,0x0000000000eeee20,StateFirst,only-caller,1
main,0x0000000000eef390,StateFirst,only-caller,1
main,0x0000000000eef840,View_Top_10,only-caller,1
main,0x0000000000eef950,anime_L_tab_right_00_key_select_3,unique-callee,1
main,0x0000000000eefa10,HairsalonStartState,all-callers-agree,3
main,0x0000000000eefb80,anime_L_tab_right_00_key_select_3,unique-callee,1
main,0x0000000000eefba0,HairsalonStartState,all-callers-agree,2
main,0x0000000000eefc00,anime_L_tab_right_00_key_select_3,only-caller,1
main,0x0000000000eefee0,anime_L_tab_right_00_key_select_3,only-caller,1
main,0x0000000000ef1a30,SystemMessageView_5,only-caller,1
main,0x0000000000ef1bc0,SystemMessageView_5,only-caller,1
main,0x0000000000ef2580,SystemMessageView_5,only-caller,1
main,0x0000000000ef2680,SystemMessageView_5,only-caller,1
main,0x0000000000ef2990,SystemMessageView_5,only-caller,1
main,0x0000000000ef2d90,SystemMessageView_5,only-caller,1
main,0x0000000000ef2eb0,SystemMessageView_5,only-caller,1
main,0x0000000000ef3930,HairsalonStartState,only-caller,1
main,0x0000000000ef4140,HairsalonStartState,only-caller,1
main,0x0000000000ef7f10,HairsalonStartState,only-caller,1
main,0x0000000000ef8740,HairsalonStartState,only-caller,1
main,0x0000000000ef89a0,HairsalonStartState,only-caller,1
main,0x0000000000ef8aa0,HairsalonStartState,only-caller,1
main,0x0000000000efbe70,MEET_BY_EGG,only-caller,1
main,0x0000000000efc0e0,MEET_BY_EGG,only-caller,1
main,0x0000000000efc1d0,MEET_BY_EGG,only-caller,1
main,0x0000000000efcb90,SystemMessageView_6,only-caller,1
main,0x0000000000efd570,MEET_BY_EGG,only-caller,1
main,0x0000000000efd8b0,SystemMessageView_6,only-caller,1
main,0x0000000000efe300,SystemMessageView_6,all-callers-agree,2
main,0x0000000000eff7a0,PlayerSelect,only-caller,1
main,0x0000000000effdb0,State_Loading_End,only-caller,1
main,0x0000000000effe50,State_Loading_First,only-caller,1
main,0x0000000000f004f0,PlayerSelect,only-caller,1
main,0x0000000000f018d0,PlayerSelect,only-caller,1
main,0x0000000000f01b10,PlayerSelect,only-caller,1
main,0x0000000000f01c30,PlayerSelect,only-caller,1
main,0x0000000000f01e60,PlayerSelect,only-caller,1
main,0x0000000000f01f80,PlayerSelect,only-caller,1
main,0x0000000000f021d0,PlayerSelect,only-caller,1
main,0x0000000000f022f0,PlayerSelect,only-caller,1
main,0x0000000000f02520,PlayerSelect,only-caller,1
main,0x0000000000f02640,PlayerSelect,only-caller,1
main,0x0000000000f02880,PlayerSelect,only-caller,1
main,0x0000000000f029a0,PlayerSelect,only-caller,1
main,0x0000000000f05f70,State_Intro_Confirm,only-caller,1
main,0x0000000000f06560,State_Intro_Confirm,only-caller,1
main,0x0000000000f06650,State_Intro_Confirm,unique-callee,1
main,0x0000000000f0af10,State_FromNiToCo,only-caller,1
main,0x0000000000f0b600,State_Loading_First,only-caller,1
main,0x0000000000f0c0f0,State_LangSelect_Top,only-caller,1
main,0x0000000000f0ca00,State_FromLsToHs,only-caller,1
main,0x0000000000f0cb30,State_Intro_HeroSelect,only-caller,1
main,0x0000000000f0cfb0,View_Top_14,only-caller,1
main,0x0000000000f0d8d0,MessageView_3,only-caller,1
main,0x0000000000f0e550,MessageView_3,only-caller,1
main,0x0000000000f0e670,MessageView_3,only-caller,1
main,0x0000000000f0e7f0,MessageView_3,only-caller,1
main,0x0000000000f0e970,MessageView_3,only-caller,1
main,0x0000000000f0ea90,MessageView_3,only-caller,1
main,0x0000000000f0ec10,MessageView_3,only-caller,1
main,0x0000000000f0ffd0,Stop_UI_common_lv_gauge_up,only-caller,1
main,0x0000000000f10410,Stop_UI_common_lv_gauge_up,only-caller,1
main,0x0000000000f10450,Stop_UI_common_lv_gauge_up,only-caller,1
main,0x0000000000f11160,Stop_UI_common_lv_gauge_up,only-caller,1
main,0x0000000000f13320,Play_UI_common_lv_gauge_up_2,only-caller,1
main,0x0000000000f133b0,Play_UI_common_lv_gauge_up_2,only-caller,1
main,0x0000000000f14fb0,Stop_UI_common_lv_gauge_up,only-caller,1
main,0x0000000000f15ae0,Stop_UI_common_lv_gauge_up,only-caller,1
main,0x0000000000f1db30,item_dummy,unique-callee,1
main,0x0000000000f1dc80,item_dummy,only-caller,1
main,0x0000000000f204a0,LiveCommViewBattle,only-caller,1
main,0x0000000000f21960,LiveCommViewBattle,only-caller,1
main,0x0000000000f21dc0,LiveCommViewBattle,only-caller,1
main,0x0000000000f21ee0,LiveCommViewBattle,only-caller,1
main,0x0000000000f22110,LiveCommViewBattle,only-caller,1
main,0x0000000000f22230,LiveCommViewBattle,only-caller,1
main,0x0000000000f223b0,LiveCommViewBattle,only-caller,1
main,0x0000000000f22590,LiveCommViewBattle,only-caller,1
main,0x0000000000f226b0,LiveCommViewBattle,only-caller,1
main,0x0000000000f22830,LiveCommViewBattle,only-caller,1
main,0x0000000000f22960,LiveCommViewBattle,only-caller,1
main,0x0000000000f22a80,LiveCommViewBattle,only-caller,1
main,0x0000000000f22c00,LiveCommViewBattle,only-caller,1
main,0x0000000000f22d60,LiveCommViewBattle,only-caller,1
main,0x0000000000f22e80,LiveCommViewBattle,only-caller,1
main,0x0000000000f25290,LiveCommViewBattle_2,only-caller,1
main,0x0000000000f25650,LiveCommViewBattle_4,only-caller,1
main,0x0000000000f25c60,LiveCommStateBattle,only-caller,1
main,0x0000000000f260a0,LiveCommViewParts,only-caller,1
main,0x0000000000f26a50,anime_L_menu_02_passive,only-caller,1
main,0x0000000000f278d0,net_button_2,only-caller,1
main,0x0000000000f29ac0,stamp_table_6,only-caller,1
main,0x0000000000f29bf0,stamp_table_6,only-caller,1
main,0x0000000000f29e50,stamp_table_6,only-caller,1
main,0x0000000000f33c10,anime_new_out,only-caller,1
main,0x0000000000f340b0,anime_new_out,only-caller,1
main,0x0000000000f344c0,anime_new_out,all-callers-agree,2
main,0x0000000000f35170,anime_new_out,only-caller,1
main,0x0000000000f35530,LiveCommViewBattle_4,only-caller,1
main,0x0000000000f35650,LiveCommViewBattle_4,only-caller,1
main,0x0000000000f36040,blacklist_button,only-caller,1
main,0x0000000000f36390,LiveCommViewParts,only-caller,1
main,0x0000000000f36aa0,player_icon_table,only-caller,1
main,0x0000000000f38f60,LiveCommStateBattle,only-caller,1
main,0x0000000000f3abe0,anime_reset_off,only-caller,1
main,0x0000000000f3d820,ViewTitle,only-caller,1
main,0x0000000000f3db00,ViewBg_2,only-caller,1
main,0x0000000000f3e3a0,ViewTitle,only-caller,1
main,0x0000000000f3f650,ViewTitle,only-caller,1
main,0x0000000000f3f770,ViewTitle,only-caller,1
main,0x0000000000f3f9b0,ViewTitle,only-caller,1
main,0x0000000000f3fad0,ViewTitle,only-caller,1
main,0x0000000000f3fd00,ViewTitle,only-caller,1
main,0x0000000000f3fe20,ViewTitle,only-caller,1
main,0x0000000000f40050,ViewTitle,only-caller,1
main,0x0000000000f40170,ViewTitle,only-caller,1
main,0x0000000000f402f0,ViewTitle,only-caller,1
main,0x0000000000f40520,ViewTitle,only-caller,1
main,0x0000000000f40640,ViewTitle,only-caller,1
main,0x0000000000f40880,ViewTitle,only-caller,1
main,0x0000000000f409a0,ViewTitle,only-caller,1
main,0x0000000000f40bd0,ViewTitle,only-caller,1
main,0x0000000000f40cf0,ViewTitle,only-caller,1
main,0x0000000000f43600,ViewTitle_3,only-caller,1
main,0x0000000000f498d0,ViewTitle_2,unique-callee,1
main,0x0000000000f499f0,ViewTitle_4,only-caller,1
main,0x0000000000f49a60,ViewTitle_2,only-caller,1
main,0x0000000000f49b60,host_menu,only-caller,1
main,0x0000000000f4a1b0,ViewTitle_4,only-caller,1
main,0x0000000000f4a490,ViewTitle_5,only-caller,1
main,0x0000000000f4a5a0,ViewTitle_5,only-caller,1
main,0x0000000000f4b450,ViewTitle_6,only-caller,1
main,0x0000000000f4c810,ViewTitle_6,only-caller,1
main,0x0000000000f4ea40,ViewMatchmake,only-caller,1
main,0x0000000000f4eb20,pane_L_matchmake_btlteam_00_L_btlteam_pokelist__02d_P_te,only-caller,1
main,0x0000000000f4fe70,ViewMatchmake,only-caller,1
main,0x0000000000f531d0,ViewTitle_5,only-caller,1
main,0x0000000000f55350,ViewTitle_5,only-caller,1
main,0x0000000000f55660,ViewTitle_5,only-caller,1
main,0x0000000000f55710,ViewTitle_5,only-caller,1
main,0x0000000000f56a70,ViewTitle_5,only-caller,1
main,0x0000000000f57a10,ViewTitle_6,only-caller,1
main,0x0000000000f57b90,ViewTitle_6,only-caller,1
main,0x0000000000f5bec0,sd9150_mysterygift,only-caller,1
main,0x0000000000f5bfd0,sd9150_mysterygift,only-caller,1
main,0x0000000000f5c6f0,Play_bgm_or_st_sys08,only-caller,1
main,0x0000000000f5c7d0,Play_bgm_or_st_sys08,only-caller,1
main,0x0000000000f5c8b0,sd9150_mysterygift,only-caller,1
main,0x0000000000f5cbf0,Play_bgm_or_st_sys08,unique-callee,1
main,0x0000000000f5d6d0,sd9150_mysterygift,unique-callee,1
main,0x0000000000f5e0e0,menu_gateway,only-caller,1
main,0x0000000000f60270,menu_gateway,only-caller,1
main,0x0000000000f60390,menu_gateway,only-caller,1
main,0x0000000000f605d0,menu_gateway,only-caller,1
main,0x0000000000f606f0,menu_gateway,only-caller,1
main,0x0000000000f60940,menu_gateway,only-caller,1
main,0x0000000000f60a60,menu_gateway,only-caller,1
main,0x0000000000f60cd0,menu_gateway,only-caller,1
main,0x0000000000f60df0,menu_gateway,only-caller,1
main,0x0000000000f61080,menu_gateway,only-caller,1
main,0x0000000000f611a0,menu_gateway,only-caller,1
main,0x0000000000f61430,menu_gateway,only-caller,1
main,0x0000000000f61550,menu_gateway,only-caller,1
main,0x0000000000f61790,menu_gateway,only-caller,1
main,0x0000000000f618b0,menu_gateway,only-caller,1
main,0x0000000000f61b20,menu_gateway,only-caller,1
main,0x0000000000f61c40,menu_gateway,only-caller,1
main,0x0000000000f61e80,menu_gateway,only-caller,1
main,0x0000000000f61fa0,menu_gateway,only-caller,1
main,0x0000000000f621e0,menu_gateway,only-caller,1
main,0x0000000000f62300,menu_gateway,only-caller,1
main,0x0000000000f62550,menu_gateway,only-caller,1
main,0x0000000000f62670,menu_gateway,only-caller,1
main,0x0000000000f627f0,menu_gateway,only-caller,1
main,0x0000000000f62950,menu_gateway,only-caller,1
main,0x0000000000f64fa0,menu_gateway,unique-callee,1
main,0x0000000000f669b0,menu_gateway_3,only-caller,1
main,0x0000000000f67140,menu_gateway_3,only-caller,1
main,0x0000000000f67c60,Play_bgm_or_st_sys08,unique-callee,1
main,0x0000000000f67d40,optionbar_4,only-caller,1
main,0x0000000000f68260,optionbar_4,unique-callee,1
main,0x0000000000f68be0,optionbar_4,unique-callee,1
main,0x0000000000f6cbb0,Play_me_or_st_item_get_2,unique-callee,1
main,0x0000000000f6eea0,optionbar,only-caller,1
main,0x0000000000f70e90,optionbar,only-caller,1
main,0x0000000000f72e10,menu_method,only-caller,1
main,0x0000000000f74240,menu_method,only-caller,1
main,0x0000000000f74250,menu_method,only-caller,1
main,0x0000000000f7e5c0,StateReceiveBase,only-caller,1
main,0x0000000000f7e5f0,optionbar_4,only-caller,1
main,0x0000000000f83280,optionbar_5,only-caller,1
main,0x0000000000f91e20,StatePalmaGoOut,only-caller,1
main,0x0000000000f94670,Play_me_or_st_item_get_2,only-caller,1
main,0x0000000000f94850,Play_me_or_st_item_get_2,only-caller,1
main,0x0000000000f94b70,Play_me_or_st_item_get_2,only-caller,1
main,0x0000000000f94d90,Play_me_or_st_item_get_2,only-caller,1
main,0x0000000000f94eb0,Play_me_or_st_item_get_2,only-caller,1
main,0x0000000000f95480,Play_me_or_st_item_get_2,only-caller,1
main,0x0000000000f961a0,Play_me_or_st_item_get_2,only-caller,1
main,0x0000000000f96360,Play_me_or_st_item_get_2,only-caller,1
main,0x0000000000f96ca0,Play_me_or_st_item_get_2,only-caller,1
main,0x0000000000f96e40,Play_me_or_st_item_get_2,all-callers-agree,2
main,0x0000000000f96e50,Play_me_or_st_item_get_2,only-caller,1
main,0x0000000000f96e90,Play_me_or_st_item_get_2,all-callers-agree,2
main,0x0000000000f99b30,Play_UI_Gnest_start_Gbattle,only-caller,1
main,0x0000000000f9b4f0,Play_UI_Gnest_start_Gbattle,only-caller,1
main,0x0000000000f9bc70,Play_UI_Gnest_start_Gbattle,only-caller,1
main,0x0000000000f9bfb0,Play_UI_Gnest_start_Gbattle,only-caller,1
main,0x0000000000f9c0d0,Play_UI_Gnest_start_Gbattle,only-caller,1
main,0x0000000000f9c2d0,Play_UI_Gnest_start_Gbattle,only-caller,1
main,0x0000000000f9c360,Play_UI_Gnest_start_Gbattle,all-callers-agree,2
main,0x0000000000f9c450,Play_UI_Gnest_start_Gbattle,all-callers-agree,2
main,0x0000000000f9d0b0,Play_UI_Gnest_start_Gbattle,all-callers-agree,2
main,0x0000000000f9da00,Play_UI_Gnest_start_Gbattle,only-caller,1
main,0x0000000000f9e9d0,Play_UI_Gnest_start_Gbattle,only-caller,1
main,0x0000000000f9e9e0,Play_UI_Gnest_start_Gbattle,only-caller,1
main,0x0000000000f9ea00,Play_UI_Gnest_start_Gbattle,only-caller,1
main,0x0000000000f9eab0,Play_UI_Gnest_start_Gbattle,only-caller,1
main,0x0000000000f9fa50,Play_UI_Gnest_start_Gbattle,only-caller,1
main,0x0000000000f9fb30,Play_UI_Gnest_start_Gbattle,only-caller,1
main,0x0000000000fa1510,View_SystemMessage,only-caller,1
main,0x0000000000fa1630,View_SystemMessage,only-caller,1
main,0x0000000000fa17b0,View_SystemMessage,only-caller,1
main,0x0000000000fa25f0,Play_UI_Gnest_start_Gbattle,only-caller,1
main,0x0000000000fa2720,Play_UI_Gnest_start_Gbattle,only-caller,1
main,0x0000000000fa2d70,Play_UI_Gnest_start_Gbattle,only-caller,1
main,0x0000000000fa4500,ViewNestholeTimer,only-caller,1
main,0x0000000000fa4620,ViewNestholeTimer,only-caller,1
main,0x0000000000fab780,View_Optionbar_4,only-caller,1
main,0x0000000000fb8420,View_SystemMessage,only-caller,1
main,0x0000000000fbade0,Set_Volume_m96_Field_Music,only-caller,1
main,0x0000000000fbca50,Set_Volume_m96_Field_Music,only-caller,1
main,0x0000000000fbcbd0,Set_Volume_m96_Field_Music,only-caller,1
main,0x0000000000fbce20,Set_Volume_m96_Field_Music,only-caller,1
main,0x0000000000fbeb60,Set_Volume_m96_Field_Music,only-caller,1
main,0x0000000000fbef20,Set_Volume_m96_Field_Music,only-caller,1
main,0x0000000000fc07d0,Set_Volume_m96_Field_Music,all-callers-agree,2
main,0x0000000000fc0a80,Set_Volume_m96_Field_Music,all-callers-agree,3
main,0x0000000000fc0f70,Set_Volume_m96_Field_Music,only-caller,1
main,0x0000000000fc1110,Set_Volume_m96_Field_Music,only-caller,1
main,0x0000000000fc1fc0,Set_Volume_m96_Field_Music,only-caller,1
main,0x0000000000fc22f0,sd9141_vs_result,only-caller,1
main,0x0000000000fc2700,Set_Volume_m96_Field_Music,only-caller,1
main,0x0000000000fc63f0,ViewNetBtlMsgWindow,only-caller,1
main,0x0000000000fc7c50,ViewNetBtlMsgWindow,only-caller,1
main,0x0000000000fc7d70,ViewNetBtlMsgWindow,only-caller,1
main,0x0000000000fc7fd0,ViewNetBtlMsgWindow,only-caller,1
main,0x0000000000fc80f0,ViewNetBtlMsgWindow,only-caller,1
main,0x0000000000fc8270,ViewNetBtlMsgWindow,only-caller,1
main,0x0000000000fc83a0,ViewNetBtlMsgWindow,only-caller,1
main,0x0000000000fc84c0,ViewNetBtlMsgWindow,only-caller,1
main,0x0000000000fc8640,ViewNetBtlMsgWindow,only-caller,1
main,0x0000000000fc87b0,ViewNetBtlMsgWindow,only-caller,1
main,0x0000000000fc88d0,ViewNetBtlMsgWindow,only-caller,1
main,0x0000000000fc8a50,ViewNetBtlMsgWindow,only-caller,1
main,0x0000000000fc8b90,ViewNetBtlMsgWindow,only-caller,1
main,0x0000000000fc8cb0,ViewNetBtlMsgWindow,only-caller,1
main,0x0000000000fc8e30,ViewNetBtlMsgWindow,only-caller,1
main,0x0000000000fc9260,ViewNetBtlMsgWindow,only-caller,1
main,0x0000000000fc9380,ViewNetBtlMsgWindow,only-caller,1
main,0x0000000000fc95e0,DetermineBattleTeam,only-caller,1
main,0x0000000000fc96e0,ViewNetBtlMsgWindow_2,only-caller,1
main,0x0000000000fc9830,ViewNetBtlMsgWindow_2,only-caller,1
main,0x0000000000fc9970,ViewNetBtlMsgWindow_2,only-caller,1
main,0x0000000000fc9ac0,ViewNetBtlMsgWindow_2,only-caller,1
main,0x0000000000fc9c00,ViewNetBtlMsgWindow_2,only-caller,1
main,0x0000000000fc9d50,ViewNetBtlMsgWindow_2,only-caller,1
main,0x0000000000fc9e90,ViewNetBtlMsgWindow_2,only-caller,1
main,0x0000000000fc9fe0,ViewNetBtlMsgWindow_2,only-caller,1
main,0x0000000000fca130,ViewNetBtlMsgWindow_2,only-caller,1
main,0x0000000000fca280,ViewNetBtlMsgWindow_2,only-caller,1
main,0x0000000000fca3c0,ViewNetBtlMsgWindow_2,only-caller,1
main,0x0000000000fca590,DetermineBattleTeam,unique-callee,1
main,0x0000000000fcafa0,DeterminePlayerPosMulti,only-caller,1
main,0x0000000000fcaff0,DeterminePlayerPosMulti,only-caller,1
main,0x0000000000fcc240,ViewNetBtlMsgWindow_3,only-caller,1
main,0x0000000000fcc330,ViewNetBtlMsgWindow_3,only-caller,1
main,0x0000000000fcc420,ViewNetBtlMsgWindow_3,only-caller,1
main,0x0000000000fcc510,ViewNetBtlMsgWindow_3,only-caller,1
main,0x0000000000fcc600,ViewNetBtlMsgWindow_3,only-caller,1
main,0x0000000000fcc6f0,ViewNetBtlMsgWindow_3,only-caller,1
main,0x0000000000fcd060,ViewNetBtlMsgWindow_3,only-caller,1
main,0x0000000000fce210,ViewNetBtlMsgWindow_3,only-caller,1
main,0x0000000000fd0e60,pane_A_alignment_00,only-caller,1
main,0x0000000000fd15f0,ViewNetBtlMsgWindow_3,only-caller,1
main,0x0000000000fd1b70,ViewNetBtlMsgWindow_3,only-caller,1
main,0x0000000000fd3e20,DeterminePlayerPosMulti,unique-callee,1
main,0x0000000000fd7eb0,ViewNetBtlMsgWindow,only-caller,1
main,0x0000000000fd7f20,DetermineBattleTeam,only-caller,1
main,0x0000000000fd7f30,DetermineBattleTeam,only-caller,1
main,0x0000000000fd7f40,DetermineBattleTeam,only-caller,1
main,0x0000000000fd7fa0,AnyoneLeftNotice,only-caller,1
main,0x0000000000fd80e0,DetermineRegulation,only-caller,1
main,0x0000000000fd8110,DetermineRegulation,only-caller,1
main,0x0000000000fd8220,DeterminePlayerPosMulti,only-caller,1
main,0x0000000000fd8290,AnyoneLeftNotice,only-caller,1
main,0x0000000000fd82c0,AnyoneLeftNotice,only-caller,1
main,0x0000000000fd8360,AnyoneLeftNotice,only-caller,1
main,0x0000000000fd8480,AnyoneLeftNotice,only-caller,1
main,0x0000000000fd84f0,AnyoneLeftNotice_2,only-caller,1
main,0x0000000000fd85c0,DetermineRegulation,only-caller,1
main,0x0000000000fd8600,DeterminePlayerPosMulti,only-caller,1
main,0x0000000000fd86d0,AnyoneLeftNotice_5,only-caller,1
main,0x0000000000fd8710,DetermineBattleTeam_3,only-caller,1
main,0x0000000000fd8720,DetermineBattleTeam_3,only-caller,1
main,0x0000000000fd8750,DeterminePlayerPosMulti,only-caller,1
main,0x0000000000fd8770,DeterminePlayerPosMulti,only-caller,1
main,0x0000000000fd8780,DeterminePlayerPosMulti,only-caller,1
main,0x0000000000fd87a0,DeterminePlayerPosMulti,only-caller,1
main,0x0000000000fd87b0,DetermineBattleTeam_4,only-caller,1
main,0x0000000000fd8d90,StateContinue,only-caller,1
main,0x0000000000fd9b00,DetermineBattleTeam_2,only-caller,1
main,0x0000000000fd9f20,DetermineBattleTeam_2,only-caller,1
main,0x0000000000fdb4e0,AnyoneLeftNotice,only-caller,1
main,0x0000000000fdbae0,AnyoneLeftNotice,only-caller,1
main,0x0000000000fdc560,SyncFirst,only-caller,1
main,0x0000000000fdcee0,AnyoneLeftNotice_2,only-caller,1
main,0x0000000000fdcfd0,AnyoneLeftNotice_2,only-caller,1
main,0x0000000000fdd7a0,AnyoneLeftNotice_2,only-caller,1
main,0x0000000000fe0050,DetermineBattleTeam_3,only-caller,1
main,0x0000000000fe1400,DetermineBattleTeam_4,only-caller,1
main,0x0000000000fe1cb0,DeterminePlayerPosMulti_2,only-caller,1
main,0x0000000000fe3800,ViewMatchmake,only-caller,1
main,0x0000000000ff42a0,LiveCommViewBattle_4,unique-callee,1
main,0x0000000000ff6120,Play_UI_common_report_2,only-caller,1
main,0x0000000000ff73e0,LiveCommViewBattle_4,unique-callee,1
main,0x0000000000ff83d0,LiveCommViewBattle_4,all-callers-agree,2
main,0x0000000000ff8aa0,Play_UI_common_report_2,only-caller,1
main,0x0000000000ff8c50,Play_UI_common_report_2,only-caller,1
main,0x0000000000ff91e0,d6eee09e,only-caller,1
main,0x0000000000ffa4e0,Play_UI_common_decide,only-caller,1
main,0x0000000000ffbb70,AnyoneLeftNotice_2,only-caller,1
main,0x0000000000ffc080,AnyoneLeftNotice_2,only-caller,1
main,0x0000000000ffc570,AnyoneLeftNotice_2,only-caller,1
main,0x0000000000ffce00,AnyoneLeftNotice_2,only-caller,1
main,0x0000000000ffcff0,AnyoneLeftNotice_2,only-caller,1
main,0x0000000000ffd310,AnyoneLeftNotice_2,only-caller,1
main,0x0000000000ffd350,DetermineRegulation,only-caller,1
main,0x0000000000ffd390,DetermineRegulation,only-caller,1
main,0x0000000000ffd3c0,DetermineRegulation,only-caller,1
main,0x0000000000ffd430,DetermineRegulation,only-caller,1
main,0x0000000000ffd5b0,DetermineRegulation,only-caller,1
main,0x0000000000ffd790,DetermineRegulation,only-caller,1
main,0x0000000000ffd7b0,DetermineRegulation,only-caller,1
main,0x0000000000ffd7c0,DetermineRegulation,only-caller,1
main,0x0000000000ffd7d0,DetermineRegulation,only-caller,1
main,0x0000000000ffd800,DetermineBattleTeam_4,only-caller,1
main,0x0000000000ffd870,DetermineBattleTeam_4,only-caller,1
main,0x0000000000ffdcc0,DetermineBattleTeam_4,only-caller,1
main,0x0000000000ffdea0,DetermineBattleTeam_4,only-caller,1
main,0x0000000000ffdf10,DetermineBattleTeam_4,only-caller,1
main,0x0000000000ffe0f0,DetermineBattleTeam_4,only-caller,1
main,0x0000000000ffe100,DetermineBattleTeam_4,only-caller,1
main,0x0000000000ffe110,DetermineBattleTeam_4,only-caller,1
main,0x0000000000ffe190,DetermineBattleTeam_4,only-caller,1
main,0x0000000000ffe1a0,DetermineBattleTeam_4,only-caller,1
main,0x0000000000ffe2f0,DetermineBattleTeam_4,only-caller,1
main,0x0000000000ffe4d0,DetermineBattleTeam_4,only-caller,1
main,0x0000000000ffe4f0,DetermineBattleTeam_4,only-caller,1
main,0x0000000000ffe500,DeterminePlayerPosMulti,only-caller,1
main,0x0000000000ffe640,StateContinue,only-caller,1
main,0x0000000000ffe650,DeterminePlayerPosMulti,only-caller,1
main,0x0000000000ffea10,DeterminePlayerPosMulti,only-caller,1
main,0x0000000000ffebf0,DeterminePlayerPosMulti,only-caller,1
main,0x0000000000ffed40,DeterminePlayerPosMulti,only-caller,1
main,0x0000000000ffef20,DeterminePlayerPosMulti,only-caller,1
main,0x0000000000ffef90,DeterminePlayerPosMulti,only-caller,1
main,0x0000000000fff170,DeterminePlayerPosMulti,only-caller,1
main,0x0000000000fff180,DeterminePlayerPosMulti,only-caller,1
main,0x0000000000fff1a0,DeterminePlayerPosMulti,only-caller,1
main,0x0000000000fff260,DeterminePlayerPosMulti,only-caller,1
main,0x0000000000fff3e0,DeterminePlayerPosMulti,only-caller,1
main,0x0000000000fff530,DeterminePlayerPosMulti,only-caller,1
main,0x0000000000fff710,DeterminePlayerPosMulti,only-caller,1
main,0x0000000000fff730,DeterminePlayerPosMulti,only-caller,1
main,0x0000000000fff740,NONE_NONE_7,only-caller,1
main,0x0000000000fff800,DeterminePlayerPosMulti,only-caller,1
main,0x0000000000fff8f0,DeterminePlayerPosMulti,only-caller,1
main,0x0000000000fffa10,DetermineBattleTeam_3,only-caller,1
main,0x0000000000fffca0,DeterminePlayerPosMulti_2,only-caller,1
main,0x0000000001000a80,AnyoneLeftNotice_5,only-caller,1
main,0x0000000001000b10,AnyoneLeftNotice,only-caller,1
main,0x0000000001000b50,AnyoneLeftNotice,only-caller,1
main,0x0000000001000da0,AnyoneLeftNotice,only-caller,1
main,0x0000000001000f80,AnyoneLeftNotice,only-caller,1
main,0x0000000001001080,AnyoneLeftNotice,only-caller,1
main,0x0000000001001140,NONE_NONE_7,only-caller,1
main,0x0000000001001170,DetermineBattleTeam_2,only-caller,1
main,0x0000000001001180,DetermineBattleTeam_2,only-caller,1
main,0x00000000010012d0,DetermineBattleTeam_2,only-caller,1
main,0x00000000010014b0,DetermineBattleTeam_2,only-caller,1
main,0x00000000010014d0,DetermineBattleTeam_2,only-caller,1
main,0x0000000001004940,AnyoneLeftNotice_2,only-caller,1
main,0x0000000001005a30,AnyoneLeftNotice_2,only-caller,1
main,0x0000000001005fc0,AnyoneLeftNotice_2,only-caller,1
main,0x0000000001006520,AnyoneLeftNotice_2,only-caller,1
main,0x0000000001006a80,AnyoneLeftNotice_2,only-caller,1
main,0x0000000001006fe0,AnyoneLeftNotice_2,only-caller,1
main,0x0000000001007570,AnyoneLeftNotice_2,only-caller,1
main,0x0000000001007af0,AnyoneLeftNotice_2,only-caller,1
main,0x0000000001008080,AnyoneLeftNotice_2,only-caller,1
main,0x0000000001009840,DetermineRegulation,only-caller,1
main,0x0000000001009970,DetermineBattleTeam_4,only-caller,1
main,0x0000000001009aa0,DetermineBattleTeam_4,only-caller,1
main,0x0000000001009bd0,DetermineBattleTeam_4,only-caller,1
main,0x0000000001009d00,DeterminePlayerPosMulti,only-caller,1
main,0x0000000001009e30,DeterminePlayerPosMulti,only-caller,1
main,0x0000000001009f60,DeterminePlayerPosMulti,only-caller,1
main,0x000000000100a090,DeterminePlayerPosMulti,only-caller,1
main,0x000000000100a2e0,DeterminePlayerPosMulti,only-caller,1
main,0x000000000100a910,AnyoneLeftNotice,only-caller,1
main,0x000000000100aa40,DetermineBattleTeam_2,only-caller,1
main,0x000000000100afd0,DetermineBattleTeam_4,only-caller,1
main,0x000000000100b9a0,network_nbr_data_holder_2,only-caller,1
main,0x0000000001014310,DeterminePlayerPosMulti,only-caller,1
main,0x000000000101bbb0,a_t0101_i0101,only-caller,1
main,0x000000000101d400,Play_UI_Gnest_start_Gbattle,only-caller,1
main,0x000000000101d490,Play_UI_Gnest_start_Gbattle,only-caller,1
main,0x000000000101dce0,Play_UI_Gnest_start_Gbattle,only-caller,1
main,0x000000000102ddb0,sd9130_trade,only-caller,1
main,0x000000000102dde0,sd9130_trade,only-caller,1
main,0x000000000103f690,sd9130_trade,unique-callee,1
main,0x000000000103f6b0,sd9130_trade,unique-callee,1
main,0x00000000010457c0,AnyoneLeftNotice_2,only-caller,1
main,0x00000000010457f0,AnyoneLeftNotice,only-caller,1
main,0x0000000001045890,AnyoneLeftNotice_2,only-caller,1
main,0x00000000010460a0,AnyoneLeftNotice_2,unique-callee,1
main,0x00000000010464e0,d6eee09e,only-caller,1
main,0x0000000001047180,RaidResultView,unique-callee,1
main,0x0000000001048150,d6eee09e,only-caller,1
main,0x00000000010486d0,TENT__s,only-caller,1
main,0x00000000010488a0,TENT__s,only-caller,1
main,0x00000000010489f0,Remove_Because_over_max_InernetPrevTargetConnection,only-caller,1
main,0x0000000001049250,d6eee09e,unique-callee,1
main,0x0000000001049c80,d6eee09e,only-caller,1
main,0x0000000001049d10,showCheck,only-caller,1
main,0x0000000001049f60,d6eee09e,only-caller,1
main,0x000000000104c3f0,serial_update,only-caller,1
main,0x000000000104c590,validate,only-caller,1
main,0x000000000104d8f0,d6eee09e,only-caller,1
main,0x000000000104dbd0,RequestRecoverConnection,only-caller,1
main,0x000000000104e3b0,d6eee09e,only-caller,1
main,0x000000000104f0f0,d6eee09e,unique-callee,1
main,0x0000000001050c60,StartRandomMatching,only-caller,1
main,0x0000000001050de0,StartRandomMatching,only-caller,1
main,0x0000000001051b60,StartCreateSession,only-caller,1
main,0x0000000001052410,StartJoinSession,only-caller,1
main,0x0000000001052590,StartJoinSession,only-caller,1
main,0x0000000001053c70,StartRandomMatching,only-caller,1
main,0x0000000001054340,StartRandomMatching,only-caller,1
main,0x0000000001055280,StartRandomMatching,only-caller,1
main,0x00000000010574c0,StartCreateSession,only-caller,1
main,0x0000000001058650,StartJoinSession,only-caller,1
main,0x0000000001058c30,StartJoinSession,only-caller,1
main,0x0000000001059740,StartJoinSession,only-caller,1
main,0x000000000105bf40,d6eee09e,only-caller,1
main,0x000000000105c4e0,d6eee09e,only-caller,1
main,0x000000000105c670,d6eee09e,only-caller,1
main,0x000000000105c800,d6eee09e,only-caller,1
main,0x000000000105c990,d6eee09e,only-caller,1
main,0x000000000105d1b0,d6eee09e,only-caller,1
main,0x000000000105dd60,d6eee09e,only-caller,1
main,0x000000000105e540,d6eee09e,only-caller,1
main,0x000000000105e620,d6eee09e,only-caller,1
main,0x000000000105e700,d6eee09e,only-caller,1
main,0x000000000105e7e0,d6eee09e,only-caller,1
main,0x000000000105e8f0,d6eee09e,only-caller,1
main,0x000000000105f120,d6eee09e,unique-callee,1
main,0x00000000010613f0,d6eee09e,only-caller,1
main,0x0000000001061e90,d6eee09e,unique-callee,1
main,0x0000000001063760,TENT__s,only-caller,1
main,0x00000000010653b0,d6eee09e,only-caller,1
main,0x0000000001065b10,not_registered_becaouse_there_is_no_delete_target,only-caller,1
main,0x0000000001065e00,not_registered_becaouse_there_is_no_delete_target,only-caller,1
main,0x00000000010660e0,not_registered_becaouse_there_is_no_delete_target,only-caller,1
main,0x0000000001066860,not_registered_becaouse_there_is_no_delete_target,only-caller,1
main,0x0000000001066af0,not_registered_becaouse_there_is_no_delete_target,only-caller,1
main,0x0000000001066c80,not_registered_becaouse_there_is_no_delete_target,only-caller,1
main,0x0000000001067190,not_registered_becaouse_there_is_no_delete_target,only-caller,1
main,0x0000000001067320,not_registered_becaouse_there_is_no_delete_target,only-caller,1
main,0x0000000001067800,not_registered_becaouse_there_is_no_delete_target_2,only-caller,1
main,0x0000000001067a80,not_registered_becaouse_there_is_no_delete_target_2,only-caller,1
main,0x0000000001067fa0,not_registered_becaouse_there_is_no_delete_target_2,only-caller,1
main,0x00000000010681c0,not_registered_becaouse_there_is_no_delete_target_2,only-caller,1
main,0x0000000001068350,not_registered_becaouse_there_is_no_delete_target_2,only-caller,1
main,0x0000000001068830,not_registered_becaouse_there_is_no_delete_target_2,only-caller,1
main,0x00000000010689c0,not_registered_becaouse_there_is_no_delete_target_2,only-caller,1
main,0x0000000001068b30,not_registered_becaouse_there_is_no_delete_target_3,only-caller,1
main,0x0000000001068c70,not_registered_becaouse_there_is_no_delete_target_3,only-caller,1
main,0x00000000010690e0,not_registered_becaouse_there_is_no_delete_target_3,only-caller,1
main,0x00000000010693b0,not_registered_becaouse_there_is_no_delete_target_3,all-callers-agree,2
main,0x0000000001069540,not_registered_becaouse_there_is_no_delete_target_3,only-caller,1
main,0x00000000010696d0,not_registered_becaouse_there_is_no_delete_target_4,only-caller,1
main,0x00000000010699c0,not_registered_becaouse_there_is_no_delete_target_4,only-caller,1
main,0x0000000001069ca0,not_registered_becaouse_there_is_no_delete_target_4,only-caller,1
main,0x000000000106a150,not_registered_becaouse_there_is_no_delete_target_4,only-caller,1
main,0x000000000106a3e0,not_registered_becaouse_there_is_no_delete_target_4,only-caller,1
main,0x000000000106a570,not_registered_becaouse_there_is_no_delete_target_4,only-caller,1
main,0x000000000106a930,not_registered_becaouse_there_is_no_delete_target_4,all-callers-agree,2
main,0x000000000106ac50,not_registered_becaouse_there_is_no_delete_target_4,only-caller,1
main,0x000000000106ade0,not_registered_becaouse_there_is_no_delete_target_4,only-caller,1
main,0x000000000106b170,d6eee09e,only-caller,1
main,0x000000000106b7c0,d6eee09e,only-caller,1
main,0x000000000106dc30,anime_new_out,unique-callee,1
main,0x000000000106de90,TENT__s,only-caller,1
main,0x000000000106dfd0,Offline,only-caller,1
main,0x000000000106e120,d6eee09e,only-caller,1
main,0x000000000106eac0,Play_UI_Gnest_start_Gbattle,only-caller,1
main,0x000000000106eb00,Play_UI_Gnest_start_Gbattle,all-callers-agree,2
main,0x000000000106ef20,Play_UI_Gnest_start_Gbattle,only-caller,1
main,0x0000000001075050,View_SystemMessage,only-caller,1
main,0x0000000001075060,View_SystemMessage,only-caller,1
main,0x0000000001076140,Offline,only-caller,1
main,0x0000000001078340,d6eee09e,only-caller,1
main,0x000000000107c6f0,RequestUploadCompetitionTeam,only-caller,1
main,0x000000000107d200,RequestDownloadCompetitionTeam,only-caller,1
main,0x000000000107db80,RequestCheckAndEntryCompetition,only-caller,1
main,0x000000000107dd00,RequestCheckAndEntryCompetition,only-caller,1
main,0x000000000107e610,RequestCreateUserCompetition,only-caller,1
main,0x000000000107f090,RequestSearchCompetition,only-caller,1
main,0x000000000107fa20,RequestGetCompetition,only-caller,1
main,0x000000000107fba0,RequestGetCompetition,only-caller,1
main,0x0000000001080530,RequestGetRankMatchSetting,only-caller,1
main,0x00000000010806b0,RequestGetRankMatchSetting,only-caller,1
main,0x0000000001080f80,RequestGetOrCreateStats,only-caller,1
main,0x0000000001081860,RequestGetStats,only-caller,1
main,0x0000000001082150,RequestStartRound,only-caller,1
main,0x0000000001082920,RequestEndRound,only-caller,1
main,0x00000000010832c0,RequestGetCompetitionRankingRank,only-caller,1
main,0x0000000001083440,RequestGetCompetitionRankingRank,only-caller,1
main,0x0000000001083d10,RequestCheckConnectivity,only-caller,1
main,0x0000000001083e90,RequestGetStats,only-caller,1
main,0x0000000001084990,RequestUploadCompetitionTeam,only-caller,1
main,0x0000000001085320,RequestUploadCompetitionTeam,only-caller,1
main,0x0000000001087230,RequestDownloadCompetitionTeam,only-caller,1
main,0x00000000010875e0,RequestDownloadCompetitionTeam,only-caller,1
main,0x0000000001088d10,RequestCheckAndEntryCompetition,only-caller,1
main,0x00000000010892f0,RequestCheckAndEntryCompetition,only-caller,1
main,0x0000000001089dc0,RequestCheckAndEntryCompetition,only-caller,1
main,0x000000000108b030,RequestCreateUserCompetition,only-caller,1
main,0x000000000108b600,RequestCreateUserCompetition,only-caller,1
main,0x000000000108d500,RequestSearchCompetition,only-caller,1
main,0x000000000108dc90,RequestSearchCompetition,only-caller,1
main,0x000000000108ef90,RequestGetCompetition,only-caller,1
main,0x000000000108f540,RequestGetCompetition,only-caller,1
main,0x000000000108fb20,RequestGetCompetition,only-caller,1
main,0x00000000010906f0,RequestGetCompetition,only-caller,1
main,0x0000000001091e40,RequestGetRankMatchSetting,only-caller,1
main,0x0000000001092430,RequestGetRankMatchSetting,only-caller,1
main,0x0000000001092a10,RequestGetRankMatchSetting,only-caller,1
main,0x00000000010935e0,RequestGetRankMatchSetting,only-caller,1
main,0x00000000010948c0,RequestGetOrCreateStats,only-caller,1
main,0x0000000001094dd0,RequestGetOrCreateStats,only-caller,1
main,0x00000000010960d0,RequestGetStats,only-caller,1
main,0x0000000001096980,RequestGetStats,only-caller,1
main,0x0000000001097810,RequestStartRound,only-caller,1
main,0x0000000001097c40,RequestStartRound,only-caller,1
main,0x0000000001098af0,RequestEndRound,only-caller,1
main,0x0000000001099d50,RequestGetCompetitionRankingRank,only-caller,1
main,0x000000000109a170,RequestGetCompetitionRankingRank,only-caller,1
main,0x000000000109a750,RequestGetCompetitionRankingRank,only-caller,1
main,0x000000000109b320,RequestGetCompetitionRankingRank,only-caller,1
main,0x000000000109c620,RequestCheckConnectivity,only-caller,1
main,0x000000000109ca30,RequestCheckConnectivity,only-caller,1
main,0x00000000010abdc0,RequestRecoverConnection,only-caller,1
main,0x00000000010ad310,RequestInternetConnection,only-caller,1
main,0x00000000010ad490,RequestInternetConnection,only-caller,1
main,0x00000000010b1d30,RequestRecoverConnection,only-caller,1
main,0x00000000010b6e00,RequestInternetConnection,only-caller,1
main,0x00000000010b78f0,RequestInternetConnection,only-caller,1
main,0x00000000010bab80,RequestAcquireAndAssociatePrincipalRomId,only-caller,1
main,0x00000000010bb510,RequestLoadApplicationSettingsValue,only-caller,1
main,0x00000000010bbe90,RequestCheckNSOLicense,only-caller,1
main,0x00000000010bc820,RequestGetNexUniqueID,only-caller,1
main,0x00000000010bc9a0,RequestAcquireAndAssociatePrincipalRomId,only-caller,1
main,0x00000000010bcdc0,RequestAcquireAndAssociatePrincipalRomId,only-caller,1
main,0x00000000010be0e0,RequestLoadApplicationSettingsValue,only-caller,1
main,0x00000000010be6e0,RequestLoadApplicationSettingsValue,only-caller,1
main,0x00000000010bf9e0,RequestCheckNSOLicense,only-caller,1
main,0x00000000010bfde0,RequestCheckNSOLicense,only-caller,1
main,0x00000000010c0ca0,RequestGetNexUniqueID,only-caller,1
main,0x00000000010c10a0,RequestGetNexUniqueID,only-caller,1
main,0x00000000010c6090,RequestSerialAuth,only-caller,1
main,0x00000000010c6a40,RequestSyncDelivery,only-caller,1
main,0x00000000010c74a0,RequestSerialAuth,only-caller,1
main,0x00000000010c7860,RequestSerialAuth,only-caller,1
main,0x00000000010c8c30,RequestSyncDelivery,only-caller,1
main,0x00000000010c9360,RequestSyncDelivery,only-caller,1
main,0x00000000010cdd80,RequestBrowseSession,only-caller,1
main,0x00000000010ce480,RequestCloseSession,only-caller,1
main,0x00000000010cedf0,RequestReconnect,only-caller,1
main,0x00000000010cef70,RequestReconnect,only-caller,1
main,0x00000000010cf2c0,RequestBrowseSession,only-caller,1
main,0x00000000010d0320,RequestCloseSession,only-caller,1
main,0x00000000010d0fe0,RequestReconnect,only-caller,1
main,0x00000000010d13f0,RequestReconnect,only-caller,1
main,0x00000000010d1ee0,RequestReconnect,only-caller,1
main,0x00000000010d43f0,RequestSearchRegulation,only-caller,1
main,0x00000000010d4d90,RequestDownloadRegulation,only-caller,1
main,0x00000000010d4f10,RequestDownloadRegulation,only-caller,1
main,0x00000000010d5500,RequestSearchRegulation,only-caller,1
main,0x00000000010d5c70,RequestSearchRegulation,only-caller,1
main,0x00000000010d73e0,RequestDownloadRegulation,only-caller,1
main,0x00000000010d7a00,RequestDownloadRegulation,only-caller,1
main,0x00000000010d7fe0,RequestDownloadRegulation,only-caller,1
main,0x00000000010d8bb0,RequestDownloadRegulation,only-caller,1
main,0x00000000010dc800,RequestUploadRentalTeam,only-caller,1
main,0x00000000010dd1a0,RequestDownloadRentalTeam,only-caller,1
main,0x00000000010ddab0,RequestDeleteRentalTeam,only-caller,1
main,0x00000000010de430,RequestDownloadMyTeam,only-caller,1
main,0x00000000010decc0,RequestUploadRentalTeam,only-caller,1
main,0x00000000010dfb30,RequestDownloadRentalTeam,only-caller,1
main,0x00000000010dfee0,RequestDownloadRentalTeam,only-caller,1
main,0x00000000010e0d50,RequestDeleteRentalTeam,only-caller,1
main,0x00000000010e1e90,RequestDownloadMyTeam,only-caller,1
main,0x00000000010e22b0,RequestDownloadMyTeam,only-caller,1
main,0x00000000010e5530,RequestUploadTrainerLicense,only-caller,1
main,0x00000000010e5ec0,RequestDownloadTrainerLicense,only-caller,1
main,0x00000000010e67d0,RequestDeleteTrainerLicense,only-caller,1
main,0x00000000010e6950,RequestUploadTrainerLicense,only-caller,1
main,0x00000000010e6dd0,RequestUploadTrainerLicense,only-caller,1
main,0x00000000010e80b0,RequestDownloadTrainerLicense,only-caller,1
main,0x00000000010e8530,RequestDownloadTrainerLicense,only-caller,1
main,0x00000000010e93a0,RequestDeleteTrainerLicense,only-caller,1
main,0x00000000010ebd60,RequestPostUserData,only-caller,1
main,0x00000000010ec6f0,RequestGetUserData,only-caller,1
main,0x00000000010ec870,RequestGetUserData,only-caller,1
main,0x00000000010ec9f0,RequestPostUserData,only-caller,1
main,0x00000000010ee020,RequestGetUserData,only-caller,1
main,0x00000000010ee640,RequestGetUserData,only-caller,1
main,0x00000000010eec20,RequestGetUserData,only-caller,1
main,0x00000000010ef7f0,RequestGetUserData,only-caller,1
main,0x00000000010f2b30,RequestPokemonValidation,only-caller,1
main,0x00000000010f36a0,RequestPokemonValidation,only-caller,1
main,0x00000000010f4660,RequestPokemonValidation,only-caller,1
main,0x00000000010f4c70,validate,only-caller,1
main,0x00000000010f4da0,validate,only-caller,1
main,0x00000000010f4fa0,validate,only-caller,1
main,0x00000000010f57c0,validate,all-callers-agree,3
main,0x00000000010f5b60,d6eee09e,unique-callee,1
main,0x00000000010f63a0,d6eee09e,unique-callee,1
main,0x00000000010f7a20,TENT__s,only-caller,1
main,0x00000000010f7b30,Offline,only-caller,1
main,0x00000000010f7b90,Remove_Because_over_max_InernetPrevTargetConnection,only-caller,1
main,0x00000000010f7f60,d6eee09e,only-caller,1
main,0x00000000010f88c0,d6eee09e,only-caller,1
main,0x00000000010f9400,d6eee09e,only-caller,1
main,0x00000000010fa5f0,d6eee09e,only-caller,1
main,0x0000000001100e00,StateBtlSpotRankMatchBattle_3,all-callers-agree,2
main,0x0000000001101cd0,RequestBackgroundTradeStart,only-caller,1
main,0x00000000011022c0,RequestBackgroundTradeStart,only-caller,1
main,0x00000000011026d0,RequestBackgroundTradeStart,only-caller,1
main,0x0000000001104b60,Play_UI_Gnest_start_Gbattle,only-caller,1
main,0x0000000001108980,Play_Camp_Rush,only-caller,1
main,0x0000000001108a80,Play_Camp_ClosenessUp,only-caller,1
main,0x000000000110c850,turn_start_duration,only-caller,1
main,0x000000000110c890,meal_eat_strat_stop,unique-callee,1
main,0x000000000110c8d0,turn_start_duration,only-caller,1
main,0x000000000110c990,MEET_BY_EVENT_3,unique-callee,1
main,0x0000000001114050,item,only-caller,1
main,0x00000000011151d0,item,only-caller,1
main,0x0000000001115d40,camp_floor,only-caller,1
main,0x0000000001115fa0,camp_floor,only-caller,1
main,0x0000000001117690,camp_floor,only-caller,1
main,0x0000000001117e20,camp_floor,only-caller,1
main,0x000000000111d0d0,item,only-caller,1
main,0x000000000111d2a0,item,only-caller,1
main,0x000000000111d3f0,item,only-caller,1
main,0x000000000111d5d0,item,only-caller,1
main,0x000000000111d7b0,item,only-caller,1
main,0x000000000111d990,item,only-caller,1
main,0x000000000111db70,item,only-caller,1
main,0x0000000001121c50,item,only-caller,1
main,0x0000000001121d40,item,only-caller,1
main,0x0000000001121e20,item,only-caller,1
main,0x0000000001122400,item,only-caller,1
main,0x00000000011224f0,item,only-caller,1
main,0x00000000011225f0,item,only-caller,1
main,0x0000000001123030,item,only-caller,1
main,0x0000000001123b50,item,only-caller,1
main,0x0000000001123c30,item,only-caller,1
main,0x00000000011284a0,Play_Camp_Switching_Toy,all-callers-agree,3
main,0x00000000011285b0,Play_Camp_Switching_Toy,all-callers-agree,3
main,0x00000000011286c0,Play_Camp_Switching_Toy,only-caller,1
main,0x00000000011287d0,Play_Camp_Switching_Toy,only-caller,1
main,0x0000000001128e40,Play_Camp_Cooking_TrueLove_Ready,unique-callee,1
main,0x00000000011294d0,turn_start_duration,only-caller,1
main,0x000000000112e920,Set_State_Camp_Cooking,unique-callee,1
main,0x000000000112ee50,Stop_Camp_BallAura_MirrorBall_lp,only-caller,1
main,0x000000000112f7c0,Ball_02d,only-caller,1
main,0x0000000001130380,PartsB,only-caller,1
main,0x0000000001130c10,Play_Camp_SwingBell_2,only-caller,1
main,0x00000000011319f0,ob0038_00_gfbmdl,only-caller,1
main,0x0000000001134e80,turn_start_duration,only-caller,1
main,0x0000000001136950,EffOverHead01_5,unique-callee,1
main,0x0000000001136be0,MEET_BY_EVENT_3,only-caller,1
main,0x0000000001136c10,Play_Camp_Pass_Ball,only-caller,1
main,0x000000000113a9a0,Play_Camp_Pass_Ball,only-caller,1
main,0x000000000113af20,meal_eat_strat_stop,only-caller,1
main,0x000000000113af90,EffOverHead01_5,only-caller,1
main,0x000000000113afc0,MEET_BY_EVENT_3,only-caller,1
main,0x000000000113ddf0,turn_start_duration,only-caller,1
main,0x000000000113dfb0,turn_start_duration,only-caller,1
main,0x000000000113e100,turn_start_duration,only-caller,1
main,0x000000000113ea70,item,only-caller,1
main,0x000000000113edb0,item,only-caller,1
main,0x000000000113f020,item,only-caller,1
main,0x0000000001143be0,item,only-caller,1
main,0x00000000011443c0,Play_Camp_ClosenessUp,only-caller,1
main,0x0000000001146360,item,only-caller,1
main,0x0000000001149100,item,only-caller,1
main,0x00000000011492a0,item,only-caller,1
main,0x00000000011507f0,contents_kw_sync_data_11,only-caller,1
main,0x0000000001150910,contents_kw_sync_data_11,only-caller,1
main,0x0000000001150a30,contents_kw_sync_data_11,only-caller,1
main,0x0000000001150b50,contents_kw_sync_data_11,only-caller,1
main,0x0000000001150c70,contents_kw_sync_data_11,only-caller,1
main,0x0000000001150d90,contents_kw_sync_data_11,only-caller,1
main,0x0000000001150eb0,contents_kw_sync_data_11,only-caller,1
main,0x0000000001156f20,item,only-caller,1
main,0x0000000001157600,item,only-caller,1
main,0x0000000001157610,item,only-caller,1
main,0x0000000001157860,Set_State_Camp_Off,unique-callee,1
main,0x0000000001157d70,Set_State_Camp_Off,only-caller,1
main,0x0000000001157e10,Set_State_Camp_Off,only-caller,1
main,0x0000000001159160,item,only-caller,1
main,0x00000000011593e0,item,only-caller,1
main,0x00000000011596b0,item,only-caller,1
main,0x0000000001159b90,item,only-caller,1
main,0x0000000001159e60,Set_State_Camp_Off,only-caller,1
main,0x000000000115a740,fi8100_greeting01,only-caller,1
main,0x000000000115ba00,fi8100_greeting01,only-caller,1
main,0x000000000115bb50,item,only-caller,1
main,0x000000000115bde0,fi8100_greeting01,only-caller,1
main,0x000000000115be90,item,only-caller,1
main,0x000000000115bf40,item,only-caller,1
main,0x000000000115c230,Set_State_Camp_Playground_2,only-caller,1
main,0x000000000115c910,EffCenter01_3,only-caller,1
main,0x000000000115f540,EffCenter01_3,unique-callee,1
main,0x000000000115f6b0,MEET_BY_EVENT_3,unique-callee,1
main,0x0000000001162c30,ob0038_00_gfbmdl,unique-callee,1
main,0x0000000001164150,Play_Camp_Get_Ball,only-caller,1
main,0x0000000001164ea0,Play_UI_network_result,only-caller,1
main,0x0000000001164ec0,Play_UI_network_result,only-caller,1
main,0x0000000001164f00,item,unique-callee,1
main,0x000000000116bb10,turn_start_duration,unique-callee,1
main,0x000000000116c2d0,turn_start_duration,only-caller,1
main,0x000000000116c6b0,meal_eat_strat_stop,only-caller,1
main,0x0000000001170e80,Play_Camp_RandomLook,only-caller,1
main,0x0000000001171010,Play_Camp_RandomLook,only-caller,1
main,0x00000000011726c0,Set_State_Camp_Playground_2,only-caller,1
main,0x00000000011729c0,Play_Camp_Switching_Toy,only-caller,1
main,0x0000000001172c40,Play_Camp_Switching_Toy,only-caller,1
main,0x0000000001172fb0,Play_Camp_Get_Ball_2,only-caller,1
main,0x00000000011730e0,Play_Camp_Switching_Toy,all-callers-agree,2
main,0x00000000011731a0,Set_State_Camp_Playground_2,only-caller,1
main,0x0000000001173280,EffectStart_2,only-caller,1
main,0x0000000001173310,Play_Camp_Switching_Toy,only-caller,1
main,0x0000000001173620,item,only-caller,1
main,0x0000000001173a10,Play_Camp_Switching_Toy,unique-callee,1
main,0x0000000001174180,ob0038_00_gfbmdl,only-caller,1
main,0x00000000011742a0,Play_Camp_Switching_Toy,unique-callee,1
main,0x0000000001177d10,item,unique-callee,1
main,0x0000000001178b00,pokemon_avoid,only-caller,1
main,0x0000000001178c90,player,only-caller,1
main,0x0000000001179f30,Play_SceneTransition_Footsteps_2,only-caller,1
main,0x0000000001179f60,Play_UI_Camp_Licence,only-caller,1
main,0x000000000117a970,Set_State_Camp_Cooking,all-callers-agree,2
main,0x000000000117af90,cooking_result,only-caller,1
main,0x000000000117bf20,Play_Camp_Switching_Toy,only-caller,1
main,0x000000000117bfb0,Play_Camp_Switching_Toy,all-callers-agree,2
main,0x000000000117c2c0,item,unique-callee,1
main,0x000000000117cf00,Play_SceneTransition_Footsteps_2,only-caller,1
main,0x000000000117d200,Play_SceneTransition_Footsteps_2,only-caller,1
main,0x000000000117d400,Play_SceneTransition_Footsteps_2,only-caller,1
main,0x000000000117e0a0,item,only-caller,1
main,0x000000000117e2f0,item,only-caller,1
main,0x000000000117f110,item,only-caller,1
main,0x000000000117f400,item,only-caller,1
main,0x000000000117f650,item,only-caller,1
main,0x000000000117f8a0,item,only-caller,1
main,0x000000000117fb10,item,only-caller,1
main,0x000000000117fd60,item,only-caller,1
main,0x000000000117ffb0,item,only-caller,1
main,0x0000000001180200,item,only-caller,1
main,0x0000000001180380,item,only-caller,1
main,0x00000000011804b0,Play_SceneTransition_Footsteps_2,only-caller,1
main,0x00000000011808e0,item,only-caller,1
main,0x00000000011809c0,item,only-caller,1
main,0x0000000001180ae0,item,only-caller,1
main,0x0000000001180bc0,item,only-caller,1
main,0x0000000001180cf0,item,only-caller,1
main,0x0000000001180df0,item,only-caller,1
main,0x0000000001180ed0,item,only-caller,1
main,0x0000000001180fb0,item,only-caller,1
main,0x0000000001181ed0,item,only-caller,1
main,0x0000000001181fc0,item,only-caller,1
main,0x00000000011820a0,item,only-caller,1
main,0x0000000001182180,item,only-caller,1
main,0x0000000001182260,item,only-caller,1
main,0x0000000001182a60,item,only-caller,1
main,0x00000000011830a0,item,only-caller,1
main,0x0000000001183790,pokecamp_npccamp,only-caller,1
main,0x0000000001185b60,EffCenter01_3,only-caller,1
main,0x0000000001185ce0,item,only-caller,1
main,0x0000000001185dc0,item,unique-callee,1
main,0x0000000001186150,item,only-caller,1
main,0x000000000118b0f0,item,unique-callee,1
main,0x000000000118c430,item,only-caller,1
main,0x000000000118d9c0,ob0038_00_gfbmdl,only-caller,1
main,0x000000000118dda0,ob0015_00_gfbmdl,only-caller,1
main,0x000000000118e480,object,only-caller,1
main,0x000000000118e5b0,Set_State_Camp_Playground_3,only-caller,1
main,0x000000000118e6c0,Set_State_Camp_Playground_3,only-caller,1
main,0x0000000001190650,item,only-caller,1
main,0x0000000001190770,item,only-caller,1
main,0x0000000001191390,ob0038_00_gfbmdl,only-caller,1
main,0x00000000011914c0,ob0038_00_gfbmdl,only-caller,1
main,0x00000000011915d0,ob0038_00_gfbmdl,only-caller,1
main,0x00000000011916c0,ob0038_00_gfbmdl,only-caller,1
main,0x00000000011917b0,ob0038_00_gfbmdl,only-caller,1
main,0x0000000001191920,object,only-caller,1
main,0x00000000011919a0,object,only-caller,1
main,0x0000000001191ba0,object,only-caller,1
main,0x0000000001191f70,Set_State_Camp_Playground_3,all-callers-agree,3
main,0x0000000001192050,Set_State_Camp_Playground_3,only-caller,1
main,0x0000000001197960,item,unique-callee,1
main,0x0000000001198240,ob0038_00_gfbmdl,unique-callee,1
main,0x0000000001198a70,ob0038_00_gfbmdl,unique-callee,1
main,0x000000000119de70,object,only-caller,1
main,0x000000000119e440,Set_State_Camp_Cooking,all-callers-agree,2
main,0x000000000119e5f0,object,only-caller,1
main,0x000000000119ea90,ob0038_00_gfbmdl,unique-callee,1
main,0x00000000011ab5c0,EffectStart_2,only-caller,1
main,0x00000000011b14e0,EffCenter01_3,only-caller,1
main,0x00000000011b1600,EffCenter01_3,only-caller,1
main,0x00000000011b2a40,Play_Camp_Switching_Toy,all-callers-agree,3
main,0x00000000011b2ba0,Play_Camp_Switching_Toy,all-callers-agree,2
main,0x00000000011b2d00,ob0015_00_gfbmdl,only-caller,1
main,0x00000000011b2e00,Set_State_Camp_Playground_2,only-caller,1
main,0x00000000011b2ec0,Play_Camp_Switching_Toy,only-caller,1
main,0x00000000011b53d0,Set_State_Camp_Playground_3,unique-callee,1
main,0x00000000011b58b0,Set_State_Camp_Playground_3,only-caller,1
main,0x00000000011b5b50,Set_State_Camp_Playground_3,only-caller,1
main,0x00000000011b5df0,Set_State_Camp_Playground_3,only-caller,1
main,0x00000000011b6170,Set_State_Camp_Playground_3,only-caller,1
main,0x00000000011b6aa0,Set_State_Camp_Playground_3,only-caller,1
main,0x00000000011b6e70,Set_State_Camp_Playground_3,only-caller,1
main,0x00000000011b90a0,item,only-caller,1
main,0x00000000011ba250,item,unique-callee,1
main,0x00000000011bbd10,unnamed_39,only-caller,1
main,0x00000000011bc400,item,unique-callee,1
main,0x00000000011bcc00,item,only-caller,1
main,0x00000000011bddd0,item,only-caller,1
main,0x00000000011be7a0,item,only-caller,1
main,0x00000000011c0550,item,only-caller,1
main,0x00000000011c0990,Set_State_Camp_Off,only-caller,1
main,0x00000000011c0a70,item,all-callers-agree,6
main,0x00000000011c0b10,item,all-callers-agree,5
main,0x00000000011c12e0,Set_State_Camp_Cooking,only-caller,1
main,0x00000000011c1730,Set_State_Camp_Cooking,only-caller,1
main,0x00000000011c3950,Set_State_Camp_Cooking,only-caller,1
main,0x00000000011c43c0,Set_State_Camp_Cooking,only-caller,1
main,0x00000000011c4eb0,Set_State_Camp_Cooking,only-caller,1
main,0x00000000011c59a0,Stop_bgm_or_st_sys06,only-caller,1
main,0x00000000011c5e60,Set_State_Camp_Cooking,only-caller,1
main,0x00000000011c73f0,Stop_bgm_or_st_sys06,only-caller,1
main,0x00000000011c77a0,Stop_bgm_or_st_sys06,only-caller,1
main,0x00000000011c78d0,Stop_bgm_or_st_sys06,only-caller,1
main,0x00000000011c80c0,Set_State_Camp_Cooking,only-caller,1
main,0x00000000011c81a0,Set_State_Camp_Cooking,only-caller,1
main,0x00000000011c8280,Set_State_Camp_Cooking,only-caller,1
main,0x00000000011c84c0,Set_State_Camp_Cooking,only-caller,1
main,0x00000000011c85a0,Set_State_Camp_Cooking,only-caller,1
main,0x00000000011c86c0,Set_State_Camp_Cooking,only-caller,1
main,0x00000000011c87a0,Set_State_Camp_Cooking,only-caller,1
main,0x00000000011c88a0,Set_State_Camp_Cooking,only-caller,1
main,0x00000000011c89a0,Set_State_Camp_Cooking,only-caller,1
main,0x00000000011c8a80,Set_State_Camp_Cooking,only-caller,1
main,0x00000000011c8b60,Set_State_Camp_Cooking,only-caller,1
main,0x00000000011c8c40,Set_State_Camp_Cooking,only-caller,1
main,0x00000000011c8d20,Set_State_Camp_Cooking,only-caller,1
main,0x00000000011c8e00,Set_State_Camp_Cooking,only-caller,1
main,0x00000000011c8ee0,Set_State_Camp_Cooking,only-caller,1
main,0x00000000011c8fe0,Set_State_Camp_Cooking,only-caller,1
main,0x00000000011c9430,Set_State_Camp_Cooking,unique-callee,1
main,0x00000000011c98d0,Set_State_Camp_Cooking,only-caller,1
main,0x00000000011c9a30,Set_State_Camp_Cooking,only-caller,1
main,0x00000000011ca6d0,Set_State_Camp_Cooking,unique-callee,1
main,0x00000000011cb0b0,Set_State_Camp_Cooking,unique-callee,1
main,0x00000000011cb6a0,Set_State_Camp_Cooking,only-caller,1
main,0x00000000011cb730,Set_State_Camp_Cooking,unique-callee,1
main,0x00000000011cc3a0,Set_State_Camp_Cooking,only-caller,1
main,0x00000000011cc3b0,Camp_PotBoiling,only-caller,1
main,0x00000000011cc8b0,Set_State_Camp_Cooking,unique-callee,1
main,0x00000000011cc950,Set_State_Camp_Cooking,only-caller,1
main,0x00000000011cd2e0,Set_State_Camp_Cooking,only-caller,1
main,0x00000000011cd790,Set_State_Camp_Cooking,unique-callee,1
main,0x00000000011cdbd0,Set_State_Camp_Cooking,only-caller,1
main,0x00000000011cde10,Set_State_Camp_Cooking,only-caller,1
main,0x00000000011ce600,Set_State_Camp_Cooking,only-caller,1
main,0x00000000011d0150,Set_State_Camp_Cooking,unique-callee,1
main,0x00000000011d0390,Set_State_Camp_Cooking,only-caller,1
main,0x00000000011d0560,Set_State_Camp_Cooking,only-caller,1
main,0x00000000011d0620,Set_State_Camp_Cooking,only-caller,1
main,0x00000000011d0ad0,Camp_FanVelocity,only-caller,1
main,0x00000000011d2690,Set_State_Camp_Cooking,only-caller,1
main,0x00000000011d26b0,Set_State_Camp_Cooking,only-caller,1
main,0x00000000011d2b90,Set_State_Camp_Cooking,only-caller,1
main,0x00000000011d2cb0,Set_State_Camp_Cooking,only-caller,1
main,0x00000000011d2e30,Set_State_Camp_Cooking,only-caller,1
main,0x00000000011d5240,Set_State_Camp_Cooking,only-caller,1
main,0x00000000011d6430,Set_State_Camp_Cooking,only-caller,1
main,0x00000000011d6780,Set_State_Camp_Cooking,only-caller,1
main,0x00000000011d7230,Set_State_Camp_Cooking,only-caller,1
main,0x00000000011d72a0,Set_State_Camp_Cooking,only-caller,1
main,0x00000000011d7320,Set_State_Camp_Cooking,only-caller,1
main,0x00000000011d7780,Set_State_Camp_Cooking,unique-callee,1
main,0x00000000011d7a90,Set_State_Camp_Cooking,only-caller,1
main,0x00000000011d7b00,Set_State_Camp_Cooking,only-caller,1
main,0x00000000011d7c20,Set_State_Camp_Cooking,only-caller,1
main,0x00000000011d8900,Set_State_Camp_Cooking,unique-callee,1
main,0x00000000011d89f0,Set_State_Camp_Cooking,only-caller,1
main,0x00000000011d8c30,Set_State_Camp_Cooking,only-caller,1
main,0x00000000011d8f30,Set_State_Camp_Cooking,all-callers-agree,2
main,0x00000000011d9060,Set_State_Camp_Cooking,only-caller,1
main,0x00000000011d9be0,Set_State_Camp_Cooking,unique-callee,1
main,0x00000000011da180,Set_State_Camp_Cooking,only-caller,1
main,0x00000000011da940,Set_State_Camp_Cooking,unique-callee,1
main,0x00000000011dbb20,Set_State_Camp_Cooking,unique-callee,1
main,0x00000000011dd510,Set_State_Camp_Cooking,only-caller,1
main,0x00000000011ddd40,StartCooking,only-caller,1
main,0x00000000011e2f30,Set_State_Camp_Cooking,only-caller,1
main,0x00000000011e4700,Set_State_Camp_Cooking,unique-callee,1
main,0x00000000011e47a0,Set_State_Camp_Cooking,only-caller,1
main,0x00000000011e4a20,Set_State_Camp_Cooking,only-caller,1
main,0x00000000011e6700,Camp_PotBoiling,all-callers-agree,2
main,0x00000000011e6b00,Camp_PotBoiling,only-caller,1
main,0x00000000011e6e00,Camp_PotBoiling,only-caller,1
main,0x00000000011e7160,Camp_PotBoiling,only-caller,1
main,0x00000000011e7280,Camp_PotBoiling,only-caller,1
main,0x00000000011e7380,Set_State_Camp_Cooking,only-caller,1
main,0x00000000011e7420,Set_State_Camp_Cooking,only-caller,1
main,0x00000000011e74c0,Set_State_Camp_Cooking,only-caller,1
main,0x00000000011e75f0,Camp_PotBoiling,all-callers-agree,5
main,0x00000000011e78a0,Set_State_Camp_Cooking,unique-callee,1
main,0x00000000011e7e70,Set_State_Camp_Cooking,only-caller,1
main,0x00000000011e8280,Set_State_Camp_Cooking,only-caller,1
main,0x00000000011e85c0,Set_State_Camp_Cooking,only-caller,1
main,0x00000000011e8a00,Set_State_Camp_Cooking,only-caller,1
main,0x00000000011e9a00,Set_State_Camp_Cooking,only-caller,1
main,0x00000000011eaac0,pokecamp_kinomi__02d,only-caller,1
main,0x00000000011ece60,pokecamp_food__02d,only-caller,1
main,0x00000000011ee520,Set_State_Camp_Cooking,only-caller,1
main,0x00000000011eedb0,Set_State_Camp_Cooking,only-caller,1
main,0x00000000011ef7e0,Set_State_Camp_Cooking,only-caller,1
main,0x00000000011f0110,Set_State_Camp_Cooking,only-caller,1
main,0x00000000011f1bc0,Set_State_Camp_Cooking,unique-callee,1
main,0x00000000011f4770,Set_State_Camp_Cooking,only-caller,1
main,0x00000000011fa820,MEET_BY_EVENT_3,only-caller,1
main,0x00000000011faa90,MEET_BY_EVENT_3,only-caller,1
main,0x00000000011fc830,fi8100_greeting01,only-caller,1
main,0x00000000011fce10,fi8100_greeting01,only-caller,1
main,0x00000000011ffe60,Play_UI_Emotional_Hungry_4,only-caller,1
main,0x0000000001202090,item,unique-callee,1
main,0x0000000001204dd0,EffOverHead01_5,unique-callee,1
main,0x0000000001205600,item,unique-callee,1
main,0x00000000012079f0,OnLimitTimeChanged,only-caller,1
main,0x00000000012118a0,Set_State_Camp_Eating,only-caller,1
main,0x0000000001217a80,Set_State_Camp_Playground_2,only-caller,1
main,0x000000000121b060,Play_Camp_Switching_Toy,only-caller,1
main,0x000000000121c440,Play_Camp_Switching_Toy,all-callers-agree,2
main,0x000000000121c730,Play_Camp_Switching_Toy,only-caller,1
main,0x000000000121c960,Play_Camp_Switching_Toy,only-caller,1
main,0x0000000001222320,Set_State_Camp_Playground_3,only-caller,1
main,0x00000000012231f0,Set_State_Camp_Eating,only-caller,1
main,0x0000000001223540,Set_State_Camp_Eating,only-caller,1
main,0x00000000012238b0,Set_State_Camp_Eating,only-caller,1
main,0x00000000012291c0,Set_State_Camp_Eating,only-caller,1
main,0x00000000012292c0,Set_State_Camp_Eating,only-caller,1
main,0x00000000012295e0,EffOverHead01_5,only-caller,1
main,0x0000000001229780,meal_eat_strat_stop,only-caller,1
main,0x000000000122b210,sd8015_camp,only-caller,1
main,0x000000000122c050,meal_eat_strat_stop,only-caller,1
main,0x000000000122c9b0,EffOverHead01_5,only-caller,1
main,0x0000000001246180,Play_UI_Camp_Cooking_Transition,only-caller,1
main,0x0000000001247210,Play_UI_Camp_Cooking_Transition,only-caller,1
main,0x0000000001247330,Play_UI_Camp_Cooking_Transition,only-caller,1
main,0x00000000012474b0,Play_UI_Camp_Cooking_Transition,only-caller,1
main,0x0000000001247660,Play_UI_Camp_Cooking_Transition,only-caller,1
main,0x0000000001247780,Play_UI_Camp_Cooking_Transition,only-caller,1
main,0x0000000001247900,Play_UI_Camp_Cooking_Transition,only-caller,1
main,0x0000000001248000,Play_UI_Camp_Cooking_Transition,only-caller,1
main,0x0000000001248130,Play_UI_Camp_Cooking_Transition,only-caller,1
main,0x0000000001248230,BagViewShop_7,only-caller,1
main,0x0000000001248240,BagViewShop_7,only-caller,1
main,0x0000000001248250,BagViewFade,only-caller,1
main,0x0000000001248270,BagViewShop_7,only-caller,1
main,0x0000000001249eb0,BagViewIngredientsCheck,only-caller,1
main,0x0000000001249ed0,BagViewIngredientsCheck,only-caller,1
main,0x000000000124a7f0,BagViewIngredientsEffect,only-caller,1
main,0x000000000124a870,Play_UI_Camp_Cooking_Last3Sec,only-caller,1
main,0x000000000124a900,Play_UI_Camp_Cooking_Last3Sec,only-caller,1
main,0x000000000124ac00,msg_ui_pokecamp_cooking_31_02,only-caller,1
main,0x000000000124ac80,msg_ui_pokecamp_cooking_31_02,only-caller,1
main,0x000000000124c540,BagViewIngredientsCheck,only-caller,1
main,0x0000000001251030,BagViewIngredientsEffect,only-caller,1
main,0x00000000012529e0,rare_grade_3,only-caller,1
main,0x0000000001254d50,optionbar_8,only-caller,1
main,0x0000000001255960,optionbar_8,all-callers-agree,2
main,0x0000000001255a90,optionbar_8,only-caller,1
main,0x0000000001255bb0,optionbar_8,only-caller,1
main,0x0000000001255d30,optionbar_8,only-caller,1
main,0x00000000012591c0,pane_L_curry_00_P_curry,only-caller,1
main,0x000000000125b9f0,cooking_result,only-caller,1
main,0x000000000125ba00,cooking_result,only-caller,1
main,0x000000000125c370,matching_status,only-caller,1
main,0x000000000125d2a0,item,only-caller,1
main,0x000000000125d300,item,only-caller,1
main,0x000000000125d8f0,system_msgwin,only-caller,1
main,0x000000000125da40,system_msgwin,only-caller,1
main,0x000000000125db50,system_msgwin,only-caller,1
main,0x000000000125dc40,matching_status,only-caller,1
main,0x000000000125df30,matching_status,only-caller,1
main,0x000000000125e050,matching_status,only-caller,1
main,0x000000000125e290,matching_status,only-caller,1
main,0x000000000125e3b0,matching_status,only-caller,1
main,0x000000000125e5f0,matching_status,only-caller,1
main,0x000000000125e710,matching_status,only-caller,1
main,0x000000000125e940,matching_status,only-caller,1
main,0x000000000125ea60,matching_status,only-caller,1
main,0x000000000125ecd0,matching_status,only-caller,1
main,0x000000000125edf0,matching_status,only-caller,1
main,0x000000000125f030,matching_status,only-caller,1
main,0x000000000125f150,matching_status,only-caller,1
main,0x000000000125f390,matching_status,only-caller,1
main,0x000000000125f4b0,matching_status,only-caller,1
main,0x000000000125f630,matching_status,only-caller,1
main,0x000000000125f910,matching_status,only-caller,1
main,0x000000000125fa30,matching_status,only-caller,1
main,0x000000000125fbb0,matching_status,only-caller,1
main,0x000000000125fd70,matching_status,only-caller,1
main,0x000000000125fe90,matching_status,only-caller,1
main,0x0000000001260010,matching_status,only-caller,1
main,0x0000000001260170,matching_status,only-caller,1
main,0x0000000001260290,matching_status,only-caller,1
main,0x00000000012604a0,matching_status,only-caller,1
main,0x00000000012605c0,matching_status,only-caller,1
main,0x0000000001261db0,notice,only-caller,1
main,0x0000000001262a70,notice,only-caller,1
main,0x0000000001262d90,system_msgwin,only-caller,1
main,0x0000000001262fa0,comm_player,only-caller,1
main,0x0000000001263050,system_msgwin,only-caller,1
main,0x0000000001263060,system_msgwin,only-caller,1
main,0x0000000001265dc0,msg_pokecamp_bl_03,only-caller,1
main,0x0000000001266030,msg_pokecamp_bl_03,only-caller,1
main,0x00000000012665c0,comm_player,only-caller,1
main,0x00000000012666d0,comm_player,only-caller,1
main,0x0000000001266d90,matching_status,only-caller,1
main,0x0000000001266ff0,cooking_result,only-caller,1
main,0x00000000012670b0,cooking_result,only-caller,1
main,0x0000000001267880,cooking_result,only-caller,1
main,0x0000000001267a90,Play_UI_network_result,only-caller,1
main,0x0000000001267bb0,cooking_result,only-caller,1
main,0x00000000012689a0,anime_pattern_lv_medal,only-caller,1
main,0x0000000001268ee0,cooking_result,only-caller,1
main,0x000000000126f190,notice_2,only-caller,1
main,0x000000000126f400,notice_2,only-caller,1
main,0x000000000126fef0,cooking_result,only-caller,1
main,0x0000000001271670,Play_UI_network_result,only-caller,1
main,0x0000000001271a30,cooking_result,only-caller,1
main,0x0000000001271b80,cooking_result,only-caller,1
main,0x0000000001271cd0,cooking_result,only-caller,1
main,0x0000000001271fc0,cooking_result,only-caller,1
main,0x0000000001272630,cooking_result,only-caller,1
main,0x0000000001272890,Play_UI_network_result,all-callers-agree,2
main,0x0000000001272920,cooking_result,only-caller,1
main,0x00000000012729d0,Play_UI_network_result,all-callers-agree,3
main,0x0000000001272a50,Play_UI_network_result,only-caller,1
main,0x0000000001272ba0,Play_UI_network_result,only-caller,1
main,0x0000000001272c70,Play_UI_network_result,only-caller,1
main,0x0000000001272d00,Play_UI_network_result,only-caller,1
main,0x0000000001272d40,Play_UI_network_result,only-caller,1
main,0x0000000001272e60,Play_UI_network_result,only-caller,1
main,0x00000000012733f0,cooking_result,only-caller,1
main,0x0000000001275b20,cooking_order,only-caller,1
main,0x0000000001275c70,cooking_order,only-caller,1
main,0x0000000001276b10,Play_UI_Camp_Cooking_Start,only-caller,1
main,0x0000000001278bb0,Play_Camp_Switching_Toy,all-callers-agree,2
main,0x0000000001279430,Play_Camp_Switching_Toy,only-caller,1
main,0x000000000127b460,optionbar_10,only-caller,1
main,0x0000000001286ed0,OnQuitSelected_7,unique-callee,1
main,0x0000000001298170,FieldMenuRotomView,only-caller,1
main,0x0000000001298270,execute_2,all-callers-agree,3
main,0x0000000001298430,execute_2,only-caller,1
main,0x00000000012985d0,execute_2,all-callers-agree,2
main,0x00000000012986e0,execute_2,unique-callee,1
main,0x00000000012987d0,execute_2,only-caller,1
main,0x0000000001298840,execute_2,only-caller,1
main,0x0000000001298b10,execute_2,only-caller,1
main,0x0000000001298dd0,execute_2,only-caller,1
main,0x0000000001298f90,execute_2,only-caller,1
main,0x00000000012994f0,execute_2,only-caller,1
main,0x0000000001299520,showCheck,only-caller,1
main,0x0000000001299c40,LEARN_SKILL_7,only-caller,1
main,0x0000000001299e10,ViewResult,only-caller,1
main,0x000000000129eee0,execute_2,only-caller,1
main,0x000000000129fd50,ViewTitle_7,only-caller,1
main,0x00000000012a1040,ViewTitle_7,only-caller,1
main,0x00000000012a1160,ViewTitle_7,only-caller,1
main,0x00000000012a13b0,ViewTitle_7,only-caller,1
main,0x00000000012a14d0,ViewTitle_7,only-caller,1
main,0x00000000012a1720,ViewTitle_7,only-caller,1
main,0x00000000012a1840,ViewTitle_7,only-caller,1
main,0x00000000012a19c0,ViewTitle_7,only-caller,1
main,0x00000000012a1b30,ViewTitle_7,only-caller,1
main,0x00000000012a1c50,ViewTitle_7,only-caller,1
main,0x00000000012a1ec0,ViewTitle_7,only-caller,1
main,0x00000000012a1fe0,ViewTitle_7,only-caller,1
main,0x00000000012a2240,ViewTitle_7,only-caller,1
main,0x00000000012a2360,ViewTitle_7,only-caller,1
main,0x00000000012a29d0,ViewTitle_8,all-callers-agree,2
main,0x00000000012a2b00,ViewTitle_8,only-caller,1
main,0x00000000012a2ef0,ViewTitle_8,only-caller,1
main,0x00000000012a3cb0,ViewTitle_7,only-caller,1
main,0x00000000012a3d10,ViewTitle_8,only-caller,1
main,0x00000000012a8410,ViewResult,only-caller,1
main,0x00000000012a87d0,ViewResult,only-caller,1
main,0x00000000012a8a60,ViewResult,only-caller,1
main,0x00000000012ad0a0,execute_2,only-caller,1
main,0x00000000012ad190,execute_2,only-caller,1
main,0x00000000012adc20,ViewTitle_8,only-caller,1
main,0x00000000012adfd0,T_title_00_4,unique-callee,1
main,0x00000000012b6e10,execute_2,only-caller,1
main,0x00000000012b6e80,execute_2,only-caller,1
main,0x00000000012b89a0,BagStateUsePoke,only-caller,1
main,0x00000000012b9660,PokeListViewBattle,only-caller,1
main,0x00000000012b97f0,PokeListViewBattle,only-caller,1
main,0x00000000012b9970,PokeListViewBattle_2,only-caller,1
main,0x00000000012b9eb0,PokeListViewBattle_3,only-caller,1
main,0x00000000012baa80,PokeListViewBattle,only-caller,1
main,0x00000000012baba0,PokeListViewBattle,only-caller,1
main,0x00000000012bae30,PokeListViewBattle,only-caller,1
main,0x00000000012baf50,PokeListViewBattle,only-caller,1
main,0x00000000012bce40,PokeListViewBattle_3,only-caller,1
main,0x00000000012bd4c0,PokeListViewBattle_3,only-caller,1
main,0x00000000012bdad0,PokeListViewBattle_3,only-caller,1
main,0x00000000012be8c0,PokeListViewBattle,only-caller,1
main,0x00000000012be930,PokeListViewBattle,only-caller,1
main,0x00000000012c1b20,PokeListStateBattle,only-caller,1
main,0x00000000012c2ba0,PokeListViewBattle_3,only-caller,1
main,0x00000000012cb830,PokeStatusTrainingView,only-caller,1
main,0x00000000012ce120,PokeStatusTrainingView,only-caller,1
main,0x00000000012ce240,PokeStatusTrainingView,only-caller,1
main,0x00000000012ce4b0,PokeStatusTrainingView,only-caller,1
main,0x00000000012ce5d0,PokeStatusTrainingView,only-caller,1
main,0x00000000012ce820,PokeStatusTrainingView,only-caller,1
main,0x00000000012ce940,PokeStatusTrainingView,only-caller,1
main,0x00000000012ceb90,PokeStatusTrainingView,only-caller,1
main,0x00000000012cecb0,PokeStatusTrainingView,only-caller,1
main,0x00000000012cef20,PokeStatusTrainingView,only-caller,1
main,0x00000000012cf040,PokeStatusTrainingView,only-caller,1
main,0x00000000012cf2b0,PokeStatusTrainingView,only-caller,1
main,0x00000000012cf3d0,PokeStatusTrainingView,only-caller,1
main,0x00000000012cf5e0,PokeStatusTrainingView,only-caller,1
main,0x00000000012cf800,PokeStatusTrainingView,only-caller,1
main,0x00000000012cf920,PokeStatusTrainingView,only-caller,1
main,0x00000000012d2440,anime_L_poke_name_00_arrow_up,only-caller,1
main,0x00000000012d2b30,anime_L_poke_name_00_arrow_down,only-caller,1
main,0x00000000012d3990,PokeStatusRibbonView,only-caller,1
main,0x00000000012d4200,PokeStatusAbilityView,only-caller,1
main,0x00000000012d4d00,PokeStatusRibbonView_4,only-caller,1
main,0x00000000012d51b0,PokeStatusTrainingView_3,only-caller,1
main,0x00000000012d6600,PokeStatusRibbonView,only-caller,1
main,0x00000000012d9c70,anime_L_icon_generat_00_generation_06,only-caller,1
main,0x00000000012d9d80,anime_L_icon_generat_00_generation_06,only-caller,1
main,0x00000000012dbdc0,anime_tnote_poke,only-caller,1
main,0x00000000012dbf90,anime_tnote_poke,only-caller,1
main,0x00000000012dc310,anime_tnote_poke,all-callers-agree,3
main,0x00000000012dc420,anime_tnote_poke,only-caller,1
main,0x00000000012dc5f0,anime_tnote_poke,only-caller,1
main,0x00000000012e94a0,grid_00_4,only-caller,1
main,0x00000000012e9780,PokeStatusSkillView,only-caller,1
main,0x00000000012e9850,PokeStatusRibbonView,only-caller,1
main,0x00000000012e98b0,PokeStatusRibbonView_2,only-caller,1
main,0x00000000012ea0e0,PokeStatusSkillState,only-caller,1
main,0x00000000012eec90,PokeStatusTrainingView,only-caller,1
main,0x00000000012eef60,PokeStatusTrainingView,only-caller,1
main,0x00000000012ef4a0,PokeStatusRibbonView,only-caller,1
main,0x00000000012f4900,unnamed_45,only-caller,1
main,0x00000000012f4990,unnamed_46,only-caller,1
main,0x00000000012f4d70,gfbgpokecfg,only-caller,1
main,0x00000000012f4df0,EffCenter01_4,only-caller,1
main,0x00000000012f72d0,poke_resource_table_gfbpmcatalog,only-caller,1
main,0x00000000012f8780,poke_resource_table_gfbpmcatalog,only-caller,1
main,0x00000000012f8c90,poke_resource_table_gfbpmcatalog,only-caller,1
main,0x00000000012f8ee0,poke_resource_table_gfbpmcatalog,all-callers-agree,2
main,0x00000000012f92b0,poke_resource_table_gfbpmcatalog,only-caller,1
main,0x00000000012fa050,to_ba01_land_state,only-caller,1
main,0x00000000012fa250,anime_L_spdefense_00,only-caller,1
main,0x00000000012fa2f0,anime_L_spdefense_00,only-caller,1
main,0x00000000012fa520,AroundMax,unique-callee,1
main,0x00000000012fa580,nn_ldn_SetStationAcceptPolicy_3,unique-callee,1
main,0x00000000012fca10,nn_ldn_SetStationAcceptPolicy_3,only-caller,1
main,0x00000000012fdd00,BOX_WAZA2,only-caller,1
main,0x00000000012fdf70,BOX_WAZA2,unique-callee,1
main,0x00000000012fe3c0,anime_tnote_poke,only-caller,1
main,0x00000000012fe5a0,anime_tnote_poke,only-caller,1
main,0x00000000012fe780,anime_tnote_poke,only-caller,1
main,0x00000000012fe870,anime_tnote_poke,only-caller,1
main,0x00000000012feb10,anime_tnote_poke,all-callers-agree,2
main,0x00000000012feb30,anime_L_icon_generat_00_generation_06,only-caller,1
main,0x00000000012ffb80,anime_L_poke_name_00_keep_2,only-caller,1
main,0x00000000013017e0,LEARN_SKILL_8,only-caller,1
main,0x0000000001301c70,BagStateUsePoke,only-caller,1
main,0x0000000001302210,BagStateUsePoke,only-caller,1
main,0x0000000001302f40,BagViewShop_6,all-callers-agree,2
main,0x00000000013031a0,BagViewShop_6,all-callers-agree,2
main,0x0000000001303a40,View_Loading,only-caller,1
main,0x00000000013041c0,View_Loading,only-caller,1
main,0x00000000013042f0,View_Loading,only-caller,1
main,0x0000000001304410,View_Loading,only-caller,1
main,0x0000000001304640,View_Loading,only-caller,1
main,0x0000000001304760,View_Loading,only-caller,1
main,0x0000000001305120,View_Loading_2,only-caller,1
main,0x0000000001305270,View_Loading_2,only-caller,1
main,0x0000000001305d30,no_short,only-caller,1
main,0x0000000001307dd0,fel_999,unique-callee,1
main,0x0000000001308200,fel_999,unique-callee,1
main,0x0000000001308340,fel_999,unique-callee,1
main,0x00000000013084f0,L_cursor_00,unique-callee,1
main,0x00000000013091c0,no_short,only-caller,1
main,0x000000000130a750,place_name_indirect,only-caller,1
main,0x000000000130a960,place_name_indirect,only-caller,1
main,0x000000000130b1e0,no_short,only-caller,1
main,0x000000000130b320,no_short,only-caller,1
main,0x000000000130b950,unnamed_47,only-caller,1
main,0x000000000130ba80,unnamed_47,only-caller,1
main,0x000000000130bbb0,unnamed_47,only-caller,1
main,0x000000000130bce0,unnamed_47,only-caller,1
main,0x000000000130c030,unnamed_47,only-caller,1
main,0x000000000130c0b0,unnamed_47,only-caller,1
main,0x000000000130c130,unnamed_47,only-caller,1
main,0x000000000130c1b0,unnamed_47,only-caller,1
main,0x000000000130dc10,ScFontB,only-caller,1
main,0x000000000130e050,no_short,all-callers-agree,2
main,0x000000000130ea60,no_short,all-callers-agree,2
main,0x000000000130f800,ScFontB,only-caller,1
main,0x000000000130ffa0,ScFontB,only-caller,1
main,0x000000000130ffc0,ScFontB,only-caller,1
main,0x000000000130ffe0,ScFontB,only-caller,1
main,0x0000000001310000,ScFontB,only-caller,1
main,0x0000000001310060,ScFontB,only-caller,1
main,0x0000000001310160,ScFontB,only-caller,1
main,0x0000000001310520,ScFontB,only-caller,1
main,0x00000000013106a0,ScFontB,only-caller,1
main,0x00000000013109f0,ScFontB,only-caller,1
main,0x0000000001310f00,poke_memory,unique-callee,1
main,0x0000000001313ca0,anime_pattern_lv_medal,only-caller,1
main,0x00000000013149a0,Stop_bgm_or_st_sys03,unique-callee,1
main,0x0000000001315b90,L_co_top_detail_02_2,unique-callee,1
main,0x00000000013185f0,poke_memory_place,only-caller,1
main,0x0000000001318790,poke_memory_place,only-caller,1
main,0x00000000013193f0,SystemMessageView_7,only-caller,1
main,0x0000000001319700,SystemMessageView_7,only-caller,1
main,0x000000000131a0c0,SystemMessageView_7,only-caller,1
main,0x000000000131b520,SystemMessageView_7,only-caller,1
main,0x000000000131b7c0,SystemMessageView_7,only-caller,1
main,0x000000000131b8e0,SystemMessageView_7,only-caller,1
main,0x000000000131baf0,SystemMessageView_7,only-caller,1
main,0x000000000131c000,SystemMessageView_7,only-caller,1
main,0x000000000131c120,SystemMessageView_7,only-caller,1
main,0x000000000131d430,OptionBar_11,only-caller,1
main,0x000000000131da40,execute_3,only-caller,1
main,0x000000000131db00,OptionBar_11,only-caller,1
main,0x000000000131db70,OptionBar_12,only-caller,1
main,0x000000000131e060,OptionBar_11,only-caller,1
main,0x000000000131e340,OptionBar_11,only-caller,1
main,0x000000000131ef40,ViewTop_4,only-caller,1
main,0x000000000131f110,ViewTop_4,only-caller,1
main,0x000000000131f160,SystemMessageView_7,only-caller,1
main,0x00000000013203a0,button_list_item__02d,only-caller,1
main,0x00000000013233b0,ViewProgress,only-caller,1
main,0x0000000001326a70,BattleTeamView,only-caller,1
main,0x0000000001327c50,BattleTeamView,only-caller,1
main,0x0000000001327d30,BattleTeamView,only-caller,1
main,0x0000000001327e50,BattleTeamView,only-caller,1
main,0x0000000001328260,BattleTeamView,only-caller,1
main,0x0000000001328380,BattleTeamView,only-caller,1
main,0x0000000001329050,BattleTeamView,unique-callee,1
main,0x000000000132c200,BattleTeamView,only-caller,1
main,0x000000000132c250,BattleTeamView,only-caller,1
main,0x000000000132eef0,View_OptionBar_3,only-caller,1
main,0x0000000001331eb0,View_OptionBar_4,only-caller,1
main,0x0000000001332d60,DownloadTeamView,only-caller,1
main,0x0000000001335ca0,BattleTeamView_3,only-caller,1
main,0x0000000001338690,View_OptionBar_4,only-caller,1
main,0x000000000133b3a0,L_rental_icon_01_switch,only-caller,1
main,0x000000000133b4c0,L_rental_icon_01_switch,only-caller,1
main,0x000000000133be90,View_OptionBar_4,only-caller,1
main,0x000000000133bf30,View_OptionBar_4,only-caller,1
main,0x000000000133c840,View_OptionBar_4,only-caller,1
main,0x000000000133d7f0,ViewReport,only-caller,1
main,0x000000000133ecb0,ViewReport,only-caller,1
main,0x000000000133ede0,ViewReport,only-caller,1
main,0x000000000133ef00,ViewReport,only-caller,1
main,0x0000000001341cd0,msg_ui_report_message_01,unique-callee,1
main,0x0000000001343260,msg_ui_report_title_06,only-caller,1
main,0x0000000001343380,ViewReport_2,only-caller,1
main,0x000000000134c510,mes_tower_tr__03d_00,unique-callee,1
main,0x0000000001350240,poke_panel_31,only-caller,1
main,0x0000000001350450,poke_panel_31,only-caller,1
main,0x00000000013533f0,button_box__02d_tray_mode,unique-callee,1
main,0x00000000013548b0,anime_info_out,only-caller,1
main,0x0000000001357ee0,sd9010_title,only-caller,1
main,0x0000000001357f20,sd9010_title,only-caller,1
main,0x000000000135a1a0,button_box__02d_tray_mode,unique-callee,1
main,0x000000000135a9a0,SYS_WORK__s_REPLACE,only-caller,1
main,0x000000000135ec30,trainer_id_hash_table,only-caller,1
main,0x000000000135ed00,trainer_id_hash_table,only-caller,1
main,0x0000000001365930,anime_new_out,only-caller,1
main,0x0000000001366b40,box_button_00,only-caller,1
main,0x000000000136b590,unnamed_16,unique-callee,1
main,0x000000000136b690,MEET_BY_EVENT,unique-callee,1
main,0x000000000136b6d0,Play_UI_common_report_2,only-caller,1
main,0x000000000136b720,Play_UI_common_report_2,only-caller,1
main,0x000000000136f610,msg_ui_report_title_06,all-callers-agree,2
main,0x000000000136f620,msg_ui_report_title_06,all-callers-agree,2
main,0x0000000001370810,anime_pattern_lv_medal,only-caller,1
main,0x00000000013710d0,PokeCampSave_NPCKey__3,unique-callee,1
main,0x00000000013736e0,showCheck,unique-callee,1
main,0x0000000001373710,execute_2,all-callers-agree,3
main,0x0000000001373720,execute_2,only-caller,1
main,0x0000000001373750,execute_2,only-caller,1
main,0x0000000001373770,execute_2,only-caller,1
main,0x00000000013739c0,execute_2,only-caller,1
main,0x0000000001373f60,execute_2,only-caller,1
main,0x0000000001373f70,execute_2,only-caller,1
main,0x0000000001373f90,execute_2,only-caller,1
main,0x0000000001373fb0,execute_2,all-callers-agree,2
main,0x0000000001373fc0,execute_2,all-callers-agree,2
main,0x0000000001373fe0,execute_2,all-callers-agree,2
main,0x0000000001377be0,Play_UI_common_decide_2,only-caller,1
main,0x0000000001377ce0,Play_UI_common_decide_2,only-caller,1
main,0x0000000001378870,fileName,only-caller,1
main,0x0000000001378bd0,AroundMax,only-caller,1
main,0x0000000001379f00,ViewTop_6,only-caller,1
main,0x000000000137a0b0,AroundMax,only-caller,1
main,0x000000000137a170,AroundMax,only-caller,1
main,0x000000000137a220,anime_L_btn_near_poke__02d_switch_find_get,only-caller,1
main,0x000000000137a280,AroundMax,only-caller,1
main,0x000000000137a290,AroundMax,only-caller,1
main,0x000000000137a3e0,ViewDetails_4,only-caller,1
main,0x000000000137b8c0,Play_UI_boutique_change,only-caller,1
main,0x000000000137bb10,USE_SPRAY,unique-callee,1
main,0x000000000137bba0,Play_SceneTransition_Footsteps,only-caller,1
main,0x000000000137bbc0,Play_SceneTransition_Footsteps,only-caller,1
main,0x000000000137bbe0,Play_SceneTransition_Footsteps,only-caller,1
main,0x000000000137bc40,PostEventName,only-caller,1
main,0x000000000137bc50,DeterminePlayerPosMulti,unique-callee,1
main,0x000000000137bc60,optionbar_3,only-caller,1
main,0x000000000137bc70,optionbar_3,only-caller,1
main,0x000000000137bc90,Play_me_or_st_item_get_2,only-caller,1
main,0x000000000137bca0,Play_me_or_st_item_get_2,only-caller,1
main,0x000000000137f560,a_t0101_i0101,only-caller,1
main,0x000000000137fa40,a_t0101_i0101,all-callers-agree,2
main,0x000000000137faa0,a_t0101_i0101,only-caller,1
main,0x0000000001386be0,StateBtlSpotCompBattleEntrance,all-callers-agree,2
main,0x0000000001386e00,StateBtlSpotCompBattleEntrance,all-callers-agree,2
main,0x0000000001386e80,StateBtlSpotCompBattleEntrance,only-caller,1
main,0x0000000001386ee0,StateBtlSpotCompBattleEntrance,all-callers-agree,2
main,0x0000000001386f60,StateBtlSpotCompBattleEntrance,only-caller,1
main,0x0000000001387400,StateBtlSpotRankMatchEntrance,only-caller,1
main,0x0000000001387450,StateBtlSpotRankMatchEntrance,only-caller,1
main,0x00000000013874d0,StateBtlSpotCasualMatchPrepareMatching_2,only-caller,1
main,0x0000000001387520,StateBtlSpotCasualMatchPrepareMatching_2,only-caller,1
main,0x00000000013875a0,StateBtlSpotRankMatchAnimation_2,only-caller,1
main,0x00000000013875f0,StateBtlSpotRankMatchAnimation_2,only-caller,1
main,0x0000000001387670,StateBtlSpotCompBattleEntrance,only-caller,1
main,0x00000000013876c0,StateBtlSpotCompBattleEntrance,only-caller,1
main,0x0000000001388b10,StateBtlSpotCompBattleEntrance,all-callers-agree,2
main,0x000000000138bad0,optionbar,only-caller,1
main,0x000000000138bb00,menu_method,only-caller,1
main,0x0000000001391b50,validate,only-caller,1
main,0x00000000013969a0,anime_fade_out,unique-callee,1
main,0x00000000013969b0,Play_UI_pbox_error,only-caller,1
main,0x00000000013969d0,Play_UI_pbox_error,only-caller,1
main,0x000000000139a1b0,a_t0101_i0101,unique-callee,1
main,0x000000000139a260,save_process,only-caller,1
main,0x000000000139cf80,save_process,unique-callee,1
main,0x000000000139ea50,a_t0101_i0101,only-caller,1
main,0x000000000139ea80,a_t0101_i0101,only-caller,1
main,0x000000000139eaa0,a_t0101_i0101,only-caller,1
main,0x000000000139eae0,a_t0101_i0101,only-caller,1
main,0x000000000139f860,load_hashdb,unique-callee,1
main,0x00000000013a0920,save_hashdb,unique-callee,1
main,0x00000000013a2060,poke_memory,only-caller,1
main,0x00000000013a3400,CS_FadeWait,unique-callee,1
main,0x00000000013a6920,Stop_Battle_Music_for865,unique-callee,1
main,0x00000000013a7fe0,FadeWait,unique-callee,1
main,0x00000000013a8200,CS_FadeWait,unique-callee,1
main,0x00000000013a8730,FadeWait,unique-callee,1
main,0x00000000013a8ac0,FadeWait,unique-callee,1
main,0x00000000013aeed0,EventName,only-caller,1
main,0x00000000013af040,SwitchGroup,only-caller,1
main,0x00000000013af240,InterpolationMs,only-caller,1
main,0x00000000013af380,TriggerName,only-caller,1
main,0x00000000013af490,StateGroup,only-caller,1
main,0x00000000013af690,MonsNo,only-caller,1
main,0x00000000013b1c90,Play_Prop_Gimmick_a_t0301_g0102_voice,unique-callee,1
main,0x00000000013b9290,LookAt,only-caller,1
main,0x00000000013b9570,LookAtHeight_2,only-caller,1
main,0x00000000013b96c0,LookAtHeight,only-caller,1
main,0x00000000013b9800,Distance,only-caller,1
main,0x00000000013b9ad0,LookAtHeight_3,only-caller,1
main,0x00000000013b9d90,LookAtHeight_4,only-caller,1
main,0x00000000013b9ee0,LookAtHeight_5,only-caller,1
main,0x00000000013ba010,LookAtHeight_6,only-caller,1
main,0x00000000013ba1a0,LookAtHeight_7,only-caller,1
main,0x00000000013baa40,AttenuationType,only-caller,1
main,0x00000000013bad80,CameraPosWeight,only-caller,1
main,0x00000000013bb410,OffsetCameraPos_2,only-caller,1
main,0x00000000013bb9c0,OffsetCameraPos,only-caller,1
main,0x00000000013c47d0,ResetFrame,only-caller,1
main,0x00000000013c4820,ResetFrame_2,only-caller,1
main,0x00000000013c4870,ResetFrame_3,only-caller,1
main,0x00000000013c48c0,ResetFrame_4,only-caller,1
main,0x00000000013c74e0,fi_action_uniq_trigger_2,only-caller,1
main,0x00000000013c7730,PokemonMotion,only-caller,1
main,0x00000000013c7d30,MonitorState,only-caller,1
main,0x00000000013c96d0,EasyTalkPlayer,only-caller,1
main,0x00000000013c9910,EasyTalkCharacter,only-caller,1
main,0x00000000013c9b50,EasyTalkPokemon,only-caller,1
main,0x00000000013c9d90,OffsetCameraPos_2,only-caller,1
main,0x00000000013c9e50,OffsetCameraPos_2,unique-callee,1
main,0x00000000013ca4c0,fi_unique_event,unique-callee,1
main,0x00000000013cb120,PathObject_2,only-caller,1
main,0x00000000013cb2a0,PathObject_2,unique-callee,1
main,0x00000000013cb5a0,fi_action_uniq_trigger_2,all-callers-agree,4
main,0x00000000013cba10,CharacterMotion,only-caller,1
main,0x00000000013cbc70,PokemonMotion_2,only-caller,1
main,0x00000000013ce3e0,fi_npc_type_2,only-caller,1
main,0x00000000013ce3f0,MonitorState,only-caller,1
main,0x00000000013cea70,MonitorState,only-caller,1
main,0x00000000013ceeb0,fi_action_uniq_trigger_2,only-caller,1
main,0x00000000013cf530,fi_action_uniq_trigger_2,only-caller,1
main,0x00000000013cf5f0,fi_action_uniq_trigger_2,only-caller,1
main,0x00000000013cf830,fi_action_uniq_trigger_2,only-caller,1
main,0x00000000013cfa80,fi_action_uniq_trigger_2,only-caller,1
main,0x00000000013cffe0,fi_action_uniq_trigger_2,all-callers-agree,3
main,0x00000000013d0200,fi_action_uniq_trigger_2,all-callers-agree,3
main,0x00000000013d0fe0,PokemonMotion,only-caller,1
main,0x00000000013d15d0,cm10_kwwait_fiwait01,only-caller,1
main,0x00000000013d35d0,poke_memory,unique-callee,1
main,0x00000000013e3050,poke_memory,only-caller,1
main,0x00000000013e35c0,unnamed_31,only-caller,1
main,0x00000000013e3fe0,poke_memory,only-caller,1
main,0x00000000013e4a60,poke_memory,only-caller,1
main,0x00000000013e4d60,circuit,only-caller,1
main,0x00000000013ed150,Play_UI_common_decide,unique-callee,1
main,0x00000000013ef320,Set_State_Event_Script_Demo,only-caller,1
main,0x00000000013fa5c0,PathObject_2,only-caller,1
main,0x00000000013facc0,GfMapCamArea_Polygon,unique-callee,1
main,0x00000000013fb830,poke_memory,only-caller,1
main,0x00000000013fb8e0,GetSceneChangeData,only-caller,1
main,0x00000000013fbae0,GetSceneChangeData,unique-callee,1
main,0x00000000013fc060,Stop_Battle_Music_for865,unique-callee,1
main,0x00000000013fca60,poke_memory,only-caller,1
main,0x00000000013fcf70,unnamed_31,only-caller,1
main,0x00000000013fd8c0,msg_wide_road_username,only-caller,1
main,0x00000000013fdd10,unnamed_31,only-caller,1
main,0x00000000013fdfa0,unnamed_31,only-caller,1
main,0x00000000013fe720,unnamed_31,only-caller,1
main,0x00000000013feb60,msg_wide_road_username,unique-callee,1
main,0x0000000001400310,unnamed_31,only-caller,1
main,0x0000000001400350,Play_UI_common_decide,only-caller,1
main,0x00000000014004b0,Play_UI_common_decide,only-caller,1
main,0x0000000001400750,poke_memory,only-caller,1
main,0x0000000001400830,poke_memory,only-caller,1
main,0x0000000001400db0,poke_memory,only-caller,1
main,0x0000000001400f90,poke_memory,unique-callee,1
main,0x00000000014012d0,poke_memory,only-caller,1
main,0x00000000014013b0,poke_memory,only-caller,1
main,0x0000000001401490,Play_UI_common_decide,all-callers-agree,5
main,0x00000000014017f0,Play_UI_common_decide,all-callers-agree,2
main,0x0000000001401990,Play_UI_common_decide,all-callers-agree,2
main,0x0000000001401b20,Play_UI_common_decide,unique-callee,1
main,0x0000000001401b50,Play_UI_common_decide,only-caller,1
main,0x0000000001402420,Stop_Battle_Music_for865,only-caller,1
main,0x0000000001402490,Play_UI_common_decide,only-caller,1
main,0x0000000001402550,Play_UI_common_decide,all-callers-agree,3
main,0x00000000014028b0,Play_UI_common_decide,all-callers-agree,2
main,0x0000000001402b60,poke_memory,only-caller,1
main,0x0000000001404980,Play_Prop_Gimmick_elevator_move,only-caller,1
main,0x0000000001404fa0,Play_Prop_Gimmick_elevator_move,only-caller,1
main,0x00000000014058c0,Play_Prop_Gimmick_elevator_move,only-caller,1
main,0x00000000014059f0,Play_Prop_Gimmick_elevator_move,only-caller,1
main,0x000000000140ae90,unnamed_24,only-caller,1
main,0x000000000140b040,unnamed_24,only-caller,1
main,0x000000000140b6d0,ba_cheer,unique-callee,1
main,0x000000000140bb00,ba_cheer,only-caller,1
main,0x000000000140c3c0,unnamed_24,unique-callee,1
main,0x000000000140d750,SystemMessageView_8,only-caller,1
main,0x000000000140e350,SystemMessageView_8,only-caller,1
main,0x000000000140efa0,SystemMessageView_8,only-caller,1
main,0x000000000140f1c0,SystemMessageView_8,only-caller,1
main,0x000000000140f2e0,SystemMessageView_8,only-caller,1
main,0x000000000140fc80,SystemMessageView_8,only-caller,1
main,0x0000000001411150,Config_VoiceVolume_3,only-caller,1
main,0x0000000001412080,View_Top_18,only-caller,1
main,0x0000000001418e60,View_Shop,only-caller,1
main,0x0000000001419ab0,View_Shop,only-caller,1
main,0x0000000001419be0,View_Shop,only-caller,1
main,0x0000000001419d00,View_Shop,only-caller,1
main,0x0000000001419f70,View_Shop,only-caller,1
main,0x000000000141a090,View_Shop,only-caller,1
main,0x000000000141a2f0,View_Shop,only-caller,1
main,0x000000000141a620,shop,only-caller,1
main,0x000000000141a630,shop,only-caller,1
main,0x0000000001420f70,View_Shop_2,only-caller,1
main,0x00000000014210c0,View_Shop_2,only-caller,1
main,0x0000000001421210,View_Shop_2,only-caller,1
main,0x0000000001421fa0,TipsView_2,only-caller,1
main,0x0000000001422bd0,TipsView_2,only-caller,1
main,0x0000000001424540,ViewBackground,only-caller,1
main,0x00000000014246b0,ViewCredits,only-caller,1
main,0x00000000014249b0,ViewCredits,only-caller,1
main,0x00000000014249c0,ViewCredits,only-caller,1
main,0x0000000001424ce0,ViewBackground,only-caller,1
main,0x0000000001425b80,ViewBackground,only-caller,1
main,0x0000000001425ca0,ViewBackground,only-caller,1
main,0x0000000001425ed0,ViewBackground,only-caller,1
main,0x0000000001425ff0,ViewBackground,only-caller,1
main,0x0000000001426230,ViewBackground,only-caller,1
main,0x0000000001426350,ViewBackground,only-caller,1
main,0x0000000001426aa0,ViewBackground,only-caller,1
main,0x0000000001427960,ViewTheEnd,only-caller,1
main,0x0000000001428950,ViewCredits,only-caller,1
main,0x0000000001428e60,ViewTheEnd,only-caller,1
main,0x0000000001429600,ViewCredits,only-caller,1
main,0x000000000142a040,M_Mask_2,unique-callee,1
main,0x000000000142dc10,SystemMessageView_9,only-caller,1
main,0x0000000001432170,pane__s_6,only-caller,1
main,0x0000000001432f50,StateIn,only-caller,1
main,0x00000000014338f0,SystemMessageView_9,only-caller,1
main,0x0000000001433970,SystemMessageView_9,only-caller,1
main,0x00000000014344e0,SystemMessageView_9,only-caller,1
main,0x0000000001434630,StateIn,only-caller,1
main,0x0000000001434750,StateShowRegulationError,only-caller,1
main,0x0000000001434ea0,SystemMessageView_9,unique-callee,1
main,0x0000000001435000,SystemMessageView_9,only-caller,1
main,0x0000000001435ec0,StateOut,only-caller,1
main,0x0000000001436900,StateSelectTeam,only-caller,1
main,0x0000000001438130,StateShowRegulationError,only-caller,1
main,0x0000000001438ed0,optionbar_11,only-caller,1
main,0x0000000001439eb0,optionbar_11,only-caller,1
main,0x0000000001439fd0,optionbar_11,only-caller,1
main,0x000000000143b310,optionbar_12,only-caller,1
main,0x000000000143bda0,optionbar_11,only-caller,1
main,0x000000000143c600,StateIn_2,only-caller,1
main,0x000000000143d090,tips_3,only-caller,1
main,0x000000000143d4d0,optionbar_11,only-caller,1
main,0x000000000143d530,optionbar_11,only-caller,1
main,0x000000000143fa00,ViewMessage,only-caller,1
main,0x00000000014409c0,ViewMessage,only-caller,1
main,0x0000000001440ae0,ViewMessage,only-caller,1
main,0x0000000001441850,StateFirst_2,only-caller,1
main,0x0000000001441e60,StateFirst_2,only-caller,1
main,0x0000000001442c40,Play_UI_tournament_fanfare,only-caller,1
main,0x0000000001442da0,StateFirst_2,only-caller,1
main,0x0000000001443640,iconCollisionSize,only-caller,1
main,0x0000000001444220,map_destination_data_2,only-caller,1
main,0x0000000001446b50,ViewDetails,only-caller,1
main,0x0000000001449870,map_destination_data_2,only-caller,1
main,0x000000000144a820,Play_UI_map_open,only-caller,1
main,0x000000000144a930,Play_UI_map_open,only-caller,1
main,0x000000000144ac10,Play_UI_map_open,only-caller,1
main,0x000000000144ad00,Play_UI_map_open,only-caller,1
main,0x000000000144b3c0,Play_UI_map_open,only-caller,1
main,0x000000000144b7b0,CommonOptionBar_5,only-caller,1
main,0x000000000144f230,sd9130_trade,all-callers-agree,2
main,0x0000000001450e40,sd9130_trade,only-caller,1
main,0x00000000014514c0,sd9130_trade,only-caller,1
main,0x0000000001451610,sd9130_trade,only-caller,1
main,0x0000000001451880,sd9130_trade,only-caller,1
main,0x0000000001451a40,sd9130_trade,only-caller,1
main,0x0000000001451f50,sd9130_trade,all-callers-agree,4
main,0x0000000001454010,Play_UI_Camp_Licence,only-caller,1
main,0x0000000001454080,Play_UI_Camp_Licence,unique-callee,1
main,0x00000000014544e0,Play_UI_Camp_Licence,only-caller,1
main,0x0000000001454a30,Play_UI_Camp_Licence,only-caller,1
main,0x0000000001455bf0,ViewCamp,only-caller,1
main,0x00000000014573a0,ViewCamp,only-caller,1
main,0x00000000014574c0,ViewCamp,only-caller,1
main,0x00000000014583e0,CommonOptionBar_7,only-caller,1
main,0x0000000001459d60,StateDownloadToDetail,only-caller,1
main,0x000000000145ebc0,StateCampMain,only-caller,1
main,0x000000000145ecd0,ViewCamp_2,only-caller,1
main,0x0000000001462fb0,ViewCardPassMenu,only-caller,1
main,0x00000000014630c0,ViewCardPassMenu,only-caller,1
main,0x0000000001466ed0,ViewCardPassMenu,only-caller,1
main,0x00000000014671b0,ViewCardPassMenu,only-caller,1
main,0x00000000014672d0,ViewCardPassMenu,only-caller,1
main,0x0000000001467500,ViewCardPassMenu,only-caller,1
main,0x0000000001467620,ViewCardPassMenu,only-caller,1
main,0x0000000001467850,ViewCardPassMenu,only-caller,1
main,0x0000000001467970,ViewCardPassMenu,only-caller,1
main,0x0000000001467f70,ViewCardPassMenu,only-caller,1
main,0x0000000001468090,ViewCardPassMenu,only-caller,1
main,0x00000000014682d0,ViewCardPassMenu,only-caller,1
main,0x00000000014683f0,ViewCardPassMenu,only-caller,1
main,0x0000000001468570,ViewCardPassMenu,only-caller,1
main,0x000000000146ca40,ViewCardPassMenu,only-caller,1
main,0x00000000014705a0,ViewTopMenu_2,only-caller,1
main,0x0000000001471e60,StateLiveMain,only-caller,1
main,0x0000000001475620,button__02d,only-caller,1
main,0x00000000014758f0,StateAlbumList,only-caller,1
main,0x0000000001475a30,StateAlbumListErase,only-caller,1
main,0x0000000001478240,StateCardPassMenu,only-caller,1
main,0x0000000001478290,StateAlbumTopToCardPassMenu,only-caller,1
main,0x0000000001479d70,StateNetConnection,only-caller,1
main,0x00000000014832d0,CommonOptionBar_8,only-caller,1
main,0x00000000014877f0,ViewPhotography,only-caller,1
main,0x0000000001489780,ViewPhotography,only-caller,1
main,0x00000000014898a0,ViewPhotography,only-caller,1
main,0x0000000001489ae0,ViewPhotography,only-caller,1
main,0x0000000001489c00,ViewPhotography,only-caller,1
main,0x0000000001489e30,ViewPhotography,only-caller,1
main,0x0000000001489f50,ViewPhotography,only-caller,1
main,0x000000000148a0d0,ViewPhotography,only-caller,1
main,0x000000000148a270,ViewPhotography,only-caller,1
main,0x000000000148a390,ViewPhotography,only-caller,1
main,0x000000000148a510,ViewPhotography,only-caller,1
main,0x000000000148a6c0,ViewPhotography,only-caller,1
main,0x000000000148a7e0,ViewPhotography,only-caller,1
main,0x000000000148aac0,ViewPhotography,only-caller,1
main,0x000000000148abe0,ViewPhotography,only-caller,1
main,0x000000000148ae30,ViewPhotography,only-caller,1
main,0x000000000148af50,ViewPhotography,only-caller,1
main,0x000000000148b180,ViewPhotography,only-caller,1
main,0x000000000148b2a0,ViewPhotography,only-caller,1
main,0x0000000001498bc0,ViewPhotography,only-caller,1
main,0x000000000149a940,ViewPhotography,unique-callee,1
main,0x000000000149db40,State_Customize,only-caller,1
main,0x000000000149e5d0,State_TopToCustomize,only-caller,1
main,0x000000000149e880,State_TopToCustomize,only-caller,1
main,0x000000000149fb70,ViewNavigator_3,only-caller,1
main,0x00000000014a1a80,ViewNavigator,only-caller,1
main,0x00000000014a1b30,State_BuyToOption,only-caller,1
main,0x00000000014a1b40,State_OptionToBuy,only-caller,1
main,0x00000000014a3460,L_icon_current_pose_00,only-caller,1
main,0x00000000014a36e0,L_icon_current_pose_00,only-caller,1
main,0x00000000014a3a50,L_icon_current_pose_00,only-caller,1
main,0x00000000014a44f0,State_Photography,only-caller,1
main,0x00000000014a46e0,State_PhotographyList,only-caller,1
main,0x00000000014a56a0,FacialAnimMax_2,only-caller,1
main,0x00000000014a6120,State_Top,only-caller,1
main,0x00000000014a73b0,N_gloss_00,only-caller,1
main,0x00000000014a91c0,statebattletowerout,unique-callee,1
main,0x00000000014a94a0,namelist,unique-callee,1
main,0x00000000014a98d0,T__02d,only-caller,1
main,0x00000000014aad40,pane__s_2,unique-callee,1
main,0x00000000014aadf0,poke_panel_49,unique-callee,1
main,0x00000000014ab040,N_team_standby_icon_2,unique-callee,1
main,0x00000000014ab0c0,anime__s_7,unique-callee,1
main,0x00000000014ab2b0,anime_select_menu_2,unique-callee,1
main,0x00000000014b0b20,live_comm_stamp,only-caller,1
main,0x00000000014b0cb0,live_comm_stamp,only-caller,1
main,0x00000000014b0e20,live_comm_stamp,only-caller,1
main,0x00000000014b0fb0,live_comm_stamp,only-caller,1
main,0x00000000014b1120,live_comm_stamp,only-caller,1
main,0x00000000014b12b0,live_comm_stamp,only-caller,1
main,0x00000000014b2690,unnamed_52,only-caller,1
main,0x00000000014b2930,unnamed_52,only-caller,1
main,0x00000000014b29e0,unnamed_52,only-caller,1
main,0x00000000014b2a90,unnamed_52,only-caller,1
main,0x00000000014b5b70,live_comm_stamp,only-caller,1
main,0x00000000014b70f0,msg_sys_03,only-caller,1
main,0x00000000014b8030,namelist,only-caller,1
main,0x00000000014b8430,T_name_00_2,only-caller,1
main,0x00000000014b86d0,msg_wide_road_username,only-caller,1
main,0x00000000014b88c0,View_Model,unique-callee,1
main,0x00000000014b8e00,unnamed_53,only-caller,1
main,0x00000000014b8f30,unnamed_53,only-caller,1
main,0x00000000014b9690,unnamed_53,only-caller,1
main,0x00000000014b9710,Play_UI_Camp_Cooking_Transition,unique-callee,1
main,0x00000000014b9c90,View_Model,only-caller,1
main,0x00000000014ba7b0,P_icon_complete_00,unique-callee,1
main,0x00000000014ba820,anime__s_9,unique-callee,1
main,0x00000000014bab40,Play_UI_Camp_Cooking_Last3Sec,only-caller,1
main,0x00000000014bacd0,Play_UI_Camp_Cooking_Last3Sec,unique-callee,1
main,0x00000000014bb010,Play_UI_Camp_Cooking_Last3Sec,only-caller,1
main,0x00000000014bb960,anime_L_spdefense_00,unique-callee,1
main,0x00000000014bc060,anime__s_9,unique-callee,1
main,0x00000000014bcfd0,player_icon_table_2,only-caller,1
main,0x00000000014bd2a0,player_icon_table_3,only-caller,1
main,0x00000000014c3540,CardFront,only-caller,1
main,0x00000000014c3660,CardFront,only-caller,1
main,0x00000000014c3780,CardFront,only-caller,1
main,0x00000000014c39b0,CardFront,only-caller,1
main,0x00000000014c6690,eyebrow,unique-callee,1
main,0x00000000014c7b20,CopyImagePath,only-caller,1
main,0x00000000014cb040,L_card_00,unique-callee,1
main,0x00000000014cc8c0,StateAlbumDetailsToList,only-caller,1
main,0x00000000014ccfd0,anime__s_9,only-caller,1
main,0x00000000014cd230,anime__s_9,only-caller,1
main,0x00000000014cd340,anime__s_9,only-caller,1
main,0x00000000014cd630,anime__s_9,only-caller,1
main,0x00000000014cdba0,anime__s_9,only-caller,1
main,0x00000000014d1a60,P_icon_complete_00,only-caller,1
main,0x00000000014d5a30,BagViewShop_3,only-caller,1
main,0x00000000014d5a90,BagViewShop_2,unique-callee,1
main,0x00000000014d6840,PokeStatusRibbonView_2,unique-callee,1
main,0x00000000014d68a0,PokeStatusRibbonView,unique-callee,1
main,0x00000000014d8890,anime_info_out,only-caller,1
main,0x00000000014d8990,poke_panel_54,only-caller,1
main,0x00000000014dbec0,Play_UI_Gnest_start_Gbattle,unique-callee,1
main,0x00000000014dc4d0,Set_State_Battle_Off,only-caller,1
main,0x00000000014dd2b0,ba_cheer,only-caller,1
main,0x00000000014dd320,fel_999,all-callers-agree,2
main,0x00000000014dd5e0,Set_State_Battle_Off,only-caller,1
main,0x00000000014dd6a0,fel_999,all-callers-agree,2
main,0x00000000014de8a0,fel_999,only-caller,1
main,0x00000000014df4b0,nn_ldn_SetStationAcceptPolicy_3,only-caller,1
main,0x00000000014dff50,Set_State_On,only-caller,1
main,0x00000000014e0150,loc_eff_head,only-caller,1
main,0x00000000014e0990,anime_new_out_4,only-caller,1
main,0x00000000014e16a0,Set_State_Camp_Off,only-caller,1
main,0x00000000014e19a0,Play_UI_common_menu_scroll,unique-callee,1
main,0x00000000014e1a30,color_unselect_5,unique-callee,1
main,0x00000000014e6550,LiveCommStateBattle,unique-callee,1
main,0x00000000014e6bc0,Play_UI_common_menu_scroll,unique-callee,1
main,0x00000000014e8900,LiveCommStateBattle,unique-callee,1
main,0x00000000014e8fc0,Play_UI_common_menu_scroll,unique-callee,1
main,0x00000000014eec70,grid_00,only-caller,1
main,0x0000000001502120,Play_Prop_Gimmick_trainer_eye_slide_in,unique-callee,1
main,0x0000000001502ab0,fel_999_2,only-caller,1
main,0x00000000015061e0,fel_999_2,only-caller,1
main,0x00000000015076f0,SystemMessageView_10,only-caller,1
main,0x00000000015081e0,SystemMessageView_10,only-caller,1
main,0x0000000001508630,SystemMessageView_10,only-caller,1
main,0x0000000001508750,SystemMessageView_10,only-caller,1
main,0x0000000001508980,SystemMessageView_10,only-caller,1
main,0x0000000001508aa0,SystemMessageView_10,only-caller,1
main,0x00000000015097d0,anime_L_poke_name_00_keep_2,only-caller,1
main,0x0000000001509a70,WazaRemenberView,only-caller,1
main,0x0000000001509f90,WazaRemenberView_2,only-caller,1
main,0x0000000001511250,SystemMessageView_11,only-caller,1
main,0x00000000015134b0,SystemMessageView_11,only-caller,1
main,0x0000000001513650,SystemMessageView_11,all-callers-agree,2
main,0x0000000001513780,SystemMessageView_11,only-caller,1
main,0x00000000015138a0,SystemMessageView_11,only-caller,1
main,0x0000000001514f80,OptionBar_14,only-caller,1
main,0x0000000001514fb0,OptionBar_15,only-caller,1
main,0x0000000001515140,execute_4,only-caller,1
main,0x0000000001516da0,cut_net,only-caller,1
main,0x0000000001517f90,connect_net,only-caller,1
main,0x0000000001519a20,AroundMax,only-caller,1
main,0x0000000001519de0,AroundMax,only-caller,1
main,0x000000000151a430,TownmapView,only-caller,1
main,0x000000000151b270,Play_UI_picturebook_open,only-caller,1
main,0x000000000151b380,Play_UI_picturebook_open,only-caller,1
main,0x000000000151b660,Play_UI_picturebook_open,only-caller,1
main,0x000000000151b750,Play_UI_picturebook_open,only-caller,1
main,0x000000000151bfb0,SystemMessageView_12,only-caller,1
main,0x000000000151c2e0,details_main,only-caller,1
main,0x000000000151c300,ViewDetails_5,only-caller,1
main,0x000000000151c320,ViewDetails_4,only-caller,1
main,0x000000000151c360,SystemMessageView_12,only-caller,1
main,0x000000000151ca50,SystemMessageView_12,only-caller,1
main,0x000000000151ccc0,ViewDetails_3,only-caller,1
main,0x000000000151d590,ViewDetails_4,only-caller,1
main,0x000000000151e0d0,Play_UI_picturebook_open,only-caller,1
main,0x000000000151f300,SystemMessageView_12,only-caller,1
main,0x0000000001520d10,SystemMessageView_12,only-caller,1
main,0x0000000001520e30,SystemMessageView_12,only-caller,1
main,0x0000000001521060,SystemMessageView_12,only-caller,1
main,0x0000000001521180,SystemMessageView_12,only-caller,1
main,0x00000000015213c0,SystemMessageView_12,only-caller,1
main,0x00000000015214e0,SystemMessageView_12,only-caller,1
main,0x0000000001521730,SystemMessageView_12,only-caller,1
main,0x0000000001521850,SystemMessageView_12,only-caller,1
main,0x0000000001521ac0,SystemMessageView_12,only-caller,1
main,0x0000000001521be0,SystemMessageView_12,only-caller,1
main,0x0000000001524790,details_main,only-caller,1
main,0x0000000001524840,ViewDetails_5,only-caller,1
main,0x0000000001524870,ViewDetails_4,only-caller,1
main,0x00000000015248c0,details_out,only-caller,1
main,0x0000000001524900,SystemMessageView_12,only-caller,1
main,0x0000000001524910,ViewDetails_4,only-caller,1
main,0x0000000001524940,ViewDetails_4,unique-callee,1
main,0x0000000001525130,ViewDetails,only-caller,1
main,0x0000000001525710,ViewDetails_2,only-caller,1
main,0x0000000001525950,ViewDetails_4,only-caller,1
main,0x0000000001525a90,ViewDetails_4,only-caller,1
main,0x0000000001527bd0,SystemMessageView_12,only-caller,1
main,0x0000000001528860,ViewDetails_5,only-caller,1
main,0x0000000001528890,TownmapView_3,only-caller,1
main,0x00000000015288a0,TownmapView_4,only-caller,1
main,0x00000000015295a0,TownmapView,only-caller,1
main,0x0000000001529670,ViewDetails_4,only-caller,1
main,0x000000000152a710,ViewDetails_5,only-caller,1
main,0x000000000152ad30,TownmapView_3,only-caller,1
main,0x000000000152bd40,ViewTop_6,only-caller,1
main,0x000000000152bd90,ViewList_2,only-caller,1
main,0x000000000152c1b0,ViewTop_6,only-caller,1
main,0x000000000152c1c0,ViewTop_6,only-caller,1
main,0x000000000152c220,ViewDetails_5,only-caller,1
main,0x000000000152c250,ViewList,only-caller,1
main,0x000000000152c2a0,list_out,only-caller,1
main,0x000000000152c2d0,ViewTop_6,only-caller,1
main,0x000000000152c2e0,ViewList,only-caller,1
main,0x000000000152e130,ViewTop_6,only-caller,1
main,0x000000000152e1e0,list_main,only-caller,1
main,0x000000000152e2d0,ViewList_2,only-caller,1
main,0x000000000152e650,ViewTop_6,only-caller,1
main,0x00000000015317a0,TownmapView_6,only-caller,1
main,0x00000000015317f0,ViewDetails_6,only-caller,1
main,0x0000000001531850,ViewDetails_5,only-caller,1
main,0x0000000001531880,ViewDetails,only-caller,1
main,0x00000000015318d0,TownmapView_5,only-caller,1
main,0x0000000001531910,ViewDetails,only-caller,1
main,0x00000000015322b0,fly_error,only-caller,1
main,0x00000000015324d0,TownmapView_7,only-caller,1
main,0x00000000015324f0,TownmapView_7,only-caller,1
main,0x00000000015327a0,ViewDetails_4,only-caller,1
main,0x0000000001536180,TownmapView_6,only-caller,1
main,0x000000000153aab0,Play_UI_picturebook_open_2,only-caller,1
main,0x000000000153b040,Play_UI_picturebook_open_2,only-caller,1
main,0x000000000153b130,Play_UI_picturebook_open_2,only-caller,1
main,0x000000000153ba80,SystemMessageView_13,only-caller,1
main,0x000000000153c210,SystemMessageView_13,only-caller,1
main,0x000000000153c410,Play_UI_picturebook_open_2,only-caller,1
main,0x000000000153cef0,SystemMessageView_13,only-caller,1
main,0x000000000153e920,SystemMessageView_13,only-caller,1
main,0x000000000153ea40,SystemMessageView_13,only-caller,1
main,0x000000000153ec70,SystemMessageView_13,only-caller,1
main,0x000000000153ed90,SystemMessageView_13,only-caller,1
main,0x000000000153efc0,SystemMessageView_13,only-caller,1
main,0x000000000153f0e0,SystemMessageView_13,only-caller,1
main,0x00000000015405d0,register_main,only-caller,1
main,0x0000000001540800,SystemMessageView_13,only-caller,1
main,0x0000000001541910,register_end,only-caller,1
main,0x0000000001542ae0,ViewDetails_10,only-caller,1
main,0x0000000001543510,TownmapView_8,only-caller,1
main,0x0000000001548cb0,closed_file,only-caller,1
main,0x00000000015495d0,value_has_no_literal_form,only-caller,1
main,0x0000000001549bc0,reopen,only-caller,1
main,0x0000000001549e30,tostring,only-caller,1
main,0x000000000154a290,searchers,only-caller,1
main,0x000000000154a8c0,stack_overflow_2,unique-callee,1
main,0x000000000154af10,value_expected,unique-callee,1
main,0x000000000154b010,invalid_upvalue_index,only-caller,1
main,0x000000000154c060,unnamed_54,only-caller,1
main,0x000000000154ce50,SetBackupScriptState,all-callers-agree,2
main,0x000000000154db10,unable_to_dump_given_function,only-caller,1
main,0x000000000154db50,collect,only-caller,1
main,0x000000000154dd10,unnamed_54,only-caller,1
main,0x000000000154deb0,object_length_is_not_an_integer,only-caller,1
main,0x000000000154e3d0,invalid_upvalue_index_2,only-caller,1
main,0x000000000154e590,invalid_upvalue_index,only-caller,1
main,0x000000000154e980,invalid_upvalue_index,unique-callee,1
main,0x0000000001550840,stack_overflow_2,unique-callee,1
main,0x0000000001552080,stack_overflow_6,only-caller,1
main,0x00000000015529a0,attempt_to_divide_by_zero_2,only-caller,1
main,0x0000000001552c00,vararg,unique-callee,1
main,0x0000000001552d70,stack_overflow_6,unique-callee,1
main,0x0000000001552e30,stack_overflow_9,only-caller,1
main,0x0000000001552e80,stack_overflow_7,only-caller,1
main,0x0000000001552e90,stack_overflow_7,only-caller,1
main,0x0000000001552ea0,stack_overflow_7,only-caller,1
main,0x00000000015539d0,perform_bitwise_operation_on,only-caller,1
main,0x0000000001553b90,unnamed_54,unique-callee,1
main,0x0000000001553bf0,attempt_to_divide_by_zero_2,only-caller,1
main,0x0000000001554700,attempt_to_divide_by_zero_2,only-caller,1
main,0x00000000015552d0,s_expected_to_close_s_at_line_d,only-caller,1
main,0x0000000001555340,attempt_to_divide_by_zero_2,only-caller,1
main,0x0000000001555710,unfinished_string,only-caller,1
main,0x0000000001555740,perform_bitwise_operation_on,unique-callee,1
main,0x0000000001555a00,unfinished_string,only-caller,1
main,0x0000000001556680,f_0123456789,unique-callee,1
main,0x0000000001556cf0,attempt_to_divide_by_zero_2,unique-callee,1
main,0x0000000001556fc0,attempt_to_divide_by_zero_2,all-callers-agree,2
main,0x0000000001557030,perform_bitwise_operation_on,all-callers-agree,2
main,0x0000000001557570,attempt_to_divide_by_zero_2,only-caller,1
main,0x00000000015577f0,attempt_to_divide_by_zero_2,only-caller,1
main,0x000000000155b270,control_structure_too_long,unique-callee,1
main,0x000000000155b470,binary,only-caller,1
main,0x000000000155ce80,s_expected_to_close_s_at_line_d,only-caller,1
main,0x000000000155e6a0,binary,only-caller,1
main,0x000000000155fdd0,gotos,only-caller,1
main,0x00000000015610d0,s_expected_to_close_s_at_line_d,only-caller,1
main,0x0000000001561920,gotos,only-caller,1
main,0x00000000015621a0,gotos,only-caller,1
main,0x0000000001562620,gotos,only-caller,1
main,0x0000000001562900,gotos,only-caller,1
main,0x0000000001562a00,syntax_error,only-caller,1
main,0x0000000001564ac0,s_expected_to_close_s_at_line_d,only-caller,1
main,0x0000000001566710,ipairs,unique-callee,1
main,0x0000000001569310,too_many_arguments_2,only-caller,1
main,0x000000000156e740,too_many_captures_2,only-caller,1
main,0x000000000156fee0,invalid_order_function_for_sorting,only-caller,1
main,0x0000000001570900,InstanceTable_135,only-caller,1
main,0x0000000001582cf0,InstanceTable_8,only-caller,1
main,0x0000000001583e90,InstanceTable_7,only-caller,1
main,0x000000000158a460,InstanceTable_22,only-caller,1
main,0x000000000158a540,InstanceTable_23,only-caller,1
main,0x000000000158a620,InstanceTable_29,only-caller,1
main,0x000000000158ab60,InstanceTable_41,only-caller,1
main,0x000000000158ac40,InstanceTable_52,only-caller,1
main,0x000000000158ad60,InstanceTable_53,only-caller,1
main,0x000000000158c460,InstanceTable_18,only-caller,1
main,0x000000000158c550,InstanceTable_104,only-caller,1
main,0x000000000158c8a0,InstanceTable_99,only-caller,1
main,0x000000000158c980,InstanceTable_21,only-caller,1
main,0x000000000158cb70,InstanceTable_28,only-caller,1
main,0x0000000001591630,InstanceTable_54,only-caller,1
main,0x0000000001591c40,InstanceTable_69,only-caller,1
main,0x00000000015925b0,InstanceTable_97,only-caller,1
main,0x0000000001592a80,InstanceTable_109,only-caller,1
main,0x0000000001592d10,InstanceTable_119,only-caller,1
main,0x0000000001598d30,Unknown_5,only-caller,1
main,0x0000000001598f90,InstanceTable_98,only-caller,1
main,0x00000000015990f0,InstanceTable_98,all-callers-agree,2
main,0x0000000001599260,InstanceTable_98,only-caller,1
main,0x000000000159ae30,InstanceTable,only-caller,1
main,0x000000000159ddc0,UpdateSessionSettingJob_CompleteProcess_3,only-caller,1
main,0x000000000159e060,NexMatchUpdateSessionSettingJob_WaitUpdateAttributes,only-caller,1
main,0x000000000159e850,NexMatchUpdateSessionSettingJob_WaitUpdateSessionSetting,only-caller,1
main,0x000000000159ea40,NexMatchUpdateSessionSettingJob_WaitUpdateApplicationDat,only-caller,1
main,0x000000000159eea0,NexMatchBrowseMatchmakeJob_BrowseMatchmake,only-caller,1
main,0x000000000159f2f0,NexMatchBrowseMatchmakeJob_BrowseMatchmake,only-caller,1
main,0x000000000159f550,NexMatchBrowseMatchmakeJob_BrowseMatchmake,only-caller,1
main,0x000000000159f950,NexMatchCommunityManagementJob_WaitCreateCommunity,only-caller,1
main,0x000000000159fb90,NexMatchCommunityManagementJob_WaitJoinCommunity,only-caller,1
main,0x000000000159fe10,NexMatchCommunityManagementJob_WaitFindCommunityByCommun,only-caller,1
main,0x00000000015a0040,NexMatchCommunityManagementJob_WaitFindOfficialCommunity,only-caller,1
main,0x00000000015a02b0,NexMatchCommunityManagementJob_WaitFindCommunityByPartic,only-caller,1
main,0x00000000015a0520,NexMatchCommunityManagementJob_WaitFindCommunityByOwner,only-caller,1
main,0x00000000015a0790,NexMatchCommunityManagementJob_WaitUpdateCommunity,only-caller,1
main,0x00000000015a0980,NexMatchGenerateSystemPasswordJob_WaitGenerateMatchmakeS,only-caller,1
main,0x00000000015a0ba0,NexMatchClearSystemPasswordJob_WaitClearMatchmakeSystemP,only-caller,1
main,0x00000000015a1d30,f_02x_02x_02x_02x_02x_02x_02x_02x_02x_02x_02x_02x_02x_02,only-caller,1
main,0x00000000015a1f30,InstanceTable_149,only-caller,1
main,0x00000000015a2850,InstanceTable_180,only-caller,1
main,0x00000000015a2c60,InstanceTable_176,only-caller,1
main,0x00000000015a3220,InstanceTable_150,only-caller,1
main,0x00000000015a3380,InstanceTable_163,only-caller,1
main,0x00000000015a3640,InstanceTable_151,only-caller,1
main,0x00000000015a5920,NexMatchUpdateSessionSettingJob_ModifyAttribute,only-caller,1
main,0x00000000015a8550,InstanceTable_174,only-caller,1
main,0x00000000015a8b70,InstanceTable_157,only-caller,1
main,0x00000000015a8db0,InstanceTable_178,only-caller,1
main,0x00000000015aefd0,InstanceTable_186,only-caller,1
main,0x00000000015af2e0,InstanceTable_183,only-caller,1
main,0x00000000015af470,InstanceTable_183,only-caller,1
main,0x00000000015af9d0,InstanceTable_182,only-caller,1
main,0x00000000015b04b0,InstanceTable_185,only-caller,1
main,0x00000000015b05a0,RequestGetStats,only-caller,1
main,0x00000000015b05c0,InstanceTable_184,only-caller,1
main,0x00000000015b19c0,DynamicGathering,only-caller,1
main,0x00000000015b21b0,NexMatchLeaveSessionJob_WaitMigrateMatchmakeSessionOwner,only-caller,1
main,0x00000000015b4510,InstanceTable_432,only-caller,1
main,0x00000000015b4ae0,InstanceTable_458,only-caller,1
main,0x00000000015b4c30,InstanceTable_458,only-caller,1
main,0x00000000015b7050,InstanceTable_398,only-caller,1
main,0x00000000015b70a0,Protocol,only-caller,1
main,0x00000000015b72b0,InstanceTable_398,only-caller,1
main,0x00000000015b7cf0,StateBtlSpotCompTop_3,only-caller,1
main,0x00000000015b85e0,InstanceTable_431,only-caller,1
main,0x00000000015b87a0,f_2_03d_04d,only-caller,1
main,0x00000000015b87f0,f_2_03d_04d,unique-callee,1
main,0x00000000015b8d60,InstanceTable_298,unique-callee,1
main,0x00000000015b8dc0,Buffer_2,unique-callee,1
main,0x00000000015b8f50,InstanceTable_409,only-caller,1
main,0x00000000015b9340,Scheduler_2,unique-callee,1
main,0x00000000015b9c20,InstanceTable_232,only-caller,1
main,0x00000000015b9c70,InstanceTable_203,only-caller,1
main,0x00000000015b9c90,InstanceTable_204,only-caller,1
main,0x00000000015bab00,InstanceTable_136,unique-callee,1
main,0x00000000015bc1e0,localhost,unique-callee,1
main,0x00000000015bc310,InstanceTable_136,unique-callee,1
main,0x00000000015bc520,NexMatchUpdateSessionSettingJob_ModifyAttribute,unique-callee,1
main,0x00000000015bc5d0,AuthenticationInfo_3,unique-callee,1
main,0x00000000015bca70,f_0123456789BCDFGHJKLMNPRTVWXY0123456789BCDFGHJKLMNPRTVW,unique-callee,1
main,0x00000000015bca80,BOUNDARY_s,unique-callee,1
main,0x00000000015bd540,localhost_2,only-caller,1
main,0x00000000015be1a0,Buffer_2,unique-callee,1
main,0x00000000015be770,CallContextRegister,only-caller,1
main,0x00000000015bf440,f_255_255_255,only-caller,1
main,0x00000000015bf680,f_255_255_255,only-caller,1
main,0x00000000015c01f0,InstantiationContext,only-caller,1
main,0x00000000015c3ee0,InstanceTable_399,unique-callee,1
main,0x00000000015c56d0,InstanceTable_200,only-caller,1
main,0x00000000015c6b40,Location,only-caller,1
main,0x00000000015c8350,InstanceTable_314,only-caller,1
main,0x00000000015c8730,BOUNDARY_s,only-caller,1
main,0x00000000015c8ad0,InstanceTable_399,unique-callee,1
main,0x00000000015c8c10,probeinit,only-caller,1
main,0x00000000015c8d30,f_255_255_255,only-caller,1
main,0x00000000015ca400,InstanceTable_206,only-caller,1
main,0x00000000015cb8d0,InstanceTable_213,only-caller,1
main,0x00000000015cdb70,InstanceTable_321,only-caller,1
main,0x00000000015cdbc0,InstanceTable_323,only-caller,1
main,0x00000000015ce6b0,Protocol,only-caller,1
main,0x00000000015ce880,InstanceTable_398,only-caller,1
main,0x00000000015ce920,InstanceTable_398,only-caller,1
main,0x00000000015cfab0,CallContextRegister,only-caller,1
main,0x00000000015cfc60,CallContextRegister,only-caller,1
main,0x00000000015d0c60,InstanceTable_2,only-caller,1
main,0x00000000015d0d70,InstanceTable_2,only-caller,1
main,0x00000000015d0da0,InstanceTable_2,unique-callee,1
main,0x00000000015d13f0,InstanceTable_2,only-caller,1
main,0x00000000015d1f40,InstanceTable_283,only-caller,1
main,0x00000000015d1ff0,CallContextRegister,only-caller,1
main,0x00000000015d2410,InstanceTable_364,only-caller,1
main,0x00000000015d2490,InstanceTable_364,unique-callee,1
main,0x00000000015d2720,InstanceTable_364,only-caller,1
main,0x00000000015d29a0,InstanceTable_364,unique-callee,1
main,0x00000000015d2c30,InstanceTable_364,only-caller,1
main,0x00000000015d2c80,InstanceTable_364,only-caller,1
main,0x00000000015d2cd0,InstanceTable_408,only-caller,1
main,0x00000000015d3150,JobConnectEndPoint,only-caller,1
main,0x00000000015d4220,unnamed_72,only-caller,1
main,0x00000000015d50b0,Scheduler_2,only-caller,1
main,0x00000000015d53b0,InstanceTable_364,all-callers-agree,2
main,0x00000000015d5880,Internal_Worker_Thread_ID_d,only-caller,1
main,0x00000000015d65d0,InstanceTable_413,only-caller,1
main,0x00000000015d65e0,InstanceTable_413,only-caller,1
main,0x00000000015d65f0,unnamed_71,only-caller,1
main,0x00000000015d6e10,ConnectionManager,only-caller,1
main,0x00000000015d7290,InstanceTable_415,all-callers-agree,2
main,0x00000000015d7310,InstanceTable_415,only-caller,1
main,0x00000000015d7a80,InstanceTable_415,only-caller,1
main,0x00000000015d7ad0,InstanceTable_415,unique-callee,1
main,0x00000000015d85b0,InstanceTable_137,only-caller,1
main,0x00000000015d89d0,InstanceTable_432,only-caller,1
main,0x00000000015d8af0,InstanceTable_387,only-caller,1
main,0x00000000015d90b0,InstanceTable_409,only-caller,1
main,0x00000000015d9560,InstanceTable_265,only-caller,1
main,0x00000000015de3f0,InstanceTable_399,only-caller,1
main,0x00000000015de410,InstanceTable_136,only-caller,1
main,0x00000000015de4c0,InstanceTable_136,only-caller,1
main,0x00000000015df270,InstanceTable_459,only-caller,1
main,0x00000000015dfd50,probeinit,only-caller,1
main,0x00000000015dff40,InstanceTable_136,only-caller,1
main,0x00000000015e16c0,InstanceTable_257,only-caller,1
main,0x00000000015e1990,InstanceTable_257,only-caller,1
main,0x00000000015e3870,probeinit_5,only-caller,1
main,0x00000000015e3ce0,probeinit_5,only-caller,1
main,0x00000000015e4fe0,InstanceTable_262,only-caller,1
main,0x00000000015e71a0,InstanceTable_290,only-caller,1
main,0x00000000015e72d0,InstanceTable_432,only-caller,1
main,0x00000000015e73c0,InstanceTable_433,only-caller,1
main,0x00000000015e74b0,probeinit_5,only-caller,1
main,0x00000000015e8560,Transport_Job,only-caller,1
main,0x00000000015e88a0,InstanceTable_281,only-caller,1
main,0x00000000015e8d50,InstanceTable_135,only-caller,1
main,0x00000000015e9780,address_3,only-caller,1
main,0x00000000015ea440,probeinit_6,unique-callee,1
main,0x00000000015ea560,probeinit_2,unique-callee,1
main,0x00000000015ea7c0,InstanceTable_432,only-caller,1
main,0x00000000015ea7f0,InstanceTable_432,only-caller,1
main,0x00000000015eaa30,InstanceTable_417,only-caller,1
main,0x00000000015eaa80,InstanceTable_377,only-caller,1
main,0x00000000015eaad0,prudps,only-caller,1
main,0x00000000015eb050,InstanceTable_398,only-caller,1
main,0x00000000015ebc20,InstanceTable_408,only-caller,1
main,0x00000000015ebde0,InstanceTable_415,only-caller,1
main,0x00000000015ebe10,InstanceTable_415,only-caller,1
main,0x00000000015ebf30,InstanceTable_432,only-caller,1
main,0x00000000015ecc20,InstanceTable_321,only-caller,1
main,0x00000000015edb40,InstanceTable_283,only-caller,1
main,0x00000000015edc00,InstanceTable_283,only-caller,1
main,0x00000000015ef230,Transport_Job,only-caller,1
main,0x00000000015ef430,InstanceTable_297,all-callers-agree,2
main,0x00000000015f1910,InstanceTable_286,only-caller,1
main,0x00000000015f3ef0,InstanceTable_297,only-caller,1
main,0x00000000015f4070,InstanceTable_297,only-caller,1
main,0x00000000015f42f0,InstanceTable_297,only-caller,1
main,0x00000000015f4530,InstanceTable_297,only-caller,1
main,0x00000000015f5840,InstanceTable_297,only-caller,1
main,0x00000000015f5a10,InstanceTable_297,only-caller,1
main,0x00000000015f5aa0,InstanceTable_297,only-caller,1
main,0x00000000015f62f0,InstanceTable_283,only-caller,1
main,0x00000000015f6560,InstanceTable_286,only-caller,1
main,0x00000000015f6c50,InstanceTable_302,only-caller,1
main,0x00000000015f6df0,InstanceTable_314,only-caller,1
main,0x00000000015f6fe0,InstanceTable_314,only-caller,1
main,0x00000000015fb410,InstanceTable_307,only-caller,1
main,0x00000000015fc3c0,InstanceTable_307,only-caller,1
main,0x00000000015fcf60,InstanceTable_305,only-caller,1
main,0x00000000015fd0a0,InstanceTable_314,only-caller,1
main,0x00000000015fd630,InstanceTable_314,only-caller,1
main,0x00000000016020c0,InstanceTable_326,only-caller,1
main,0x0000000001602860,InstanceTable_313,only-caller,1
main,0x0000000001602a60,InstanceTable_313,only-caller,1
main,0x0000000001603de0,InstanceTable_339,only-caller,1
main,0x0000000001604000,InstanceTable_339,only-caller,1
main,0x000000000160b230,InstanceTable_297,all-callers-agree,2
main,0x000000000160b5c0,Transport_Job,only-caller,1
main,0x000000000160be10,f_255_0_0,only-caller,1
main,0x000000000160d070,InstanceTable_348,only-caller,1
main,0x000000000160d250,InstanceTable_348,only-caller,1
main,0x000000000160e620,InstanceTable_298,only-caller,1
main,0x000000000160f260,InstanceTable_298,only-caller,1
main,0x0000000001611790,InstanceTable_326,only-caller,1
main,0x0000000001612890,probeinit_5,only-caller,1
main,0x0000000001612f90,Transport_Job,only-caller,1
main,0x0000000001613400,address_2,only-caller,1
main,0x0000000001613550,probeinit_6,only-caller,1
main,0x0000000001613de0,InstanceTable_278,only-caller,1
main,0x0000000001614200,InstanceTable_297,only-caller,1
main,0x00000000016144e0,InstanceTable_286,only-caller,1
main,0x0000000001615830,InstanceTable_316,only-caller,1
main,0x0000000001615a50,f_255_0_0,only-caller,1
main,0x0000000001615b60,f_255_0_0,only-caller,1
main,0x0000000001615c70,f_255_0_0,only-caller,1
main,0x0000000001615db0,f_255_0_0,only-caller,1
main,0x0000000001615f00,f_255_0_0,only-caller,1
main,0x0000000001615fd0,f_255_0_0,only-caller,1
main,0x00000000016180d0,InstanceTable_281,only-caller,1
main,0x00000000016180e0,f_255_0_0,unique-callee,1
main,0x00000000016184b0,f_255_0_0,all-callers-agree,2
main,0x0000000001618570,unnamed_70,unique-callee,1
main,0x0000000001618620,f_255_0_0,only-caller,1
main,0x0000000001618640,f_255_0_0,unique-callee,1
main,0x0000000001618840,f_0_0_0,only-caller,1
main,0x0000000001618850,unnamed_70,only-caller,1
main,0x00000000016188f0,unnamed_70,only-caller,1
main,0x0000000001618a20,unnamed_70,only-caller,1
main,0x0000000001618a30,unnamed_70,only-caller,1
main,0x0000000001618a70,InstanceTable_346,only-caller,1
main,0x00000000016199e0,InstanceTable_286,only-caller,1
main,0x0000000001619d20,InstanceTable_284,only-caller,1
main,0x0000000001619e30,InstanceTable_284,only-caller,1
main,0x000000000161be70,InstanceTable_286,only-caller,1
main,0x000000000161bf00,InstanceTable_286,unique-callee,1
main,0x000000000161cb70,InstanceTable_297,only-caller,1
main,0x000000000161d050,InstanceTable_287,only-caller,1
main,0x0000000001624da0,unnamed_70,only-caller,1
main,0x0000000001625500,InstanceTable_353,only-caller,1
main,0x0000000001626e60,InstanceTable_410,only-caller,1
main,0x0000000001628e50,unnamed_71,only-caller,1
main,0x000000000162a130,Client_call_close,unique-callee,1
main,0x000000000162a7b0,Location,only-caller,1
main,0x000000000162ab80,Client_call_close,only-caller,1
main,0x000000000162adb0,unnamed_71,unique-callee,1
main,0x000000000162af60,unnamed_71,only-caller,1
main,0x000000000162b120,Client_failed_to_receive,only-caller,1
main,0x000000000162bf80,Client_failed_to_receive,only-caller,1
main,0x000000000162c020,Client_failed_to_receive,only-caller,1
main,0x000000000162c0d0,unnamed_71,only-caller,1
main,0x000000000162c5a0,Client_failed_to_receive,only-caller,1
main,0x000000000162ca80,Client_failed_to_receive,unique-callee,1
main,0x000000000162cb30,unnamed_71,only-caller,1
main,0x000000000162ccb0,Client_failed_to_receive,only-caller,1
main,0x000000000162ee60,InstanceTable_398,only-caller,1
main,0x000000000162eec0,InstanceTable_399,only-caller,1
main,0x000000000162efc0,InstanceTable_357,only-caller,1
main,0x000000000162f110,InstanceTable_398,only-caller,1
main,0x000000000162ff00,StateBtlSpotCompEntry_2,only-caller,1
main,0x0000000001630d30,InstanceTable_409,only-caller,1
main,0x00000000016310f0,InstanceTable_387,only-caller,1
main,0x0000000001631c70,InstanceTable_135,only-caller,1
main,0x0000000001631ca0,InstanceTable_417,only-caller,1
main,0x0000000001633a40,InstanceTable_399,only-caller,1
main,0x0000000001633a90,InstanceTable_399,only-caller,1
main,0x0000000001633b50,InstanceTable_399,only-caller,1
main,0x0000000001635e80,InstanceTable_408,only-caller,1
main,0x0000000001635f40,InstanceTable_408,only-caller,1
main,0x0000000001636150,InstanceTable_415,all-callers-agree,2
main,0x0000000001636340,InstanceTable_415,only-caller,1
main,0x0000000001636380,InstanceTable_415,only-caller,1
main,0x0000000001636cb0,InstanceTable_415,only-caller,1
main,0x0000000001637d40,InstanceTable_374,only-caller,1
main,0x000000000163a5e0,InstanceTable_387,only-caller,1
main,0x000000000163a980,InstanceTable_381,only-caller,1
main,0x000000000163bf70,InstanceTable_377,only-caller,1
main,0x000000000163d470,InstanceTable_135,unique-callee,1
main,0x000000000163e120,InstanceTable_137,only-caller,1
main,0x000000000163f4a0,InstanceTable_135,only-caller,1
main,0x000000000163f860,InstanceTable_136,only-caller,1
main,0x000000000163f880,InstanceTable_136,only-caller,1
main,0x0000000001641ea0,InstanceTable_387,only-caller,1
main,0x0000000001646420,InstanceTable_410,only-caller,1
main,0x00000000016477c0,InstanceTable_382,only-caller,1
main,0x0000000001647c30,InstanceTable_135,only-caller,1
main,0x0000000001647d30,unnamed_67,only-caller,1
main,0x0000000001647dc0,InstanceTable,only-caller,1
main,0x0000000001648560,InstanceTable_437,only-caller,1
main,0x000000000164a830,InstanceTable_415,only-caller,1
main,0x00000000016509a0,StateBtlSpotCompEntry_2,only-caller,1
main,0x0000000001652940,p1frXqxmeCZWFv0X,unique-callee,1
main,0x00000000016529a0,pia_common_heap,only-caller,1
main,0x0000000001652cf0,nncs2_n_n_srv_nintendo,unique-callee,1
main,0x0000000001652de0,InstanceTable_459,all-callers-agree,2
main,0x0000000001653b50,LocalEventJob_WaitBackgroundJobEnd,unique-callee,1
main,0x00000000016548c0,InstanceTable_459,only-caller,1
main,0x0000000001655110,LocalMatchJoinSessionJob_CompleteFailure_2,unique-callee,1
main,0x0000000001655190,JoinMeshJob_WaitLeaveMesh_2,unique-callee,1
main,0x0000000001655330,LocalHostMigrationJob_ScanNetwork_2,unique-callee,1
main,0x00000000016559c0,RelayRouteManageJob_WaitAllDirectConnectionReport,unique-callee,1
main,0x0000000001655a80,LocalAllowParticipatingJob_CompleteProcess,unique-callee,1
main,0x0000000001657610,pia_common_heap,only-caller,1
main,0x000000000165c080,NexMatchUpdateSessionSettingJob_ModifyAttribute,unique-callee,1
main,0x000000000165c2c0,IN_ANY_ADDR_d,unique-callee,1
main,0x000000000165c560,IN_ANY_ADDR_d,unique-callee,1
main,0x000000000165c600,LdnHostMigrationJob_WaitBeforeFirstCall,unique-callee,1
main,0x000000000165c6b0,LanProcessHostMigrationJob_LanGetMatchMakingClientHostLa,unique-callee,1
main,0x000000000165c9d0,ProcessUpdateMeshJob_UpdateFailed,unique-callee,1
main,0x000000000165e060,LanMatchBrowseMatchmakeJob_WaitRequestSessionInfo,unique-callee,1
main,0x000000000165e140,LanMatchCreateSessionJob_UnregisterGathering,unique-callee,1
main,0x0000000001661510,Pia_Receive,only-caller,1
main,0x0000000001661530,Pia_Receive,only-caller,1
main,0x0000000001661b30,p1frXqxmeCZWFv0X_2,only-caller,1
main,0x00000000016623a0,p1frXqxmeCZWFv0X_2,only-caller,1
main,0x0000000001662420,p1frXqxmeCZWFv0X_2,only-caller,1
main,0x0000000001662520,p1frXqxmeCZWFv0X_2,only-caller,1
main,0x0000000001662590,p1frXqxmeCZWFv0X_2,only-caller,1
main,0x00000000016664a0,LanMatchUpdateSessionSettingJob_WaitUpdateSessionSetting,only-caller,1
main,0x0000000001666560,UpdateSessionSettingJob_CompleteProcess,only-caller,1
main,0x0000000001666e10,LanMatchJoinSessionJob_JoinMatchmakeSession,only-caller,1
main,0x0000000001666e90,LanMatchUpdateSessionSettingJob_UpdateSessionSetting,only-caller,1
main,0x0000000001670010,LanProcessHostMigrationJob_LanSendRankDecision_3,unique-callee,1
main,0x0000000001672910,LanProcessHostMigrationJob_SendGreetingMessage,only-caller,1
main,0x0000000001679c10,p1frXqxmeCZWFv0X_2,all-callers-agree,2
main,0x0000000001679d30,p1frXqxmeCZWFv0X_2,unique-callee,1
main,0x0000000001679ee0,p1frXqxmeCZWFv0X_2,only-caller,1
main,0x000000000167b940,LanMatchUpdateSessionSettingJob_UpdateSessionSetting,only-caller,1
main,0x000000000167b950,LanMatchUpdateSessionSettingJob_UpdateSessionSetting,only-caller,1
main,0x000000000167b960,LanMatchUpdateSessionSettingJob_UpdateSessionSetting,only-caller,1
main,0x000000000167b970,LanMatchUpdateSessionSettingJob_UpdateSessionSetting,only-caller,1
main,0x000000000167c240,W3GoSMEn7RIIUQ89rzqBHGhGferRNb7K18ZBq2aNuj8Us9RO9Q9JYyGO_2,only-caller,1
main,0x000000000167c2b0,W3GoSMEn7RIIUQ89rzqBHGhGferRNb7K18ZBq2aNuj8Us9RO9Q9JYyGO_2,only-caller,1
main,0x000000000167fab0,LdnBackgroundProcessJob_WaitDisconnected,unique-callee,1
main,0x00000000016807f0,LdnBackgroundProcessJob_WaitDisconnected,only-caller,1
main,0x0000000001683bb0,LdnBackgroundProcessJob_WaitConnectNetworkEvent,only-caller,1
main,0x0000000001687250,LocalHostMigrationJob_WaitForCancel_5,unique-callee,1
main,0x0000000001687270,LocalEventJob_WaitBackgroundJobEnd,only-caller,1
main,0x0000000001687580,LocalDestroyNetworkJob_WaitForCancel,only-caller,1
main,0x00000000016877d0,LocalDisconnectNetworkJob_WaitForCancel,only-caller,1
main,0x0000000001688780,W3GoSMEn7RIIUQ89rzqBHGhGferRNb7K18ZBq2aNuj8Us9RO9Q9JYyGO_3,only-caller,1
main,0x0000000001689a70,LocalMatchUpdateSessionSettingJob_SignalProcess,only-caller,1
main,0x000000000168a370,LocalMatchCreateSessionJob_DestroyLocalNetwork,unique-callee,1
main,0x000000000168a380,LocalMatchBrowseMatchmakeJob_UpdateSessionInfo,only-caller,1
main,0x000000000168a390,LocalMatchBrowseMatchmakeJob_WaitUpdateCurrentConnection,unique-callee,1
main,0x000000000168be30,W3GoSMEn7RIIUQ89rzqBHGhGferRNb7K18ZBq2aNuj8Us9RO9Q9JYyGO_2,unique-callee,1
main,0x000000000168bf50,W3GoSMEn7RIIUQ89rzqBHGhGferRNb7K18ZBq2aNuj8Us9RO9Q9JYyGO_2,only-caller,1
main,0x000000000168c030,LocalMatchJoinSessionJob_JoinMatchmakeSession,only-caller,1
main,0x000000000168dec0,LocalMatchUpdateSessionSettingJob_SignalProcess,only-caller,1
main,0x00000000016928a0,LocalAllowParticipatingJob_WaitBackgroundJobEnd,only-caller,1
main,0x0000000001692fb0,LocalEventJob_WaitBackgroundJobEnd,unique-callee,1
main,0x0000000001693bd0,LocalHostMigrationJob_WaitForCancel_5,only-caller,1
main,0x0000000001693c90,LocalEventJob_WaitConnectionStatusUpdated,only-caller,1
main,0x0000000001694530,LocalDestroyNetworkJob_WaitForCancel_3,all-callers-agree,2
main,0x00000000016945d0,LocalDestroyNetworkJob_WaitForCancel_3,only-caller,1
main,0x0000000001694650,LocalDestroyNetworkJob_WaitForCancel_3,only-caller,1
main,0x0000000001694e90,LocalHostMigrationJob_WaitForCancel,only-caller,1
main,0x0000000001695ae0,LocalHostMigrationJob_WaitForCancel_5,only-caller,1
main,0x0000000001696fd0,LocalHostMigrationJob_WaitChangeAllowParticipatingState,only-caller,1
main,0x0000000001697660,LocalDestroyNetworkJob_WaitForCancel_3,only-caller,1
main,0x0000000001697700,LocalDestroyNetworkJob_WaitForCancel_3,only-caller,1
main,0x0000000001697830,LocalDestroyNetworkJob_WaitForCancel_3,all-callers-agree,2
main,0x0000000001697840,LocalDestroyNetworkJob_WaitForCancel_3,all-callers-agree,2
main,0x000000000169b300,ConnectStationJob_WaitRequestAck,only-caller,1
main,0x000000000169bd60,ConnectStationJob_WaitRequestAck_2,only-caller,1
main,0x00000000016a33b0,JoinMeshJob_WaitLeaveMesh_2,only-caller,1
main,0x00000000016a5480,LeaveWithHostMigrationJob_CleanupMesh_5,unique-callee,1
main,0x00000000016a6d50,ProcessJoinRequestJob_InitialStep_2,only-caller,1
main,0x00000000016a7510,JoinMeshJob_WaitLeaveMesh_2,unique-callee,1
main,0x00000000016a77c0,LanProcessHostMigrationJob_WaitNewHostGreeting_3,unique-callee,1
main,0x00000000016a7a50,LanProcessHostMigrationJob_LanDecideNextHost,unique-callee,1
main,0x00000000016a7ac0,ProcessJoinRequestJob_InitialStep_6,only-caller,1
main,0x00000000016a8020,NexJoinMeshJob_CompleteProcess,unique-callee,1
main,0x00000000016a80f0,CreateMeshJob_CompleteFailure,unique-callee,1
main,0x00000000016a83c0,ProcessJoinRequestJob_InitialStep_4,only-caller,1
main,0x00000000016a83d0,ProcessJoinRequestJob_InitialStep_4,only-caller,1
main,0x00000000016ae240,LeaveMeshJob_WaitLeaveResponse,only-caller,1
main,0x00000000016ae370,ProcessJoinRequestJob_InitialStep_3,only-caller,1
main,0x00000000016ae4b0,DestroyMeshJob_CleanupMesh,only-caller,1
main,0x00000000016ae5f0,ProcessDestroyMeshJob_CleanupMesh,only-caller,1
main,0x00000000016ae8c0,ProcessHostMigrationJob_HostMigrationSuccess,only-caller,1
main,0x00000000016ae9f0,ProcessHostMigrationJob_WaitNewHostFinished,only-caller,1
main,0x00000000016aeb30,LeaveWithHostMigrationJob_CleanupMesh_4,only-caller,1
main,0x00000000016aee10,ProcessUpdateMeshJob_UpdateFailed_4,only-caller,1
main,0x00000000016af1c0,RelayRouteManageJob_WaitAllDirectConnectionReport_2,only-caller,1
main,0x00000000016af370,LeaveWithHostMigrationJob_CleanupMesh_3,only-caller,1
main,0x00000000016af7f0,JoinMeshJob_WaitRequestAck,only-caller,1
main,0x00000000016af910,ProcessJoinRequestJob_InitialStep_4,only-caller,1
main,0x00000000016afc70,ProcessJoinRequestJob_InitialStep,only-caller,1
main,0x00000000016afc90,LeaveMeshJob_WaitLeaveResponse,only-caller,1
main,0x00000000016b0000,ProcessUpdateMeshJob_UpdateFailed_4,only-caller,1
main,0x00000000016b33d0,DisconnectStationJob_DisconnectionSucceeded,unique-callee,1
main,0x00000000016b35e0,ProcessConnectionRequestJob_WaitResponseAck,only-caller,1
main,0x00000000016b5ca0,LanProcessHostMigrationJob_WaitNewHostGreeting,unique-callee,1
main,0x00000000016b6db0,LeaveWithHostMigrationJob_StartDisconnectStations,unique-callee,1
main,0x00000000016b71b0,LanProcessHostMigrationJob_LanSendRankDecision_2,unique-callee,1
main,0x00000000016b8dc0,ProcessUpdateMeshJob_UpdateFailed,only-caller,1
main,0x00000000016bc760,ProcessUpdateMeshJob_UpdateFailed_6,only-caller,1
main,0x00000000016bcc00,LanProcessHostMigrationJob_LanSendRankDecision_2,only-caller,1
main,0x00000000016bdb30,RelayRouteManageJob_WaitAllDirectConnectionReport_2,only-caller,1
main,0x00000000016bdc90,RelayRouteManageJob_WaitAllDirectConnectionReport_2,unique-callee,1
main,0x00000000016be2d0,RelayRouteManageJob_WaitAllDirectConnectionReport_2,unique-callee,1
main,0x00000000016be410,RelayRouteManageJob_WaitAllDirectConnectionReport_2,only-caller,1
main,0x00000000016be640,RelayRouteManageJob_WaitAllDirectConnectionReport_2,only-caller,1
main,0x00000000016be7b0,RelayRouteManageJob_WaitAllDirectConnectionReport_2,unique-callee,1
main,0x00000000016be900,RelayRouteManageJob_WaitAllDirectConnectionReport_2,only-caller,1
main,0x00000000016bec40,RelayRouteManageJob_WaitAllDirectConnectionReport_2,only-caller,1
main,0x00000000016bed80,RelayRouteManageJob_WaitAllDirectConnectionReport_2,only-caller,1
main,0x00000000016bf6f0,RelayRouteManageJob_WaitAllDirectConnectionReport_2,only-caller,1
main,0x00000000016bfb50,RelayRouteManageJob_WaitAllDirectConnectionReport_2,only-caller,1
main,0x00000000016c02a0,LanProcessHostMigrationJob_LanSendRankDecision_2,only-caller,1
main,0x00000000016c0330,LanProcessHostMigrationJob_LanSendRankDecision_2,only-caller,1
main,0x00000000016c6880,NexNatServerAddressResolveJob_StepComplete_3,unique-callee,1
main,0x00000000016c82d0,nncs2_n_n_srv_nintendo,only-caller,1
main,0x00000000016c8c70,NexConnectStationJob_TryCurrentAddress,only-caller,1
main,0x00000000016ca580,InstanceTable_459,only-caller,1
main,0x00000000016cae20,NatDetectionJob_StepComplete,unique-callee,1
main,0x00000000016caf10,NatDetectionJob_StepStart,only-caller,1
main,0x00000000016cb630,NatDetectionJob_StepEnd_2,only-caller,1
main,0x00000000016cb680,NatDetectionJob_StepEnd_2,unique-callee,1
main,0x00000000016cb790,NatDetectionJob_StepEnd_2,only-caller,1
main,0x00000000016cb950,NatDetectionJob_StepEnd,only-caller,1
main,0x00000000016d2b60,nncs2_n_n_srv_nintendo,only-caller,1
main,0x00000000016d64e0,InstanceTable_458,only-caller,1
main,0x00000000016dbf50,NexMatchJointSessionJob_StartLeaveMesh_19,only-caller,1
main,0x00000000016dc100,NexMatchJointSessionJob_StartLeaveMesh_21,only-caller,1
main,0x00000000016dece0,NexMatchJointSessionJob_StartLeaveMesh_17,only-caller,1
main,0x00000000016dee80,NexMatchJointSessionJob_StartLeaveMesh_23,only-caller,1
main,0x00000000016e00f0,NexMatchGenerateSystemPasswordJob_WaitGenerateMatchmakeS,only-caller,1
main,0x00000000016e01b0,GenerateMatchmakeSystemPasswordJob_CompleteProcess,only-caller,1
main,0x00000000016e0640,NexMatchClearSystemPasswordJob_WaitClearMatchmakeSystemP,only-caller,1
main,0x00000000016e0700,ClearMatchmakeSystemPasswordJob_CompleteProcess,only-caller,1
main,0x00000000016e20b0,NexMatchJointSessionJob_StartLeaveMesh_18,only-caller,1
main,0x00000000016e2270,NexMatchJointSessionJob_StartLeaveMesh_24,only-caller,1
main,0x00000000016e4230,UpdateSessionSettingJob_CompleteProcess_3,only-caller,1
main,0x00000000016e4300,UpdateSessionSettingJob_CompleteProcess_5,only-caller,1
main,0x00000000016e4790,NexMatchUpdateSessionSettingJob_WaitUpdateAttributes,only-caller,1
main,0x00000000016e4860,UpdateSessionSettingJob_CompleteProcess_6,only-caller,1
main,0x00000000016e4cf0,NexMatchLeaveSessionJob_WaitMigrateMatchmakeSessionOwner,only-caller,1
main,0x00000000016e4e50,nex_NexMatchLeaveSessionJob_LeaveMesh_2,only-caller,1
main,0x00000000016e54c0,NexMatchUpdateSessionSettingJob_WaitUpdateApplicationDat,only-caller,1
main,0x00000000016e5790,UpdateSessionSettingJob_CompleteProcess_7,only-caller,1
main,0x00000000016e75a0,NexMatchUpdateSessionSettingJob_ModifyAttribute,only-caller,1
main,0x00000000016e81b0,NexMatchCommunityManagementJob_CreateCommunity,only-caller,1
main,0x00000000016e8740,NexMatchCommunityManagementJob_JoinCommunity,only-caller,1
main,0x00000000016e8890,NexMatchCommunityManagementJob_UpdateCommunity,only-caller,1
main,0x00000000016e8db0,NexMatchUpdateSessionSettingJob_WaitUpdateSessionSetting,only-caller,1
main,0x00000000016e8e90,UpdateSessionSettingJob_CompleteProcess_4,only-caller,1
main,0x00000000016e9360,NexMatchCommunityManagementJob_WaitCreateCommunity,only-caller,1
main,0x00000000016e99a0,NexMatchCommunityManagementJob_WaitJoinCommunity,only-caller,1
main,0x00000000016ea0d0,NexMatchCommunityManagementJob_WaitUpdateCommunity,only-caller,1
main,0x00000000016eab60,NexMatchCommunityManagementJob_FindCommunityByOwner,only-caller,1
main,0x00000000016eac70,NexMatchCommunityManagementJob_WaitFindCommunityByCommun,only-caller,1
main,0x00000000016eb360,NexMatchCommunityManagementJob_WaitFindCommunityByPartic,only-caller,1
main,0x00000000016eb9d0,NexMatchCommunityManagementJob_WaitFindOfficialCommunity,only-caller,1
main,0x00000000016ec040,NexMatchCommunityManagementJob_WaitFindCommunityByOwner,only-caller,1
main,0x00000000016ec6b0,NexMatchBrowseMatchmakeJob_BrowseMatchmake,only-caller,1
main,0x00000000016ec810,session_BrowseMatchmakeJob_CompleteProcess_4,only-caller,1
main,0x00000000016ecdc0,NexMatchBrowseMatchmakeJob_BrowseMatchmake,only-caller,1
main,0x00000000016ed0e0,session_BrowseMatchmakeJob_CompleteProcess_5,only-caller,1
main,0x00000000016ed750,NexMatchBrowseMatchmakeJob_BrowseMatchmake,only-caller,1
main,0x00000000016ed950,session_BrowseMatchmakeJob_CompleteProcess_6,only-caller,1
main,0x00000000016efbf0,NexMatchJointSessionJob_ProcessFailure_7,only-caller,1
main,0x00000000016f1420,NexMatchCommunityManagementJob_JoinCommunity,only-caller,1
main,0x00000000016f1430,NexMatchCommunityManagementJob_CreateCommunity,only-caller,1
main,0x00000000016f1440,NexMatchCommunityManagementJob_CreateCommunity,only-caller,1
main,0x00000000016f1450,NexMatchCommunityManagementJob_CreateCommunity,only-caller,1
main,0x00000000016f1470,NexMatchCommunityManagementJob_CreateCommunity,only-caller,1
main,0x00000000016f14a0,NexMatchCommunityManagementJob_CreateCommunity,only-caller,1
main,0x00000000016f14b0,NexMatchCommunityManagementJob_CreateCommunity,only-caller,1
main,0x00000000016f14c0,NexMatchCommunityManagementJob_CreateCommunity,only-caller,1
main,0x000000000170e810,NexMatchCommunityManagementJob_FindCommunityByOwner,only-caller,1
main,0x000000000170e820,NexMatchCommunityManagementJob_FindCommunityByOwner,only-caller,1
main,0x000000000170e830,NexMatchCommunityManagementJob_FindCommunityByOwner,only-caller,1
main,0x000000000170e840,NexMatchCommunityManagementJob_FindCommunityByOwner,only-caller,1
main,0x000000000170e850,NexMatchCommunityManagementJob_FindCommunityByOwner,only-caller,1
main,0x00000000017159c0,NexMatchBrowseMatchmakeJob_BrowseMatchmake,only-caller,1
main,0x00000000017159d0,NexMatchBrowseMatchmakeJob_BrowseMatchmake,only-caller,1
main,0x00000000017159e0,NexMatchBrowseMatchmakeJob_BrowseMatchmake,only-caller,1
main,0x00000000017159f0,NexMatchBrowseMatchmakeJob_BrowseMatchmake,only-caller,1
main,0x0000000001715a00,NexMatchBrowseMatchmakeJob_BrowseMatchmake,only-caller,1
main,0x0000000001715a10,NexMatchBrowseMatchmakeJob_BrowseMatchmake,only-caller,1
main,0x0000000001715a20,NexMatchBrowseMatchmakeJob_BrowseMatchmake,only-caller,1
main,0x0000000001715a30,NexMatchBrowseMatchmakeJob_BrowseMatchmake,only-caller,1
main,0x0000000001715a40,NexMatchCommunityManagementJob_UpdateCommunity,only-caller,1
main,0x0000000001715a50,NexMatchCommunityManagementJob_UpdateCommunity,only-caller,1
main,0x0000000001715a60,NexMatchCommunityManagementJob_UpdateCommunity,only-caller,1
main,0x0000000001715a70,NexMatchCommunityManagementJob_UpdateCommunity,only-caller,1
main,0x0000000001715a90,NexMatchCommunityManagementJob_UpdateCommunity,only-caller,1
main,0x0000000001715aa0,NexMatchCommunityManagementJob_UpdateCommunity,only-caller,1
main,0x0000000001715ab0,NexMatchCommunityManagementJob_UpdateCommunity,only-caller,1
main,0x0000000001715ac0,NexMatchCommunityManagementJob_UpdateCommunity,only-caller,1
main,0x0000000001715c80,NexMatchCommunityManagementJob_UpdateCommunity,only-caller,1
main,0x0000000001715c90,NexMatchCommunityManagementJob_UpdateCommunity,only-caller,1
main,0x0000000001715ca0,NexMatchCommunityManagementJob_UpdateCommunity,only-caller,1
main,0x0000000001715cb0,NexMatchUpdateSessionSettingJob_ModifyAttribute,only-caller,1
main,0x0000000001715cc0,NexMatchUpdateSessionSettingJob_ModifyAttribute,only-caller,1
main,0x0000000001715cd0,NexMatchUpdateSessionSettingJob_ModifyAttribute,only-caller,1
main,0x0000000001715ce0,NexMatchUpdateSessionSettingJob_ModifyAttribute,only-caller,1
main,0x0000000001715cf0,NexMatchUpdateSessionSettingJob_ModifyAttribute,only-caller,1
main,0x0000000001715d00,NexMatchUpdateSessionSettingJob_ModifyAttribute,all-callers-agree,2
main,0x0000000001715d20,NexMatchUpdateSessionSettingJob_ModifyAttribute,only-caller,1
main,0x0000000001715d30,NexMatchUpdateSessionSettingJob_ModifyAttribute,only-caller,1
main,0x0000000001715d40,NexMatchUpdateSessionSettingJob_ModifyAttribute,only-caller,1
main,0x0000000001715d50,NexMatchUpdateSessionSettingJob_ModifyAttribute,only-caller,1
main,0x0000000001715d60,NexMatchUpdateSessionSettingJob_ModifyAttribute,only-caller,1
main,0x0000000001715d70,NexMatchUpdateSessionSettingJob_ModifyAttribute,only-caller,1
main,0x0000000001715d80,NexMatchUpdateSessionSettingJob_ModifyAttribute,only-caller,1
main,0x0000000001715d90,NexMatchUpdateSessionSettingJob_ModifyAttribute,only-caller,1
main,0x0000000001715da0,NexMatchUpdateSessionSettingJob_ModifyAttribute,only-caller,1
main,0x0000000001715db0,NexMatchUpdateSessionSettingJob_ModifyAttribute,only-caller,1
main,0x0000000001715dc0,NexMatchUpdateSessionSettingJob_ModifyAttribute,only-caller,1
main,0x0000000001715dd0,NexMatchUpdateSessionSettingJob_ModifyAttribute,only-caller,1
main,0x0000000001715de0,NexMatchUpdateSessionSettingJob_ModifyAttribute,only-caller,1
main,0x0000000001715e00,NexMatchUpdateSessionSettingJob_ModifyAttribute,only-caller,1
main,0x0000000001715e10,NexMatchUpdateSessionSettingJob_ModifyAttribute,only-caller,1
main,0x0000000001715e30,NexMatchUpdateSessionSettingJob_ModifyAttribute,only-caller,1
main,0x0000000001715e50,NexMatchUpdateSessionSettingJob_ModifyAttribute,only-caller,1
main,0x0000000001715ee0,NexMatchUpdateSessionSettingJob_ModifyAttribute,only-caller,1
main,0x00000000017160a0,NexMatchUpdateSessionSettingJob_ModifyAttribute,only-caller,1
main,0x00000000017160c0,NexMatchUpdateSessionSettingJob_ModifyAttribute,only-caller,1
main,0x0000000001716100,NexMatchUpdateSessionSettingJob_ModifyAttribute,only-caller,1
main,0x0000000001716190,NexMatchUpdateSessionSettingJob_ModifyAttribute,only-caller,1
main,0x00000000017161e0,NexMatchUpdateSessionSettingJob_ModifyAttribute,only-caller,1
main,0x00000000017162c0,NexMatchUpdateSessionSettingJob_ModifyAttribute,only-caller,1
main,0x0000000001716af0,RootHeap,unique-callee,1
main,0x0000000001721300,pia_common_heap,only-caller,1
main,0x0000000001721350,pia_common_heap,only-caller,1
main,0x0000000001721dc0,Pia_BackgroundScheduler,only-caller,1
main,0x0000000001721fc0,pia_common_heap,only-caller,1
main,0x00000000017231f0,CreateSessionJob_MeshStartup_3,only-caller,1
main,0x00000000017233a0,p1frXqxmeCZWFv0X_2,unique-callee,1
main,0x0000000001724c80,JoinSessionJob_MeshStartup_3,only-caller,1
main,0x0000000001724e40,W3GoSMEn7RIIUQ89rzqBHGhGferRNb7K18ZBq2aNuj8Us9RO9Q9JYyGO_2,unique-callee,1
main,0x0000000001725280,LanMatchJointSessionJob_WaitNextSessionId,unique-callee,1
main,0x0000000001725ae0,NexMatchJointSessionJob_StartLeaveMesh_35,only-caller,1
main,0x0000000001729160,RandomMatchmakeJob_MeshStartup_2,only-caller,1
main,0x000000000172be20,nex_NexMatchDestroySessionJob_SendMonitoringData,unique-callee,1
main,0x000000000172df70,NexMatchJointSessionJob_StartLeaveMesh_5,only-caller,1
main,0x000000000172e100,DestroySessionJob_SendMonitoringData_2,unique-callee,1
main,0x00000000017315c0,NexMatchCommunityManagementJob_FindCommunityByOwner,only-caller,1
main,0x00000000017315d0,NexMatchCommunityManagementJob_FindCommunityByOwner,only-caller,1
main,0x00000000017315e0,NexMatchCommunityManagementJob_FindCommunityByOwner,only-caller,1
main,0x0000000001732ec0,NexMatchJointSessionJob_StartLeaveMesh_44,only-caller,1
main,0x0000000001733050,NexMatchJointSessionJob_StartLeaveMesh_14,only-caller,1
main,0x0000000001733070,NexMatchJointSessionJob_StartLeaveMesh_12,only-caller,1
main,0x00000000017336f0,NexMatchJointSessionJob_StartLeaveMesh_43,only-caller,1
main,0x0000000001733cb0,NexMatchJointSessionJob_StartLeaveMesh_20,only-caller,1
main,0x0000000001733cd0,NexMatchJointSessionJob_StartLeaveMesh_46,only-caller,1
main,0x0000000001733d10,p1frXqxmeCZWFv0X_2,unique-callee,1
main,0x00000000017350e0,NexMatchJointSessionJob_StartLeaveMesh_25,only-caller,1
main,0x0000000001735150,NexMatchJointSessionJob_StartLeaveMesh_27,only-caller,1
main,0x0000000001735260,NexMatchJointSessionJob_StartLeaveMesh_35,only-caller,1
main,0x00000000017354c0,NexMatchJointSessionJob_StartLeaveMesh_42,only-caller,1
main,0x0000000001735510,NexMatchJointSessionJob_StartLeaveMesh_35,only-caller,1
main,0x0000000001735600,LanMatchJointSessionJob_WaitNextSessionId,only-caller,1
main,0x0000000001735a70,LanMatchJointSessionJob_WaitNextSessionId,only-caller,1
main,0x0000000001735ab0,NexMatchJointSessionJob_StartLeaveMesh_11,only-caller,1
main,0x0000000001735b90,nn_pia_session_LeaveSessionJob_SendMonitoringData_2,only-caller,1
main,0x0000000001735cd0,NexMatchLeaveSessionJob_GetMatchmakeSessionOwners,unique-callee,1
main,0x00000000017360c0,NexMatchCommunityManagementJob_JoinCommunity,only-caller,1
main,0x00000000017360d0,NexMatchCommunityManagementJob_CreateCommunity,only-caller,1
main,0x00000000017360e0,NexMatchCommunityManagementJob_CreateCommunity,only-caller,1
main,0x0000000001736d40,NexJoinMeshJob_LeaveMesh,only-caller,1
main,0x000000000173a1c0,Analysis_0x_02x_4d_4d_4d_6,unique-callee,1
main,0x00000000017497e0,ProcessUpdateMeshJob_UpdateFailed_4,only-caller,1
main,0x0000000001749a80,InstanceTable_459,unique-callee,1
main,0x0000000001749e70,InstanceTable_460,only-caller,1
main,0x000000000174be00,Pia_SendThreadStream,only-caller,1
main,0x000000000174be10,Pia_ReceiveThreadStream,only-caller,1
main,0x000000000174de50,LeaveMeshJob_LeaveSuccess_2,unique-callee,1
main,0x0000000001750160,unnamed_74,unique-callee,1
main,0x00000000017502d0,unnamed_74,only-caller,1
main,0x00000000017510b0,HttpThread,unique-callee,1
main,0x0000000001752790,RELOAD,only-caller,1
main,0x00000000017527d0,chunked_2,only-caller,1
main,0x0000000001752c90,RELOAD,unique-callee,1
main,0x0000000001752de0,RELOAD,only-caller,1
main,0x0000000001752e10,RELOAD,only-caller,1
main,0x0000000001753360,localhost_3,only-caller,1
main,0x0000000001753390,CURL_SSLVERSION_MAX_incompatible_with_CURL_SSLVERSION,unique-callee,1
main,0x0000000001753470,http_proxy,only-caller,1
main,0x0000000001754b10,chunked,only-caller,1
main,0x0000000001754b90,easy_handle_already_used_in_multi_handle,only-caller,1
main,0x0000000001754c00,http_proxy,only-caller,1
main,0x0000000001754ca0,http_proxy,only-caller,1
main,0x0000000001754e60,Closing_connection_ld,only-caller,1
main,0x0000000001755a00,f_255_d,only-caller,1
main,0x00000000017562d0,easy_handle_already_used_in_multi_handle,unique-callee,1
main,0x0000000001756730,Closing_connection_ld,only-caller,1
main,0x0000000001756a10,Pipe_broke_handle_p_url_s,only-caller,1
main,0x0000000001756a60,Hostname_s_was_found_in_DNS_cache,only-caller,1
main,0x0000000001756a70,easy_handle_already_used_in_multi_handle,only-caller,1
main,0x0000000001756b80,Connection_time_out,only-caller,1
main,0x0000000001756bd0,Closing_connection_ld,only-caller,1
main,0x0000000001756c60,Pipe_broke_handle_p_url_s,only-caller,1
main,0x00000000017570b0,http_proxy,only-caller,1
main,0x0000000001757180,easy_handle_already_used_in_multi_handle,only-caller,1
main,0x0000000001757530,Hostname_s_was_found_in_DNS_cache,only-caller,1
main,0x00000000017575d0,Trying_s,only-caller,1
main,0x00000000017575e0,Trying_s,only-caller,1
main,0x00000000017577e0,No_URL_set,unique-callee,1
main,0x0000000001757870,Pipe_broke_handle_p_url_s,unique-callee,1
main,0x00000000017579b0,Pipe_broke_handle_p_url_s,unique-callee,1
main,0x0000000001758ef0,d_d_d_d,unique-callee,1
main,0x0000000001759270,http_proxy,unique-callee,1
main,0x00000000017592f0,easy_handle_already_used_in_multi_handle,only-caller,1
main,0x0000000001759440,easy_handle_already_used_in_multi_handle,only-caller,1
main,0x000000000175a410,Closing_connection_ld,only-caller,1
main,0x000000000175a580,easy_handle_already_used_in_multi_handle,only-caller,1
main,0x000000000175aaa0,easy_handle_already_used_in_multi_handle,only-caller,1
main,0x000000000175c4b0,easy_handle_already_used_in_multi_handle,only-caller,1
main,0x000000000175c5e0,easy_handle_already_used_in_multi_handle,only-caller,1
main,0x000000000175cbe0,http_proxy,only-caller,1
main,0x000000000175cbf0,http_proxy,only-caller,1
main,0x000000000175cc00,zu_penalized_s,only-caller,1
main,0x000000000175cc10,zu_penalized_s,only-caller,1
main,0x000000000175cc20,Site_s_d_is_pipeline_blacklisted,only-caller,1
main,0x000000000175cc30,Server_s_is_blacklisted,only-caller,1
main,0x000000000175cc80,Pipe_broke_handle_p_url_s,all-callers-agree,2
main,0x000000000175d8f0,Pipe_broke_handle_p_url_s,all-callers-agree,2
main,0x000000000175d920,Pipe_broke_handle_p_url_s,all-callers-agree,2
main,0x000000000175d950,Pipe_broke_handle_p_url_s,only-caller,1
main,0x000000000175f660,Pipe_broke_handle_p_url_s,only-caller,1
main,0x000000000175f790,chunked,only-caller,1
main,0x0000000001760240,chunked,only-caller,1
main,0x0000000001760250,chunked,only-caller,1
main,0x0000000001763300,chunked_2,only-caller,1
main,0x0000000001763720,chunked_2,only-caller,1
main,0x0000000001763dc0,poll_returned_error,only-caller,1
main,0x0000000001764480,Empty_reply_from_server,only-caller,1
main,0x0000000001765040,Invalid_TIMEVALUE,only-caller,1
main,0x0000000001765160,Pipe_broke_handle_p_url_s,only-caller,1
main,0x00000000017651d0,Pipe_broke_handle_p_url_s,only-caller,1
main,0x00000000017655e0,Pipe_broke_handle_p_url_s,only-caller,1
main,0x0000000001765630,Pipe_broke_handle_p_url_s,only-caller,1
main,0x0000000001765690,Connection_ld_to_host_s_left_intact,only-caller,1
main,0x0000000001765ff0,chunked_2,only-caller,1
main,0x0000000001766110,No_URL_set,only-caller,1
main,0x0000000001766160,Pipe_broke_handle_p_url_s,only-caller,1
main,0x0000000001766730,easy_handle_already_used_in_multi_handle,only-caller,1
main,0x0000000001766b40,easy_handle_already_used_in_multi_handle,only-caller,1
main,0x0000000001766dd0,chunked,only-caller,1
main,0x0000000001767c00,s_s_s_8,only-caller,1
main,0x0000000001767d40,http_proxy,only-caller,1
main,0x0000000001768030,easy_handle_already_used_in_multi_handle,only-caller,1
main,0x00000000017682e0,chunked_2,only-caller,1
main,0x0000000001768390,http_proxy,unique-callee,1
main,0x0000000001768430,chunked,unique-callee,1
main,0x00000000017684d0,http_proxy,only-caller,1
main,0x0000000001768510,Digest_2,unique-callee,1
main,0x00000000017687c0,No_URL_set,unique-callee,1
main,0x00000000017687d0,Pipe_broke_handle_p_url_s,unique-callee,1
main,0x0000000001769c30,Pipe_broke_handle_p_url_s,only-caller,1
main,0x000000000176a680,chunked_2,only-caller,1
main,0x000000000176a9b0,Connection_ld_to_host_s_left_intact,only-caller,1
main,0x000000000176fc30,Pipe_broke_handle_p_url_s,only-caller,1
main,0x0000000001770000,Pipe_broke_handle_p_url_s,only-caller,1
main,0x0000000001770030,Pipe_broke_handle_p_url_s,only-caller,1
main,0x0000000001770060,Pipe_broke_handle_p_url_s,only-caller,1
main,0x0000000001770310,Pipe_broke_handle_p_url_s,only-caller,1
main,0x0000000001773520,http_proxy,only-caller,1
main,0x0000000001773c70,http_proxy,only-caller,1
main,0x0000000001774c90,http_proxy,only-caller,1
main,0x0000000001775390,socks5h,only-caller,1
main,0x0000000001775630,algorithm,only-caller,1
main,0x00000000017757e0,Digest,only-caller,1
main,0x0000000001775fe0,d41d8cd98f00b204e9800998ecf8427e,only-caller,1
main,0x0000000001776150,d41d8cd98f00b204e9800998ecf8427e,only-caller,1
main,0x0000000001776340,d41d8cd98f00b204e9800998ecf8427e,only-caller,1
main,0x0000000001776400,d41d8cd98f00b204e9800998ecf8427e,all-callers-agree,2
main,0x0000000001776f50,http_proxy,only-caller,1
main,0x0000000001777010,http_proxy,only-caller,1
main,0x0000000001777460,No_URL_set,only-caller,1
main,0x00000000017774d0,unnamed_79,only-caller,1
main,0x0000000001777570,WARNING_Using_weak_random_seed,only-caller,1
main,0x0000000001777580,RELOAD,only-caller,1
main,0x0000000001777590,RELOAD,only-caller,1
main,0x0000000001777650,CURL_SSLVERSION_MAX_incompatible_with_CURL_SSLVERSION,only-caller,1
main,0x0000000001778130,http_proxy,only-caller,1
main,0x0000000001778160,d41d8cd98f00b204e9800998ecf8427e,only-caller,1
main,0x0000000001778180,RELOAD,only-caller,1
main,0x0000000001778190,RELOAD,only-caller,1
main,0x00000000017781b0,No_URL_set,only-caller,1
main,0x0000000001778330,s_s_s_8,unique-callee,1
main,0x0000000001778340,Connection_ld_to_host_s_left_intact,unique-callee,1
main,0x0000000001778360,http_proxy,unique-callee,1
main,0x0000000001778370,No_URL_set,unique-callee,1
main,0x0000000001778380,LibcurlResolver,only-caller,1
main,0x0000000001778430,RELOAD,only-caller,1
main,0x00000000017785c0,http_proxy,only-caller,1
main,0x0000000001778850,s_s_s_9,only-caller,1
main,0x00000000017788c0,unnamed_77,only-caller,1
main,0x00000000017789a0,http_proxy,unique-callee,1
main,0x0000000001778a80,the_ioctl_callback_returned_d,only-caller,1
main,0x0000000001778ae0,form_data,only-caller,1
main,0x000000000177a5c0,gamma_correction,only-caller,1
main,0x000000000177c0b0,Signature_check_failed_c_c_c_c_must_be_c_c_c_c,only-caller,1
main,0x000000000177c800,Signature_check_failed_c_c_c_c_must_be_c_c_c_c,only-caller,1
main,0x000000000177c900,Signature_check_failed_c_c_c_c_must_be_c_c_c_c,only-caller,1
main,0x000000000177cd90,Signature_check_failed_c_c_c_c_must_be_c_c_c_c,unique-callee,1
main,0x000000000177cdc0,ScFontB,unique-callee,1
main,0x000000000177cff0,ScFontB,only-caller,1
main,0x000000000177d010,ScFontB,unique-callee,1
main,0x000000000177d0c0,ScFontB,only-caller,1
main,0x000000000177e0b0,ScFontB,only-caller,1
main,0x000000000177e320,ScFontB,only-caller,1
main,0x000000000177e5d0,ScFontB,only-caller,1
main,0x000000000177f980,ScFontB,only-caller,1
main,0x0000000001780b40,ScFontB,unique-callee,1
main,0x0000000001781780,ScFontB,only-caller,1
main,0x0000000001781790,ScFontB,only-caller,1
main,0x0000000001785cc0,Heap_is_not_set_in_the_argument_of_the_resource_destruct,only-caller,1
main,0x0000000001785d50,SDK_MW_Nintendo_NintendoWare_G3d_7_3_2_Release,only-caller,1
main,0x0000000001785ef0,Heap_is_not_set_in_the_argument_of_the_resource_destruct,only-caller,1
main,0x0000000001786410,Heap_is_not_set_in_the_argument_of_the_resource_destruct,only-caller,1
main,0x0000000001786f50,Heap_is_not_set_in_the_argument_of_the_resource_destruct,only-caller,1
main,0x0000000001787140,Heap_is_not_set_in_the_argument_of_the_resource_destruct,only-caller,1
main,0x0000000001787420,unnamed_89,only-caller,1
main,0x0000000001787bb0,vfx_system_deleted_the_registered_binary_resource_id_d,unique-callee,1
main,0x0000000001787c40,ShaderParamBlackWhiteInterpolation,only-caller,1
main,0x0000000001789610,ColorSpace,only-caller,1
main,0x000000000178d530,nvnDeviceGetProcAddress_2,only-caller,1
main,0x000000000178d6c0,sysEmitterFieldUniformBlock,unique-callee,1
main,0x000000000178d780,nvnDeviceGetProcAddress_2,only-caller,1
main,0x000000000178e5b0,vfx_system_deleted_the_registered_binary_resource_id_d,unique-callee,1
main,0x000000000178e5f0,uConstantBufferForVertexShader,unique-callee,1
main,0x000000000178f140,Heap_is_not_set_in_the_argument_of_the_resource_destruct,unique-callee,1
main,0x000000000178f1e0,sysEmitterFieldUniformBlock,unique-callee,1
main,0x0000000001790120,Heap_is_not_set_in_the_argument_of_the_resource_destruct,unique-callee,1
main,0x00000000017911f0,uConstantBufferForVertexShader,only-caller,1
main,0x00000000017912d0,uConstantBufferForVertexShader,only-caller,1
main,0x0000000001791360,SDK_MW_Nintendo_NintendoWare_G3d_7_3_2_Release,only-caller,1
main,0x0000000001796bd0,ScreenDecideIndex,unique-callee,1
main,0x0000000001796d40,gamma_correction,unique-callee,1
main,0x0000000001799d40,unnamed_84,only-caller,1
main,0x0000000001799fa0,gamma_correction,only-caller,1
main,0x000000000179a9e0,uTexture3,only-caller,1
main,0x000000000179a9f0,uTexture3,only-caller,1
main,0x000000000179cd90,gamma_correction,only-caller,1
main,0x000000000179cfc0,gamma_correction,only-caller,1
main,0x000000000179d130,gamma_correction,unique-callee,1
main,0x00000000017a38b0,gamma_correction,only-caller,1
main,0x00000000017a3ad0,gamma_correction,only-caller,1
main,0x00000000017ac6a0,P_icon_complete_00,unique-callee,1
main,0x00000000017ac790,no_short_2,unique-callee,1
main,0x00000000017b7520,no_short,all-callers-agree,2
main,0x00000000017b7ab0,RootPane,only-caller,1
main,0x00000000017b9a50,uConstantBufferForVertexShader,only-caller,1
main,0x00000000017b9bf0,unnamed_89,only-caller,1
main,0x00000000017b9db0,ScreenDecideIndex,unique-callee,1
main,0x00000000017baf30,unnamed_89,unique-callee,1
main,0x00000000017bafb0,unnamed_89,unique-callee,1
main,0x00000000017bb2e0,unnamed_89,only-caller,1
main,0x00000000017c0560,Emitter_Initialize_Failed,only-caller,1
main,0x00000000017c0ad0,EmitterResource_Setup_Failed,only-caller,1
main,0x00000000017c1ba0,Camp_PotBoiling,all-callers-agree,3
main,0x00000000017c1bd0,Stop_Prop_Gimmik_G_nest,only-caller,1
main,0x00000000017c1f90,Heap_is_not_set_in_the_argument_of_the_resource_destruct,only-caller,1
main,0x00000000017c2b70,Heap_is_not_set_in_the_argument_of_the_resource_destruct,only-caller,1
main,0x00000000017c4880,TempBuffer_WorkSize_d,only-caller,1
main,0x00000000017c48e0,vfx_system_deleted_the_registered_binary_resource_id_d,only-caller,1
main,0x00000000017c8450,Emitter_Initialize_Failed,only-caller,1
main,0x00000000017c86a0,Emitter_Initialize_Failed,only-caller,1
main,0x00000000017c9270,Emitter_Initialize_Failed,only-caller,1
main,0x00000000017c9490,Emitter_Initialize_Failed,only-caller,1
main,0x00000000017c9ae0,Emitter_Initialize_Failed,only-caller,1
main,0x00000000017c9b70,TempBuffer_WorkSize_d,only-caller,1
main,0x00000000017c9d10,vfx_system_deleted_the_registered_binary_resource_id_d,only-caller,1
main,0x00000000017ccae0,StripeSystem_is_already_initialized,unique-callee,1
main,0x00000000017ccb20,TempBuffer_WorkSize_d,unique-callee,1
main,0x00000000017ccb80,vfx_system_deleted_the_registered_binary_resource_id_d,unique-callee,1
main,0x00000000017ccba0,TempBuffer_WorkSize_d,only-caller,1
main,0x00000000017ccbc0,vfx_system_deleted_the_registered_binary_resource_id_d,only-caller,1
main,0x00000000017ccc10,There_is_no_available_Emitter_instance,unique-callee,1
main,0x00000000017cccc0,TempBuffer_WorkSize_d,only-caller,1
main,0x00000000017ccd50,vfx_system_deleted_the_registered_binary_resource_id_d,only-caller,1
main,0x00000000017cce90,TempBuffer_WorkSize_d,only-caller,1
main,0x00000000017d2200,TempBuffer_WorkSize_d,only-caller,1
main,0x00000000017d24b0,vfx_system_deleted_the_registered_binary_resource_id_d,only-caller,1
main,0x00000000017d2510,TempBuffer_WorkSize_d,only-caller,1
main,0x00000000017d2600,TempBuffer_WorkSize_d,only-caller,1
main,0x00000000017d2690,TempBuffer_WorkSize_d,only-caller,1
main,0x00000000017d2890,vfx_system_deleted_the_registered_binary_resource_id_d,only-caller,1
main,0x00000000017d28d0,Emitter_Initialize_Failed,only-caller,1
main,0x00000000017d4b40,ShaderBinary_Bind_Error,only-caller,1
main,0x00000000017d4f60,Faild_to_initialize_primitive_Index_d,only-caller,1
main,0x00000000017d5010,Faild_to_initialize_primitive_Index_d,only-caller,1
main,0x00000000017d50a0,Faild_to_initialize_primitive_Index_d,unique-callee,1
main,0x00000000017d5660,s_fmdb_A_format_of__u1_is_different_from__uo_of_the_part,only-caller,1
main,0x00000000017d57a0,Gap_d,only-caller,1
main,0x00000000017d59f0,Heap_is_not_set_in_the_argument_of_the_resource_destruct,only-caller,1
main,0x00000000017d5ad0,ShaderBinary_Bind_Error,only-caller,1
main,0x00000000017d5c10,Gap_d,only-caller,1
main,0x00000000017d5e10,Heap_is_not_set_in_the_argument_of_the_resource_destruct,only-caller,1
main,0x00000000017d6050,Heap_is_not_set_in_the_argument_of_the_resource_destruct,only-caller,1
main,0x00000000017d6f50,vfx_system_deleted_the_registered_binary_resource_id_d,only-caller,1
main,0x00000000017da240,vfx_system_deleted_the_registered_binary_resource_id_d,only-caller,1
main,0x00000000017de500,Emitter_Initialize_Failed,only-caller,1
main,0x00000000017e5310,TempBuffer_WorkSize_d,only-caller,1
main,0x00000000017e5e70,vfx_system_deleted_the_registered_binary_resource_id_d,only-caller,1
main,0x00000000017e8140,TempBuffer_WorkSize_d,only-caller,1
main,0x00000000017e8260,TempBuffer_WorkSize_d,only-caller,1
main,0x00000000017e8280,vfx_system_deleted_the_registered_binary_resource_id_d,only-caller,1
main,0x00000000017e84d0,sysFrameBufferTexture,unique-callee,1
main,0x00000000017e8920,vfx_system_deleted_the_registered_binary_resource_id_d,only-caller,1
main,0x00000000017e89c0,TempBuffer_WorkSize_d,unique-callee,1
main,0x00000000017e8b00,sysEmitterFieldUniformBlock_2,unique-callee,1
main,0x00000000017e8d00,TempBuffer_WorkSize_d,only-caller,1
