module,addr,mangled,scope,namespace,class
main,0x1b32820,N4PPFX15IPfxBaseContextE,PPFX::IPfxBaseContext,PPFX,IPfxBaseContext
main,0x1b32840,N4PPFX17IPfxContext_SiGfxE,PPFX::IPfxContext_SiGfx,PPFX,IPfxContext_SiGfx
main,0x1b32860,N4PPFX15IPfxContext_NvnE,PPFX::IPfxContext_Nvn,PPFX,IPfxContext_Nvn
main,0x1b33580,N4PPFX16SiYebisAllocatorE,PPFX::SiYebisAllocator,PPFX,SiYebisAllocator
main,0x1b335a0,N6SiSDK312ISiAllocatorE,SiSDK3::ISiAllocator,SiSDK3,ISiAllocator
main,0x1b335c0,N6SiSDK312ISiInterfaceE,SiSDK3::ISiInterface,SiSDK3,ISiInterface
main,0x1b33650,N4PPFX10IGPUDeviceE,PPFX::IGPUDevice,PPFX,IGPUDevice
main,0x1b336b0,N4PPFX11IGPUSurfaceE,PPFX::IGPUSurface,PPFX,IGPUSurface
main,0x1b336d0,N4PPFX13IGPUInterfaceE,PPFX::IGPUInterface,PPFX,IGPUInterface
main,0x1b336f0,N4PPFX17IGPUBaseInterfaceE,PPFX::IGPUBaseInterface,PPFX,IGPUBaseInterface
main,0x1b33710,N4PPFX18IGPUPixelContainerE,PPFX::IGPUPixelContainer,PPFX,IGPUPixelContainer
main,0x1b33730,N4PPFX12IGPUResourceE,PPFX::IGPUResource,PPFX,IGPUResource
main,0x1b33a70,N4PPFX15IGPUBaseTextureE,PPFX::IGPUBaseTexture,PPFX,IGPUBaseTexture
main,0x1b33a90,N4PPFX11IGPUTextureE,PPFX::IGPUTexture,PPFX,IGPUTexture
main,0x1b33ab0,N4PPFX17IGPUVolumeTextureE,PPFX::IGPUVolumeTexture,PPFX,IGPUVolumeTexture
main,0x1b33c10,N4PPFX10IGPUBufferE,PPFX::IGPUBuffer,PPFX,IGPUBuffer
main,0x1b33c30,N4PPFX16IGPUVertexBufferE,PPFX::IGPUVertexBuffer,PPFX,IGPUVertexBuffer
main,0x1b33c50,N4PPFX15IGPUIndexBufferE,PPFX::IGPUIndexBuffer,PPFX,IGPUIndexBuffer
main,0x1b33c70,N4PPFX18IGPUInputAttributeE,PPFX::IGPUInputAttribute,PPFX,IGPUInputAttribute
main,0x1b33cb0,N4PPFX13IGPUBaseQueryE,PPFX::IGPUBaseQuery,PPFX,IGPUBaseQuery
main,0x1b33cd0,N4PPFX18IGPUQueryOcclusionE,PPFX::IGPUQueryOcclusion,PPFX,IGPUQueryOcclusion
main,0x1b33d10,N4PPFX28CManualProgramParameterTableE,PPFX::CManualProgramParameterTable,PPFX,CManualProgramParameterTable
main,0x1b33da0,N4PPFX30__CManualProgramParameterTableE,PPFX::__CManualProgramParameterTable,PPFX,__CManualProgramParameterTable
main,0x1b33dd0,N4PPFX11CTinyEffectE,PPFX::CTinyEffect,PPFX,CTinyEffect
main,0x1b33e30,N4PPFX13__CTinyEffectE,PPFX::__CTinyEffect,PPFX,__CTinyEffect
main,0x1b349b0,N4PPFX12CRenderGlareE,PPFX::CRenderGlare,PPFX,CRenderGlare
main,0x1b35220,N4PPFX12CTextureUtilE,PPFX::CTextureUtil,PPFX,CTextureUtil
main,0x1b61470,N4PPFX10IGPUEffectE,PPFX::IGPUEffect,PPFX,IGPUEffect
main,0x1b614a0,N4PPFX14CRenderTextureE,PPFX::CRenderTexture,PPFX,CRenderTexture
main,0x1b614d0,N4PPFX18CGPUResourceManageE,PPFX::CGPUResourceManage,PPFX,CGPUResourceManage
main,0x1b614f0,N4PPFX22CGPUBaseResourceManageE,PPFX::CGPUBaseResourceManage,PPFX,CGPUBaseResourceManage
main,0x1b61560,N4PPFX22IGPUBaseResourceManageE,PPFX::IGPUBaseResourceManage,PPFX,IGPUBaseResourceManage
main,0x1b61580,N4PPFX11CPermissionE,PPFX::CPermission,PPFX,CPermission
main,0x1e7a110,N4PPFX18CRenderTexturePoolE,PPFX::CRenderTexturePool,PPFX,CRenderTexturePool
main,0x1eba140,N4PPFX19CRenderTextureArrayE,PPFX::CRenderTextureArray,PPFX,CRenderTextureArray
main,0x1eba430,N4PPFX13CDepthOfFieldE,PPFX::CDepthOfField,PPFX,CDepthOfField
main,0x1eea4f0,N4PPFX17CTextureLuminanceE,PPFX::CTextureLuminance,PPFX,CTextureLuminance
main,0x1eea510,N4PPFX23CTextureLuminanceManageE,PPFX::CTextureLuminanceManage,PPFX,CTextureLuminanceManage
main,0x1eea540,N4PPFX13IPfxInterfaceE,PPFX::IPfxInterface,PPFX,IPfxInterface
main,0x1eea560,N4PPFX21IPfxAbstractInterfaceE,PPFX::IPfxAbstractInterface,PPFX,IPfxAbstractInterface
main,0x1eea580,N4PPFX19CPfxMemoryAllocatorE,PPFX::CPfxMemoryAllocator,PPFX,CPfxMemoryAllocator
main,0x1eea5a0,N4PPFX23IPfxBaseRenderToTextureE,PPFX::IPfxBaseRenderToTexture,PPFX,IPfxBaseRenderToTexture
main,0x1eea5d0,N4PPFX25IPfxRenderToTexture_SiGfxE,PPFX::IPfxRenderToTexture_SiGfx,PPFX,IPfxRenderToTexture_SiGfx
main,0x1eea600,N4PPFX23IPfxRenderToTexture_NvnE,PPFX::IPfxRenderToTexture_Nvn,PPFX,IPfxRenderToTexture_Nvn
main,0x1eea690,N4PPFX20VerifyFeatureLicenseE,PPFX::VerifyFeatureLicense,PPFX,VerifyFeatureLicense
main,0x1eea6b0,N6SiSDK321SiFixedHeapAllocator221MemoryBlockHeaderPoolE,SiSDK3::SiFixedHeapAllocator2::MemoryBlockHeaderPool,SiSDK3::SiFixedHeapAllocator2,MemoryBlockHeaderPool
main,0x1eea740,N6SiSDK321SiFixedHeapAllocator2E,SiSDK3::SiFixedHeapAllocator2,SiSDK3,SiFixedHeapAllocator2
main,0x1eea8e0,N6SiSDK38SiKernelE,SiSDK3::SiKernel,SiSDK3,SiKernel
main,0x1eea900,N6SiSDK39ISiKernelE,SiSDK3::ISiKernel,SiSDK3,ISiKernel
main,0x1eeaa60,N6SiSDK315SiHeapAllocatorE,SiSDK3::SiHeapAllocator,SiSDK3,SiHeapAllocator
main,0x1eeaa80,N6SiSDK314SiMemorySystemE,SiSDK3::SiMemorySystem,SiSDK3,SiMemorySystem
main,0x1eeaae0,N6SiSDK313SiStringTable5EntryE,SiSDK3::SiStringTable::Entry,SiSDK3::SiStringTable,Entry
main,0x1eeab00,N6SiSDK314ISiStringTable6IEntryE,SiSDK3::ISiStringTable::IEntry,SiSDK3::ISiStringTable,IEntry
main,0x1eeab30,N6SiSDK313SiStringTableE,SiSDK3::SiStringTable,SiSDK3,SiStringTable
main,0x1eeab50,N6SiSDK314ISiStringTableE,SiSDK3::ISiStringTable,SiSDK3,ISiStringTable
main,0x1eeab70,N6SiSDK314ISiNamedObjectE,SiSDK3::ISiNamedObject,SiSDK3,ISiNamedObject
main,0x1eeac10,N6SiSDK316SiCoreSyncObjectE,SiSDK3::SiCoreSyncObject,SiSDK3,SiCoreSyncObject
main,0x1eeac30,N6SiSDK321SiCoreCriticalSectionE,SiSDK3::SiCoreCriticalSection,SiSDK3,SiCoreCriticalSection
main,0x1eeac60,N6SiSDK312SiSystemInfoE,SiSDK3::SiSystemInfo,SiSDK3,SiSystemInfo
main,0x1eeac80,N6SiSDK313ISiSystemInfoE,SiSDK3::ISiSystemInfo,SiSDK3,ISiSystemInfo
main,0x1eeacb0,N6SiSDK324DefaultAllocatorCallbackE,SiSDK3::DefaultAllocatorCallback,SiSDK3,DefaultAllocatorCallback
main,0x1eeace0,N6SiSDK312ISiAllocator9ICallbackE,SiSDK3::ISiAllocator::ICallback,SiSDK3::ISiAllocator,ICallback
main,0x1eead10,N6SiSDK318SiReflectionObjectE,SiSDK3::SiReflectionObject,SiSDK3,SiReflectionObject
main,0x1eeadc0,N6SiSDK311SiGfxKernelE,SiSDK3::SiGfxKernel,SiSDK3,SiGfxKernel
main,0x1eeade0,N6SiSDK312ISiGfxKernelE,SiSDK3::ISiGfxKernel,SiSDK3,ISiGfxKernel
main,0x1eeae50,N6SiSDK324SiReflectionEventHandlerE,SiSDK3::SiReflectionEventHandler,SiSDK3,SiReflectionEventHandler
main,0x1eeaee0,N6SiSDK324SiReflectionPropertyBaseE,SiSDK3::SiReflectionPropertyBase,SiSDK3,SiReflectionPropertyBase
main,0x1eeaf10,N6SiSDK37SI_GUIDE,SiSDK3::SI_GUID,SiSDK3,SI_GUID
main,0x1eeafe0,N6SiSDK311SI_POD_TYPEE,SiSDK3::SI_POD_TYPE,SiSDK3,SI_POD_TYPE
main,0x1eeb030,N6SiSDK319SiEnumConverterBaseE,SiSDK3::SiEnumConverterBase,SiSDK3,SiEnumConverterBase
main,0x1eeb310,N6SiSDK317SiGfxImageUtilityE,SiSDK3::SiGfxImageUtility,SiSDK3,SiGfxImageUtility
main,0x1eeb330,N6SiSDK318ISiGfxImageUtilityE,SiSDK3::ISiGfxImageUtility,SiSDK3,ISiGfxImageUtility
main,0x1eeb3c0,N6SiSDK319SiGfxDisplayUtilityE,SiSDK3::SiGfxDisplayUtility,SiSDK3,SiGfxDisplayUtility
main,0x1eeb3e0,N6SiSDK320ISiGfxDisplayUtilityE,SiSDK3::ISiGfxDisplayUtility,SiSDK3,ISiGfxDisplayUtility
main,0x1eeb4a0,N6SiSDK320SiGfxGeometryUtilityE,SiSDK3::SiGfxGeometryUtility,SiSDK3,SiGfxGeometryUtility
main,0x1eeb4c0,N6SiSDK321ISiGfxGeometryUtilityE,SiSDK3::ISiGfxGeometryUtility,SiSDK3,ISiGfxGeometryUtility
main,0x1eeb4f0,N6SiSDK323SiGfxShaderGraphUtilityE,SiSDK3::SiGfxShaderGraphUtility,SiSDK3,SiGfxShaderGraphUtility
main,0x1eeb520,N6SiSDK324ISiGfxShaderGraphUtilityE,SiSDK3::ISiGfxShaderGraphUtility,SiSDK3,ISiGfxShaderGraphUtility
main,0x1eeb6a0,N6SiSDK324SiGfxShaderGraphNodeTypeE,SiSDK3::SiGfxShaderGraphNodeType,SiSDK3,SiGfxShaderGraphNodeType
main,0x1eeb710,N6SiSDK322SiGfxShaderGraphObjectE,SiSDK3::SiGfxShaderGraphObject,SiSDK3,SiGfxShaderGraphObject
main,0x1eeb740,N6SiSDK313ISiGUIDObjectE,SiSDK3::ISiGUIDObject,SiSDK3,ISiGUIDObject
main,0x1eeb760,N6SiSDK318ISiReflectedObjectE,SiSDK3::ISiReflectedObject,SiSDK3,ISiReflectedObject
main,0x1eeb780,N6SiSDK326SiGfxShaderGraphIOSlotTypeE,SiSDK3::SiGfxShaderGraphIOSlotType,SiSDK3,SiGfxShaderGraphIOSlotType
main,0x1eeb7b0,N6SiSDK327SiGfxShaderGraphDataTypePODE,SiSDK3::SiGfxShaderGraphDataTypePOD,SiSDK3,SiGfxShaderGraphDataTypePOD
main,0x1eeb7e0,N6SiSDK324SiGfxShaderGraphDataTypeE,SiSDK3::SiGfxShaderGraphDataType,SiSDK3,SiGfxShaderGraphDataType
main,0x1eeb810,N6SiSDK328SiGfxShaderGraphDataValuePODE,SiSDK3::SiGfxShaderGraphDataValuePOD,SiSDK3,SiGfxShaderGraphDataValuePOD
main,0x1eeb840,N6SiSDK325SiGfxShaderGraphDataValueE,SiSDK3::SiGfxShaderGraphDataValue,SiSDK3,SiGfxShaderGraphDataValue
main,0x1eeb8b0,N6SiSDK331SiGfxShaderGraphDataValueVectorE,SiSDK3::SiGfxShaderGraphDataValueVector,SiSDK3,SiGfxShaderGraphDataValueVector
main,0x1eeb8e0,N6SiSDK330SiGfxShaderGraphDataTypeMatrixE,SiSDK3::SiGfxShaderGraphDataTypeMatrix,SiSDK3,SiGfxShaderGraphDataTypeMatrix
main,0x1eeb910,N6SiSDK331SiGfxShaderGraphDataValueMatrixE,SiSDK3::SiGfxShaderGraphDataValueMatrix,SiSDK3,SiGfxShaderGraphDataValueMatrix
main,0x1eeb940,N6SiSDK330SiGfxShaderGraphDataTypeVectorE,SiSDK3::SiGfxShaderGraphDataTypeVector,SiSDK3,SiGfxShaderGraphDataTypeVector
main,0x1eeb970,N6SiSDK332SiGfxShaderGraphOperatorNodeTypeE,SiSDK3::SiGfxShaderGraphOperatorNodeType,SiSDK3,SiGfxShaderGraphOperatorNodeType
main,0x1eeb9a0,N6SiSDK328SiGfxShaderGraphOperatorNodeE,SiSDK3::SiGfxShaderGraphOperatorNode,SiSDK3,SiGfxShaderGraphOperatorNode
main,0x1eeb9d0,N6SiSDK320SiGfxShaderGraphNodeE,SiSDK3::SiGfxShaderGraphNode,SiSDK3,SiGfxShaderGraphNode
main,0x1eeba30,N6SiSDK322SiGfxShaderGraphIOSlotE,SiSDK3::SiGfxShaderGraphIOSlot,SiSDK3,SiGfxShaderGraphIOSlot
main,0x1eebaa0,N6SiSDK316SiGfxShaderGraphE,SiSDK3::SiGfxShaderGraph,SiSDK3,SiGfxShaderGraph
main,0x1eebac0,N6SiSDK328SiGfxShaderGraphFunctionNodeE,SiSDK3::SiGfxShaderGraphFunctionNode,SiSDK3,SiGfxShaderGraphFunctionNode
main,0x1eebaf0,N6SiSDK329SiGfxShaderGraphDataTypeArrayE,SiSDK3::SiGfxShaderGraphDataTypeArray,SiSDK3,SiGfxShaderGraphDataTypeArray
main,0x1eebb20,N6SiSDK330SiGfxShaderGraphDataTypeStructE,SiSDK3::SiGfxShaderGraphDataTypeStruct,SiSDK3,SiGfxShaderGraphDataTypeStruct
main,0x1eebb50,N6SiSDK332SiGfxShaderGraphFunctionNodeTypeE,SiSDK3::SiGfxShaderGraphFunctionNodeType,SiSDK3,SiGfxShaderGraphFunctionNodeType
main,0x1eebb80,N6SiSDK323SiGfxPerformanceUtilityE,SiSDK3::SiGfxPerformanceUtility,SiSDK3,SiGfxPerformanceUtility
main,0x1eebbb0,N6SiSDK324ISiGfxPerformanceUtilityE,SiSDK3::ISiGfxPerformanceUtility,SiSDK3,ISiGfxPerformanceUtility
main,0x1eebd90,N6SiSDK318SiGfxShaderUtilityE,SiSDK3::SiGfxShaderUtility,SiSDK3,SiGfxShaderUtility
main,0x1eebdb0,N6SiSDK319ISiGfxShaderUtilityE,SiSDK3::ISiGfxShaderUtility,SiSDK3,ISiGfxShaderUtility
main,0x1eebf30,N6SiSDK329SiGfxShaderBinaryCachePackageE,SiSDK3::SiGfxShaderBinaryCachePackage,SiSDK3,SiGfxShaderBinaryCachePackage
main,0x1eebf60,N6SiSDK330ISiGfxShaderBinaryCachePackageE,SiSDK3::ISiGfxShaderBinaryCachePackage,SiSDK3,ISiGfxShaderBinaryCachePackage
main,0x1eec0b0,N6SiSDK319SiGfxTextureUtilityE,SiSDK3::SiGfxTextureUtility,SiSDK3,SiGfxTextureUtility
main,0x1eec0d0,N6SiSDK320ISiGfxTextureUtilityE,SiSDK3::ISiGfxTextureUtility,SiSDK3,ISiGfxTextureUtility
main,0x1eec7b0,N6SiSDK324SiGfxTextureChunkHandlerE,SiSDK3::SiGfxTextureChunkHandler,SiSDK3,SiGfxTextureChunkHandler
main,0x1eec850,N6SiSDK310SiGfxImageE,SiSDK3::SiGfxImage,SiSDK3,SiGfxImage
main,0x1eec940,N6SiSDK319SiGfxImageLoaderDDSE,SiSDK3::SiGfxImageLoaderDDS,SiSDK3,SiGfxImageLoaderDDS
main,0x1eec960,N6SiSDK317ISiGfxImageLoaderE,SiSDK3::ISiGfxImageLoader,SiSDK3,ISiGfxImageLoader
main,0x1eec9a0,N6SiSDK314SiGfxNXManagerE,SiSDK3::SiGfxNXManager,SiSDK3,SiGfxNXManager
main,0x1eec9c0,N6SiSDK315ISiGfxNXManagerE,SiSDK3::ISiGfxNXManager,SiSDK3,ISiGfxNXManager
main,0x1eeca20,N6SiSDK313SiGfxNXDeviceE,SiSDK3::SiGfxNXDevice,SiSDK3,SiGfxNXDevice
main,0x1eeca40,N6SiSDK314ISiGfxNXDeviceE,SiSDK3::ISiGfxNXDevice,SiSDK3,ISiGfxNXDevice
main,0x1eeca60,N6SiSDK312ISiGfxDeviceE,SiSDK3::ISiGfxDevice,SiSDK3,ISiGfxDevice
main,0x1eecac0,N6SiSDK313SiGfxNXCanvasE,SiSDK3::SiGfxNXCanvas,SiSDK3,SiGfxNXCanvas
main,0x1eecae0,N6SiSDK314ISiGfxNXCanvasE,SiSDK3::ISiGfxNXCanvas,SiSDK3,ISiGfxNXCanvas
main,0x1eecb00,N6SiSDK312ISiGfxCanvasE,SiSDK3::ISiGfxCanvas,SiSDK3,ISiGfxCanvas
main,0x1eecb20,N6SiSDK314ISiGfxResourceE,SiSDK3::ISiGfxResource,SiSDK3,ISiGfxResource
main,0x1eecba0,N6SiSDK315SiGfxNXFontPoolE,SiSDK3::SiGfxNXFontPool,SiSDK3,SiGfxNXFontPool
main,0x1eecbc0,N6SiSDK311SiGfxNXFontE,SiSDK3::SiGfxNXFont,SiSDK3,SiGfxNXFont
main,0x1eecbe0,N6SiSDK312ISiGfxNXFontE,SiSDK3::ISiGfxNXFont,SiSDK3,ISiGfxNXFont
main,0x1eecc00,N6SiSDK310ISiGfxFontE,SiSDK3::ISiGfxFont,SiSDK3,ISiGfxFont
main,0x1eecc20,N6SiSDK317SiGfxFreeTypeFaceE,SiSDK3::SiGfxFreeTypeFace,SiSDK3,SiGfxFreeTypeFace
main,0x1eece00,N6SiSDK320SiGfxFreeTypeManagerE,SiSDK3::SiGfxFreeTypeManager,SiSDK3,SiGfxFreeTypeManager
main,0x1efe510,N6SiSDK322SiGfxFreeTypeFaceCacheE,SiSDK3::SiGfxFreeTypeFaceCache,SiSDK3,SiGfxFreeTypeFaceCache
main,0x1efe740,N6SiSDK324SiGfxNXFreeTypeFaceCacheE,SiSDK3::SiGfxNXFreeTypeFaceCache,SiSDK3,SiGfxNXFreeTypeFaceCache
main,0x1efe9b0,N6SiSDK317SiGfxResourcePoolE,SiSDK3::SiGfxResourcePool,SiSDK3,SiGfxResourcePool
main,0x1efe9d0,N6SiSDK326SiGfxShaderProgramPoolBaseE,SiSDK3::SiGfxShaderProgramPoolBase,SiSDK3,SiGfxShaderProgramPoolBase
main,0x1efea00,N6SiSDK320SiGfxShaderEffectKeyE,SiSDK3::SiGfxShaderEffectKey,SiSDK3,SiGfxShaderEffectKey
main,0x1efea20,N28SiGfxCommonShaderShowTexture9ShaderKeyE,SiGfxCommonShaderShowTexture::ShaderKey,SiGfxCommonShaderShowTexture,ShaderKey
main,0x1efea50,N28SiGfxCommonShaderShowTexture21PreprocessorShaderKeyE,SiGfxCommonShaderShowTexture::PreprocessorShaderKey,SiGfxCommonShaderShowTexture,PreprocessorShaderKey
main,0x1efebd0,N6SiSDK317SiGfxNXBufferPoolE,SiSDK3::SiGfxNXBufferPool,SiSDK3,SiGfxNXBufferPool
main,0x1efebf0,N6SiSDK313SiGfxNXBufferE,SiSDK3::SiGfxNXBuffer,SiSDK3,SiGfxNXBuffer
main,0x1efec10,N6SiSDK314ISiGfxNXBufferE,SiSDK3::ISiGfxNXBuffer,SiSDK3,ISiGfxNXBuffer
main,0x1efec30,N6SiSDK312ISiGfxBufferE,SiSDK3::ISiGfxBuffer,SiSDK3,ISiGfxBuffer
main,0x1efec70,N6SiSDK317SiGfxNXCanvasPoolE,SiSDK3::SiGfxNXCanvasPool,SiSDK3,SiGfxNXCanvasPool
main,0x1efecb0,N6SiSDK317SiGfxNXDeviceInfoE,SiSDK3::SiGfxNXDeviceInfo,SiSDK3,SiGfxNXDeviceInfo
main,0x1efecd0,N6SiSDK318ISiGfxNXDeviceInfoE,SiSDK3::ISiGfxNXDeviceInfo,SiSDK3,ISiGfxNXDeviceInfo
main,0x1efecf0,N6SiSDK316ISiGfxDeviceInfoE,SiSDK3::ISiGfxDeviceInfo,SiSDK3,ISiGfxDeviceInfo
main,0x1efed10,N6SiSDK318SiGfxNXCommandListE,SiSDK3::SiGfxNXCommandList,SiSDK3,SiGfxNXCommandList
main,0x1efed30,N6SiSDK319ISiGfxNXCommandListE,SiSDK3::ISiGfxNXCommandList,SiSDK3,ISiGfxNXCommandList
main,0x1efed50,N6SiSDK317ISiGfxCommandListE,SiSDK3::ISiGfxCommandList,SiSDK3,ISiGfxCommandList
main,0x1efeed0,N6SiSDK318SiGfxNXDrawContextE,SiSDK3::SiGfxNXDrawContext,SiSDK3,SiGfxNXDrawContext
main,0x1efeef0,N6SiSDK319ISiGfxNXDrawContextE,SiSDK3::ISiGfxNXDrawContext,SiSDK3,ISiGfxNXDrawContext
main,0x1efef10,N6SiSDK317ISiGfxDrawContextE,SiSDK3::ISiGfxDrawContext,SiSDK3,ISiGfxDrawContext
main,0x1efeff0,N6SiSDK319SiGfxFontDrawHelper15GfxEventHandlerE,SiSDK3::SiGfxFontDrawHelper::GfxEventHandler,SiSDK3::SiGfxFontDrawHelper,GfxEventHandler
main,0x1eff020,N6SiSDK312ISiGfxKernel12EventHandlerE,SiSDK3::ISiGfxKernel::EventHandler,SiSDK3::ISiGfxKernel,EventHandler
main,0x1eff050,N6SiSDK319SiGfxFontDrawHelperE,SiSDK3::SiGfxFontDrawHelper,SiSDK3,SiGfxFontDrawHelper
main,0x1eff6c0,N6SiSDK324SiGfxPrimitiveDrawHelper15GfxEventHandlerE,SiSDK3::SiGfxPrimitiveDrawHelper::GfxEventHandler,SiSDK3::SiGfxPrimitiveDrawHelper,GfxEventHandler
main,0x1eff700,N6SiSDK324SiGfxPrimitiveDrawHelperE,SiSDK3::SiGfxPrimitiveDrawHelper,SiSDK3,SiGfxPrimitiveDrawHelper
main,0x1eff730,N6SiSDK319SiGfxNXCommandCacheE,SiSDK3::SiGfxNXCommandCache,SiSDK3,SiGfxNXCommandCache
main,0x1eff750,N6SiSDK320ISiGfxNXCommandCacheE,SiSDK3::ISiGfxNXCommandCache,SiSDK3,ISiGfxNXCommandCache
main,0x1eff770,N6SiSDK318ISiGfxCommandCacheE,SiSDK3::ISiGfxCommandCache,SiSDK3,ISiGfxCommandCache
main,0x1eff790,N6SiSDK319SiGfxNXCommandQueueE,SiSDK3::SiGfxNXCommandQueue,SiSDK3,SiGfxNXCommandQueue
main,0x1eff7b0,N6SiSDK320ISiGfxNXCommandQueueE,SiSDK3::ISiGfxNXCommandQueue,SiSDK3,ISiGfxNXCommandQueue
main,0x1eff7d0,N6SiSDK318ISiGfxCommandQueueE,SiSDK3::ISiGfxCommandQueue,SiSDK3,ISiGfxCommandQueue
main,0x1eff820,N6SiSDK320SiGfxNXDescriptorSetE,SiSDK3::SiGfxNXDescriptorSet,SiSDK3,SiGfxNXDescriptorSet
main,0x1eff840,N6SiSDK321ISiGfxNXDescriptorSetE,SiSDK3::ISiGfxNXDescriptorSet,SiSDK3,ISiGfxNXDescriptorSet
main,0x1eff870,N6SiSDK319ISiGfxDescriptorSetE,SiSDK3::ISiGfxDescriptorSet,SiSDK3,ISiGfxDescriptorSet
main,0x1eff8e0,N6SiSDK322SiGfxNXCommandListPoolE,SiSDK3::SiGfxNXCommandListPool,SiSDK3,SiGfxNXCommandListPool
main,0x1eff910,N6SiSDK323ISiGfxNXCommandListPoolE,SiSDK3::ISiGfxNXCommandListPool,SiSDK3,ISiGfxNXCommandListPool
main,0x1eff940,N6SiSDK321ISiGfxCommandListPoolE,SiSDK3::ISiGfxCommandListPool,SiSDK3,ISiGfxCommandListPool
main,0x1eff9b0,N6SiSDK322SiGfxNXDescriptorTableE,SiSDK3::SiGfxNXDescriptorTable,SiSDK3,SiGfxNXDescriptorTable
main,0x1eff9e0,N6SiSDK323ISiGfxNXDescriptorTableE,SiSDK3::ISiGfxNXDescriptorTable,SiSDK3,ISiGfxNXDescriptorTable
main,0x1effa10,N6SiSDK321ISiGfxDescriptorTableE,SiSDK3::ISiGfxDescriptorTable,SiSDK3,ISiGfxDescriptorTable
main,0x1effa70,N6SiSDK322SiGfxNXFreeTypeManagerE,SiSDK3::SiGfxNXFreeTypeManager,SiSDK3,SiGfxNXFreeTypeManager
main,0x1effaa0,N6SiSDK317SiGfxNXMemoryHeapE,SiSDK3::SiGfxNXMemoryHeap,SiSDK3,SiGfxNXMemoryHeap
main,0x1effac0,N6SiSDK318ISiGfxNXMemoryHeapE,SiSDK3::ISiGfxNXMemoryHeap,SiSDK3,ISiGfxNXMemoryHeap
main,0x1effae0,N6SiSDK316ISiGfxMemoryHeapE,SiSDK3::ISiGfxMemoryHeap,SiSDK3,ISiGfxMemoryHeap
main,0x1effb00,N6SiSDK320SiGfxNXPipelineStateE,SiSDK3::SiGfxNXPipelineState,SiSDK3,SiGfxNXPipelineState
main,0x1effb20,N6SiSDK321ISiGfxNXPipelineStateE,SiSDK3::ISiGfxNXPipelineState,SiSDK3,ISiGfxNXPipelineState
main,0x1effb50,N6SiSDK319ISiGfxPipelineStateE,SiSDK3::ISiGfxPipelineState,SiSDK3,ISiGfxPipelineState
main,0x1effb70,N6SiSDK316SiGfxNXQueryPoolE,SiSDK3::SiGfxNXQueryPool,SiSDK3,SiGfxNXQueryPool
main,0x1effb90,N6SiSDK312SiGfxNXQueryE,SiSDK3::SiGfxNXQuery,SiSDK3,SiGfxNXQuery
main,0x1effbb0,N6SiSDK313ISiGfxNXQueryE,SiSDK3::ISiGfxNXQuery,SiSDK3,ISiGfxNXQuery
main,0x1effbd0,N6SiSDK311ISiGfxQueryE,SiSDK3::ISiGfxQuery,SiSDK3,ISiGfxQuery
main,0x1effbf0,N6SiSDK322SiGfxNXRenderPassStateE,SiSDK3::SiGfxNXRenderPassState,SiSDK3,SiGfxNXRenderPassState
main,0x1effc20,N6SiSDK323ISiGfxNXRenderPassStateE,SiSDK3::ISiGfxNXRenderPassState,SiSDK3,ISiGfxNXRenderPassState
main,0x1effc50,N6SiSDK321ISiGfxRenderPassStateE,SiSDK3::ISiGfxRenderPassState,SiSDK3,ISiGfxRenderPassState
main,0x1effc80,N6SiSDK323SiGfxNXRenderTargetPoolE,SiSDK3::SiGfxNXRenderTargetPool,SiSDK3,SiGfxNXRenderTargetPool
main,0x1effcb0,N6SiSDK319SiGfxNXRenderTargetE,SiSDK3::SiGfxNXRenderTarget,SiSDK3,SiGfxNXRenderTarget
main,0x1effcd0,N6SiSDK320ISiGfxNXRenderTargetE,SiSDK3::ISiGfxNXRenderTarget,SiSDK3,ISiGfxNXRenderTarget
main,0x1effcf0,N6SiSDK318ISiGfxRenderTargetE,SiSDK3::ISiGfxRenderTarget,SiSDK3,ISiGfxRenderTarget
main,0x1effd40,N6SiSDK320SiGfxNXRootSignatureE,SiSDK3::SiGfxNXRootSignature,SiSDK3,SiGfxNXRootSignature
main,0x1effd60,N6SiSDK321ISiGfxNXRootSignatureE,SiSDK3::ISiGfxNXRootSignature,SiSDK3,ISiGfxNXRootSignature
main,0x1effd90,N6SiSDK319ISiGfxRootSignatureE,SiSDK3::ISiGfxRootSignature,SiSDK3,ISiGfxRootSignature
main,0x1effea0,N6SiSDK318SiGfxNXSamplerPoolE,SiSDK3::SiGfxNXSamplerPool,SiSDK3,SiGfxNXSamplerPool
main,0x1effec0,N6SiSDK314SiGfxNXSamplerE,SiSDK3::SiGfxNXSampler,SiSDK3,SiGfxNXSampler
main,0x1effee0,N6SiSDK315ISiGfxNXSamplerE,SiSDK3::ISiGfxNXSampler,SiSDK3,ISiGfxNXSampler
main,0x1efff00,N6SiSDK313ISiGfxSamplerE,SiSDK3::ISiGfxSampler,SiSDK3,ISiGfxSampler
main,0x1efff20,N6SiSDK317SiGfxNXShaderPoolE,SiSDK3::SiGfxNXShaderPool,SiSDK3,SiGfxNXShaderPool
main,0x1efff40,N6SiSDK324SiGfxNXShaderProgramPoolE,SiSDK3::SiGfxNXShaderProgramPool,SiSDK3,SiGfxNXShaderProgramPool
main,0x1efff70,N6SiSDK320SiGfxNXShaderProgramE,SiSDK3::SiGfxNXShaderProgram,SiSDK3,SiGfxNXShaderProgram
main,0x1efff90,N6SiSDK321ISiGfxNXShaderProgramE,SiSDK3::ISiGfxNXShaderProgram,SiSDK3,ISiGfxNXShaderProgram
main,0x1efffc0,N6SiSDK319ISiGfxShaderProgramE,SiSDK3::ISiGfxShaderProgram,SiSDK3,ISiGfxShaderProgram
main,0x1efffe0,N6SiSDK318SiGfxNXShaderInputE,SiSDK3::SiGfxNXShaderInput,SiSDK3,SiGfxNXShaderInput
main,0x1f00000,N6SiSDK319ISiGfxNXShaderInputE,SiSDK3::ISiGfxNXShaderInput,SiSDK3,ISiGfxNXShaderInput
main,0x1f00020,N6SiSDK317ISiGfxShaderInputE,SiSDK3::ISiGfxShaderInput,SiSDK3,ISiGfxShaderInput
main,0x1f00040,N6SiSDK313SiGfxNXShaderE,SiSDK3::SiGfxNXShader,SiSDK3,SiGfxNXShader
main,0x1f00060,N6SiSDK314ISiGfxNXShaderE,SiSDK3::ISiGfxNXShader,SiSDK3,ISiGfxNXShader
main,0x1f00080,N6SiSDK312ISiGfxShaderE,SiSDK3::ISiGfxShader,SiSDK3,ISiGfxShader
main,0x1f000a0,N6SiSDK318SiGfxNXSurfacePoolE,SiSDK3::SiGfxNXSurfacePool,SiSDK3,SiGfxNXSurfacePool
main,0x1f000c0,N6SiSDK314SiGfxNXSurfaceE,SiSDK3::SiGfxNXSurface,SiSDK3,SiGfxNXSurface
main,0x1f000e0,N6SiSDK315ISiGfxNXSurfaceE,SiSDK3::ISiGfxNXSurface,SiSDK3,ISiGfxNXSurface
main,0x1f00100,N6SiSDK313ISiGfxSurfaceE,SiSDK3::ISiGfxSurface,SiSDK3,ISiGfxSurface
main,0x1f00120,N6SiSDK318SiGfxNXTexturePoolE,SiSDK3::SiGfxNXTexturePool,SiSDK3,SiGfxNXTexturePool
main,0x1f00190,N6SiSDK314SiGfxNXTextureE,SiSDK3::SiGfxNXTexture,SiSDK3,SiGfxNXTexture
main,0x1f001b0,N6SiSDK315ISiGfxNXTextureE,SiSDK3::ISiGfxNXTexture,SiSDK3,ISiGfxNXTexture
main,0x1f001d0,N6SiSDK313ISiGfxTextureE,SiSDK3::ISiGfxTexture,SiSDK3,ISiGfxTexture
main,0x1f001f0,N6SiSDK314ISiTypedObjectE,SiSDK3::ISiTypedObject,SiSDK3,ISiTypedObject
main,0x1f00fb0,N6SiSDK323SiGfxNXVertexFormatPoolE,SiSDK3::SiGfxNXVertexFormatPool,SiSDK3,SiGfxNXVertexFormatPool
main,0x1f00fe0,N6SiSDK319SiGfxNXVertexFormatE,SiSDK3::SiGfxNXVertexFormat,SiSDK3,SiGfxNXVertexFormat
main,0x1f01000,N6SiSDK320ISiGfxNXVertexFormatE,SiSDK3::ISiGfxNXVertexFormat,SiSDK3,ISiGfxNXVertexFormat
main,0x1f01020,N6SiSDK318ISiGfxVertexFormatE,SiSDK3::ISiGfxVertexFormat,SiSDK3,ISiGfxVertexFormat
main,0x1f01040,N6SiSDK317SiGfxNXVolumePoolE,SiSDK3::SiGfxNXVolumePool,SiSDK3,SiGfxNXVolumePool
main,0x1f01060,N6SiSDK313SiGfxNXVolumeE,SiSDK3::SiGfxNXVolume,SiSDK3,SiGfxNXVolume
main,0x1f01080,N6SiSDK314ISiGfxNXVolumeE,SiSDK3::ISiGfxNXVolume,SiSDK3,ISiGfxNXVolume
main,0x1f010a0,N6SiSDK312ISiGfxVolumeE,SiSDK3::ISiGfxVolume,SiSDK3,ISiGfxVolume
main,0x1f010d0,N6SiSDK324SiGfxShaderEffectPackageE,SiSDK3::SiGfxShaderEffectPackage,SiSDK3,SiGfxShaderEffectPackage
main,0x1f01100,N6SiSDK325ISiGfxShaderEffectPackageE,SiSDK3::ISiGfxShaderEffectPackage,SiSDK3,ISiGfxShaderEffectPackage
main,0x1f01130,N6SiSDK317SiGfxShaderEffect16ShaderProgramMapE,SiSDK3::SiGfxShaderEffect::ShaderProgramMap,SiSDK3::SiGfxShaderEffect,ShaderProgramMap
main,0x1f01470,N6SiSDK327SiGfxShaderEffectDefinitionE,SiSDK3::SiGfxShaderEffectDefinition,SiSDK3,SiGfxShaderEffectDefinition
main,0x1f014a0,N6SiSDK328ISiGfxShaderEffectDefinitionE,SiSDK3::ISiGfxShaderEffectDefinition,SiSDK3,ISiGfxShaderEffectDefinition
main,0x1f014d0,N6SiSDK326SiGfxShaderEffectTechniqueE,SiSDK3::SiGfxShaderEffectTechnique,SiSDK3,SiGfxShaderEffectTechnique
main,0x1f01500,N6SiSDK327ISiGfxShaderEffectTechniqueE,SiSDK3::ISiGfxShaderEffectTechnique,SiSDK3,ISiGfxShaderEffectTechnique
main,0x1f01530,N6SiSDK330SiGfxShaderEffectVariationListE,SiSDK3::SiGfxShaderEffectVariationList,SiSDK3,SiGfxShaderEffectVariationList
main,0x1f01560,N6SiSDK331ISiGfxShaderEffectVariationListE,SiSDK3::ISiGfxShaderEffectVariationList,SiSDK3,ISiGfxShaderEffectVariationList
main,0x1f01700,N6SiSDK326SiGfxShaderEffectVariationE,SiSDK3::SiGfxShaderEffectVariation,SiSDK3,SiGfxShaderEffectVariation
main,0x1f01730,N6SiSDK327ISiGfxShaderEffectVariationE,SiSDK3::ISiGfxShaderEffectVariation,SiSDK3,ISiGfxShaderEffectVariation
main,0x1f017e0,N6SiSDK317SiGfxShaderEffectE,SiSDK3::SiGfxShaderEffect,SiSDK3,SiGfxShaderEffect
main,0x1f01800,N6SiSDK318ISiGfxShaderEffectE,SiSDK3::ISiGfxShaderEffect,SiSDK3,ISiGfxShaderEffect
main,0x1f01820,N6SiSDK317SiGfxShaderEffect22CompileRequestCallbackE,SiSDK3::SiGfxShaderEffect::CompileRequestCallback,SiSDK3::SiGfxShaderEffect,CompileRequestCallback
main,0x1f01860,N6SiSDK317ISiGfxShaderCache15IResultCallbackE,SiSDK3::ISiGfxShaderCache::IResultCallback,SiSDK3::ISiGfxShaderCache,IResultCallback
main,0x1f01890,N6SiSDK317ISiGfxShaderCache14CompileRequestE,SiSDK3::ISiGfxShaderCache::CompileRequest,SiSDK3::ISiGfxShaderCache,CompileRequest
main,0x1f01950,N6SiSDK318ISiIOBinaryArchive12ChunkHandlerE,SiSDK3::ISiIOBinaryArchive::ChunkHandler,SiSDK3::ISiIOBinaryArchive,ChunkHandler
main,0x1f01980,N6SiSDK317SiIOBinaryArchiveE,SiSDK3::SiIOBinaryArchive,SiSDK3,SiIOBinaryArchive
main,0x1f019a0,N6SiSDK318ISiIOBinaryArchiveE,SiSDK3::ISiIOBinaryArchive,SiSDK3,ISiIOBinaryArchive
main,0x1f01a80,N6SiSDK311ISiIOKernelE,SiSDK3::ISiIOKernel,SiSDK3,ISiIOKernel
main,0x1f01af0,N6SiSDK313SiIOCodecZLibE,SiSDK3::SiIOCodecZLib,SiSDK3,SiIOCodecZLib
main,0x1f01b10,N6SiSDK310ISiIOCodecE,SiSDK3::ISiIOCodec,SiSDK3,ISiIOCodec
main,0x1f01b30,N6SiSDK315SiIOCSVDocumentE,SiSDK3::SiIOCSVDocument,SiSDK3,SiIOCSVDocument
main,0x1f01b50,N6SiSDK316ISiIOCSVDocumentE,SiSDK3::ISiIOCSVDocument,SiSDK3,ISiIOCSVDocument
main,0x1f01bf0,N6SiSDK316SiIOMemoryStreamE,SiSDK3::SiIOMemoryStream,SiSDK3,SiIOMemoryStream
main,0x1f01c10,N6SiSDK317ISiIOMemoryStreamE,SiSDK3::ISiIOMemoryStream,SiSDK3,ISiIOMemoryStream
main,0x1f01c30,N6SiSDK311ISiIOStreamE,SiSDK3::ISiIOStream,SiSDK3,ISiIOStream
main,0x1f01c50,N6SiSDK314SiIOVFSManagerE,SiSDK3::SiIOVFSManager,SiSDK3,SiIOVFSManager
main,0x1f01c70,N6SiSDK37SiIOVFSE,SiSDK3::SiIOVFS,SiSDK3,SiIOVFS
main,0x1f01c90,N6SiSDK38ISiIOVFSE,SiSDK3::ISiIOVFS,SiSDK3,ISiIOVFS
main,0x1f01d10,N6SiSDK312SiIOVFSEntryE,SiSDK3::SiIOVFSEntry,SiSDK3,SiIOVFSEntry
main,0x1f01d30,N6SiSDK313ISiIOVFSEntryE,SiSDK3::ISiIOVFSEntry,SiSDK3,ISiIOVFSEntry
main,0x1f01d50,N6SiSDK316SiIONXFileStreamE,SiSDK3::SiIONXFileStream,SiSDK3,SiIONXFileStream
main,0x1f01d70,N6SiSDK317ISiIONXFileStreamE,SiSDK3::ISiIONXFileStream,SiSDK3,ISiIONXFileStream
main,0x1f01d90,N6SiSDK315ISiIOFileStreamE,SiSDK3::ISiIOFileStream,SiSDK3,ISiIOFileStream
main,0x1f01db0,N6SiSDK322SiIONXMemoryMappedFileE,SiSDK3::SiIONXMemoryMappedFile,SiSDK3,SiIONXMemoryMappedFile
main,0x1f01de0,N6SiSDK323ISiIONXMemoryMappedFileE,SiSDK3::ISiIONXMemoryMappedFile,SiSDK3,ISiIONXMemoryMappedFile
main,0x1f01e10,N6SiSDK321ISiIOMemoryMappedFileE,SiSDK3::ISiIOMemoryMappedFile,SiSDK3,ISiIOMemoryMappedFile
main,0x1f072a0,N6SiSDK312SiMathKernelE,SiSDK3::SiMathKernel,SiSDK3,SiMathKernel
main,0x1f072c0,N6SiSDK313ISiMathKernelE,SiSDK3::ISiMathKernel,SiSDK3,ISiMathKernel
main,0x1f072f0,N6SiSDK310SiOSKernelE,SiSDK3::SiOSKernel,SiSDK3,SiOSKernel
main,0x1f07310,N6SiSDK311ISiOSKernelE,SiSDK3::ISiOSKernel,SiSDK3,ISiOSKernel
main,0x1f07330,N6SiSDK316SiOSSharedMemoryE,SiSDK3::SiOSSharedMemory,SiSDK3,SiOSSharedMemory
main,0x1f07350,N6SiSDK317ISiOSSharedMemoryE,SiSDK3::ISiOSSharedMemory,SiSDK3,ISiOSSharedMemory
main,0x1f07370,N6SiSDK314SiOSSyncObjectE,SiSDK3::SiOSSyncObject,SiSDK3,SiOSSyncObject
main,0x1f07390,N6SiSDK319SiOSCriticalSectionE,SiSDK3::SiOSCriticalSection,SiSDK3,SiOSCriticalSection
main,0x1f073b0,N6SiSDK39SiOSMutexE,SiSDK3::SiOSMutex,SiSDK3,SiOSMutex
main,0x1f38490,N2nn3nex23_DDL_AuthenticationInfoE,nn::nex::_DDL_AuthenticationInfo,nn::nex,_DDL_AuthenticationInfo
main,0x1f384c0,N2nn3nex37NintendoAuthenticationDDLDeclarationsE,nn::nex::NintendoAuthenticationDDLDeclarations,nn::nex,NintendoAuthenticationDDLDeclarations
main,0x1f38560,N2nn3nex24DataStoreDDLDeclarationsE,nn::nex::DataStoreDDLDeclarations,nn::nex,DataStoreDDLDeclarations
main,0x1f385e0,N2nn3nex26DataStoreLogicServerClientE,nn::nex::DataStoreLogicServerClient,nn::nex,DataStoreLogicServerClient
main,0x1f38610,N2nn3nex35DataStoreLogicServerClientInterfaceE,nn::nex::DataStoreLogicServerClientInterface,nn::nex,DataStoreLogicServerClientInterface
main,0x1f38640,N2nn3nex24DataStoreClientInterfaceE,nn::nex::DataStoreClientInterface,nn::nex,DataStoreClientInterface
main,0x1f38670,N2nn3nex23DataStoreProtocolClientE,nn::nex::DataStoreProtocolClient,nn::nex,DataStoreProtocolClient
main,0x1f386a0,N2nn3nex30DataStorePostHttpEventListenerE,nn::nex::DataStorePostHttpEventListener,nn::nex,DataStorePostHttpEventListener
main,0x1f386d0,N2nn3nex17HttpEventListenerE,nn::nex::HttpEventListener,nn::nex,HttpEventListener
main,0x1f386f0,N2nn3nex29JobDataStoreCheckNotificationE,nn::nex::JobDataStoreCheckNotification,nn::nex,JobDataStoreCheckNotification
main,0x1f38800,N2nn3nex21JobDataStoreGetRatingE,nn::nex::JobDataStoreGetRating,nn::nex,JobDataStoreGetRating
main,0x1f38a10,N2nn3nex24JobDataStoreUpdateObjectE,nn::nex::JobDataStoreUpdateObject,nn::nex,JobDataStoreUpdateObject
main,0x1f38a40,N2nn3nex20DataStoreDeleteParamE,nn::nex::DataStoreDeleteParam,nn::nex,DataStoreDeleteParam
main,0x1f38a60,N2nn3nex25_DDL_DataStoreDeleteParamE,nn::nex::_DDL_DataStoreDeleteParam,nn::nex,_DDL_DataStoreDeleteParam
main,0x1f38a90,N2nn3nex34DataStoreReqGetNotificationUrlInfoE,nn::nex::DataStoreReqGetNotificationUrlInfo,nn::nex,DataStoreReqGetNotificationUrlInfo
main,0x1f38ac0,N2nn3nex39_DDL_DataStoreReqGetNotificationUrlInfoE,nn::nex::_DDL_DataStoreReqGetNotificationUrlInfo,nn::nex,_DDL_DataStoreReqGetNotificationUrlInfo
main,0x1f38b00,N2nn3nex32DataStoreGetNotificationUrlParamE,nn::nex::DataStoreGetNotificationUrlParam,nn::nex,DataStoreGetNotificationUrlParam
main,0x1f38b30,N2nn3nex37_DDL_DataStoreGetNotificationUrlParamE,nn::nex::_DDL_DataStoreGetNotificationUrlParam,nn::nex,_DDL_DataStoreGetNotificationUrlParam
main,0x1f38b70,N2nn3nex26DataStorePrepareGetParamV1E,nn::nex::DataStorePrepareGetParamV1,nn::nex,DataStorePrepareGetParamV1
main,0x1f38ba0,N2nn3nex31_DDL_DataStorePrepareGetParamV1E,nn::nex::_DDL_DataStorePrepareGetParamV1,nn::nex,_DDL_DataStorePrepareGetParamV1
main,0x1f38bd0,N2nn3nex21DataStoreReqGetInfoV1E,nn::nex::DataStoreReqGetInfoV1,nn::nex,DataStoreReqGetInfoV1
main,0x1f38c00,N2nn3nex26_DDL_DataStoreReqGetInfoV1E,nn::nex::_DDL_DataStoreReqGetInfoV1,nn::nex,_DDL_DataStoreReqGetInfoV1
main,0x1f38c30,N2nn3nex17DataStoreKeyValueE,nn::nex::DataStoreKeyValue,nn::nex,DataStoreKeyValue
main,0x1f38c50,N2nn3nex22_DDL_DataStoreKeyValueE,nn::nex::_DDL_DataStoreKeyValue,nn::nex,_DDL_DataStoreKeyValue
main,0x1f38c80,N2nn3nex29DataStoreReqGetAdditionalMetaE,nn::nex::DataStoreReqGetAdditionalMeta,nn::nex,DataStoreReqGetAdditionalMeta
main,0x1f38cb0,N2nn3nex34_DDL_DataStoreReqGetAdditionalMetaE,nn::nex::_DDL_DataStoreReqGetAdditionalMeta,nn::nex,_DDL_DataStoreReqGetAdditionalMeta
main,0x1f38ce0,N2nn3nex19DataStoreReqGetInfoE,nn::nex::DataStoreReqGetInfo,nn::nex,DataStoreReqGetInfo
main,0x1f38d00,N2nn3nex24_DDL_DataStoreReqGetInfoE,nn::nex::_DDL_DataStoreReqGetInfo,nn::nex,_DDL_DataStoreReqGetInfo
main,0x1f38d30,N2nn3nex27DataStorePreparePostParamV1E,nn::nex::DataStorePreparePostParamV1,nn::nex,DataStorePreparePostParamV1
main,0x1f38d60,N2nn3nex32_DDL_DataStorePreparePostParamV1E,nn::nex::_DDL_DataStorePreparePostParamV1,nn::nex,_DDL_DataStorePreparePostParamV1
main,0x1f38d90,N2nn3nex22DataStoreReqPostInfoV1E,nn::nex::DataStoreReqPostInfoV1,nn::nex,DataStoreReqPostInfoV1
main,0x1f38dc0,N2nn3nex27_DDL_DataStoreReqPostInfoV1E,nn::nex::_DDL_DataStoreReqPostInfoV1,nn::nex,_DDL_DataStoreReqPostInfoV1
main,0x1f38df0,N2nn3nex28DataStoreCompletePostParamV1E,nn::nex::DataStoreCompletePostParamV1,nn::nex,DataStoreCompletePostParamV1
main,0x1f38e20,N2nn3nex33_DDL_DataStoreCompletePostParamV1E,nn::nex::_DDL_DataStoreCompletePostParamV1,nn::nex,_DDL_DataStoreCompletePostParamV1
main,0x1f38e50,N2nn3nex20DataStoreReqPostInfoE,nn::nex::DataStoreReqPostInfo,nn::nex,DataStoreReqPostInfo
main,0x1f38e70,N2nn3nex25_DDL_DataStoreReqPostInfoE,nn::nex::_DDL_DataStoreReqPostInfo,nn::nex,_DDL_DataStoreReqPostInfo
main,0x1f38ea0,N2nn3nex26DataStoreCompletePostParamE,nn::nex::DataStoreCompletePostParam,nn::nex,DataStoreCompletePostParam
main,0x1f38ed0,N2nn3nex31_DDL_DataStoreCompletePostParamE,nn::nex::_DDL_DataStoreCompletePostParam,nn::nex,_DDL_DataStoreCompletePostParam
main,0x1f38f00,N2nn3nex40DataStoreGetNewArrivedNotificationsParamE,nn::nex::DataStoreGetNewArrivedNotificationsParam,nn::nex,DataStoreGetNewArrivedNotificationsParam
main,0x1f38f40,N2nn3nex45_DDL_DataStoreGetNewArrivedNotificationsParamE,nn::nex::_DDL_DataStoreGetNewArrivedNotificationsParam,nn::nex,_DDL_DataStoreGetNewArrivedNotificationsParam
main,0x1f38f80,N2nn3nex31DataStoreGetSpecificMetaParamV1E,nn::nex::DataStoreGetSpecificMetaParamV1,nn::nex,DataStoreGetSpecificMetaParamV1
main,0x1f38fb0,N2nn3nex36_DDL_DataStoreGetSpecificMetaParamV1E,nn::nex::_DDL_DataStoreGetSpecificMetaParamV1,nn::nex,_DDL_DataStoreGetSpecificMetaParamV1
main,0x1f38fe0,N2nn3nex27DataStoreSpecificMetaInfoV1E,nn::nex::DataStoreSpecificMetaInfoV1,nn::nex,DataStoreSpecificMetaInfoV1
main,0x1f39010,N2nn3nex32_DDL_DataStoreSpecificMetaInfoV1E,nn::nex::_DDL_DataStoreSpecificMetaInfoV1,nn::nex,_DDL_DataStoreSpecificMetaInfoV1
main,0x1f39040,N2nn3nex29DataStoreGetSpecificMetaParamE,nn::nex::DataStoreGetSpecificMetaParam,nn::nex,DataStoreGetSpecificMetaParam
main,0x1f39070,N2nn3nex34_DDL_DataStoreGetSpecificMetaParamE,nn::nex::_DDL_DataStoreGetSpecificMetaParam,nn::nex,_DDL_DataStoreGetSpecificMetaParam
main,0x1f390a0,N2nn3nex25DataStoreSpecificMetaInfoE,nn::nex::DataStoreSpecificMetaInfo,nn::nex,DataStoreSpecificMetaInfo
main,0x1f390d0,N2nn3nex30_DDL_DataStoreSpecificMetaInfoE,nn::nex::_DDL_DataStoreSpecificMetaInfo,nn::nex,_DDL_DataStoreSpecificMetaInfo
main,0x1f39100,N2nn3nex27DataStorePrepareUpdateParamE,nn::nex::DataStorePrepareUpdateParam,nn::nex,DataStorePrepareUpdateParam
main,0x1f39130,N2nn3nex32_DDL_DataStorePrepareUpdateParamE,nn::nex::_DDL_DataStorePrepareUpdateParam,nn::nex,_DDL_DataStorePrepareUpdateParam
main,0x1f39160,N2nn3nex22DataStoreReqUpdateInfoE,nn::nex::DataStoreReqUpdateInfo,nn::nex,DataStoreReqUpdateInfo
main,0x1f39190,N2nn3nex27_DDL_DataStoreReqUpdateInfoE,nn::nex::_DDL_DataStoreReqUpdateInfo,nn::nex,_DDL_DataStoreReqUpdateInfo
main,0x1f391c0,N2nn3nex28DataStoreCompleteUpdateParamE,nn::nex::DataStoreCompleteUpdateParam,nn::nex,DataStoreCompleteUpdateParam
main,0x1f391f0,N2nn3nex33_DDL_DataStoreCompleteUpdateParamE,nn::nex::_DDL_DataStoreCompleteUpdateParam,nn::nex,_DDL_DataStoreCompleteUpdateParam
main,0x1f39220,N2nn3nex27DataStoreRatingInfoWithSlotE,nn::nex::DataStoreRatingInfoWithSlot,nn::nex,DataStoreRatingInfoWithSlot
main,0x1f39250,N2nn3nex32_DDL_DataStoreRatingInfoWithSlotE,nn::nex::_DDL_DataStoreRatingInfoWithSlot,nn::nex,_DDL_DataStoreRatingInfoWithSlot
main,0x1f39280,N2nn3nex17DataStoreMetaInfoE,nn::nex::DataStoreMetaInfo,nn::nex,DataStoreMetaInfo
main,0x1f392a0,N2nn3nex22_DDL_DataStoreMetaInfoE,nn::nex::_DDL_DataStoreMetaInfo,nn::nex,_DDL_DataStoreMetaInfo
main,0x1f392d0,N2nn3nex23DataStoreNotificationV1E,nn::nex::DataStoreNotificationV1,nn::nex,DataStoreNotificationV1
main,0x1f39300,N2nn3nex28_DDL_DataStoreNotificationV1E,nn::nex::_DDL_DataStoreNotificationV1,nn::nex,_DDL_DataStoreNotificationV1
main,0x1f39330,N2nn3nex18DataStoreRatingLogE,nn::nex::DataStoreRatingLog,nn::nex,DataStoreRatingLog
main,0x1f39350,N2nn3nex23_DDL_DataStoreRatingLogE,nn::nex::_DDL_DataStoreRatingLog,nn::nex,_DDL_DataStoreRatingLog
main,0x1f39380,N2nn3nex21DataStoreNotificationE,nn::nex::DataStoreNotification,nn::nex,DataStoreNotification
main,0x1f393b0,N2nn3nex26_DDL_DataStoreNotificationE,nn::nex::_DDL_DataStoreNotification,nn::nex,_DDL_DataStoreNotification
main,0x1f393e0,N2nn3nex24DataStorePersistenceInfoE,nn::nex::DataStorePersistenceInfo,nn::nex,DataStorePersistenceInfo
main,0x1f39410,N2nn3nex29_DDL_DataStorePersistenceInfoE,nn::nex::_DDL_DataStorePersistenceInfo,nn::nex,_DDL_DataStorePersistenceInfo
main,0x1f39440,N2nn3nex21DataStorePasswordInfoE,nn::nex::DataStorePasswordInfo,nn::nex,DataStorePasswordInfo
main,0x1f39470,N2nn3nex26_DDL_DataStorePasswordInfoE,nn::nex::_DDL_DataStorePasswordInfo,nn::nex,_DDL_DataStorePasswordInfo
main,0x1f394a0,N2nn3nex26DataStoreChangeMetaParamV1E,nn::nex::DataStoreChangeMetaParamV1,nn::nex,DataStoreChangeMetaParamV1
main,0x1f394d0,N2nn3nex31_DDL_DataStoreChangeMetaParamV1E,nn::nex::_DDL_DataStoreChangeMetaParamV1,nn::nex,_DDL_DataStoreChangeMetaParamV1
main,0x1f39500,N2nn3nex24DataStoreChangeMetaParamE,nn::nex::DataStoreChangeMetaParam,nn::nex,DataStoreChangeMetaParam
main,0x1f39530,N2nn3nex29_DDL_DataStoreChangeMetaParamE,nn::nex::_DDL_DataStoreChangeMetaParam,nn::nex,_DDL_DataStoreChangeMetaParam
main,0x1f39560,N2nn3nex31DataStoreChangeMetaCompareParamE,nn::nex::DataStoreChangeMetaCompareParam,nn::nex,DataStoreChangeMetaCompareParam
main,0x1f39590,N2nn3nex36_DDL_DataStoreChangeMetaCompareParamE,nn::nex::_DDL_DataStoreChangeMetaCompareParam,nn::nex,_DDL_DataStoreChangeMetaCompareParam
main,0x1f39790,N2nn3nex12NgsBridgeImpE,nn::nex::NgsBridgeImp,nn::nex,NgsBridgeImp
main,0x1f397b0,N2nn3nex18NgsBridgeInterfaceE,nn::nex::NgsBridgeInterface,nn::nex,NgsBridgeInterface
main,0x1f397d0,N2nn3nex9NgsFacadeE,nn::nex::NgsFacade,nn::nex,NgsFacade
main,0x1f397f0,N2nn3nex8JobLoginE,nn::nex::JobLogin,nn::nex,JobLogin
main,0x1f39810,N2nn3nex12JobNNIDLoginE,nn::nex::JobNNIDLogin,nn::nex,JobNNIDLogin
main,0x1f39830,N2nn3nex12JobTerminateE,nn::nex::JobTerminate,nn::nex,JobTerminate
main,0x1f39850,N2nn3nex13JobSigloLoginE,nn::nex::JobSigloLogin,nn::nex,JobSigloLogin
main,0x1f39870,N2nn3nex23AcquireNsaIdTokenClientE,nn::nex::AcquireNsaIdTokenClient,nn::nex,AcquireNsaIdTokenClient
main,0x1f398a0,N2nn3nex32AcquireNsaIdTokenClientInterfaceE,nn::nex::AcquireNsaIdTokenClientInterface,nn::nex,AcquireNsaIdTokenClientInterface
main,0x1f398d0,N2nn3nex18SigloAccountFacadeE,nn::nex::SigloAccountFacade,nn::nex,SigloAccountFacade
main,0x1f398f0,N2nn3nex18AuthenticationInfoE,nn::nex::AuthenticationInfo,nn::nex,AuthenticationInfo
main,0x1f39990,N2nn3nex21_DDL_MatchmakeSessionE,nn::nex::_DDL_MatchmakeSession,nn::nex,_DDL_MatchmakeSession
main,0x1f399c0,N2nn3nex24_DDL_PersistentGatheringE,nn::nex::_DDL_PersistentGathering,nn::nex,_DDL_PersistentGathering
main,0x1f399f0,N2nn3nex11NonCopyableE,nn::nex::NonCopyable,nn::nex,NonCopyable
main,0x1f39a10,N2nn3nex32MatchmakeExtensionProtocolClientE,nn::nex::MatchmakeExtensionProtocolClient,nn::nex,MatchmakeExtensionProtocolClient
main,0x1f39a40,N2nn3nex24MatchmakeExtensionClientE,nn::nex::MatchmakeExtensionClient,nn::nex,MatchmakeExtensionClient
main,0x1f39a70,N2nn3nex33MatchmakeExtensionDDLDeclarationsE,nn::nex::MatchmakeExtensionDDLDeclarations,nn::nex,MatchmakeExtensionDDLDeclarations
main,0x1f39aa0,N2nn3nex16MatchmakeSessionE,nn::nex::MatchmakeSession,nn::nex,MatchmakeSession
main,0x1f39ac0,N2nn3nex30MatchmakeSessionSearchCriteriaE,nn::nex::MatchmakeSessionSearchCriteria,nn::nex,MatchmakeSessionSearchCriteria
main,0x1f39af0,N2nn3nex35_DDL_MatchmakeSessionSearchCriteriaE,nn::nex::_DDL_MatchmakeSessionSearchCriteria,nn::nex,_DDL_MatchmakeSessionSearchCriteria
main,0x1f39b20,N2nn3nex10RootObjectE,nn::nex::RootObject,nn::nex,RootObject
main,0x1f39b40,N2nn3nex19PersistentGatheringE,nn::nex::PersistentGathering,nn::nex,PersistentGathering
main,0x1f39b60,N2nn3nex18AutoMatchmakeParamE,nn::nex::AutoMatchmakeParam,nn::nex,AutoMatchmakeParam
main,0x1f39b80,N2nn3nex23_DDL_AutoMatchmakeParamE,nn::nex::_DDL_AutoMatchmakeParam,nn::nex,_DDL_AutoMatchmakeParam
main,0x1f39bb0,N2nn3nex23MatchmakeBlockListParamE,nn::nex::MatchmakeBlockListParam,nn::nex,MatchmakeBlockListParam
main,0x1f39be0,N2nn3nex28_DDL_MatchmakeBlockListParamE,nn::nex::_DDL_MatchmakeBlockListParam,nn::nex,_DDL_MatchmakeBlockListParam
main,0x1f39c10,N2nn3nex15StepSequenceJob4StepE,nn::nex::StepSequenceJob::Step,nn::nex::StepSequenceJob,Step
main,0x1f39c30,N2nn3nex16RefCountedObjectE,nn::nex::RefCountedObject,nn::nex,RefCountedObject
main,0x1f39c50,N2nn3nex14MatchmakeParamE,nn::nex::MatchmakeParam,nn::nex,MatchmakeParam
main,0x1f39c70,N2nn3nex19_DDL_MatchmakeParamE,nn::nex::_DDL_MatchmakeParam,nn::nex,_DDL_MatchmakeParam
main,0x1f39c90,N2nn3nex39FindMatchmakeSessionByParticipantResultE,nn::nex::FindMatchmakeSessionByParticipantResult,nn::nex,FindMatchmakeSessionByParticipantResult
main,0x1f39cd0,N2nn3nex44_DDL_FindMatchmakeSessionByParticipantResultE,nn::nex::_DDL_FindMatchmakeSessionByParticipantResult,nn::nex,_DDL_FindMatchmakeSessionByParticipantResult
main,0x1f39d10,N2nn3nex15RegulationIndexE,nn::nex::RegulationIndex,nn::nex,RegulationIndex
main,0x1f39d30,N2nn3nex20_DDL_RegulationIndexE,nn::nex::_DDL_RegulationIndex,nn::nex,_DDL_RegulationIndex
main,0x1f39d50,N2nn3nex27CreateMatchmakeSessionParamE,nn::nex::CreateMatchmakeSessionParam,nn::nex,CreateMatchmakeSessionParam
main,0x1f39d80,N2nn3nex32_DDL_CreateMatchmakeSessionParamE,nn::nex::_DDL_CreateMatchmakeSessionParam,nn::nex,_DDL_CreateMatchmakeSessionParam
main,0x1f39db0,N2nn3nex25JoinMatchmakeSessionParamE,nn::nex::JoinMatchmakeSessionParam,nn::nex,JoinMatchmakeSessionParam
main,0x1f39de0,N2nn3nex30_DDL_JoinMatchmakeSessionParamE,nn::nex::_DDL_JoinMatchmakeSessionParam,nn::nex,_DDL_JoinMatchmakeSessionParam
main,0x1f39e10,N2nn3nex27UpdateMatchmakeSessionParamE,nn::nex::UpdateMatchmakeSessionParam,nn::nex,UpdateMatchmakeSessionParam
main,0x1f39e40,N2nn3nex32_DDL_UpdateMatchmakeSessionParamE,nn::nex::_DDL_UpdateMatchmakeSessionParam,nn::nex,_DDL_UpdateMatchmakeSessionParam
main,0x1f39e70,N2nn3nex38FindMatchmakeSessionByParticipantParamE,nn::nex::FindMatchmakeSessionByParticipantParam,nn::nex,FindMatchmakeSessionByParticipantParam
main,0x1f39eb0,N2nn3nex43_DDL_FindMatchmakeSessionByParticipantParamE,nn::nex::_DDL_FindMatchmakeSessionByParticipantParam,nn::nex,_DDL_FindMatchmakeSessionByParticipantParam
main,0x1f39f40,N2nn3nex31MatchmakeRefereeDDLDeclarationsE,nn::nex::MatchmakeRefereeDDLDeclarations,nn::nex,MatchmakeRefereeDDLDeclarations
main,0x1f39f70,N2nn3nex30MatchmakeRefereeProtocolClientE,nn::nex::MatchmakeRefereeProtocolClient,nn::nex,MatchmakeRefereeProtocolClient
main,0x1f39fa0,N2nn3nex22MatchmakeRefereeClientE,nn::nex::MatchmakeRefereeClient,nn::nex,MatchmakeRefereeClient
main,0x1f3a020,N2nn3nex14_DDL_GatheringE,nn::nex::_DDL_Gathering,nn::nex,_DDL_Gathering
main,0x1f3a040,N2nn3nex19AnyGatheringAdapterE,nn::nex::AnyGatheringAdapter,nn::nex,AnyGatheringAdapter
main,0x1f3a0a0,N2nn3nex21_DDL_DynamicGatheringE,nn::nex::_DDL_DynamicGathering,nn::nex,_DDL_DynamicGathering
main,0x1f3a0d0,N2nn3nex9GatheringE,nn::nex::Gathering,nn::nex,Gathering
main,0x1f3a0f0,N2nn3nex16_DDL_GameSessionE,nn::nex::_DDL_GameSession,nn::nex,_DDL_GameSession
main,0x1f3a110,N2nn3nex25MatchMakingProtocolClientE,nn::nex::MatchMakingProtocolClient,nn::nex,MatchMakingProtocolClient
main,0x1f3a140,N2nn3nex28MatchMakingProtocolExtClientE,nn::nex::MatchMakingProtocolExtClient,nn::nex,MatchMakingProtocolExtClient
main,0x1f3a170,N2nn3nex17MatchMakingClientE,nn::nex::MatchMakingClient,nn::nex,MatchMakingClient
main,0x1f3a190,N2nn3nex33MatchMakingServiceDDLDeclarationsE,nn::nex::MatchMakingServiceDDLDeclarations,nn::nex,MatchMakingServiceDDLDeclarations
main,0x1f3a1c0,N2nn3nex16DynamicGatheringE,nn::nex::DynamicGathering,nn::nex,DynamicGathering
main,0x1f3a1e0,N2nn3nex11GameSessionE,nn::nex::GameSession,nn::nex,GameSession
main,0x1f3a270,N2nn3nex33_Proto_NATTraversalProtocolServerE,nn::nex::_Proto_NATTraversalProtocolServer,nn::nex,_Proto_NATTraversalProtocolServer
main,0x1f3a2a0,N2nn3nex29NATTraversalRelayProtocolImplE,nn::nex::NATTraversalRelayProtocolImpl,nn::nex,NATTraversalRelayProtocolImpl
main,0x1f3a2d0,N2nn3nex25NATTraversalRelayProtocolE,nn::nex::NATTraversalRelayProtocol,nn::nex,NATTraversalRelayProtocol
main,0x1f3a300,N2nn3nex23NATTraversalRelayClientE,nn::nex::NATTraversalRelayClient,nn::nex,NATTraversalRelayClient
main,0x1f3a330,N2nn3nex27NATTraversalDDLDeclarationsE,nn::nex::NATTraversalDDLDeclarations,nn::nex,NATTraversalDDLDeclarations
main,0x1f3a360,N2nn3nex26NATTraversalProtocolClientE,nn::nex::NATTraversalProtocolClient,nn::nex,NATTraversalProtocolClient
main,0x1f3a390,N2nn3nex40NATTraversalReportInternalProtocolClientE,nn::nex::NATTraversalReportInternalProtocolClient,nn::nex,NATTraversalReportInternalProtocolClient
main,0x1f3a840,N2nn3nex12OutputFormatE,nn::nex::OutputFormat,nn::nex,OutputFormat
main,0x1f3a860,N2nn3nex16BandwidthCounterE,nn::nex::BandwidthCounter,nn::nex,BandwidthCounter
main,0x1f3a880,N2nn3nex19BandwidthCounterMapE,nn::nex::BandwidthCounterMap,nn::nex,BandwidthCounterMap
main,0x1f3a8a0,N2nn3nex15CriticalSectionE,nn::nex::CriticalSection,nn::nex,CriticalSection
main,0x1f3a8bc,N2nn3nex3LogE,nn::nex::Log,nn::nex,Log
main,0x1f3a8d0,N2nn3nex11LockCheckerE,nn::nex::LockChecker,nn::nex,LockChecker
main,0x1f3a8f0,N2nn3nex16LogDeviceConsoleE,nn::nex::LogDeviceConsole,nn::nex,LogDeviceConsole
main,0x1f3a910,N2nn3nex9LogDeviceE,nn::nex::LogDevice,nn::nex,LogDevice
main,0x1f3a930,N2nn3nex19PacketBufferManagerE,nn::nex::PacketBufferManager,nn::nex,PacketBufferManager
main,0x1f3a950,N2nn3nex14MutexPrimitiveE,nn::nex::MutexPrimitive,nn::nex,MutexPrimitive
main,0x1f3a970,N2nn3nex16ObjectThreadRootE,nn::nex::ObjectThreadRoot,nn::nex,ObjectThreadRoot
main,0x1f3a990,N2nn3nex13ProfilingUnitE,nn::nex::ProfilingUnit,nn::nex,ProfilingUnit
main,0x1f3a9b0,N2nn3nex8SpinTestE,nn::nex::SpinTest,nn::nex,SpinTest
main,0x1f3a9d0,N2nn3nex12StringStreamE,nn::nex::StringStream,nn::nex,StringStream
main,0x1f3a9f0,N2nn3nex21ErrorDescriptionTableE,nn::nex::ErrorDescriptionTable,nn::nex,ErrorDescriptionTable
main,0x1f3aa20,N2nn3nex18ThreadVariableListE,nn::nex::ThreadVariableList,nn::nex,ThreadVariableList
main,0x1f3aa40,N2nn3nex18ThreadVariableRootE,nn::nex::ThreadVariableRoot,nn::nex,ThreadVariableRoot
main,0x1f3aa60,N2nn3nex8TraceLogE,nn::nex::TraceLog,nn::nex,TraceLog
main,0x1f3aa80,N2nn3nex15GlobalVariablesE,nn::nex::GlobalVariables,nn::nex,GlobalVariables
main,0x1f3aaa0,N2nn3nex21ForcedCriticalSectionE,nn::nex::ForcedCriticalSection,nn::nex,ForcedCriticalSection
main,0x1f3aad0,N2nn3nex37NonReentrantableForcedCriticalSectionE,nn::nex::NonReentrantableForcedCriticalSection,nn::nex,NonReentrantableForcedCriticalSection
main,0x1f3b8a0,N2nn3nex6BufferE,nn::nex::Buffer,nn::nex,Buffer
main,0x1f3b8c0,N2nn3nex17ChecksumAlgorithmE,nn::nex::ChecksumAlgorithm,nn::nex,ChecksumAlgorithm
main,0x1f3b8e0,N2nn3nex12PluginObjectE,nn::nex::PluginObject,nn::nex,PluginObject
main,0x1f3b900,N2nn3nex12HMACChecksumE,nn::nex::HMACChecksum,nn::nex,HMACChecksum
main,0x1f3b920,N2nn3nex22KeyedChecksumAlgorithmE,nn::nex::KeyedChecksumAlgorithm,nn::nex,KeyedChecksumAlgorithm
main,0x1f3b950,N2nn3nex11CallContextE,nn::nex::CallContext,nn::nex,CallContext
main,0x1f3b970,N2nn3nex12JobDeriveKeyE,nn::nex::JobDeriveKey,nn::nex,JobDeriveKey
main,0x1f3b988,N2nn3nex3JobE,nn::nex::Job,nn::nex,Job
main,0x1f3b9a0,N2nn3nex11MD5ChecksumE,nn::nex::MD5Checksum,nn::nex,MD5Checksum
main,0x1f3b9c0,N2nn3nex18MD5ChecksumWithKeyE,nn::nex::MD5ChecksumWithKey,nn::nex,MD5ChecksumWithKey
main,0x1f3b9e0,N2nn3nex19EncryptionAlgorithmE,nn::nex::EncryptionAlgorithm,nn::nex,EncryptionAlgorithm
main,0x1f3ba00,N2nn3nex13RC4EncryptionE,nn::nex::RC4Encryption,nn::nex,RC4Encryption
main,0x1f3ba20,N2nn3nex9BitStreamE,nn::nex::BitStream,nn::nex,BitStream
main,0x1f3ba40,N2nn3nex10ByteStreamE,nn::nex::ByteStream,nn::nex,ByteStream
main,0x1f3ba60,N2nn3nex11PeriodicJobE,nn::nex::PeriodicJob,nn::nex,PeriodicJob
main,0x1f3ba80,N2nn3nex19CallContextRegisterE,nn::nex::CallContextRegister,nn::nex,CallContextRegister
main,0x1f3baa0,N2nn3nex15SystemComponentE,nn::nex::SystemComponent,nn::nex,SystemComponent
main,0x1f3bac0,N2nn3nex15StepSequenceJobE,nn::nex::StepSequenceJob,nn::nex,StepSequenceJob
main,0x1f3bae0,N2nn3nex6ChronoE,nn::nex::Chrono,nn::nex,Chrono
main,0x1f3baf4,N2nn3nex4CoreE,nn::nex::Core,nn::nex,Core
main,0x1f3bb10,N2nn3nex15InstanceControlE,nn::nex::InstanceControl,nn::nex,InstanceControl
main,0x1f3bb30,N2nn3nex13InstanceTableE,nn::nex::InstanceTable,nn::nex,InstanceTable
main,0x1f3bb50,N2nn3nex20InstantiationContextE,nn::nex::InstantiationContext,nn::nex,InstantiationContext
main,0x1f3bb70,N2nn3nex3KeyE,nn::nex::Key,nn::nex,Key
main,0x1f3bb80,N2nn3nex10LocalClockE,nn::nex::LocalClock,nn::nex,LocalClock
main,0x1f3bba0,N2nn3nex16OperationManagerE,nn::nex::OperationManager,nn::nex,OperationManager
main,0x1f3bbbc,N2nn3nex5PacerE,nn::nex::Pacer,nn::nex,Pacer
main,0x1f3bbd0,N2nn3nex24PseudoGlobalVariableListE,nn::nex::PseudoGlobalVariableList,nn::nex,PseudoGlobalVariableList
main,0x1f3bc00,N2nn3nex24PseudoGlobalVariableRootE,nn::nex::PseudoGlobalVariableRoot,nn::nex,PseudoGlobalVariableRoot
main,0x1f3bc30,N2nn3nex15PseudoSingletonE,nn::nex::PseudoSingleton,nn::nex,PseudoSingleton
main,0x1f3bc50,N2nn3nex7qBufferE,nn::nex::qBuffer,nn::nex,qBuffer
main,0x1f3bc70,N2nn3nex22SingleThreadCallPolicyE,nn::nex::SingleThreadCallPolicy,nn::nex,SingleThreadCallPolicy
main,0x1f3bca0,N2nn3nex10CallPolicyE,nn::nex::CallPolicy,nn::nex,CallPolicy
main,0x1f3bcc0,N2nn3nex20ThreadSafeCallPolicyE,nn::nex::ThreadSafeCallPolicy,nn::nex,ThreadSafeCallPolicy
main,0x1f3bce0,N2nn3nex9SchedulerE,nn::nex::Scheduler,nn::nex,Scheduler
main,0x1f3bd00,N2nn3nex22SecurityContextManagerE,nn::nex::SecurityContextManager,nn::nex,SecurityContextManager
main,0x1f3bd30,N2nn3nex15SystemComponent3UseE,nn::nex::SystemComponent::Use,nn::nex::SystemComponent,Use
main,0x1f3bd50,N2nn3nex20SystemComponentGroupE,nn::nex::SystemComponentGroup,nn::nex,SystemComponentGroup
main,0x1f3bd70,N2nn3nex16SystemComponentsE,nn::nex::SystemComponents,nn::nex,SystemComponents
main,0x1f3bd90,N2nn3nex13SystemSettingE,nn::nex::SystemSetting,nn::nex,SystemSetting
main,0x1f3bdb0,N2nn3nex13WorkerThreadsE,nn::nex::WorkerThreads,nn::nex,WorkerThreads
main,0x1f3bdd0,N2nn3nex9OperationE,nn::nex::Operation,nn::nex,Operation
main,0x1f3bdf0,N2nn3nex12StateMachine6QEventE,nn::nex::StateMachine::QEvent,nn::nex::StateMachine,QEvent
main,0x1f3be10,N2nn3nex20JobSignalCallContextE,nn::nex::JobSignalCallContext,nn::nex,JobSignalCallContext
main,0x1f3be40,N2nn3nex9Scheduler21SchedulerWorkerThreadE,nn::nex::Scheduler::SchedulerWorkerThread,nn::nex::Scheduler,SchedulerWorkerThread
main,0x1f3be70,N2nn3nex15SecurityContextE,nn::nex::SecurityContext,nn::nex,SecurityContext
main,0x1f3bfa0,N2nn3nex12CallbackRootE,nn::nex::CallbackRoot,nn::nex,CallbackRoot
main,0x1f3c160,N2nn3nex17ConnectionManagerE,nn::nex::ConnectionManager,nn::nex,ConnectionManager
main,0x1f3c180,N2nn3nex21TransportEventHandlerE,nn::nex::TransportEventHandler,nn::nex,TransportEventHandler
main,0x1f3c1b0,N2nn3nex24ConnectionOrientedStreamE,nn::nex::ConnectionOrientedStream,nn::nex,ConnectionOrientedStream
main,0x1f3c1e0,N2nn3nex6StreamE,nn::nex::Stream,nn::nex,Stream
main,0x1f3c200,N2nn3nex12RelayMessageE,nn::nex::RelayMessage,nn::nex,RelayMessage
main,0x1f3c220,N2nn3nex21PRUDPMessageInterfaceE,nn::nex::PRUDPMessageInterface,nn::nex,PRUDPMessageInterface
main,0x1f3c250,N2nn3nex11RelayStreamE,nn::nex::RelayStream,nn::nex,RelayStream
main,0x1f3c270,N2nn3nex19ConnectivityManagerE,nn::nex::ConnectivityManager,nn::nex,ConnectivityManager
main,0x1f3c290,N2nn3nex13NATPropertiesE,nn::nex::NATProperties,nn::nex,NATProperties
main,0x1f3c2b0,N2nn3nex9DnsClientE,nn::nex::DnsClient,nn::nex,DnsClient
main,0x1f3c2d0,N2nn3nex15EmulationDeviceE,nn::nex::EmulationDevice,nn::nex,EmulationDevice
main,0x1f3c2f0,N2nn3nex8EndPointE,nn::nex::EndPoint,nn::nex,EndPoint
main,0x1f3c310,N2nn3nex21EndPointInfoInterfaceE,nn::nex::EndPointInfoInterface,nn::nex,EndPointInfoInterface
main,0x1f3c340,N2nn3nex9PacketOutE,nn::nex::PacketOut,nn::nex,PacketOut
main,0x1f3c360,N2nn3nex6PacketE,nn::nex::Packet,nn::nex,Packet
main,0x1f3c380,N2nn3nex15HighLevelStreamE,nn::nex::HighLevelStream,nn::nex,HighLevelStream
main,0x1f3c3a0,N2nn3nex18JobConnectEndPointE,nn::nex::JobConnectEndPoint,nn::nex,JobConnectEndPoint
main,0x1f3c3c0,N2nn3nex14JobNameResolveE,nn::nex::JobNameResolve,nn::nex,JobNameResolve
main,0x1f3c3e0,N2nn3nex7MessageE,nn::nex::Message,nn::nex,Message
main,0x1f3c400,N2nn3nex17NATRelayInterfaceE,nn::nex::NATRelayInterface,nn::nex,NATRelayInterface
main,0x1f3c420,N2nn3nex18NATTraversalEngineE,nn::nex::NATTraversalEngine,nn::nex,NATTraversalEngine
main,0x1f3c440,N2nn3nex16JobCheckAndRelayE,nn::nex::JobCheckAndRelay,nn::nex,JobCheckAndRelay
main,0x1f3c460,N2nn3nex18NATTraversalStreamE,nn::nex::NATTraversalStream,nn::nex,NATTraversalStream
main,0x1f3c480,N2nn3nex7NetworkE,nn::nex::Network,nn::nex,Network
main,0x1f3c4a0,N2nn3nex15RC4PacketEncDecE,nn::nex::RC4PacketEncDec,nn::nex,RC4PacketEncDec
main,0x1f3c4c0,N2nn3nex15PacketEncDecInfE,nn::nex::PacketEncDecInf,nn::nex,PacketEncDecInf
main,0x1f3c4e0,N2nn3nex13RootTransportE,nn::nex::RootTransport,nn::nex,RootTransport
main,0x1f3c500,N2nn3nex14UPnPPropertiesE,nn::nex::UPnPProperties,nn::nex,UPnPProperties
main,0x1f3c520,N2nn3nex18StationContactInfoE,nn::nex::StationContactInfo,nn::nex,StationContactInfo
main,0x1f3c540,N2nn3nex10StationURLE,nn::nex::StationURL,nn::nex,StationURL
main,0x1f3c560,N2nn3nex14StreamBundlingE,nn::nex::StreamBundling,nn::nex,StreamBundling
main,0x1f3c580,N2nn3nex14StreamSettingsE,nn::nex::StreamSettings,nn::nex,StreamSettings
main,0x1f3c5a0,N2nn3nex11StreamTableE,nn::nex::StreamTable,nn::nex,StreamTable
main,0x1f3c5c0,N2nn3nex16TransportAdapterE,nn::nex::TransportAdapter,nn::nex,TransportAdapter
main,0x1f3c5e0,N2nn3nex22TransportStreamManagerE,nn::nex::TransportStreamManager,nn::nex,TransportStreamManager
main,0x1f3c610,N2nn3nex12URLProbeListE,nn::nex::URLProbeList,nn::nex,URLProbeList
main,0x1f3c6e0,N2nn3nex26TransportBufferMultiThreadE,nn::nex::TransportBufferMultiThread,nn::nex,TransportBufferMultiThread
main,0x1f3c710,N2nn3nex30TransportBufferThreadInterfaceE,nn::nex::TransportBufferThreadInterface,nn::nex,TransportBufferThreadInterface
main,0x1f3c73c,N2nn3nex5RelayE,nn::nex::Relay,nn::nex,Relay
main,0x1f3c750,N2nn3nex15SocketTransportE,nn::nex::SocketTransport,nn::nex,SocketTransport
main,0x1f3c770,N2nn3nex13PRUDPEndPointE,nn::nex::PRUDPEndPoint,nn::nex,PRUDPEndPoint
main,0x1f3c790,N2nn3nex23PRUDPStreamTemplateBaseE,nn::nex::PRUDPStreamTemplateBase,nn::nex,PRUDPStreamTemplateBase
main,0x1f3c7c0,N2nn3nex28PRUDPStreamTemplateInterfaceE,nn::nex::PRUDPStreamTemplateInterface,nn::nex,PRUDPStreamTemplateInterface
main,0x1f3c7f0,N2nn3nex11PRUDPStreamE,nn::nex::PRUDPStream,nn::nex,PRUDPStream
main,0x1f3c810,N2nn3nex20EndPointEventHandlerE,nn::nex::EndPointEventHandler,nn::nex,EndPointEventHandler
main,0x1f3c830,N2nn3nex20PRUDPMessageSelectorE,nn::nex::PRUDPMessageSelector,nn::nex,PRUDPMessageSelector
main,0x1f3c850,N2nn3nex14PRUDPMessageV0E,nn::nex::PRUDPMessageV0,nn::nex,PRUDPMessageV0
main,0x1f3c870,N2nn3nex14PRUDPMessageV1E,nn::nex::PRUDPMessageV1,nn::nex,PRUDPMessageV1
main,0x1f3c890,N2nn3nex18PRUDPLiteMessageV1E,nn::nex::PRUDPLiteMessageV1,nn::nex,PRUDPLiteMessageV1
main,0x1f3c8b0,N2nn3nex22PRUDPStreamTemplateImpE,nn::nex::PRUDPStreamTemplateImp,nn::nex,PRUDPStreamTemplateImp
main,0x1f3c8e0,N2nn3nex24PRUDPEndPointTemplateImpE,nn::nex::PRUDPEndPointTemplateImp,nn::nex,PRUDPEndPointTemplateImp
main,0x1f3c910,N2nn3nex30PRUDPEndPointTemplateInterfaceE,nn::nex::PRUDPEndPointTemplateInterface,nn::nex,PRUDPEndPointTemplateInterface
main,0x1f3c940,N2nn3nex31PRUDPStreamTemplatePRUDPLiteImpE,nn::nex::PRUDPStreamTemplatePRUDPLiteImp,nn::nex,PRUDPStreamTemplatePRUDPLiteImp
main,0x1f3c970,N2nn3nex33PRUDPEndPointTemplatePRUDPLiteImpE,nn::nex::PRUDPEndPointTemplatePRUDPLiteImp,nn::nex,PRUDPEndPointTemplatePRUDPLiteImp
main,0x1f3c9a0,N2nn3nex27MultiPRUDPStreamTemplateImpE,nn::nex::MultiPRUDPStreamTemplateImp,nn::nex,MultiPRUDPStreamTemplateImp
main,0x1f3c9d0,N2nn3nex21ProtocolMessageHolderE,nn::nex::ProtocolMessageHolder,nn::nex,ProtocolMessageHolder
main,0x1f3c9f4,N2nn3nex3RTTE,nn::nex::RTT,nn::nex,RTT
main,0x1f3ca10,N2nn3nex6RouterE,nn::nex::Router,nn::nex,Router
main,0x1f3ca30,N2nn3nex13RoutingStreamE,nn::nex::RoutingStream,nn::nex,RoutingStream
main,0x1f3ca50,N2nn3nex11PacketQueueE,nn::nex::PacketQueue,nn::nex,PacketQueue
main,0x1f3ca70,N2nn3nex13QueuingSocketE,nn::nex::QueuingSocket,nn::nex,QueuingSocket
main,0x1f3ca90,N2nn3nex28QueuingSocketTransportBufferE,nn::nex::QueuingSocketTransportBuffer,nn::nex,QueuingSocketTransportBuffer
main,0x1f3cac0,N2nn3nex7TimeoutE,nn::nex::Timeout,nn::nex,Timeout
main,0x1f3cae0,N2nn3nex12UDPTransportE,nn::nex::UDPTransport,nn::nex,UDPTransport
main,0x1f3cb00,N2nn3nex8URLProbeE,nn::nex::URLProbe,nn::nex,URLProbe
main,0x1f3cb20,N2nn3nex8PacketInE,nn::nex::PacketIn,nn::nex,PacketIn
main,0x1f3cb40,N2nn3nex20PacketBufferPacketInE,nn::nex::PacketBufferPacketIn,nn::nex,PacketBufferPacketIn
main,0x1f3cb60,N2nn3nex14ComponentStateE,nn::nex::ComponentState,nn::nex,ComponentState
main,0x1f3cba0,N2nn3nex21PacketBufferPacketOutE,nn::nex::PacketBufferPacketOut,nn::nex,PacketBufferPacketOut
main,0x1f3cbd0,N2nn3nex12PacketBufferE,nn::nex::PacketBuffer,nn::nex,PacketBuffer
main,0x1f3cbf0,N2nn3nex21OutputEmulationDeviceE,nn::nex::OutputEmulationDevice,nn::nex,OutputEmulationDevice
main,0x1f3cc20,N2nn3nex20InputEmulationDeviceE,nn::nex::InputEmulationDevice,nn::nex,InputEmulationDevice
main,0x1f3cc40,N2nn3nex23WakeupSchedulerNotifierE,nn::nex::WakeupSchedulerNotifier,nn::nex,WakeupSchedulerNotifier
main,0x1f3cc70,N2nn3nex33TransportReceiveNotifierInterfaceE,nn::nex::TransportReceiveNotifierInterface,nn::nex,TransportReceiveNotifierInterface
main,0x1f3cca0,N2nn3nex15SocketTransport12TransportJobE,nn::nex::SocketTransport::TransportJob,nn::nex::SocketTransport,TransportJob
main,0x1f3ccd0,N2nn3nex16IORequestContextE,nn::nex::IORequestContext,nn::nex,IORequestContext
main,0x1f3ccf0,N2nn3nex17DummyPacketEncDecE,nn::nex::DummyPacketEncDec,nn::nex,DummyPacketEncDec
main,0x1f3cd50,N2nn3nex31ResolveMethodContainerInterfaceE,nn::nex::ResolveMethodContainerInterface,nn::nex,ResolveMethodContainerInterface
main,0x1f3d2a0,N2nn3nex20BerkeleySocketDriverE,nn::nex::BerkeleySocketDriver,nn::nex,BerkeleySocketDriver
main,0x1f3d2c0,N2nn3nex12SocketDriverE,nn::nex::SocketDriver,nn::nex,SocketDriver
main,0x1f3d2e0,N2nn3nex20BerkeleySocketDriver14BerkeleySocketE,nn::nex::BerkeleySocketDriver::BerkeleySocket,nn::nex::BerkeleySocketDriver,BerkeleySocket
main,0x1f3d310,N2nn3nex12SocketDriver6SocketE,nn::nex::SocketDriver::Socket,nn::nex::SocketDriver,Socket
main,0x1f3d330,N2nn3nex21ClientWebSocketDriverE,nn::nex::ClientWebSocketDriver,nn::nex,ClientWebSocketDriver
main,0x1f3d360,N2nn3nex15WebSocketDriverE,nn::nex::WebSocketDriver,nn::nex,WebSocketDriver
main,0x1f3d380,N2nn3nex21ClientWebSocketDriver15ClientWebSocketE,nn::nex::ClientWebSocketDriver::ClientWebSocket,nn::nex::ClientWebSocketDriver,ClientWebSocket
main,0x1f3d3c0,N2nn3nex11InetAddressE,nn::nex::InetAddress,nn::nex,InetAddress
main,0x1f3d3e0,N2nn3nex6SocketE,nn::nex::Socket,nn::nex,Socket
main,0x1f3d4d0,N2nn3nex17SharedCounterBaseE,nn::nex::SharedCounterBase,nn::nex,SharedCounterBase
main,0x1f3dae0,N2nn3nex14HttpConnectionE,nn::nex::HttpConnection,nn::nex,HttpConnection
main,0x1f3db00,N2nn3nex18CurlHttpConnectionE,nn::nex::CurlHttpConnection,nn::nex,CurlHttpConnection
main,0x1f3db20,N2nn3nex10HttpClientE,nn::nex::HttpClient,nn::nex,HttpClient
main,0x1f3db40,N2nn3nex7JobHttpE,nn::nex::JobHttp,nn::nex,JobHttp
main,0x1f3db60,N2nn3nex18CurlHttpConnection15FixedBufferPoolE,nn::nex::CurlHttpConnection::FixedBufferPool,nn::nex::CurlHttpConnection,FixedBufferPool
main,0x1f3ddc0,N2nn3nex25OnlineCoreDDLDeclarationsE,nn::nex::OnlineCoreDDLDeclarations,nn::nex,OnlineCoreDDLDeclarations
main,0x1f3ddf0,N2nn3nex15DDLDeclarationsE,nn::nex::DDLDeclarations,nn::nex,DDLDeclarations
main,0x1f3de10,N2nn3nex21STLExtDDLDeclarationsE,nn::nex::STLExtDDLDeclarations,nn::nex,STLExtDDLDeclarations
main,0x1f3e050,N2nn3nex9_DDL_DataE,nn::nex::_DDL_Data,nn::nex,_DDL_Data
main,0x1f3e064,N2nn3nex4DataE,nn::nex::Data,nn::nex,Data
main,0x1f3e080,N2nn3nex14AnyDataAdapterE,nn::nex::AnyDataAdapter,nn::nex,AnyDataAdapter
main,0x1f3e0e0,N2nn3nex39AuthenticationFoundationDDLDeclarationsE,nn::nex::AuthenticationFoundationDDLDeclarations,nn::nex,AuthenticationFoundationDDLDeclarations
main,0x1f3e120,N2nn3nex33ProtocolFoundationDDLDeclarationsE,nn::nex::ProtocolFoundationDDLDeclarations,nn::nex,ProtocolFoundationDDLDeclarations
main,0x1f3e150,N2nn3nex27CallProtocolMethodOperationE,nn::nex::CallProtocolMethodOperation,nn::nex,CallProtocolMethodOperation
main,0x1f3e180,N2nn3nex19ProtocolCallContextE,nn::nex::ProtocolCallContext,nn::nex,ProtocolCallContext
main,0x1f3e1a0,N2nn3nex14ClientProtocolE,nn::nex::ClientProtocol,nn::nex,ClientProtocol
main,0x1f3e1c0,N2nn3nex8ProtocolE,nn::nex::Protocol,nn::nex,Protocol
main,0x1f3e1e0,N2nn3nex14ServerProtocolE,nn::nex::ServerProtocol,nn::nex,ServerProtocol
main,0x1f3e200,N2nn3nex28HealthServiceDDLDeclarationsE,nn::nex::HealthServiceDDLDeclarations,nn::nex,HealthServiceDDLDeclarations
main,0x1f3e230,N2nn3nex23JobProcessProtocolEventE,nn::nex::JobProcessProtocolEvent,nn::nex,JobProcessProtocolEvent
main,0x1f3e260,N2nn3nex25JobProcessProtocolMessageE,nn::nex::JobProcessProtocolMessage,nn::nex,JobProcessProtocolMessage
main,0x1f3e290,N2nn3nex16MD5KeyDerivationE,nn::nex::MD5KeyDerivation,nn::nex,MD5KeyDerivation
main,0x1f3e2b0,N2nn3nex13KeyDerivationE,nn::nex::KeyDerivation,nn::nex,KeyDerivation
main,0x1f3e2d0,N2nn3nex46_Proto_NintendoNotificationEventProtocolServerE,nn::nex::_Proto_NintendoNotificationEventProtocolServer,nn::nex,_Proto_NintendoNotificationEventProtocolServer
main,0x1f3e310,N2nn3nex32NintendoNotificationEventManagerE,nn::nex::NintendoNotificationEventManager,nn::nex,NintendoNotificationEventManager
main,0x1f3e340,N2nn3nex41NintendoProtocolFoundationDDLDeclarationsE,nn::nex::NintendoProtocolFoundationDDLDeclarations,nn::nex,NintendoProtocolFoundationDDLDeclarations
main,0x1f3e380,N2nn3nex33_Proto_NotificationProtocolServerE,nn::nex::_Proto_NotificationProtocolServer,nn::nex,_Proto_NotificationProtocolServer
main,0x1f3e3b0,N2nn3nex24NotificationEventManagerE,nn::nex::NotificationEventManager,nn::nex,NotificationEventManager
main,0x1f3e3e0,N2nn3nex13_DDL_NullDataE,nn::nex::_DDL_NullData,nn::nex,_DDL_NullData
main,0x1f3e400,N2nn3nex30ProtocolRequestBrokerInterfaceE,nn::nex::ProtocolRequestBrokerInterface,nn::nex,ProtocolRequestBrokerInterface
main,0x1f3e430,N2nn3nex30SecureConnectionProtocolClientE,nn::nex::SecureConnectionProtocolClient,nn::nex,SecureConnectionProtocolClient
main,0x1f3e460,N2nn3nex38SecureConnectionServiceDDLDeclarationsE,nn::nex::SecureConnectionServiceDDLDeclarations,nn::nex,SecureConnectionServiceDDLDeclarations
main,0x1f3e4a0,N2nn3nex13StreamManagerE,nn::nex::StreamManager,nn::nex,StreamManager
main,0x1f3e4c0,N2nn3nex6TicketE,nn::nex::Ticket,nn::nex,Ticket
main,0x1f3e4e0,N2nn3nex28TicketGrantingProtocolClientE,nn::nex::TicketGrantingProtocolClient,nn::nex,TicketGrantingProtocolClient
main,0x1f3e510,N2nn3nex25NintendoNotificationEventE,nn::nex::NintendoNotificationEvent,nn::nex,NintendoNotificationEvent
main,0x1f3e540,N2nn3nex30_DDL_NintendoNotificationEventE,nn::nex::_DDL_NintendoNotificationEvent,nn::nex,_DDL_NintendoNotificationEvent
main,0x1f3e5d0,N2nn3nex8NullDataE,nn::nex::NullData,nn::nex,NullData
main,0x1f3e5f0,N2nn3nex14ConnectionDataE,nn::nex::ConnectionData,nn::nex,ConnectionData
main,0x1f3e610,N2nn3nex19_DDL_ConnectionDataE,nn::nex::_DDL_ConnectionData,nn::nex,_DDL_ConnectionData
main,0x1f3e630,N2nn3nex16RVConnectionDataE,nn::nex::RVConnectionData,nn::nex,RVConnectionData
main,0x1f3e650,N2nn3nex21_DDL_RVConnectionDataE,nn::nex::_DDL_RVConnectionData,nn::nex,_DDL_RVConnectionData
main,0x1f3e680,N2nn3nex30ValidateAndRequestTicketResultE,nn::nex::ValidateAndRequestTicketResult,nn::nex,ValidateAndRequestTicketResult
main,0x1f3e6b0,N2nn3nex35_DDL_ValidateAndRequestTicketResultE,nn::nex::_DDL_ValidateAndRequestTicketResult,nn::nex,_DDL_ValidateAndRequestTicketResult
main,0x1f3e6e0,N2nn3nex29ValidateAndRequestTicketParamE,nn::nex::ValidateAndRequestTicketParam,nn::nex,ValidateAndRequestTicketParam
main,0x1f3e710,N2nn3nex34_DDL_ValidateAndRequestTicketParamE,nn::nex::_DDL_ValidateAndRequestTicketParam,nn::nex,_DDL_ValidateAndRequestTicketParam
main,0x1f3e900,N2nn3nex13ServiceClientE,nn::nex::ServiceClient,nn::nex,ServiceClient
main,0x1f3e920,N2nn3nex39AccountManagementServiceDDLDeclarationsE,nn::nex::AccountManagementServiceDDLDeclarations,nn::nex,AccountManagementServiceDDLDeclarations
main,0x1f3e960,N2nn3nex20AuthenticationClientE,nn::nex::AuthenticationClient,nn::nex,AuthenticationClient
main,0x1f3e980,N2nn3nex29JobTicketManagerAcquireTicketE,nn::nex::JobTicketManagerAcquireTicket,nn::nex,JobTicketManagerAcquireTicket
main,0x1f3e9b0,N2nn3nex21JobTicketManagerLoginE,nn::nex::JobTicketManagerLogin,nn::nex,JobTicketManagerLogin
main,0x1f3e9e0,N2nn3nex15BackEndServicesE,nn::nex::BackEndServices,nn::nex,BackEndServices
main,0x1f3ea00,N2nn3nex27ClientProtocolRequestBrokerE,nn::nex::ClientProtocolRequestBroker,nn::nex,ClientProtocolRequestBroker
main,0x1f3ea30,N2nn3nex19ClientStreamManagerE,nn::nex::ClientStreamManager,nn::nex,ClientStreamManager
main,0x1f3ea50,N2nn3nex11CredentialsE,nn::nex::Credentials,nn::nex,Credentials
main,0x1f3ea70,N2nn3nex16FileServerClientE,nn::nex::FileServerClient,nn::nex,FileServerClient
main,0x1f3ea90,N2nn3nex30GlobalNotificationEventManagerE,nn::nex::GlobalNotificationEventManager,nn::nex,GlobalNotificationEventManager
main,0x1f3eac0,N2nn3nex23JobBackEndServicesLoginE,nn::nex::JobBackEndServicesLogin,nn::nex,JobBackEndServicesLogin
main,0x1f3eaf0,N2nn3nex24JobBackEndServicesLogoutE,nn::nex::JobBackEndServicesLogout,nn::nex,JobBackEndServicesLogout
main,0x1f3eb20,N2nn3nex27JobBackEndServicesTerminateE,nn::nex::JobBackEndServicesTerminate,nn::nex,JobBackEndServicesTerminate
main,0x1f3eb50,N2nn3nex13JobFileServerE,nn::nex::JobFileServer,nn::nex,JobFileServer
main,0x1f3eb70,N2nn3nex16ProtocolRegistryE,nn::nex::ProtocolRegistry,nn::nex,ProtocolRegistry
main,0x1f3eb90,N2nn3nex12RVClientCoreE,nn::nex::RVClientCore,nn::nex,RVClientCore
main,0x1f3ebb0,N2nn3nex10RendezVousE,nn::nex::RendezVous,nn::nex,RendezVous
main,0x1f3ebd0,N2nn3nex24RendezVousLoginOperationE,nn::nex::RendezVousLoginOperation,nn::nex,RendezVousLoginOperation
main,0x1f3ec00,N2nn3nex19RendezVousOperationE,nn::nex::RendezVousOperation,nn::nex,RendezVousOperation
main,0x1f3ec20,N2nn3nex25RendezVousLogoutOperationE,nn::nex::RendezVousLogoutOperation,nn::nex,RendezVousLogoutOperation
main,0x1f3ec50,N2nn3nex22SecureConnectionClientE,nn::nex::SecureConnectionClient,nn::nex,SecureConnectionClient
main,0x1f3ec80,N2nn3nex24JobConnectSecureEndPointE,nn::nex::JobConnectSecureEndPoint,nn::nex,JobConnectSecureEndPoint
main,0x1f3ecb0,N2nn3nex14SecureEndPointE,nn::nex::SecureEndPoint,nn::nex,SecureEndPoint
main,0x1f3ecd0,N2nn3nex12SecureStreamE,nn::nex::SecureStream,nn::nex,SecureStream
main,0x1f3ecf0,N2nn3nex15BackEndServices13SharedContextE,nn::nex::BackEndServices::SharedContext,nn::nex::BackEndServices,SharedContext
main,0x1f3ed20,N2nn3nex24NotificationEventHandlerE,nn::nex::NotificationEventHandler,nn::nex,NotificationEventHandler
main,0x1f3ef30,N2nn3nex27SubscriptionDDLDeclarationsE,nn::nex::SubscriptionDDLDeclarations,nn::nex,SubscriptionDDLDeclarations
main,0x1f3ef60,N2nn3nex21_DDL_SubscriptionDataE,nn::nex::_DDL_SubscriptionData,nn::nex,_DDL_SubscriptionData
main,0x1f3ef90,N2nn3nex33_DDL_ActivePlayerSubscriptionDataE,nn::nex::_DDL_ActivePlayerSubscriptionData,nn::nex,_DDL_ActivePlayerSubscriptionData
main,0x1f3efc0,N2nn3nex16SubscriptionDataE,nn::nex::SubscriptionData,nn::nex,SubscriptionData
main,0x1f3efe0,N2nn3nex17_DDL_LocationDataE,nn::nex::_DDL_LocationData,nn::nex,_DDL_LocationData
main,0x1f3f000,N2nn3nex26SubscriptionProtocolClientE,nn::nex::SubscriptionProtocolClient,nn::nex,SubscriptionProtocolClient
main,0x1f3f030,N2nn3nex18SubscriptionClientE,nn::nex::SubscriptionClient,nn::nex,SubscriptionClient
main,0x1f3f050,N2nn3nex28ActivePlayerSubscriptionDataE,nn::nex::ActivePlayerSubscriptionData,nn::nex,ActivePlayerSubscriptionData
main,0x1f3f0d0,N2nn3nex22UtilityDDLDeclarationsE,nn::nex::UtilityDDLDeclarations,nn::nex,UtilityDDLDeclarations
main,0x1f3f100,N2nn3nex21UtilityProtocolClientE,nn::nex::UtilityProtocolClient,nn::nex,UtilityProtocolClient
main,0x1f3f130,N2nn3nex13UtilityClientE,nn::nex::UtilityClient,nn::nex,UtilityClient
main,0x1f3f190,N2nn3pia5clone13ClockProtocolE,nn::pia::clone::ClockProtocol,nn::pia::clone,ClockProtocol
main,0x1f3f1b0,N2nn3pia6common12_GLOBAL__N_113DelegatePrintE,nn::pia::common::_GLOBAL__N_1::DelegatePrint,nn::pia::common::_GLOBAL__N_1,DelegatePrint
main,0x1f3f3a0,N2nn3pia6common11InetAddressE,nn::pia::common::InetAddress,nn::pia::common,InetAddress
main,0x1f3f3c0,N2nn3pia6common13ISerializableE,nn::pia::common::ISerializable,nn::pia::common,ISerializable
main,0x1f3f510,N2nn3pia6common21MonitoringDataSendJobE,nn::pia::common::MonitoringDataSendJob,nn::pia::common,MonitoringDataSendJob
main,0x1f3f540,N2nn3pia6common33MonitoringServerAddressResolveJobE,nn::pia::common::MonitoringServerAddressResolveJob,nn::pia::common,MonitoringServerAddressResolveJob
main,0x1f3f5d0,N2nn3pia6common3JobE,nn::pia::common::Job,nn::pia::common,Job
main,0x1f40160,N2nn3pia6common15StepSequenceJobE,nn::pia::common::StepSequenceJob,nn::pia::common,StepSequenceJob
main,0x1f40190,N2nn3pia6common15StepSequenceJob4StepE,nn::pia::common::StepSequenceJob::Step,nn::pia::common::StepSequenceJob,Step
main,0x1f401c0,N2nn3pia6common6StringE,nn::pia::common::String,nn::pia::common,String
main,0x1f401e0,N2nn3pia6common10Md5ContextE,nn::pia::common::Md5Context,nn::pia::common,Md5Context
main,0x1f40200,N2nn3pia6common15HashContextBaseE,nn::pia::common::HashContextBase,nn::pia::common,HashContextBase
main,0x1f40230,N2nn3pia6common14StationAddressE,nn::pia::common::StationAddress,nn::pia::common,StationAddress
main,0x1f40260,N2nn3pia6common16SocketStreamBaseE,nn::pia::common::SocketStreamBase,nn::pia::common,SocketStreamBase
main,0x1f40290,N2nn3pia6common6Packet6HeaderE,nn::pia::common::Packet::Header,nn::pia::common::Packet,Header
main,0x1f403b0,N2nn3pia6common13Sha256ContextE,nn::pia::common::Sha256Context,nn::pia::common,Sha256Context
main,0x1f403d0,N2nn3pia6common21ShaBlock512BitContextE,nn::pia::common::ShaBlock512BitContext,nn::pia::common,ShaBlock512BitContext
main,0x1f40400,N2nn3pia3lan23LanCreateSessionSettingE,nn::pia::lan::LanCreateSessionSetting,nn::pia::lan,LanCreateSessionSetting
main,0x1f40430,N2nn3pia3lan27LanJoinRandomSessionSettingE,nn::pia::lan::LanJoinRandomSessionSetting,nn::pia::lan,LanJoinRandomSessionSetting
main,0x1f40460,N2nn3pia7session24JoinRandomSessionSettingE,nn::pia::session::JoinRandomSessionSetting,nn::pia::session,JoinRandomSessionSetting
main,0x1f40490,N2nn3pia3lan21LanJoinSessionSettingE,nn::pia::lan::LanJoinSessionSetting,nn::pia::lan,LanJoinSessionSetting
main,0x1f404c0,N2nn3pia3lan17LanNetworkFactoryE,nn::pia::lan::LanNetworkFactory,nn::pia::lan,LanNetworkFactory
main,0x1f40540,N2nn3pia7session16ISessionInfoListE,nn::pia::session::ISessionInfoList,nn::pia::session,ISessionInfoList
main,0x1f40570,N2nn3pia3lan21LanSessionInfoPrivateE,nn::pia::lan::LanSessionInfoPrivate,nn::pia::lan,LanSessionInfoPrivate
main,0x1f405a0,N2nn3pia3lan14LanInputStreamE,nn::pia::lan::LanInputStream,nn::pia::lan,LanInputStream
main,0x1f405c0,N2nn3pia6common12IPacketInputE,nn::pia::common::IPacketInput,nn::pia::common,IPacketInput
main,0x1f405e0,N2nn3pia3lan19LanMatchmakeSessionE,nn::pia::lan::LanMatchmakeSession,nn::pia::lan,LanMatchmakeSession
main,0x1f40640,N2nn3pia3lan20LanConnectStationJobE,nn::pia::lan::LanConnectStationJob,nn::pia::lan,LanConnectStationJob
main,0x1f40670,N2nn3pia3lan22LanMatchJoinSessionJobE,nn::pia::lan::LanMatchJoinSessionJob,nn::pia::lan,LanMatchJoinSessionJob
main,0x1f406a0,N2nn3pia3lan23LanMatchJointSessionJobE,nn::pia::lan::LanMatchJointSessionJob,nn::pia::lan,LanMatchJointSessionJob
main,0x1f406d0,N2nn3pia3lan23LanMatchLeaveSessionJobE,nn::pia::lan::LanMatchLeaveSessionJob,nn::pia::lan,LanMatchLeaveSessionJob
main,0x1f40700,N2nn3pia3lan24LanMatchCreateSessionJobE,nn::pia::lan::LanMatchCreateSessionJob,nn::pia::lan,LanMatchCreateSessionJob
main,0x1f40730,N2nn3pia3lan25LanMatchDestroySessionJobE,nn::pia::lan::LanMatchDestroySessionJob,nn::pia::lan,LanMatchDestroySessionJob
main,0x1f40760,N2nn3pia3lan26LanMatchBrowseMatchmakeJobE,nn::pia::lan::LanMatchBrowseMatchmakeJob,nn::pia::lan,LanMatchBrowseMatchmakeJob
main,0x1f40790,N2nn3pia3lan26LanMatchRandomMatchmakeJobE,nn::pia::lan::LanMatchRandomMatchmakeJob,nn::pia::lan,LanMatchRandomMatchmakeJob
main,0x1f407c0,N2nn3pia3lan27LanMatchMeshLayerControllerE,nn::pia::lan::LanMatchMeshLayerController,nn::pia::lan,LanMatchMeshLayerController
main,0x1f407f0,N2nn3pia3lan28LanLeaveWithHostMigrationJobE,nn::pia::lan::LanLeaveWithHostMigrationJob,nn::pia::lan,LanLeaveWithHostMigrationJob
main,0x1f40820,N2nn3pia3lan31LanMatchUpdateSessionSettingJobE,nn::pia::lan::LanMatchUpdateSessionSettingJob,nn::pia::lan,LanMatchUpdateSessionSettingJob
main,0x1f40850,N2nn3pia3lan14LanJoinMeshJobE,nn::pia::lan::LanJoinMeshJob,nn::pia::lan,LanJoinMeshJob
main,0x1f40870,N2nn3pia3lan16LanCreateMeshJobE,nn::pia::lan::LanCreateMeshJob,nn::pia::lan,LanCreateMeshJob
main,0x1f40890,N2nn3pia3lan15LanOutputStreamE,nn::pia::lan::LanOutputStream,nn::pia::lan,LanOutputStream
main,0x1f408b0,N2nn3pia6common13IPacketOutputE,nn::pia::common::IPacketOutput,nn::pia::common,IPacketOutput
main,0x1f408d0,N2nn3pia3lan26LanProcessHostMigrationJobE,nn::pia::lan::LanProcessHostMigrationJob,nn::pia::lan,LanProcessHostMigrationJob
main,0x1f40920,N2nn3pia3lan11LanProtocolE,nn::pia::lan::LanProtocol,nn::pia::lan,LanProtocol
main,0x1f40940,N2nn3pia3lan10LanMessageE,nn::pia::lan::LanMessage,nn::pia::lan,LanMessage
main,0x1f40960,N2nn3pia3lan17LanGetHostMessageE,nn::pia::lan::LanGetHostMessage,nn::pia::lan,LanGetHostMessage
main,0x1f40990,N2nn3pia3lan14LanHostMessageE,nn::pia::lan::LanHostMessage,nn::pia::lan,LanHostMessage
main,0x1f409b0,N2nn3pia3lan20LanGetSessionMessageE,nn::pia::lan::LanGetSessionMessage,nn::pia::lan,LanGetSessionMessage
main,0x1f409e0,N2nn3pia3lan17LanSessionMessageE,nn::pia::lan::LanSessionMessage,nn::pia::lan,LanSessionMessage
main,0x1f40a10,N2nn3pia3lan23LanSelfKeepAliveMessageE,nn::pia::lan::LanSelfKeepAliveMessage,nn::pia::lan,LanSelfKeepAliveMessage
main,0x1f40a40,N2nn3pia3lan21LanMatchmakeUpdateJobE,nn::pia::lan::LanMatchmakeUpdateJob,nn::pia::lan,LanMatchmakeUpdateJob
main,0x1f40a70,N2nn3pia3lan14LanSessionInfoE,nn::pia::lan::LanSessionInfo,nn::pia::lan,LanSessionInfo
main,0x1f40a90,N2nn3pia7session12ISessionInfoE,nn::pia::session::ISessionInfo,nn::pia::session,ISessionInfo
main,0x1f40ab0,N2nn3pia3lan24LanSessionSearchCriteriaE,nn::pia::lan::LanSessionSearchCriteria,nn::pia::lan,LanSessionSearchCriteria
main,0x1f40ae0,N2nn3pia3lan14LanStationInfoE,nn::pia::lan::LanStationInfo,nn::pia::lan,LanStationInfo
main,0x1f40b00,N2nn3pia3lan23LanUpdateSessionSettingE,nn::pia::lan::LanUpdateSessionSetting,nn::pia::lan,LanUpdateSessionSetting
main,0x1f40b30,N2nn3pia5local23LdnCreateSessionSettingE,nn::pia::local::LdnCreateSessionSetting,nn::pia::local,LdnCreateSessionSetting
main,0x1f40b60,N2nn3pia5local23LdnCreateNetworkSettingE,nn::pia::local::LdnCreateNetworkSetting,nn::pia::local,LdnCreateNetworkSetting
main,0x1f40b90,N2nn3pia5local25LocalCreateNetworkSettingE,nn::pia::local::LocalCreateNetworkSetting,nn::pia::local,LocalCreateNetworkSetting
main,0x1f40bc0,N2nn3pia5local21LdnJoinSessionSettingE,nn::pia::local::LdnJoinSessionSetting,nn::pia::local,LdnJoinSessionSetting
main,0x1f40bf0,N2nn3pia5local17LdnNetworkFactoryE,nn::pia::local::LdnNetworkFactory,nn::pia::local,LdnNetworkFactory
main,0x1f40c60,N2nn3pia5local14LdnInputStreamE,nn::pia::local::LdnInputStream,nn::pia::local,LdnInputStream
main,0x1f40c80,N2nn3pia5local19LdnMatchmakeSessionE,nn::pia::local::LdnMatchmakeSession,nn::pia::local,LdnMatchmakeSession
main,0x1f40cb0,N2nn3pia5local21LdnNetworkDescriptionE,nn::pia::local::LdnNetworkDescription,nn::pia::local,LdnNetworkDescription
main,0x1f40ce0,N2nn3pia5local23LocalNetworkDescriptionE,nn::pia::local::LocalNetworkDescription,nn::pia::local,LocalNetworkDescription
main,0x1f40d10,N2nn3pia5local15LdnOutputStreamE,nn::pia::local::LdnOutputStream,nn::pia::local,LdnOutputStream
main,0x1f40d60,N2nn3pia5local11LdnProtocolE,nn::pia::local::LdnProtocol,nn::pia::local,LdnProtocol
main,0x1f40d80,N2nn3pia5local19LdnCreateNetworkJobE,nn::pia::local::LdnCreateNetworkJob,nn::pia::local,LdnCreateNetworkJob
main,0x1f40db0,N2nn3pia5local23LdnBackgroundProcessJobE,nn::pia::local::LdnBackgroundProcessJob,nn::pia::local,LdnBackgroundProcessJob
main,0x1f40e00,N2nn3pia5local19LdnHostMigrationJobE,nn::pia::local::LdnHostMigrationJob,nn::pia::local,LdnHostMigrationJob
main,0x1f40e30,N2nn3pia5local26LdnEventCheckBackgroundJobE,nn::pia::local::LdnEventCheckBackgroundJob,nn::pia::local,LdnEventCheckBackgroundJob
main,0x1f40e60,N2nn3pia5local28LdnForceDisconnectNetworkJobE,nn::pia::local::LdnForceDisconnectNetworkJob,nn::pia::local,LdnForceDisconnectNetworkJob
main,0x1f40e90,N2nn3pia5local19LdnConnectionStatusE,nn::pia::local::LdnConnectionStatus,nn::pia::local,LdnConnectionStatus
main,0x1f40ec0,N2nn3pia5local17LdnScanNetworkJobE,nn::pia::local::LdnScanNetworkJob,nn::pia::local,LdnScanNetworkJob
main,0x1f40ef0,N2nn3pia5local14LdnSessionInfoE,nn::pia::local::LdnSessionInfo,nn::pia::local,LdnSessionInfo
main,0x1f40f10,N2nn3pia5local14LdnStationInfoE,nn::pia::local::LdnStationInfo,nn::pia::local,LdnStationInfo
main,0x1f40f30,N2nn3pia5local16LocalStationInfoE,nn::pia::local::LocalStationInfo,nn::pia::local,LocalStationInfo
main,0x1f40f90,N2nn3pia5local24LdnSessionSearchCriteriaE,nn::pia::local::LdnSessionSearchCriteria,nn::pia::local,LdnSessionSearchCriteria
main,0x1f40fc0,N2nn3pia5local26LocalSessionSearchCriteriaE,nn::pia::local::LocalSessionSearchCriteria,nn::pia::local,LocalSessionSearchCriteria
main,0x1f40ff0,N2nn3pia5local23LdnUpdateSessionSettingE,nn::pia::local::LdnUpdateSessionSetting,nn::pia::local,LdnUpdateSessionSetting
main,0x1f41020,N2nn3pia5local12LocalAddressE,nn::pia::local::LocalAddress,nn::pia::local,LocalAddress
main,0x1f41040,N2nn3pia5local25LocalBackgroundProcessJobE,nn::pia::local::LocalBackgroundProcessJob,nn::pia::local,LocalBackgroundProcessJob
main,0x1f41070,N2nn3pia5local21LocalConnectionStatusE,nn::pia::local::LocalConnectionStatus,nn::pia::local,LocalConnectionStatus
main,0x1f410b0,N2nn3pia5local21LocalCreateNetworkJobE,nn::pia::local::LocalCreateNetworkJob,nn::pia::local,LocalCreateNetworkJob
main,0x1f410e0,N2nn3pia5local25LocalCreateSessionSettingE,nn::pia::local::LocalCreateSessionSetting,nn::pia::local,LocalCreateSessionSetting
main,0x1f41140,N2nn3pia5local28LocalEventCheckBackgroundJobE,nn::pia::local::LocalEventCheckBackgroundJob,nn::pia::local,LocalEventCheckBackgroundJob
main,0x1f41170,N2nn3pia5local11LocalFacadeE,nn::pia::local::LocalFacade,nn::pia::local,LocalFacade
main,0x1f41190,N2nn3pia5local30LocalForceDisconnectNetworkJobE,nn::pia::local::LocalForceDisconnectNetworkJob,nn::pia::local,LocalForceDisconnectNetworkJob
main,0x1f41210,N2nn3pia5local21LocalHostMigrationJobE,nn::pia::local::LocalHostMigrationJob,nn::pia::local,LocalHostMigrationJob
main,0x1f41240,N2nn3pia5local16LocalInputStreamE,nn::pia::local::LocalInputStream,nn::pia::local,LocalInputStream
main,0x1f41270,N2nn3pia5local23LocalJoinSessionSettingE,nn::pia::local::LocalJoinSessionSetting,nn::pia::local,LocalJoinSessionSetting
main,0x1f412a0,N2nn3pia5local29LocalMatchMeshLayerControllerE,nn::pia::local::LocalMatchMeshLayerController,nn::pia::local,LocalMatchMeshLayerController
main,0x1f412d0,N2nn3pia5local21LocalMatchmakeSessionE,nn::pia::local::LocalMatchmakeSession,nn::pia::local,LocalMatchmakeSession
main,0x1f41300,N2nn3pia5local19LocalNetworkFactoryE,nn::pia::local::LocalNetworkFactory,nn::pia::local,LocalNetworkFactory
main,0x1f41330,N2nn3pia5local21LocalKickoutManageJobE,nn::pia::local::LocalKickoutManageJob,nn::pia::local,LocalKickoutManageJob
main,0x1f41360,N2nn3pia5local24LocalMatchJoinSessionJobE,nn::pia::local::LocalMatchJoinSessionJob,nn::pia::local,LocalMatchJoinSessionJob
main,0x1f41390,N2nn3pia5local25LocalMatchLeaveSessionJobE,nn::pia::local::LocalMatchLeaveSessionJob,nn::pia::local,LocalMatchLeaveSessionJob
main,0x1f413c0,N2nn3pia5local26LocalMatchCreateSessionJobE,nn::pia::local::LocalMatchCreateSessionJob,nn::pia::local,LocalMatchCreateSessionJob
main,0x1f413f0,N2nn3pia5local27LocalMatchDestroySessionJobE,nn::pia::local::LocalMatchDestroySessionJob,nn::pia::local,LocalMatchDestroySessionJob
main,0x1f41460,N2nn3pia5local28LocalMatchBrowseMatchmakeJobE,nn::pia::local::LocalMatchBrowseMatchmakeJob,nn::pia::local,LocalMatchBrowseMatchmakeJob
main,0x1f41490,N2nn3pia5local33LocalLeaveWithHostMigrationJobNewE,nn::pia::local::LocalLeaveWithHostMigrationJobNew,nn::pia::local,LocalLeaveWithHostMigrationJobNew
main,0x1f414d0,N2nn3pia5local33LocalMatchUpdateSessionSettingJobE,nn::pia::local::LocalMatchUpdateSessionSettingJob,nn::pia::local,LocalMatchUpdateSessionSettingJob
main,0x1f41510,N2nn3pia5local17LocalOutputStreamE,nn::pia::local::LocalOutputStream,nn::pia::local,LocalOutputStream
main,0x1f41540,N2nn3pia5local31LocalProcessHostMigrationJobNewE,nn::pia::local::LocalProcessHostMigrationJobNew,nn::pia::local,LocalProcessHostMigrationJobNew
main,0x1f415c0,N2nn3pia5local13LocalProtocolE,nn::pia::local::LocalProtocol,nn::pia::local,LocalProtocol
main,0x1f415e0,N2nn3pia5local12LocalMessageE,nn::pia::local::LocalMessage,nn::pia::local,LocalMessage
main,0x1f41600,N2nn3pia5local25LocalUpdateSessionMessageE,nn::pia::local::LocalUpdateSessionMessage,nn::pia::local,LocalUpdateSessionMessage
main,0x1f41630,N2nn3pia5local26LocalDestroyNetworkMessageE,nn::pia::local::LocalDestroyNetworkMessage,nn::pia::local,LocalDestroyNetworkMessage
main,0x1f41660,N2nn3pia5local30LocalStartHostMigrationMessageE,nn::pia::local::LocalStartHostMigrationMessage,nn::pia::local,LocalStartHostMigrationMessage
main,0x1f41690,N2nn3pia5local15LocalAckMessageE,nn::pia::local::LocalAckMessage,nn::pia::local,LocalAckMessage
main,0x1f416d0,N2nn3pia5local13LocalEventJobE,nn::pia::local::LocalEventJob,nn::pia::local,LocalEventJob
main,0x1f41700,N2nn3pia5local22LocalConnectNetworkJobE,nn::pia::local::LocalConnectNetworkJob,nn::pia::local,LocalConnectNetworkJob
main,0x1f41740,N2nn3pia5local22LocalDestroyNetworkJobE,nn::pia::local::LocalDestroyNetworkJob,nn::pia::local,LocalDestroyNetworkJob
main,0x1f41780,N2nn3pia5local25LocalDisconnectNetworkJobE,nn::pia::local::LocalDisconnectNetworkJob,nn::pia::local,LocalDisconnectNetworkJob
main,0x1f417c0,N2nn3pia5local26LocalAllowParticipatingJobE,nn::pia::local::LocalAllowParticipatingJob,nn::pia::local,LocalAllowParticipatingJob
main,0x1f417f0,N2nn3pia5local36LocalAllowParticipatingBackgroundJobE,nn::pia::local::LocalAllowParticipatingBackgroundJob,nn::pia::local,LocalAllowParticipatingBackgroundJob
main,0x1f41840,N2nn3pia5local28LocalEjectClientListCheckJobE,nn::pia::local::LocalEjectClientListCheckJob,nn::pia::local,LocalEjectClientListCheckJob
main,0x1f41870,N2nn3pia5local29LocalEjectClientBackgroundJobE,nn::pia::local::LocalEjectClientBackgroundJob,nn::pia::local,LocalEjectClientBackgroundJob
main,0x1f418a0,N2nn3pia5local9LocalNodeE,nn::pia::local::LocalNode,nn::pia::local,LocalNode
main,0x1f418c0,N2nn3pia5local21LocalResendMessageJobE,nn::pia::local::LocalResendMessageJob,nn::pia::local,LocalResendMessageJob
main,0x1f41900,N2nn3pia5local19LocalScanNetworkJobE,nn::pia::local::LocalScanNetworkJob,nn::pia::local,LocalScanNetworkJob
main,0x1f41930,N2nn3pia5local16LocalSessionInfoE,nn::pia::local::LocalSessionInfo,nn::pia::local,LocalSessionInfo
main,0x1f41960,N2nn3pia5local25LocalUpdateSessionSettingE,nn::pia::local::LocalUpdateSessionSetting,nn::pia::local,LocalUpdateSessionSetting
main,0x1f41990,N2nn3pia4mesh17ConnectStationJobE,nn::pia::mesh::ConnectStationJob,nn::pia::mesh,ConnectStationJob
main,0x1f419c0,N2nn3pia4mesh13CreateMeshJobE,nn::pia::mesh::CreateMeshJob,nn::pia::mesh,CreateMeshJob
main,0x1f419e0,N2nn3pia4mesh11JoinMeshJobE,nn::pia::mesh::JoinMeshJob,nn::pia::mesh,JoinMeshJob
main,0x1f41a00,N2nn3pia4mesh20DisconnectStationJobE,nn::pia::mesh::DisconnectStationJob,nn::pia::mesh,DisconnectStationJob
main,0x1f41a30,N2nn3pia4mesh16KickoutManageJobE,nn::pia::mesh::KickoutManageJob,nn::pia::mesh,KickoutManageJob
main,0x1f41a60,N2nn3pia4mesh12LeaveMeshJobE,nn::pia::mesh::LeaveMeshJob,nn::pia::mesh,LeaveMeshJob
main,0x1f41a80,N2nn3pia4mesh25LeaveWithHostMigrationJobE,nn::pia::mesh::LeaveWithHostMigrationJob,nn::pia::mesh,LeaveWithHostMigrationJob
main,0x1f41ab0,N2nn3pia4mesh14DestroyMeshJobE,nn::pia::mesh::DestroyMeshJob,nn::pia::mesh,DestroyMeshJob
main,0x1f41ad0,N2nn3pia4mesh18MeshNetworkFactoryE,nn::pia::mesh::MeshNetworkFactory,nn::pia::mesh,MeshNetworkFactory
main,0x1f41b00,N2nn3pia4mesh16MeshPacketReaderE,nn::pia::mesh::MeshPacketReader,nn::pia::mesh,MeshPacketReader
main,0x1f41b30,N2nn3pia4mesh16MeshPacketWriterE,nn::pia::mesh::MeshPacketWriter,nn::pia::mesh,MeshPacketWriter
main,0x1f41d60,N2nn3pia4mesh12MeshProtocolE,nn::pia::mesh::MeshProtocol,nn::pia::mesh,MeshProtocol
main,0x1f41d80,N2nn3pia4mesh11MeshStationE,nn::pia::mesh::MeshStation,nn::pia::mesh,MeshStation
main,0x1f41da0,N2nn3pia4mesh24MeshStationLocationTableE,nn::pia::mesh::MeshStationLocationTable,nn::pia::mesh,MeshStationLocationTable
main,0x1f41dd0,N2nn3pia4mesh18MeshStationManagerE,nn::pia::mesh::MeshStationManager,nn::pia::mesh,MeshStationManager
main,0x1f41e10,N2nn3pia4mesh19MeshStationProtocolE,nn::pia::mesh::MeshStationProtocol,nn::pia::mesh,MeshStationProtocol
main,0x1f41e40,N2nn3pia4mesh21MeshTransportAnalyzerE,nn::pia::mesh::MeshTransportAnalyzer,nn::pia::mesh,MeshTransportAnalyzer
main,0x1f41e70,N2nn3pia4mesh27ProcessConnectionRequestJobE,nn::pia::mesh::ProcessConnectionRequestJob,nn::pia::mesh,ProcessConnectionRequestJob
main,0x1f41ea0,N2nn3pia4mesh21ProcessDestroyMeshJobE,nn::pia::mesh::ProcessDestroyMeshJob,nn::pia::mesh,ProcessDestroyMeshJob
main,0x1f41ed0,N2nn3pia4mesh23ProcessHostMigrationJobE,nn::pia::mesh::ProcessHostMigrationJob,nn::pia::mesh,ProcessHostMigrationJob
main,0x1f41f00,N2nn3pia4mesh21ProcessJoinRequestJobE,nn::pia::mesh::ProcessJoinRequestJob,nn::pia::mesh,ProcessJoinRequestJob
main,0x1f41fa0,N2nn3pia4mesh20ProcessUpdateMeshJobE,nn::pia::mesh::ProcessUpdateMeshJob,nn::pia::mesh,ProcessUpdateMeshJob
main,0x1f41fd0,N2nn3pia4mesh19RelayRouteManageJobE,nn::pia::mesh::RelayRouteManageJob,nn::pia::mesh,RelayRouteManageJob
main,0x1f42000,N2nn3pia4mesh17SyncClockProtocolE,nn::pia::mesh::SyncClockProtocol,nn::pia::mesh,SyncClockProtocol
main,0x1f42030,N2nn3pia4mesh17SyncClockProtocol4DataE,nn::pia::mesh::SyncClockProtocol::Data,nn::pia::mesh::SyncClockProtocol,Data
main,0x1f42060,N2nn3pia4mesh21RelayMeshPacketReaderE,nn::pia::mesh::RelayMeshPacketReader,nn::pia::mesh,RelayMeshPacketReader
main,0x1f42090,N2nn3pia4mesh21RelayMeshPacketWriterE,nn::pia::mesh::RelayMeshPacketWriter,nn::pia::mesh,RelayMeshPacketWriter
main,0x1f420c0,N2nn3pia3nex23NexCreateSessionSettingE,nn::pia::nex::NexCreateSessionSetting,nn::pia::nex,NexCreateSessionSetting
main,0x1f42150,N2nn3pia3nex9NexFacadeE,nn::pia::nex::NexFacade,nn::pia::nex,NexFacade
main,0x1f42170,N2nn3pia3nex7IFacadeE,nn::pia::nex::IFacade,nn::pia::nex,IFacade
main,0x1f42190,N2nn3pia3nex12NatTraverserE,nn::pia::nex::NatTraverser,nn::pia::nex,NatTraverser
main,0x1f421f0,N2nn3pia3nex11NatDetecterE,nn::pia::nex::NatDetecter,nn::pia::nex,NatDetecter
main,0x1f42210,N2nn3pia3nex15NatDetectionJobE,nn::pia::nex::NatDetectionJob,nn::pia::nex,NatDetectionJob
main,0x1f42230,N2nn3pia3nex12NatProbeListE,nn::pia::nex::NatProbeList,nn::pia::nex,NatProbeList
main,0x1f42280,N2nn3pia6common8ListBaseE,nn::pia::common::ListBase,nn::pia::common,ListBase
main,0x1f422a0,N2nn3pia3nex19NatProbeRequestListE,nn::pia::nex::NatProbeRequestList,nn::pia::nex,NatProbeRequestList
main,0x1f42310,N2nn3pia3nex8NatProbeE,nn::pia::nex::NatProbe,nn::pia::nex,NatProbe
main,0x1f42330,N2nn3pia3nex15NatPortDetecterE,nn::pia::nex::NatPortDetecter,nn::pia::nex,NatPortDetecter
main,0x1f42350,N2nn3pia3nex19NatPropertyDetecterE,nn::pia::nex::NatPropertyDetecter,nn::pia::nex,NatPropertyDetecter
main,0x1f42380,N2nn3pia3nex20NatTraversalProtocolE,nn::pia::nex::NatTraversalProtocol,nn::pia::nex,NatTraversalProtocol
main,0x1f423b0,N2nn3pia3nex20NatTraversalTimeListE,nn::pia::nex::NatTraversalTimeList,nn::pia::nex,NatTraversalTimeList
main,0x1f42470,N2nn3pia3nex12NatProbeDataE,nn::pia::nex::NatProbeData,nn::pia::nex,NatProbeData
main,0x1f42490,N2nn3pia3nex15NatProbeRequestE,nn::pia::nex::NatProbeRequest,nn::pia::nex,NatProbeRequest
main,0x1f424b0,N2nn3pia3nex14NexInputStreamE,nn::pia::nex::NexInputStream,nn::pia::nex,NexInputStream
main,0x1f424d0,N2nn3pia3nex27NexJoinRandomSessionSettingE,nn::pia::nex::NexJoinRandomSessionSetting,nn::pia::nex,NexJoinRandomSessionSetting
main,0x1f42500,N2nn3pia3nex21NexJoinSessionSettingE,nn::pia::nex::NexJoinSessionSetting,nn::pia::nex,NexJoinSessionSetting
main,0x1f42560,N2nn3pia3nex11NexLoginJobE,nn::pia::nex::NexLoginJob,nn::pia::nex,NexLoginJob
main,0x1f42580,N2nn3pia3nex20NexNatRelayInterfaceE,nn::pia::nex::NexNatRelayInterface,nn::pia::nex,NexNatRelayInterface
main,0x1f425b0,N2nn3pia3nex11NexNatRelayE,nn::pia::nex::NexNatRelay,nn::pia::nex,NexNatRelay
main,0x1f425d0,N2nn3pia3nex17NatRelayInterfaceE,nn::pia::nex::NatRelayInterface,nn::pia::nex,NatRelayInterface
main,0x1f42600,N2nn3pia3nex29NexNatServerAddressResolveJobE,nn::pia::nex::NexNatServerAddressResolveJob,nn::pia::nex,NexNatServerAddressResolveJob
main,0x1f42630,N2nn3pia3nex15NexNatTraverserE,nn::pia::nex::NexNatTraverser,nn::pia::nex,NexNatTraverser
main,0x1f42650,N2nn3pia3nex22NexNatTypeDetectionJobE,nn::pia::nex::NexNatTypeDetectionJob,nn::pia::nex,NexNatTypeDetectionJob
main,0x1f42680,N2nn3pia3nex17NexNetworkFactoryE,nn::pia::nex::NexNetworkFactory,nn::pia::nex,NexNetworkFactory
main,0x1f42700,N2nn3pia3nex21NexSessionInfoPrivateE,nn::pia::nex::NexSessionInfoPrivate,nn::pia::nex,NexSessionInfoPrivate
main,0x1f42730,N2nn3pia3nex20NexCommunityInfoListE,nn::pia::nex::NexCommunityInfoList,nn::pia::nex,NexCommunityInfoList
main,0x1f42760,N2nn3pia7session18ICommunityInfoListE,nn::pia::session::ICommunityInfoList,nn::pia::session,ICommunityInfoList
main,0x1f42790,N2nn3pia3nex14NexJoinMeshJobE,nn::pia::nex::NexJoinMeshJob,nn::pia::nex,NexJoinMeshJob
main,0x1f427b0,N2nn3pia3nex16NexCommunityInfoE,nn::pia::nex::NexCommunityInfo,nn::pia::nex,NexCommunityInfo
main,0x1f427d0,N2nn3pia7session14ICommunityInfoE,nn::pia::session::ICommunityInfo,nn::pia::session,ICommunityInfo
main,0x1f42800,N2nn3pia6common8DateTimeE,nn::pia::common::DateTime,nn::pia::common,DateTime
main,0x1f42820,N2nn3pia3nex16NexCreateMeshJobE,nn::pia::nex::NexCreateMeshJob,nn::pia::nex,NexCreateMeshJob
main,0x1f43220,N2nn3pia3nex19NexMatchmakeSessionE,nn::pia::nex::NexMatchmakeSession,nn::pia::nex,NexMatchmakeSession
main,0x1f43280,N2nn3pia3nex27NexMatchMeshLayerControllerE,nn::pia::nex::NexMatchMeshLayerController,nn::pia::nex,NexMatchMeshLayerController
main,0x1f432b0,N2nn3pia3nex27NexMatchMeshLayerController27NexNotificationEventHandlerE,nn::pia::nex::NexMatchMeshLayerController::NexNotificationEventHandler,nn::pia::nex::NexMatchMeshLayerController,NexNotificationEventHandler
main,0x1f43300,N2nn3pia3nex20NexConnectStationJobE,nn::pia::nex::NexConnectStationJob,nn::pia::nex,NexConnectStationJob
main,0x1f433f0,N2nn3pia3nex22NexMatchJoinSessionJobE,nn::pia::nex::NexMatchJoinSessionJob,nn::pia::nex,NexMatchJoinSessionJob
main,0x1f43420,N2nn3pia3nex23NexDisconnectStationJobE,nn::pia::nex::NexDisconnectStationJob,nn::pia::nex,NexDisconnectStationJob
main,0x1f43790,N2nn3pia3nex23NexMatchJointSessionJobE,nn::pia::nex::NexMatchJointSessionJob,nn::pia::nex,NexMatchJointSessionJob
main,0x1f43810,N2nn3pia3nex23NexMatchLeaveSessionJobE,nn::pia::nex::NexMatchLeaveSessionJob,nn::pia::nex,NexMatchLeaveSessionJob
main,0x1f438c0,N2nn3pia3nex24NexMatchCreateSessionJobE,nn::pia::nex::NexMatchCreateSessionJob,nn::pia::nex,NexMatchCreateSessionJob
main,0x1f43930,N2nn3pia3nex25NexMatchDestroySessionJobE,nn::pia::nex::NexMatchDestroySessionJob,nn::pia::nex,NexMatchDestroySessionJob
main,0x1f439c0,N2nn3pia3nex26NexMatchBrowseMatchmakeJobE,nn::pia::nex::NexMatchBrowseMatchmakeJob,nn::pia::nex,NexMatchBrowseMatchmakeJob
main,0x1f43ac0,N2nn3pia3nex26NexMatchRandomMatchmakeJobE,nn::pia::nex::NexMatchRandomMatchmakeJob,nn::pia::nex,NexMatchRandomMatchmakeJob
main,0x1f43af0,N2nn3pia3nex28NexLeaveWithHostMigrationJobE,nn::pia::nex::NexLeaveWithHostMigrationJob,nn::pia::nex,NexLeaveWithHostMigrationJob
main,0x1f43b40,N2nn3pia3nex30NexMatchClearSystemPasswordJobE,nn::pia::nex::NexMatchClearSystemPasswordJob,nn::pia::nex,NexMatchClearSystemPasswordJob
main,0x1f43c60,N2nn3pia3nex30NexMatchCommunityManagementJobE,nn::pia::nex::NexMatchCommunityManagementJob,nn::pia::nex,NexMatchCommunityManagementJob
main,0x1f43d10,N2nn3pia3nex31NexMatchUpdateSessionSettingJobE,nn::pia::nex::NexMatchUpdateSessionSettingJob,nn::pia::nex,NexMatchUpdateSessionSettingJob
main,0x1f43d60,N2nn3pia3nex33NexMatchGenerateSystemPasswordJobE,nn::pia::nex::NexMatchGenerateSystemPasswordJob,nn::pia::nex,NexMatchGenerateSystemPasswordJob
main,0x1f43da0,N2nn3pia3nex22NexNotificationDataJobE,nn::pia::nex::NexNotificationDataJob,nn::pia::nex,NexNotificationDataJob
main,0x1f43dd0,N2nn3pia3nex15NexOutputStreamE,nn::pia::nex::NexOutputStream,nn::pia::nex,NexOutputStream
main,0x1f43df0,N2nn3pia3nex26NexProcessHostMigrationJobE,nn::pia::nex::NexProcessHostMigrationJob,nn::pia::nex,NexProcessHostMigrationJob
main,0x1f43e20,N12_GLOBAL__N_131NexNotificationEventHandler4PiaE,_GLOBAL__N_1::NexNotificationEventHandler4Pia,_GLOBAL__N_1,NexNotificationEventHandler4Pia
main,0x1f43e60,N2nn3pia3nex23NexProcessUpdateMeshJobE,nn::pia::nex::NexProcessUpdateMeshJob,nn::pia::nex,NexProcessUpdateMeshJob
main,0x1f43e90,N2nn3pia3nex14NexSessionInfoE,nn::pia::nex::NexSessionInfo,nn::pia::nex,NexSessionInfo
main,0x1f43ed0,N2nn3pia3nex24NexSessionSearchCriteriaE,nn::pia::nex::NexSessionSearchCriteria,nn::pia::nex,NexSessionSearchCriteria
main,0x1f43f3c,N4pead7ExpHeapE,pead::ExpHeap,pead,ExpHeap
main,0x1f43f80,N4pead15RuntimeTypeInfo9InterfaceE,pead::RuntimeTypeInfo::Interface,pead::RuntimeTypeInfo,Interface
main,0x1f43fb0,N4pead15RuntimeTypeInfo4RootE,pead::RuntimeTypeInfo::Root,pead::RuntimeTypeInfo,Root
main,0x1f44058,N4pead4HeapE,pead::Heap,pead,Heap
main,0x1f44070,N4pead8INamableE,pead::INamable,pead,INamable
main,0x1f44090,N4pead9IDisposerE,pead::IDisposer,pead,IDisposer
main,0x1f440a4,N4pead7HeapMgrE,pead::HeapMgr,pead,HeapMgr
main,0x1f44130,N4pead12StreamFormatE,pead::StreamFormat,pead,StreamFormat
main,0x1f44150,N4pead16TextStreamFormatE,pead::TextStreamFormat,pead,TextStreamFormat
main,0x1f441d0,N4pead14DelegateThreadE,pead::DelegateThread,pead,DelegateThread
main,0x1f441f0,N4pead9ThreadMgrE,pead::ThreadMgr,pead,ThreadMgr
main,0x1f44210,N4pead15CriticalSectionE,pead::CriticalSection,pead,CriticalSection
main,0x1f4422c,N4pead5EventE,pead::Event,pead,Event
main,0x1f4423c,N4pead5MutexE,pead::Mutex,pead,Mutex
main,0x1f44250,N4pead9ThreadMgr18SingletonDisposer_E,pead::ThreadMgr::SingletonDisposer_,pead::ThreadMgr,SingletonDisposer_
main,0x1f44278,N4pead6ThreadE,pead::Thread,pead,Thread
main,0x1f44290,N4pead10MainThreadE,pead::MainThread,pead,MainThread
main,0x1f442b0,N2nn3pia7session18BrowseMatchmakeJobE,nn::pia::session::BrowseMatchmakeJob,nn::pia::session,BrowseMatchmakeJob
main,0x1f442e0,N2nn3pia7session22CommonMatchmakeSessionE,nn::pia::session::CommonMatchmakeSession,nn::pia::session,CommonMatchmakeSession
main,0x1f44310,N2nn3pia7session17IMatchmakeSessionE,nn::pia::session::IMatchmakeSession,nn::pia::session,IMatchmakeSession
main,0x1f44360,N2nn3pia7session16CreateSessionJobE,nn::pia::session::CreateSessionJob,nn::pia::session,CreateSessionJob
main,0x1f44390,N2nn3pia7session20CreateSessionSettingE,nn::pia::session::CreateSessionSetting,nn::pia::session,CreateSessionSetting
main,0x1f443c0,N2nn3pia7session17DestroySessionJobE,nn::pia::session::DestroySessionJob,nn::pia::session,DestroySessionJob
main,0x1f44410,N2nn3pia7session14JoinSessionJobE,nn::pia::session::JoinSessionJob,nn::pia::session,JoinSessionJob
main,0x1f44440,N2nn3pia7session18JoinSessionSettingE,nn::pia::session::JoinSessionSetting,nn::pia::session,JoinSessionSetting
main,0x1f44470,N2nn3pia7session15JointSessionJobE,nn::pia::session::JointSessionJob,nn::pia::session,JointSessionJob
main,0x1f444a0,N2nn3pia7session15LeaveSessionJobE,nn::pia::session::LeaveSessionJob,nn::pia::session,LeaveSessionJob
main,0x1f444d0,N2nn3pia7session19MeshLayerControllerE,nn::pia::session::MeshLayerController,nn::pia::session,MeshLayerController
main,0x1f44560,N2nn3pia7session18RandomMatchmakeJobE,nn::pia::session::RandomMatchmakeJob,nn::pia::session,RandomMatchmakeJob
main,0x1f445b0,N2nn3pia7session17AddPlayHistoryJobE,nn::pia::session::AddPlayHistoryJob,nn::pia::session,AddPlayHistoryJob
main,0x1f44650,N2nn3pia7session17MeshEventListenerE,nn::pia::session::MeshEventListener,nn::pia::session,MeshEventListener
main,0x1f44680,N2nn3pia4mesh17MeshEventListenerE,nn::pia::mesh::MeshEventListener,nn::pia::mesh,MeshEventListener
main,0x1f446b0,N2nn3pia7session20OpenParticipationJobE,nn::pia::session::OpenParticipationJob,nn::pia::session,OpenParticipationJob
main,0x1f44710,N2nn3pia7session21CloseParticipationJobE,nn::pia::session::CloseParticipationJob,nn::pia::session,CloseParticipationJob
main,0x1f44740,N2nn3pia7session22CommunityManagementJobE,nn::pia::session::CommunityManagementJob,nn::pia::session,CommunityManagementJob
main,0x1f44770,N2nn3pia7session31ClearMatchmakeSystemPasswordJobE,nn::pia::session::ClearMatchmakeSystemPasswordJob,nn::pia::session,ClearMatchmakeSystemPasswordJob
main,0x1f447b0,N2nn3pia7session34GenerateMatchmakeSystemPasswordJobE,nn::pia::session::GenerateMatchmakeSystemPasswordJob,nn::pia::session,GenerateMatchmakeSystemPasswordJob
main,0x1f447f0,N2nn3pia7session21SessionNetworkFactoryE,nn::pia::session::SessionNetworkFactory,nn::pia::session,SessionNetworkFactory
main,0x1f44870,N2nn3pia7session15SessionProtocolE,nn::pia::session::SessionProtocol,nn::pia::session,SessionProtocol
main,0x1f448a0,N2nn3pia7session21SessionSearchCriteriaE,nn::pia::session::SessionSearchCriteria,nn::pia::session,SessionSearchCriteria
main,0x1f448d0,N2nn3pia7session18SessionStationInfoE,nn::pia::session::SessionStationInfo,nn::pia::session,SessionStationInfo
main,0x1f44940,N2nn3pia7session21SessionStatusCheckJobE,nn::pia::session::SessionStatusCheckJob,nn::pia::session,SessionStatusCheckJob
main,0x1f44970,N2nn3pia7session20StationIdStatusTableE,nn::pia::session::StationIdStatusTable,nn::pia::session,StationIdStatusTable
main,0x1f449a0,N2nn3pia7session20UpdateSessionSettingE,nn::pia::session::UpdateSessionSetting,nn::pia::session,UpdateSessionSetting
main,0x1f449d0,N2nn3pia7session23UpdateSessionSettingJobE,nn::pia::session::UpdateSessionSettingJob,nn::pia::session,UpdateSessionSettingJob
main,0x1f44a30,N2nn3pia9transport22BandwidthCheckProtocol6HeaderE,nn::pia::transport::BandwidthCheckProtocol::Header,nn::pia::transport::BandwidthCheckProtocol,Header
main,0x1f44a70,N2nn3pia9transport22BandwidthCheckProtocolE,nn::pia::transport::BandwidthCheckProtocol,nn::pia::transport,BandwidthCheckProtocol
main,0x1f44aa0,N2nn3pia9transport25BroadcastReliableProtocolE,nn::pia::transport::BroadcastReliableProtocol,nn::pia::transport,BroadcastReliableProtocol
main,0x1f44ad0,N2nn3pia9transport30BroadcastReliableSlidingWindowE,nn::pia::transport::BroadcastReliableSlidingWindow,nn::pia::transport,BroadcastReliableSlidingWindow
main,0x1f44b10,N2nn3pia9transport21ReliableSlidingWindow13MessageHeaderE,nn::pia::transport::ReliableSlidingWindow::MessageHeader,nn::pia::transport::ReliableSlidingWindow,MessageHeader
main,0x1f44b50,N2nn3pia9transport24NetworkEmulationProtocolE,nn::pia::transport::NetworkEmulationProtocol,nn::pia::transport,NetworkEmulationProtocol
main,0x1f44e40,N2nn3pia9transport14NetworkFactoryE,nn::pia::transport::NetworkFactory,nn::pia::transport,NetworkFactory
main,0x1f44fb0,N2nn3pia9transport12PacketReaderE,nn::pia::transport::PacketReader,nn::pia::transport,PacketReader
main,0x1f44fe0,N2nn3pia9transport13PacketHandlerE,nn::pia::transport::PacketHandler,nn::pia::transport,PacketHandler
main,0x1f45010,N2nn3pia9transport12PacketWriterE,nn::pia::transport::PacketWriter,nn::pia::transport,PacketWriter
main,0x1f45040,N2nn3pia9transport8ProtocolE,nn::pia::transport::Protocol,nn::pia::transport,Protocol
main,0x1f45580,N2nn3pia9transport15ProtocolManagerE,nn::pia::transport::ProtocolManager,nn::pia::transport,ProtocolManager
main,0x1f455b0,N2nn3pia9transport23ProtocolMessageAccessor6HeaderE,nn::pia::transport::ProtocolMessageAccessor::Header,nn::pia::transport::ProtocolMessageAccessor,Header
main,0x1f45700,N2nn3pia9transport25ReliableBroadcastProtocolE,nn::pia::transport::ReliableBroadcastProtocol,nn::pia::transport,ReliableBroadcastProtocol
main,0x1f45730,N2nn3pia9transport12_GLOBAL__N_114RequestMessageE,nn::pia::transport::_GLOBAL__N_1::RequestMessage,nn::pia::transport::_GLOBAL__N_1,RequestMessage
main,0x1f45770,N2nn3pia9transport12_GLOBAL__N_17MessageE,nn::pia::transport::_GLOBAL__N_1::Message,nn::pia::transport::_GLOBAL__N_1,Message
main,0x1f457a0,N2nn3pia9transport16ReliableProtocolE,nn::pia::transport::ReliableProtocol,nn::pia::transport,ReliableProtocol
main,0x1f457d0,N2nn3pia9transport21ReliableSlidingWindowE,nn::pia::transport::ReliableSlidingWindow,nn::pia::transport,ReliableSlidingWindow
main,0x1f45800,N2nn3pia9transport21ReliableSlidingWindow7AckDataE,nn::pia::transport::ReliableSlidingWindow::AckData,nn::pia::transport::ReliableSlidingWindow,AckData
main,0x1f45840,N2nn3pia9transport11RttProtocolE,nn::pia::transport::RttProtocol,nn::pia::transport,RttProtocol
main,0x1f45870,N2nn3pia9transport11RttProtocol4DataE,nn::pia::transport::RttProtocol::Data,nn::pia::transport::RttProtocol,Data
main,0x1f458a0,N2nn3pia9transport20SequenceIdControllerE,nn::pia::transport::SequenceIdController,nn::pia::transport,SequenceIdController
main,0x1f458d0,N2nn3pia9transport7StationE,nn::pia::transport::Station,nn::pia::transport,Station
main,0x1f458f0,N2nn3pia9transport15StationLocationE,nn::pia::transport::StationLocation,nn::pia::transport,StationLocation
main,0x1f45920,N2nn3pia9transport20StationLocationTableE,nn::pia::transport::StationLocationTable,nn::pia::transport,StationLocationTable
main,0x1f45950,N2nn3pia9transport14StationManagerE,nn::pia::transport::StationManager,nn::pia::transport,StationManager
main,0x1f45980,N2nn3pia9transport19ThreadStreamManagerE,nn::pia::transport::ThreadStreamManager,nn::pia::transport,ThreadStreamManager
main,0x1f459b0,N2nn3pia9transport16SendThreadStreamE,nn::pia::transport::SendThreadStream,nn::pia::transport,SendThreadStream
main,0x1f459e0,N2nn3pia9transport21TransportThreadStreamE,nn::pia::transport::TransportThreadStream,nn::pia::transport,TransportThreadStream
main,0x1f45a10,N2nn3pia9transport19ReceiveThreadStreamE,nn::pia::transport::ReceiveThreadStream,nn::pia::transport,ReceiveThreadStream
main,0x1f45a40,N2nn3pia9transport11DispatchJobE,nn::pia::transport::DispatchJob,nn::pia::transport,DispatchJob
main,0x1f45a70,N2nn3pia9transport22MonitoringDataProtocolE,nn::pia::transport::MonitoringDataProtocol,nn::pia::transport,MonitoringDataProtocol
main,0x1f45aa0,N2nn3pia9transport17TransportAnalyzerE,nn::pia::transport::TransportAnalyzer,nn::pia::transport,TransportAnalyzer
main,0x1f48200,N2nn4font10RectDrawerE,nn::font::RectDrawer,nn::font,RectDrawer
main,0x1f48220,N2nn4font7ResFontE,nn::font::ResFont,nn::font,ResFont
main,0x1f48240,N2nn4font11ResFontBaseE,nn::font::ResFontBase,nn::font,ResFontBase
main,0x1f48260,N2nn4font21ResourceTextureObjectE,nn::font::ResourceTextureObject,nn::font,ResourceTextureObject
main,0x1f48290,N2nn4font13TextureObjectE,nn::font::TextureObject,nn::font,TextureObject
main,0x1f482ac,N2nn4font4FontE,nn::font::Font,nn::font,Font
main,0x1f482c0,N2nn4font12ScalableFontE,nn::font::ScalableFont,nn::font,ScalableFont
main,0x1f48320,N2nn4font12TextureCacheE,nn::font::TextureCache,nn::font,TextureCache
main,0x1f48340,N2nn4font22PlacementTextureObjectE,nn::font::PlacementTextureObject,nn::font,PlacementTextureObject
main,0x1f48fa0,N2nn3gfx4util14PrimitiveShapeE,nn::gfx::util::PrimitiveShape,nn::gfx::util,PrimitiveShape
main,0x1f48fc0,N2nn3gfx4util11CircleShapeE,nn::gfx::util::CircleShape,nn::gfx::util,CircleShape
main,0x1f48fe0,N2nn4ui2d9AlignmentE,nn::ui2d::Alignment,nn::ui2d,Alignment
main,0x1f490b0,N2nn4ui2d13AnimTransformE,nn::ui2d::AnimTransform,nn::ui2d,AnimTransform
main,0x1f490d0,N2nn4ui2d18AnimTransformBasicE,nn::ui2d::AnimTransformBasic,nn::ui2d,AnimTransformBasic
main,0x1f490f0,N2nn4ui2d13ArchiveHandleE,nn::ui2d::ArchiveHandle,nn::ui2d,ArchiveHandle
main,0x1f49110,N2nn4ui2d24MultiArcResourceAccessorE,nn::ui2d::MultiArcResourceAccessor,nn::ui2d,MultiArcResourceAccessor
main,0x1f49140,N2nn4ui2d6detail23DynamicRenderingTextureE,nn::ui2d::detail::DynamicRenderingTexture,nn::ui2d::detail,DynamicRenderingTexture
main,0x1f49170,N2nn4ui2d8DrawInfoE,nn::ui2d::DrawInfo,nn::ui2d,DrawInfo
main,0x1f49260,N2nn4ui2d5GroupE,nn::ui2d::Group,nn::ui2d,Group
main,0x1f49310,N2nn4ui2d6LayoutE,nn::ui2d::Layout,nn::ui2d,Layout
main,0x1f49330,N2nn4ui2d23TransitionConditionNoneE,nn::ui2d::TransitionConditionNone,nn::ui2d,TransitionConditionNone
main,0x1f49360,N2nn4ui2d23TransitionConditionBaseE,nn::ui2d::TransitionConditionBase,nn::ui2d,TransitionConditionBase
main,0x1f49390,N2nn4ui2d24TransitionConditionIsHitE,nn::ui2d::TransitionConditionIsHit,nn::ui2d,TransitionConditionIsHit
main,0x1f493c0,N2nn4ui2d26TransitionConditionIsNoHitE,nn::ui2d::TransitionConditionIsNoHit,nn::ui2d,TransitionConditionIsNoHit
main,0x1f493f0,N2nn4ui2d28TransitionConditionIsDecidedE,nn::ui2d::TransitionConditionIsDecided,nn::ui2d,TransitionConditionIsDecided
main,0x1f49420,N2nn4ui2d45TransitionConditionIsStateTransitionCompletedE,nn::ui2d::TransitionConditionIsStateTransitionCompleted,nn::ui2d,TransitionConditionIsStateTransitionCompleted
main,0x1f49460,N2nn4ui2d34TransitionConditionVariableChangedE,nn::ui2d::TransitionConditionVariableChanged,nn::ui2d,TransitionConditionVariableChanged
main,0x1f49490,N2nn4ui2d39TransitionConditionStateChangeRequestedE,nn::ui2d::TransitionConditionStateChangeRequested,nn::ui2d,TransitionConditionStateChangeRequested
main,0x1f494d0,N2nn4ui2d34TransitionConditionIsButtonDecidedE,nn::ui2d::TransitionConditionIsButtonDecided,nn::ui2d,TransitionConditionIsButtonDecided
main,0x1f49530,N2nn4ui2d7CaptureE,nn::ui2d::Capture,nn::ui2d,Capture
main,0x1f49550,N2nn4ui2d14CaptureTextureE,nn::ui2d::CaptureTexture,nn::ui2d,CaptureTexture
main,0x1f49570,N2nn4ui2d8BoundingE,nn::ui2d::Bounding,nn::ui2d,Bounding
main,0x1f495a0,N2nn4ui2d8MaterialE,nn::ui2d::Material,nn::ui2d,Material
main,0x1f495b4,N2nn4ui2d4PaneE,nn::ui2d::Pane,nn::ui2d,Pane
main,0x1f495d0,N2nn4ui2d6detail8PaneBaseE,nn::ui2d::detail::PaneBase,nn::ui2d::detail,PaneBase
main,0x1f49670,N2nn4ui2d5PartsE,nn::ui2d::Parts,nn::ui2d,Parts
main,0x1f49690,N2nn4ui2d7PictureE,nn::ui2d::Picture,nn::ui2d,Picture
main,0x1f496b0,N2nn4ui2d15Ui2dCircleShapeE,nn::ui2d::Ui2dCircleShape,nn::ui2d,Ui2dCircleShape
main,0x1f496e0,N2nn4ui2d16ResourceAccessorE,nn::ui2d::ResourceAccessor,nn::ui2d,ResourceAccessor
main,0x1f49700,N2nn4ui2d7ScissorE,nn::ui2d::Scissor,nn::ui2d,Scissor
main,0x1f49730,N2nn4ui2d24StateMachineEventHandlerE,nn::ui2d::StateMachineEventHandler,nn::ui2d,StateMachineEventHandler
main,0x1f49760,N2nn4ui2d7TextBoxE,nn::ui2d::TextBox,nn::ui2d,TextBox
main,0x1f49780,N2nn4ui2d19ResourceTextureInfoE,nn::ui2d::ResourceTextureInfo,nn::ui2d,ResourceTextureInfo
main,0x1f497a0,N2nn4ui2d11TextureInfoE,nn::ui2d::TextureInfo,nn::ui2d,TextureInfo
main,0x1f497c0,N2nn4ui2d20PlacementTextureInfoE,nn::ui2d::PlacementTextureInfo,nn::ui2d,PlacementTextureInfo
main,0x1f497f0,N2nn4ui2d23RenderTargetTextureInfoE,nn::ui2d::RenderTargetTextureInfo,nn::ui2d,RenderTargetTextureInfo
main,0x1f49820,N2nn4ui2d28DummyRenderTargetTextureInfoE,nn::ui2d::DummyRenderTargetTextureInfo,nn::ui2d,DummyRenderTargetTextureInfo
main,0x1f498a0,N2nn4ui2d14RoundRectShapeE,nn::ui2d::RoundRectShape,nn::ui2d,RoundRectShape
main,0x1f498c0,N2nn4ui2d6detail21VectorGraphicsTextureE,nn::ui2d::detail::VectorGraphicsTexture,nn::ui2d::detail,VectorGraphicsTexture
main,0x1f49900,N2nn4ui2d6WindowE,nn::ui2d::Window,nn::ui2d,Window
main,0x1f49a30,N2nn3vfx6detail15BufferAllocatorE,nn::vfx::detail::BufferAllocator,nn::vfx::detail,BufferAllocator
main,0x1f61ac0,N2nn3vfx8ResourceE,nn::vfx::Resource,nn::vfx,Resource
main,0x1f61ae0,N2nn3vfx6detail26CalculateAllocatedSizeHeapE,nn::vfx::detail::CalculateAllocatedSizeHeap,nn::vfx::detail,CalculateAllocatedSizeHeap
main,0x1f61b10,N2nn3vfx4HeapE,nn::vfx::Heap,nn::vfx,Heap
main,0x1f61b20,N2nn3vfx9PrimitiveE,nn::vfx::Primitive,nn::vfx,Primitive
main,0x1f61b40,N2nn3vfx10IPrimitiveE,nn::vfx::IPrimitive,nn::vfx,IPrimitive
main,0x1f61b60,N2nn3vfx12G3dPrimitiveE,nn::vfx::G3dPrimitive,nn::vfx,G3dPrimitive
main,0x1f68120,N2nn3vfx6detail17SuperStripeSystemE,nn::vfx::detail::SuperStripeSystem,nn::vfx::detail,SuperStripeSystem
main,0x1f68240,N2nn3vfx6SystemE,nn::vfx::System,nn::vfx,System
main,0x1f68260,N2nn3vfx11DynamicHeapE,nn::vfx::DynamicHeap,nn::vfx,DynamicHeap
main,0x1f68280,N2nn3vfx6detail22ConnectionStripeSystemE,nn::vfx::detail::ConnectionStripeSystem,nn::vfx::detail,ConnectionStripeSystem
sdk,0x9be440,N7android7IBinderE,android::IBinder,android,IBinder
sdk,0x9be460,N7android7BBinderE,android::BBinder,android,BBinder
sdk,0x9be480,N7android9BpRefBaseE,android::BpRefBase,android,BpRefBase
sdk,0x9be4d0,N7android8BpBinderE,android::BpBinder,android,BpBinder
sdk,0x9be550,N7android10IInterfaceE,android::IInterface,android,IInterface
sdk,0x9cc150,N7android7IMemoryE,android::IMemory,android,IMemory
sdk,0x9cc170,N7android8BpMemoryE,android::BpMemory,android,BpMemory
sdk,0x9cc1c0,N7android8BnMemoryE,android::BnMemory,android,BnMemory
sdk,0x9cc210,N7android11IMemoryHeapE,android::IMemoryHeap,android,IMemoryHeap
sdk,0x9cc230,N7android12BpMemoryHeapE,android::BpMemoryHeap,android,BpMemoryHeap
sdk,0x9cc280,N7android12BnMemoryHeapE,android::BnMemoryHeap,android,BnMemoryHeap
sdk,0x9cc2a0,N7android7IBinder14DeathRecipientE,android::IBinder::DeathRecipient,android::IBinder,DeathRecipient
sdk,0x9cc2d0,N7android9HeapCacheE,android::HeapCache,android,HeapCache
sdk,0x9cc370,N7android15IServiceManagerE,android::IServiceManager,android,IServiceManager
sdk,0x9cc3c0,N7android16BpServiceManagerE,android::BpServiceManager,android,BpServiceManager
sdk,0x9cc3e0,N7android10AllocationE,android::Allocation,android,Allocation
sdk,0x9cc400,N7android12MemoryDealerE,android::MemoryDealer,android,MemoryDealer
sdk,0x9cc420,N7android10MemoryBaseE,android::MemoryBase,android,MemoryBase
sdk,0x9cc440,N7android14MemoryHeapBaseE,android::MemoryHeapBase,android,MemoryHeapBase
sdk,0x9ceb90,N7android17HOSServiceManagerE,android::HOSServiceManager,android,HOSServiceManager
sdk,0x9cedb0,N2nn2sf4impl6detail22ServiceObjectImplBase2E,nn::sf::impl::detail::ServiceObjectImplBase2,nn::sf::impl::detail,ServiceObjectImplBase2
sdk,0x9cf070,N3nns9hosbinder16IHOSBinderDriverE,nns::hosbinder::IHOSBinderDriver,nns::hosbinder,IHOSBinderDriver
sdk,0x9cf0a0,N2nn2sf14IServiceObjectE,nn::sf::IServiceObject,nn::sf,IServiceObject
sdk,0x9cf0c0,N2nn2sf13ISharedObjectE,nn::sf::ISharedObject,nn::sf,ISharedObject
sdk,0x9cf0e0,N2nn2sf4hipc6client26Hipc2ClientProxyBaseObjectE,nn::sf::hipc::client::Hipc2ClientProxyBaseObject,nn::sf::hipc::client,Hipc2ClientProxyBaseObject
sdk,0x9cf120,N2nn2sf4cmif6client14CmifBaseObjectE,nn::sf::cmif::client::CmifBaseObject,nn::sf::cmif::client,CmifBaseObject
sdk,0x9cf150,N2nn2sf6detail13CmifProxyInfoE,nn::sf::detail::CmifProxyInfo,nn::sf::detail,CmifProxyInfo
sdk,0x9cf240,N7android22IGraphicBufferConsumerE,android::IGraphicBufferConsumer,android,IGraphicBufferConsumer
sdk,0x9cf2b0,N7android23BnGraphicBufferConsumerE,android::BnGraphicBufferConsumer,android,BnGraphicBufferConsumer
sdk,0x9cf320,N7android23BpGraphicBufferConsumerE,android::BpGraphicBufferConsumer,android,BpGraphicBufferConsumer
sdk,0x9cf3a0,N7android6Parcel26FlattenableHelperInterfaceE,android::Parcel::FlattenableHelperInterface,android::Parcel,FlattenableHelperInterface
sdk,0x9cf450,N7android16ConsumerListenerE,android::ConsumerListener,android,ConsumerListener
sdk,0x9cf470,N7android17IConsumerListenerE,android::IConsumerListener,android,IConsumerListener
sdk,0x9cf4d0,N7android18BnConsumerListenerE,android::BnConsumerListener,android,BnConsumerListener
sdk,0x9cf530,N7android18BpConsumerListenerE,android::BpConsumerListener,android,BpConsumerListener
sdk,0x9cf590,N7android18BufferItemConsumerE,android::BufferItemConsumer,android,BufferItemConsumer
sdk,0x9cf5b0,N7android11BufferQueue21ProxyConsumerListenerE,android::BufferQueue::ProxyConsumerListener,android::BufferQueue,ProxyConsumerListener
sdk,0x9cf5e0,N7android19BufferQueueConsumerE,android::BufferQueueConsumer,android,BufferQueueConsumer
sdk,0x9cf600,N7android15BufferQueueCoreE,android::BufferQueueCore,android,BufferQueueCore
sdk,0x9cf6c0,N7android7IBinder14DeathRecipientE,android::IBinder::DeathRecipient,android::IBinder,DeathRecipient
sdk,0x9cf6f0,N7android19BufferQueueProducerE,android::BufferQueueProducer,android,BufferQueueProducer
sdk,0x9cf7c0,N7android16ReferenceRenamerE,android::ReferenceRenamer,android,ReferenceRenamer
sdk,0x9cf7e0,N7android12ConsumerBaseE,android::ConsumerBase,android,ConsumerBase
sdk,0x9cf840,N7android18GraphicBufferAllocE,android::GraphicBufferAlloc,android,GraphicBufferAlloc
sdk,0x9cf860,N7android19IGraphicBufferAllocE,android::IGraphicBufferAlloc,android,IGraphicBufferAlloc
sdk,0x9cf880,N7android20BnGraphicBufferAllocE,android::BnGraphicBufferAlloc,android,BnGraphicBufferAlloc
sdk,0x9cf8f0,N7android20BpGraphicBufferAllocE,android::BpGraphicBufferAlloc,android,BpGraphicBufferAlloc
sdk,0x9cf9c0,N7android22IGraphicBufferProducerE,android::IGraphicBufferProducer,android,IGraphicBufferProducer
sdk,0x9cf9f0,N7android23BnGraphicBufferProducerE,android::BnGraphicBufferProducer,android,BnGraphicBufferProducer
sdk,0x9cfa60,N7android23BpGraphicBufferProducerE,android::BpGraphicBufferProducer,android,BpGraphicBufferProducer
sdk,0x9cfaf0,N7android16ProducerListenerE,android::ProducerListener,android,ProducerListener
sdk,0x9cfb10,N7android17IProducerListenerE,android::IProducerListener,android,IProducerListener
sdk,0x9cfb70,N7android18BpProducerListenerE,android::BpProducerListener,android,BpProducerListener
sdk,0x9cfc10,N7android16ISurfaceComposerE,android::ISurfaceComposer,android,ISurfaceComposer
sdk,0x9cfc60,N7android17BnSurfaceComposerE,android::BnSurfaceComposer,android,BnSurfaceComposer
sdk,0x9cfcb0,N7android17BpSurfaceComposerE,android::BpSurfaceComposer,android,BpSurfaceComposer
sdk,0x9cfdb0,N7android22ISurfaceComposerClientE,android::ISurfaceComposerClient,android,ISurfaceComposerClient
sdk,0x9cfe20,N7android23BnSurfaceComposerClientE,android::BnSurfaceComposerClient,android,BnSurfaceComposerClient
sdk,0x9cfe90,N7android23BpSurfaceComposerClientE,android::BpSurfaceComposerClient,android,BpSurfaceComposerClient
sdk,0x9d0070,N7android7SurfaceE,android::Surface,android,Surface
sdk,0x9d00f0,N7android14SurfaceControlE,android::SurfaceControl,android,SurfaceControl
sdk,0x9d0110,N7android21SurfaceComposerClientE,android::SurfaceComposerClient,android,SurfaceComposerClient
sdk,0x9d01e0,N7android13GraphicBufferE,android::GraphicBuffer,android,GraphicBuffer
sdk,0x9d0ab0,N7android6Region10rasterizerE,android::Region::rasterizer,android::Region,rasterizer
sdk,0x9d0b30,N7android12NativeHandleE,android::NativeHandle,android,NativeHandle
sdk,0x9d0b80,N7android10HeapObjectE,android::HeapObject,android,HeapObject
sdk,0x9d0ba0,N7android7RefBaseE,android::RefBase,android,RefBase
sdk,0x9d0bc0,N7android6ThreadE,android::Thread,android,Thread
sdk,0x9d0c20,N7android10VectorImplE,android::VectorImpl,android,VectorImpl
sdk,0x9d0c40,N7android16SortedVectorImplE,android::SortedVectorImpl,android,SortedVectorImpl
sdk,0x9d0c60,N2nn7account6detail18OAuthProcedureBaseE,nn::account::detail::OAuthProcedureBase,nn::account::detail,OAuthProcedureBase
sdk,0x9d0c90,N2nn7account6detail24SimpleOAuthProcedureBaseE,nn::account::detail::SimpleOAuthProcedureBase,nn::account::detail,SimpleOAuthProcedureBase
sdk,0x9d13b0,N2nn7account29IAccountServiceForApplicationE,nn::account::IAccountServiceForApplication,nn::account,IAccountServiceForApplication
sdk,0x9d13e0,N2nn7account19IAccountServiceBaseE,nn::account::IAccountServiceBase,nn::account,IAccountServiceBase
sdk,0x9d1900,N2nn7account7profile8IProfileE,nn::account::profile::IProfile,nn::account::profile,IProfile
sdk,0x9d1e10,N2nn7account6detail14ISessionObjectE,nn::account::detail::ISessionObject,nn::account::detail,ISessionObject
sdk,0x9d2510,N2nn7account4baas22IManagerForApplicationE,nn::account::baas::IManagerForApplication,nn::account::baas,IManagerForApplication
sdk,0x9d2540,N2nn7account4baas12IManagerBaseE,nn::account::baas::IManagerBase,nn::account::baas,IManagerBase
sdk,0x9d2a60,N2nn7account6detail13IAsyncContextE,nn::account::detail::IAsyncContext,nn::account::detail,IAsyncContext
sdk,0x9d2fb0,N2nn7account3nas21IAuthorizationRequestE,nn::account::nas::IAuthorizationRequest,nn::account::nas,IAuthorizationRequest
sdk,0x9d3720,N2nn7account4baas34IAsyncContextForLoginForOnlinePlayE,nn::account::baas::IAsyncContextForLoginForOnlinePlay,nn::account::baas,IAsyncContextForLoginForOnlinePlay
sdk,0x9d3c70,N2nn7account4baas18IGuestLoginRequestE,nn::account::baas::IGuestLoginRequest,nn::account::baas,IGuestLoginRequest
sdk,0x9d4380,N2nn7account31IAccountServiceForSystemServiceE,nn::account::IAccountServiceForSystemService,nn::account,IAccountServiceForSystemService
sdk,0x9d48a0,N2nn7account6detail9INotifierE,nn::account::detail::INotifier,nn::account::detail,INotifier
sdk,0x9d4f90,N2nn7account4baas24IManagerForSystemServiceE,nn::account::baas::IManagerForSystemService,nn::account::baas,IManagerForSystemService
sdk,0x9d5920,N2nn7account31IAccountServiceForAdministratorE,nn::account::IAccountServiceForAdministrator,nn::account,IAccountServiceForAdministrator
sdk,0x9d6000,N2nn7account7profile14IProfileEditorE,nn::account::profile::IProfileEditor,nn::account::profile,IProfileEditor
sdk,0x9d6750,N2nn7account4baas28IFloatingRegistrationRequestE,nn::account::baas::IFloatingRegistrationRequest,nn::account::baas,IFloatingRegistrationRequest
sdk,0x9d6ff0,N2nn7account4baas14IAdministratorE,nn::account::baas::IAdministrator,nn::account::baas,IAdministrator
sdk,0x9d7740,N2nn7account3nas40IOAuthProcedureForNintendoAccountLinkageE,nn::account::nas::IOAuthProcedureForNintendoAccountLinkage,nn::account::nas,IOAuthProcedureForNintendoAccountLinkage
sdk,0x9d7780,N2nn7account4http15IOAuthProcedureE,nn::account::http::IOAuthProcedure,nn::account::http,IOAuthProcedure
sdk,0x9d83a0,N2nn7account3nas29IOAuthProcedureForExternalNsaE,nn::account::nas::IOAuthProcedureForExternalNsa,nn::account::nas,IOAuthProcedureForExternalNsa
sdk,0x9d83e0,N2nn7account12AsyncContextE,nn::account::AsyncContext,nn::account,AsyncContext
sdk,0x9d8820,N2nn7account24IBaasAccessTokenAccessorE,nn::account::IBaasAccessTokenAccessor,nn::account,IBaasAccessTokenAccessor
sdk,0x9d8c50,N2nn7account28NetworkServiceAccountManagerE,nn::account::NetworkServiceAccountManager,nn::account,NetworkServiceAccountManager
sdk,0x9d8c80,N2nn7account34NetworkServiceAccountAdministratorE,nn::account::NetworkServiceAccountAdministrator,nn::account,NetworkServiceAccountAdministrator
sdk,0x9d8cc0,N2nn7account37AsyncNetworkServiceLicenseInfoContextE,nn::account::AsyncNetworkServiceLicenseInfoContext,nn::account,AsyncNetworkServiceLicenseInfoContext
sdk,0x9d8d00,N2nn7account8NotifierE,nn::account::Notifier,nn::account,Notifier
sdk,0x9d8d30,N2nn7account31NintendoAccountLinkageProcedureE,nn::account::NintendoAccountLinkageProcedure,nn::account,NintendoAccountLinkageProcedure
sdk,0x9d8d60,N2nn7account48NintendoAccountApplicationAuthorizationProcedureE,nn::account::NintendoAccountApplicationAuthorizationProcedure,nn::account,NintendoAccountApplicationAuthorizationProcedure
sdk,0x9d8da0,N2nn7account49ExternalNetworkServiceAccountIntroducingProcedureE,nn::account::ExternalNetworkServiceAccountIntroducingProcedure,nn::account,ExternalNetworkServiceAccountIntroducingProcedure
sdk,0x9d8df0,N2nn7account13ProfileEditorE,nn::account::ProfileEditor,nn::account,ProfileEditor
sdk,0x9d9360,N2nn2am7service30IAllSystemAppletProxiesServiceE,nn::am::service::IAllSystemAppletProxiesService,nn::am::service,IAllSystemAppletProxiesService
sdk,0x9d9a60,N2nn2am7service18ISystemAppletProxyE,nn::am::service::ISystemAppletProxy,nn::am::service,ISystemAppletProxy
sdk,0x9d9a90,N2nn2am7service21IStackableAppletProxyE,nn::am::service::IStackableAppletProxy,nn::am::service,IStackableAppletProxy
sdk,0x9d9ac0,N2nn2am7service18IAppletProxyCommonE,nn::am::service::IAppletProxyCommon,nn::am::service,IAppletProxyCommon
sdk,0x9d9ef0,N2nn2am7service18ICommonStateGetterE,nn::am::service::ICommonStateGetter,nn::am::service,ICommonStateGetter
sdk,0x9da320,N2nn2am7service13ILockAccessorE,nn::am::service::ILockAccessor,nn::am::service,ILockAccessor
sdk,0x9da740,N2nn2am7service15ISelfControllerE,nn::am::service::ISelfController,nn::am::service,ISelfController
sdk,0x9dab70,N2nn2am7service15IStorageChannelE,nn::am::service::IStorageChannel,nn::am::service,IStorageChannel
sdk,0x9daf80,N2nn2am7service8IStorageE,nn::am::service::IStorage,nn::am::service,IStorage
sdk,0x9db3a0,N2nn2am7service16IStorageAccessorE,nn::am::service::IStorageAccessor,nn::am::service,IStorageAccessor
sdk,0x9db810,N2nn2am7service24ITransferStorageAccessorE,nn::am::service::ITransferStorageAccessor,nn::am::service,ITransferStorageAccessor
sdk,0x9dbc40,N2nn2am7service17IWindowControllerE,nn::am::service::IWindowController,nn::am::service,IWindowController
sdk,0x9dc050,N2nn2am7service7IWindowE,nn::am::service::IWindow,nn::am::service,IWindow
sdk,0x9dc470,N2nn2am7service16IAudioControllerE,nn::am::service::IAudioController,nn::am::service,IAudioController
sdk,0x9dc8a0,N2nn2am7service18IDisplayControllerE,nn::am::service::IDisplayController,nn::am::service,IDisplayController
sdk,0x9dccd0,N2nn2am7service15IDebugFunctionsE,nn::am::service::IDebugFunctions,nn::am::service,IDebugFunctions
sdk,0x9dd260,N2nn2am7service20IApplicationAccessorE,nn::am::service::IApplicationAccessor,nn::am::service,IApplicationAccessor
sdk,0x9dd290,N2nn2am7service15IAppletAccessorE,nn::am::service::IAppletAccessor,nn::am::service,IAppletAccessor
sdk,0x9ddad0,N2nn2am7service25IProcessWindingControllerE,nn::am::service::IProcessWindingController,nn::am::service,IProcessWindingController
sdk,0x9de070,N2nn2am7service22ILibraryAppletAccessorE,nn::am::service::ILibraryAppletAccessor,nn::am::service,ILibraryAppletAccessor
sdk,0x9de4b0,N2nn2am7service21ILibraryAppletCreatorE,nn::am::service::ILibraryAppletCreator,nn::am::service,ILibraryAppletCreator
sdk,0x9de8e0,N2nn2am7service18IHomeMenuFunctionsE,nn::am::service::IHomeMenuFunctions,nn::am::service,IHomeMenuFunctions
sdk,0x9ded20,N2nn2am7service22IGlobalStateControllerE,nn::am::service::IGlobalStateController,nn::am::service,IGlobalStateController
sdk,0x9df150,N2nn2am7service19IApplicationCreatorE,nn::am::service::IApplicationCreator,nn::am::service,IApplicationCreator
sdk,0x9df590,N2nn2am7service22IAppletCommonFunctionsE,nn::am::service::IAppletCommonFunctions,nn::am::service,IAppletCommonFunctions
sdk,0x9dfcc0,N2nn2am7service19ILibraryAppletProxyE,nn::am::service::ILibraryAppletProxy,nn::am::service,ILibraryAppletProxy
sdk,0x9e0100,N2nn2am7service26ILibraryAppletSelfAccessorE,nn::am::service::ILibraryAppletSelfAccessor,nn::am::service,ILibraryAppletSelfAccessor
sdk,0x9e0530,N2nn6grcsrv17IGameMovieTrimmerE,nn::grcsrv::IGameMovieTrimmer,nn::grcsrv,IGameMovieTrimmer
sdk,0x9e0c50,N2nn2am7service19IOverlayAppletProxyE,nn::am::service::IOverlayAppletProxy,nn::am::service,IOverlayAppletProxy
sdk,0x9e1080,N2nn2am7service17IOverlayFunctionsE,nn::am::service::IOverlayFunctions,nn::am::service,IOverlayFunctions
sdk,0x9e1770,N2nn2am7service17IApplicationProxyE,nn::am::service::IApplicationProxy,nn::am::service,IApplicationProxy
sdk,0x9e1bb0,N2nn2am7service21IApplicationFunctionsE,nn::am::service::IApplicationFunctions,nn::am::service,IApplicationFunctions
sdk,0x9e1ff0,N2nn2am7service11IMovieMakerE,nn::am::service::IMovieMaker,nn::am::service,IMovieMaker
sdk,0x9e23f0,N2nn6grcsrv11IMovieMakerE,nn::grcsrv::IMovieMaker,nn::grcsrv,IMovieMaker
sdk,0x9e2810,N3nns9hosbinder16IHOSBinderDriverE,nns::hosbinder::IHOSBinderDriver,nns::hosbinder,IHOSBinderDriver
sdk,0x9e2ce0,N2nn2am7service31ISystemAppletControllerForDebugE,nn::am::service::ISystemAppletControllerForDebug,nn::am::service,ISystemAppletControllerForDebug
sdk,0x9e3d60,N2nn2am7service24IApplicationProxyServiceE,nn::am::service::IApplicationProxyService,nn::am::service,IApplicationProxyService
sdk,0x9ebb10,N2nn6aocsrv6detail20IAddOnContentManagerE,nn::aocsrv::detail::IAddOnContentManager,nn::aocsrv::detail,IAddOnContentManager
sdk,0x9ebe90,N2nn2ec21IPurchaseEventManagerE,nn::ec::IPurchaseEventManager,nn::ec,IPurchaseEventManager
sdk,0x9ec1f0,N2nn3apm8IManagerE,nn::apm::IManager,nn::apm,IManager
sdk,0x9ec500,N2nn3apm8ISessionE,nn::apm::ISession,nn::apm,ISession
sdk,0x9ec830,N2nn3apm18IManagerPrivilegedE,nn::apm::IManagerPrivileged,nn::apm,IManagerPrivileged
sdk,0x9ecb70,N2nn3apm14ISystemManagerE,nn::apm::ISystemManager,nn::apm,ISystemManager
sdk,0x9f0060,N2nn5audio6detail18IAudioDebugManagerE,nn::audio::detail::IAudioDebugManager,nn::audio::detail,IAudioDebugManager
sdk,0x9f04d0,N2nn5audio6detail15IAudioInManagerE,nn::audio::detail::IAudioInManager,nn::audio::detail,IAudioInManager
sdk,0x9f0900,N2nn5audio6detail8IAudioInE,nn::audio::detail::IAudioIn,nn::audio::detail,IAudioIn
sdk,0x9f0ef0,N2nn5audio6detail24IAudioInManagerForAppletE,nn::audio::detail::IAudioInManagerForApplet,nn::audio::detail,IAudioInManagerForApplet
sdk,0x9f1360,N2nn5audio6detail26IAudioInManagerForDebuggerE,nn::audio::detail::IAudioInManagerForDebugger,nn::audio::detail,IAudioInManagerForDebugger
sdk,0x9f17e0,N2nn5audio6detail16IAudioOutManagerE,nn::audio::detail::IAudioOutManager,nn::audio::detail,IAudioOutManager
sdk,0x9f1c20,N2nn5audio6detail9IAudioOutE,nn::audio::detail::IAudioOut,nn::audio::detail,IAudioOut
sdk,0x9f2080,N2nn5audio6detail25IAudioOutManagerForAppletE,nn::audio::detail::IAudioOutManagerForApplet,nn::audio::detail,IAudioOutManagerForApplet
sdk,0x9f24f0,N2nn5audio6detail27IAudioOutManagerForDebuggerE,nn::audio::detail::IAudioOutManagerForDebugger,nn::audio::detail,IAudioOutManagerForDebugger
sdk,0x9f2980,N2nn5audio6detail21IAudioRendererManagerE,nn::audio::detail::IAudioRendererManager,nn::audio::detail,IAudioRendererManager
sdk,0x9f2de0,N2nn5audio6detail14IAudioRendererE,nn::audio::detail::IAudioRenderer,nn::audio::detail,IAudioRenderer
sdk,0x9f32b0,N2nn5audio6detail12IAudioDeviceE,nn::audio::detail::IAudioDevice,nn::audio::detail,IAudioDevice
sdk,0x9f37e0,N2nn5audio6detail30IAudioRendererManagerForAppletE,nn::audio::detail::IAudioRendererManagerForApplet,nn::audio::detail,IAudioRendererManagerForApplet
sdk,0x9f3c80,N2nn5audio6detail32IAudioRendererManagerForDebuggerE,nn::audio::detail::IAudioRendererManagerForDebugger,nn::audio::detail,IAudioRendererManagerForDebugger
sdk,0x9f4120,N2nn5audio6detail27IFinalOutputRecorderManagerE,nn::audio::detail::IFinalOutputRecorderManager,nn::audio::detail,IFinalOutputRecorderManager
sdk,0x9f45b0,N2nn5audio6detail20IFinalOutputRecorderE,nn::audio::detail::IFinalOutputRecorder,nn::audio::detail,IFinalOutputRecorder
sdk,0x9f4a50,N2nn5audio6detail18IAudioSnoopManagerE,nn::audio::detail::IAudioSnoopManager,nn::audio::detail,IAudioSnoopManager
sdk,0x9f4a80,N2nn5audio6server24AudioRendererManagerImplE,nn::audio::server::AudioRendererManagerImpl,nn::audio::server,AudioRendererManagerImpl
sdk,0x9f5100,N2nn5audio6server13CommandBufferE,nn::audio::server::CommandBuffer,nn::audio::server,CommandBuffer
sdk,0x9f5130,N2nn5audio6server14ICommandBufferE,nn::audio::server::ICommandBuffer,nn::audio::server,ICommandBuffer
sdk,0x9f5160,N2nn5audio6server17PerfMeasureAspectE,nn::audio::server::PerfMeasureAspect,nn::audio::server,PerfMeasureAspect
sdk,0x9f51d0,N2nn5audio6server32PerformanceMeasuredCommandBufferE,nn::audio::server::PerformanceMeasuredCommandBuffer,nn::audio::server,PerformanceMeasuredCommandBuffer
sdk,0x9f5220,N2nn5audio6server11EntryAspectE,nn::audio::server::EntryAspect,nn::audio::server,EntryAspect
sdk,0x9f5280,N2nn5audio6server12DetailAspectE,nn::audio::server::DetailAspect,nn::audio::server,DetailAspect
sdk,0x9f52b0,N2nn5audio6server10NullAspectE,nn::audio::server::NullAspect,nn::audio::server,NullAspect
sdk,0x9f5300,N2nn5audio6server38CommandProcessingTimeEstimatorVersion1E,nn::audio::server::CommandProcessingTimeEstimatorVersion1,nn::audio::server,CommandProcessingTimeEstimatorVersion1
sdk,0x9f5340,N2nn5audio6server31ICommandProcessingTimeEstimatorE,nn::audio::server::ICommandProcessingTimeEstimator,nn::audio::server,ICommandProcessingTimeEstimator
sdk,0x9f5410,N2nn5audio6server38CommandProcessingTimeEstimatorVersion2E,nn::audio::server::CommandProcessingTimeEstimatorVersion2,nn::audio::server,CommandProcessingTimeEstimatorVersion2
sdk,0x9f58c0,N2nn5audio6server23IPerformanceManagerImplE,nn::audio::server::IPerformanceManagerImpl,nn::audio::server,IPerformanceManagerImpl
sdk,0x9f59e0,N2nn5audio6server14EffectInfoBaseE,nn::audio::server::EffectInfoBase,nn::audio::server,EffectInfoBase
sdk,0x9f5a10,N2nn5audio6server15BufferMixerInfoE,nn::audio::server::BufferMixerInfo,nn::audio::server,BufferMixerInfo
sdk,0x9f5a40,N2nn5audio6server9DelayInfoE,nn::audio::server::DelayInfo,nn::audio::server,DelayInfo
sdk,0x9f5a60,N2nn5audio6server10ReverbInfoE,nn::audio::server::ReverbInfo,nn::audio::server,ReverbInfo
sdk,0x9f5a80,N2nn5audio6server15I3dl2ReverbInfoE,nn::audio::server::I3dl2ReverbInfo,nn::audio::server,I3dl2ReverbInfo
sdk,0x9f5ab0,N2nn5audio6server7AuxInfoE,nn::audio::server::AuxInfo,nn::audio::server,AuxInfo
sdk,0x9f5ad0,N2nn5audio6server16BiquadFilterInfoE,nn::audio::server::BiquadFilterInfo,nn::audio::server,BiquadFilterInfo
sdk,0x9f5b30,N2nn5audio6server12SinkInfoBaseE,nn::audio::server::SinkInfoBase,nn::audio::server,SinkInfoBase
sdk,0x9f5b60,N2nn5audio6server14DeviceSinkInfoE,nn::audio::server::DeviceSinkInfo,nn::audio::server,DeviceSinkInfo
sdk,0x9f5bf0,N2nn5audio6server22CircularBufferSinkInfoE,nn::audio::server::CircularBufferSinkInfo,nn::audio::server,CircularBufferSinkInfo
sdk,0x9f9870,N2nn4bcat6detail3ipc15IServiceCreatorE,nn::bcat::detail::ipc::IServiceCreator,nn::bcat::detail::ipc,IServiceCreator
sdk,0x9f9ca0,N2nn4bcat6detail3ipc12IBcatServiceE,nn::bcat::detail::ipc::IBcatService,nn::bcat::detail::ipc,IBcatService
sdk,0x9fa100,N2nn4bcat6detail3ipc29IDeliveryCacheProgressServiceE,nn::bcat::detail::ipc::IDeliveryCacheProgressService,nn::bcat::detail::ipc,IDeliveryCacheProgressService
sdk,0x9fa570,N2nn4bcat6detail3ipc28IDeliveryCacheStorageServiceE,nn::bcat::detail::ipc::IDeliveryCacheStorageService,nn::bcat::detail::ipc,IDeliveryCacheStorageService
sdk,0x9fa9e0,N2nn4bcat6detail3ipc25IDeliveryCacheFileServiceE,nn::bcat::detail::ipc::IDeliveryCacheFileService,nn::bcat::detail::ipc,IDeliveryCacheFileService
sdk,0x9fae50,N2nn4bcat6detail3ipc30IDeliveryCacheDirectoryServiceE,nn::bcat::detail::ipc::IDeliveryCacheDirectoryService,nn::bcat::detail::ipc,IDeliveryCacheDirectoryService
sdk,0x9fb2a0,N2nn9bluetooth16IBluetoothDriverE,nn::bluetooth::IBluetoothDriver,nn::bluetooth,IBluetoothDriver
sdk,0x9fb6e0,N2nn9bluetooth14IBluetoothUserE,nn::bluetooth::IBluetoothUser,nn::bluetooth,IBluetoothUser
sdk,0x9fb8d0,N2nn9bluetooth13GattAttributeE,nn::bluetooth::GattAttribute,nn::bluetooth,GattAttribute
sdk,0x9fb8f0,N2nn9bluetooth11GattServiceE,nn::bluetooth::GattService,nn::bluetooth,GattService
sdk,0x9fb910,N2nn9bluetooth18GattCharacteristicE,nn::bluetooth::GattCharacteristic,nn::bluetooth,GattCharacteristic
sdk,0x9fb940,N2nn9bluetooth14GattDescriptorE,nn::bluetooth::GattDescriptor,nn::bluetooth,GattDescriptor
sdk,0x9fbd40,N2nn3btm8IBtmUserE,nn::btm::IBtmUser,nn::btm,IBtmUser
sdk,0x9fc130,N2nn3btm12IBtmUserCoreE,nn::btm::IBtmUserCore,nn::btm,IBtmUserCore
sdk,0x9fc5a0,N2nn6capsrv2sf29IScreenShotApplicationServiceE,nn::capsrv::sf::IScreenShotApplicationService,nn::capsrv::sf,IScreenShotApplicationService
sdk,0x9fc990,N2nn6capsrv2sf24IAlbumApplicationServiceE,nn::capsrv::sf::IAlbumApplicationService,nn::capsrv::sf,IAlbumApplicationService
sdk,0x9fcdb0,N2nn6capsrv2sf32IAlbumAccessorApplicationSessionE,nn::capsrv::sf::IAlbumAccessorApplicationSession,nn::capsrv::sf,IAlbumAccessorApplicationSession
sdk,0xa030f0,N2nn5codec19HardwareOpusDecoderE,nn::codec::HardwareOpusDecoder,nn::codec,HardwareOpusDecoder
sdk,0xa03120,N2nn5codec12IOpusDecoderE,nn::codec::IOpusDecoder,nn::codec,IOpusDecoder
sdk,0xa03140,N2nn5codec30HardwareOpusMultiStreamDecoderE,nn::codec::HardwareOpusMultiStreamDecoder,nn::codec,HardwareOpusMultiStreamDecoder
sdk,0xa03170,N2nn5codec23IOpusMultiStreamDecoderE,nn::codec::IOpusMultiStreamDecoder,nn::codec,IOpusMultiStreamDecoder
sdk,0xa031a0,N2nn5codec11OpusDecoderE,nn::codec::OpusDecoder,nn::codec,OpusDecoder
sdk,0xa031c0,N2nn5codec11OpusEncoderE,nn::codec::OpusEncoder,nn::codec,OpusEncoder
sdk,0xa031e0,N2nn5codec12IOpusEncoderE,nn::codec::IOpusEncoder,nn::codec,IOpusEncoder
sdk,0xa03200,N2nn5codec22OpusMultiStreamDecoderE,nn::codec::OpusMultiStreamDecoder,nn::codec,OpusMultiStreamDecoder
sdk,0xa036c0,N2nn5codec6detail27IHardwareOpusDecoderManagerE,nn::codec::detail::IHardwareOpusDecoderManager,nn::codec::detail,IHardwareOpusDecoderManager
sdk,0xa03b30,N2nn5codec6detail20IHardwareOpusDecoderE,nn::codec::detail::IHardwareOpusDecoder,nn::codec::detail,IHardwareOpusDecoder
sdk,0xa12120,N2nn5codec10AacDecoderE,nn::codec::AacDecoder,nn::codec,AacDecoder
sdk,0xa12140,N2nn5codec11IAacDecoderE,nn::codec::IAacDecoder,nn::codec,IAacDecoder
sdk,0xa12650,N2nn2sf4impl6detail22ServiceObjectImplBase2E,nn::sf::impl::detail::ServiceObjectImplBase2,nn::sf::impl::detail,ServiceObjectImplBase2
sdk,0xa12900,N2nn3spl6detail16IRandomInterfaceE,nn::spl::detail::IRandomInterface,nn::spl::detail,IRandomInterface
sdk,0xa12930,N2nn2sf14IServiceObjectE,nn::sf::IServiceObject,nn::sf,IServiceObject
sdk,0xa12950,N2nn2sf13ISharedObjectE,nn::sf::ISharedObject,nn::sf,ISharedObject
sdk,0xa12970,N2nn2sf4hipc6client26Hipc2ClientProxyBaseObjectE,nn::sf::hipc::client::Hipc2ClientProxyBaseObject,nn::sf::hipc::client,Hipc2ClientProxyBaseObject
sdk,0xa129b0,N2nn2sf4cmif6client14CmifBaseObjectE,nn::sf::cmif::client::CmifBaseObject,nn::sf::cmif::client,CmifBaseObject
sdk,0xa129e0,N2nn2sf6detail13CmifProxyInfoE,nn::sf::detail::CmifProxyInfo,nn::sf::detail,CmifProxyInfo
sdk,0xa12b20,N2nn2ec4json29MemoryInputStreamForRapidJsonE,nn::ec::json::MemoryInputStreamForRapidJson,nn::ec::json,MemoryInputStreamForRapidJson
sdk,0xa12b50,N2nn2ec4json33MemoryInputStreamBaseForRapidJsonE,nn::ec::json::MemoryInputStreamBaseForRapidJson,nn::ec::json,MemoryInputStreamBaseForRapidJson
sdk,0xa12b90,N2nn4http4json24StringBufferForRapidJsonE,nn::http::json::StringBufferForRapidJson,nn::http::json,StringBufferForRapidJson
sdk,0xa13f80,N2nn3nim6detail33IShopServiceAccessServerInterfaceE,nn::nim::detail::IShopServiceAccessServerInterface,nn::nim::detail,IShopServiceAccessServerInterface
sdk,0xa14300,N2nn3nim6detail24IShopServiceAccessServerE,nn::nim::detail::IShopServiceAccessServer,nn::nim::detail,IShopServiceAccessServer
sdk,0xa14650,N2nn3nim6detail20IShopServiceAccessorE,nn::nim::detail::IShopServiceAccessor,nn::nim::detail,IShopServiceAccessor
sdk,0xa149a0,N2nn3nim6detail17IShopServiceAsyncE,nn::nim::detail::IShopServiceAsync,nn::nim::detail,IShopServiceAsync
sdk,0xa149f0,N2nn2ec6detail23ShopServiceAccessServer5ProxyE,nn::ec::detail::ShopServiceAccessServer::Proxy,nn::ec::detail::ShopServiceAccessServer,Proxy
sdk,0xa14d70,N2nn3nim6detail33IShopServiceAccessSystemInterfaceE,nn::nim::detail::IShopServiceAccessSystemInterface,nn::nim::detail,IShopServiceAccessSystemInterface
sdk,0xa150a0,N2nn2ec4json7adaptor37ConsumableServiceItemRightDataAdaptorE,nn::ec::json::adaptor::ConsumableServiceItemRightDataAdaptor,nn::ec::json::adaptor,ConsumableServiceItemRightDataAdaptor
sdk,0xa16bc0,N2nn7friends6detail3ipc15IServiceCreatorE,nn::friends::detail::ipc::IServiceCreator,nn::friends::detail::ipc,IServiceCreator
sdk,0xa17000,N2nn7friends6detail3ipc14IFriendServiceE,nn::friends::detail::ipc::IFriendService,nn::friends::detail::ipc,IFriendService
sdk,0xa17690,N2nn7friends6detail3ipc20INotificationServiceE,nn::friends::detail::ipc::INotificationService,nn::friends::detail::ipc,INotificationService
sdk,0xa17af0,N2nn7friends6detail3ipc28IDaemonSuspendSessionServiceE,nn::friends::detail::ipc::IDaemonSuspendSessionService,nn::friends::detail::ipc,IDaemonSuspendSessionService
sdk,0xa17b40,N2nn2fs10SubStorageE,nn::fs::SubStorage,nn::fs,SubStorage
sdk,0xa17b60,N2nn2fs8IStorageE,nn::fs::IStorage,nn::fs,IStorage
sdk,0xa17b80,N2nn2fs6detail7NewableE,nn::fs::detail::Newable,nn::fs::detail,Newable
sdk,0xa17ba0,N2nn2fs11FileStorageE,nn::fs::FileStorage,nn::fs,FileStorage
sdk,0xa17bc0,N2nn2fs17FileHandleStorageE,nn::fs::FileHandleStorage,nn::fs,FileHandleStorage
sdk,0xa17be0,N2nn2fs26FileStorageBasedFileSystemE,nn::fs::FileStorageBasedFileSystem,nn::fs,FileStorageBasedFileSystem
sdk,0xa17c20,N2nn2fs15RomFsFileSystemE,nn::fs::RomFsFileSystem,nn::fs,RomFsFileSystem
sdk,0xa17c40,N2nn2fs3fsa11IFileSystemE,nn::fs::fsa::IFileSystem,nn::fs::fsa,IFileSystem
sdk,0xa17c60,N2nn2fs18RomFsFileDataCacheE,nn::fs::RomFsFileDataCache,nn::fs,RomFsFileDataCache
sdk,0xa17c80,N2nn2fs6detail14IFileDataCacheE,nn::fs::detail::IFileDataCache,nn::fs::detail,IFileDataCache
sdk,0xa17ca0,N2nn2fs13MemoryStorageE,nn::fs::MemoryStorage,nn::fs,MemoryStorage
sdk,0xa17cc0,N2nn2fs12_GLOBAL__N_19RomFsFileE,nn::fs::_GLOBAL__N_1::RomFsFile,nn::fs::_GLOBAL__N_1,RomFsFile
sdk,0xa17cf0,N2nn2fs3fsa5IFileE,nn::fs::fsa::IFile,nn::fs::fsa,IFile
sdk,0xa17d10,N2nn2fs12_GLOBAL__N_114RomFsDirectoryE,nn::fs::_GLOBAL__N_1::RomFsDirectory,nn::fs::_GLOBAL__N_1,RomFsDirectory
sdk,0xa17d40,N2nn2fs3fsa10IDirectoryE,nn::fs::fsa::IDirectory,nn::fs::fsa,IDirectory
sdk,0xa17eb0,N2nn2fs6detail18FileSystemAccessorE,nn::fs::detail::FileSystemAccessor,nn::fs::detail,FileSystemAccessor
sdk,0xa180e0,N2nn2fs12_GLOBAL__N_127BisCommonMountNameGeneratorE,nn::fs::_GLOBAL__N_1::BisCommonMountNameGenerator,nn::fs::_GLOBAL__N_1,BisCommonMountNameGenerator
sdk,0xa18120,N2nn2fs3fsa25ICommonMountNameGeneratorE,nn::fs::fsa::ICommonMountNameGenerator,nn::fs::fsa,ICommonMountNameGenerator
sdk,0xa18170,N2nn2fs12_GLOBAL__N_138ContentStorageCommonMountNameGeneratorE,nn::fs::_GLOBAL__N_1::ContentStorageCommonMountNameGenerator,nn::fs::_GLOBAL__N_1,ContentStorageCommonMountNameGenerator
sdk,0xa181b0,N2nn2fs6detail26EventNotifierObjectAdapterE,nn::fs::detail::EventNotifierObjectAdapter,nn::fs::detail,EventNotifierObjectAdapter
sdk,0xa181e0,N2nn2fs14IEventNotifierE,nn::fs::IEventNotifier,nn::fs,IEventNotifier
sdk,0xa186a0,N2nn5fssrv2sf16IFileSystemProxyE,nn::fssrv::sf::IFileSystemProxy,nn::fssrv::sf,IFileSystemProxy
sdk,0xa18ce0,N2nn5fssrv2sf11IFileSystemE,nn::fssrv::sf::IFileSystem,nn::fssrv::sf,IFileSystem
sdk,0xa19160,N2nn5fssrv2sf5IFileE,nn::fssrv::sf::IFile,nn::fssrv::sf,IFile
sdk,0xa195f0,N2nn5fssrv2sf10IDirectoryE,nn::fssrv::sf::IDirectory,nn::fssrv::sf,IDirectory
sdk,0xa19ab0,N2nn5fssrv2sf8IStorageE,nn::fssrv::sf::IStorage,nn::fssrv::sf,IStorage
sdk,0xa19f60,N2nn5fssrv2sf19ISaveDataInfoReaderE,nn::fssrv::sf::ISaveDataInfoReader,nn::fssrv::sf,ISaveDataInfoReader
sdk,0xa1a420,N2nn5fssrv2sf24ISaveDataTransferManagerE,nn::fssrv::sf::ISaveDataTransferManager,nn::fssrv::sf,ISaveDataTransferManager
sdk,0xa1a8e0,N2nn5fssrv2sf17ISaveDataExporterE,nn::fssrv::sf::ISaveDataExporter,nn::fssrv::sf,ISaveDataExporter
sdk,0xa1ada0,N2nn5fssrv2sf17ISaveDataImporterE,nn::fssrv::sf::ISaveDataImporter,nn::fssrv::sf,ISaveDataImporter
sdk,0xa1b290,N2nn5fssrv2sf36ISaveDataTransferManagerWithDivisionE,nn::fssrv::sf::ISaveDataTransferManagerWithDivision,nn::fssrv::sf,ISaveDataTransferManagerWithDivision
sdk,0xa1b770,N2nn5fssrv2sf25ISaveDataDivisionExporterE,nn::fssrv::sf::ISaveDataDivisionExporter,nn::fssrv::sf,ISaveDataDivisionExporter
sdk,0xa1bc30,N2nn5fssrv2sf22ISaveDataChunkIteratorE,nn::fssrv::sf::ISaveDataChunkIterator,nn::fssrv::sf,ISaveDataChunkIterator
sdk,0xa1c0f0,N2nn5fssrv2sf22ISaveDataChunkExporterE,nn::fssrv::sf::ISaveDataChunkExporter,nn::fssrv::sf,ISaveDataChunkExporter
sdk,0xa1c5c0,N2nn5fssrv2sf25ISaveDataDivisionImporterE,nn::fssrv::sf::ISaveDataDivisionImporter,nn::fssrv::sf,ISaveDataDivisionImporter
sdk,0xa1ca80,N2nn5fssrv2sf22ISaveDataChunkImporterE,nn::fssrv::sf::ISaveDataChunkImporter,nn::fssrv::sf,ISaveDataChunkImporter
sdk,0xa1cf50,N2nn5fssrv2sf27ISaveDataTransferProhibiterE,nn::fssrv::sf::ISaveDataTransferProhibiter,nn::fssrv::sf,ISaveDataTransferProhibiter
sdk,0xa1d400,N2nn5fssrv2sf15IDeviceOperatorE,nn::fssrv::sf::IDeviceOperator,nn::fssrv::sf,IDeviceOperator
sdk,0xa1d8d0,N2nn5fssrv2sf14IEventNotifierE,nn::fssrv::sf::IEventNotifier,nn::fssrv::sf,IEventNotifier
sdk,0xa1dd80,N2nn5fssrv2sf19IMultiCommitManagerE,nn::fssrv::sf::IMultiCommitManager,nn::fssrv::sf,IMultiCommitManager
sdk,0xa1de20,N2nn2sf4hipc6client24HipcClientSessionManagerE,nn::sf::hipc::client::HipcClientSessionManager,nn::sf::hipc::client,HipcClientSessionManager
sdk,0xa1de50,N2nn2sf4hipc6client26HipcClientSessionAllocatorE,nn::sf::hipc::client::HipcClientSessionAllocator,nn::sf::hipc::client,HipcClientSessionAllocator
sdk,0xa1e330,N2nn5fssrv2sf25IFileSystemProxyForLoaderE,nn::fssrv::sf::IFileSystemProxyForLoader,nn::fssrv::sf,IFileSystemProxyForLoader
sdk,0xa1e800,N2nn5fssrv2sf16IProgramRegistryE,nn::fssrv::sf::IProgramRegistry,nn::fssrv::sf,IProgramRegistry
sdk,0xa1e8c0,N2nn2fs6detail24FileServiceObjectAdapterE,nn::fs::detail::FileServiceObjectAdapter,nn::fs::detail,FileServiceObjectAdapter
sdk,0xa1e8f0,N2nn2fs6detail29DirectoryServiceObjectAdapterE,nn::fs::detail::DirectoryServiceObjectAdapter,nn::fs::detail,DirectoryServiceObjectAdapter
sdk,0xa1e920,N2nn2fs6detail30FileSystemServiceObjectAdapterE,nn::fs::detail::FileSystemServiceObjectAdapter,nn::fs::detail,FileSystemServiceObjectAdapter
sdk,0xa1e950,N2nn2fs3fsa18IMultiCommitTargetE,nn::fs::fsa::IMultiCommitTarget,nn::fs::fsa,IMultiCommitTarget
sdk,0xa1e980,N2nn2fs12_GLOBAL__N_132GameCardCommonMountNameGeneratorE,nn::fs::_GLOBAL__N_1::GameCardCommonMountNameGenerator,nn::fs::_GLOBAL__N_1,GameCardCommonMountNameGenerator
sdk,0xa1e9c0,N2nn2fs12_GLOBAL__N_128HostCommonMountNameGeneratorE,nn::fs::_GLOBAL__N_1::HostCommonMountNameGenerator,nn::fs::_GLOBAL__N_1,HostCommonMountNameGenerator
sdk,0xa1ea00,N2nn2fs12_GLOBAL__N_132HostRootCommonMountNameGeneratorE,nn::fs::_GLOBAL__N_1::HostRootCommonMountNameGenerator,nn::fs::_GLOBAL__N_1,HostRootCommonMountNameGenerator
sdk,0xa1ea40,N2nn2fs12_GLOBAL__N_19AllocatorE,nn::fs::_GLOBAL__N_1::Allocator,nn::fs::_GLOBAL__N_1,Allocator
sdk,0xa1ea70,N2nn14MemoryResourceE,nn::MemoryResource,nn,MemoryResource
sdk,0xa1ea90,N2nn2fs12_GLOBAL__N_149RegisteredUpdatePartitionCommonMountNameGeneratorE,nn::fs::_GLOBAL__N_1::RegisteredUpdatePartitionCommonMountNameGenerator,nn::fs::_GLOBAL__N_1,RegisteredUpdatePartitionCommonMountNameGenerator
sdk,0xa1eae0,N2nn2fs6detail27StorageServiceObjectAdapterE,nn::fs::detail::StorageServiceObjectAdapter,nn::fs::detail,StorageServiceObjectAdapter
sdk,0xa1eb30,N12_GLOBAL__N_124SaveDataExporterVersion2E,_GLOBAL__N_1::SaveDataExporterVersion2,_GLOBAL__N_1,SaveDataExporterVersion2
sdk,0xa1eb60,N2nn2fs25ISaveDataDivisionExporterE,nn::fs::ISaveDataDivisionExporter,nn::fs,ISaveDataDivisionExporter
sdk,0xa1eb90,N12_GLOBAL__N_121SaveDataChunkIteratorE,_GLOBAL__N_1::SaveDataChunkIterator,_GLOBAL__N_1,SaveDataChunkIterator
sdk,0xa1ebc0,N2nn2fs22ISaveDataChunkIteratorE,nn::fs::ISaveDataChunkIterator,nn::fs,ISaveDataChunkIterator
sdk,0xa1ebf0,N12_GLOBAL__N_121SaveDataChunkExporterE,_GLOBAL__N_1::SaveDataChunkExporter,_GLOBAL__N_1,SaveDataChunkExporter
sdk,0xa1ec20,N2nn2fs22ISaveDataChunkExporterE,nn::fs::ISaveDataChunkExporter,nn::fs,ISaveDataChunkExporter
sdk,0xa1ec50,N12_GLOBAL__N_124SaveDataImporterVersion2E,_GLOBAL__N_1::SaveDataImporterVersion2,_GLOBAL__N_1,SaveDataImporterVersion2
sdk,0xa1ec80,N2nn2fs25ISaveDataDivisionImporterE,nn::fs::ISaveDataDivisionImporter,nn::fs,ISaveDataDivisionImporter
sdk,0xa1ecb0,N12_GLOBAL__N_121SaveDataChunkImporterE,_GLOBAL__N_1::SaveDataChunkImporter,_GLOBAL__N_1,SaveDataChunkImporter
sdk,0xa1ece0,N2nn2fs22ISaveDataChunkImporterE,nn::fs::ISaveDataChunkImporter,nn::fs,ISaveDataChunkImporter
sdk,0xa1ed10,N2nn3hid6detail12_GLOBAL__N_129BasicXpadSharedMemoryAccessorE,nn::hid::detail::_GLOBAL__N_1::BasicXpadSharedMemoryAccessor,nn::hid::detail::_GLOBAL__N_1,BasicXpadSharedMemoryAccessor
sdk,0xa1ed50,N2nn3hid6detail12_GLOBAL__N_133CaptureButtonSharedMemoryAccessorE,nn::hid::detail::_GLOBAL__N_1::CaptureButtonSharedMemoryAccessor,nn::hid::detail::_GLOBAL__N_1,CaptureButtonSharedMemoryAccessor
sdk,0xa1eda0,N2nn3hid6detail12_GLOBAL__N_140ConsoleSixAxisSensorClientResourceHolderE,nn::hid::detail::_GLOBAL__N_1::ConsoleSixAxisSensorClientResourceHolder,nn::hid::detail::_GLOBAL__N_1,ConsoleSixAxisSensorClientResourceHolder
sdk,0xa1edf0,N2nn3hid6detail12_GLOBAL__N_128DebugPadSharedMemoryAccessorE,nn::hid::detail::_GLOBAL__N_1::DebugPadSharedMemoryAccessor,nn::hid::detail::_GLOBAL__N_1,DebugPadSharedMemoryAccessor
sdk,0xa1ee70,N2nn3hid6detail12_GLOBAL__N_127GestureSharedMemoryAccessorE,nn::hid::detail::_GLOBAL__N_1::GestureSharedMemoryAccessor,nn::hid::detail::_GLOBAL__N_1,GestureSharedMemoryAccessor
sdk,0xa1eeb0,N2nn3hid6detail12_GLOBAL__N_130HomeButtonSharedMemoryAccessorE,nn::hid::detail::_GLOBAL__N_1::HomeButtonSharedMemoryAccessor,nn::hid::detail::_GLOBAL__N_1,HomeButtonSharedMemoryAccessor
sdk,0xa1eef0,N2nn3hid6detail12_GLOBAL__N_133InputDetectorSharedMemoryAccessorE,nn::hid::detail::_GLOBAL__N_1::InputDetectorSharedMemoryAccessor,nn::hid::detail::_GLOBAL__N_1,InputDetectorSharedMemoryAccessor
sdk,0xa1ef40,N2nn3hid6detail12_GLOBAL__N_114JoyXpadSessionE,nn::hid::detail::_GLOBAL__N_1::JoyXpadSession,nn::hid::detail::_GLOBAL__N_1,JoyXpadSession
sdk,0xa1ef70,N2nn3hid6detail12_GLOBAL__N_127JoyXpadSixAxisSensorSessionE,nn::hid::detail::_GLOBAL__N_1::JoyXpadSixAxisSensorSession,nn::hid::detail::_GLOBAL__N_1,JoyXpadSixAxisSensorSession
sdk,0xa1efb0,N2nn3hid6detail12_GLOBAL__N_128KeyboardSharedMemoryAccessorE,nn::hid::detail::_GLOBAL__N_1::KeyboardSharedMemoryAccessor,nn::hid::detail::_GLOBAL__N_1,KeyboardSharedMemoryAccessor
sdk,0xa1eff0,N2nn3hid6detail12_GLOBAL__N_125MouseSharedMemoryAccessorE,nn::hid::detail::_GLOBAL__N_1::MouseSharedMemoryAccessor,nn::hid::detail::_GLOBAL__N_1,MouseSharedMemoryAccessor
sdk,0xa1f040,N2nn3hid6detail12_GLOBAL__N_124NpadSharedMemoryAccessorE,nn::hid::detail::_GLOBAL__N_1::NpadSharedMemoryAccessor,nn::hid::detail::_GLOBAL__N_1,NpadSharedMemoryAccessor
sdk,0xa1f090,N2nn3hid6detail7SessionE,nn::hid::detail::Session,nn::hid::detail,Session
sdk,0xa1f0b0,N2nn3hid6detail20SharedMemoryAccessorE,nn::hid::detail::SharedMemoryAccessor,nn::hid::detail,SharedMemoryAccessor
sdk,0xa1f160,N2nn3hid6detail12_GLOBAL__N_120SixAxisSensorSessionE,nn::hid::detail::_GLOBAL__N_1::SixAxisSensorSession,nn::hid::detail::_GLOBAL__N_1,SixAxisSensorSession
sdk,0xa1f1a0,N2nn3hid6detail12_GLOBAL__N_131SleepButtonSharedMemoryAccessorE,nn::hid::detail::_GLOBAL__N_1::SleepButtonSharedMemoryAccessor,nn::hid::detail::_GLOBAL__N_1,SleepButtonSharedMemoryAccessor
sdk,0xa1f1e0,N2nn3hid6detail12_GLOBAL__N_131TouchScreenSharedMemoryAccessorE,nn::hid::detail::_GLOBAL__N_1::TouchScreenSharedMemoryAccessor,nn::hid::detail::_GLOBAL__N_1,TouchScreenSharedMemoryAccessor
sdk,0xa2fbd0,N2nn3hid18VibrationConverterE,nn::hid::VibrationConverter,nn::hid,VibrationConverter
sdk,0xa2fc00,N2nn3hid14VibrationMixerE,nn::hid::VibrationMixer,nn::hid,VibrationMixer
sdk,0xa2fc30,N2nn3hid13VibrationNodeE,nn::hid::VibrationNode,nn::hid,VibrationNode
sdk,0xa2fc90,N2nn4util17IntrusiveListNodeE,nn::util::IntrusiveListNode,nn::util,IntrusiveListNode
sdk,0xa2fcb0,N2nn3hid23VibrationNodeConnectionE,nn::hid::VibrationNodeConnection,nn::hid,VibrationNodeConnection
sdk,0xa2fd30,N2nn3hid15VibrationPlayerE,nn::hid::VibrationPlayer,nn::hid,VibrationPlayer
sdk,0xa2fd50,N2nn3hid15VibrationTargetE,nn::hid::VibrationTarget,nn::hid,VibrationTarget
sdk,0xa2fd70,N2nn3hid15VibrationWriterE,nn::hid::VibrationWriter,nn::hid,VibrationWriter
sdk,0xa307c0,N2nn3hid15IHidDebugServerE,nn::hid::IHidDebugServer,nn::hid,IHidDebugServer
sdk,0xa30bf0,N2nn3hid10IHidServerE,nn::hid::IHidServer,nn::hid,IHidServer
sdk,0xa30fc0,N2nn3hid15IAppletResourceE,nn::hid::IAppletResource,nn::hid,IAppletResource
sdk,0xa313f0,N2nn3hid26IActiveVibrationDeviceListE,nn::hid::IActiveVibrationDeviceList,nn::hid,IActiveVibrationDeviceList
sdk,0xa317f0,N2nn3hid16IHidSystemServerE,nn::hid::IHidSystemServer,nn::hid,IHidSystemServer
sdk,0xa31bf0,N2nn6hidbus19IHidbusSystemServerE,nn::hidbus::IHidbusSystemServer,nn::hidbus,IHidbusSystemServer
sdk,0xa32000,N2nn3hid19IHidTemporaryServerE,nn::hid::IHidTemporaryServer,nn::hid,IHidTemporaryServer
sdk,0xa32400,N2nn6hidbus13IHidbusServerE,nn::hidbus::IHidbusServer,nn::hidbus,IHidbusServer
sdk,0xa32ed0,N2nn3tma11IHtcManagerE,nn::tma::IHtcManager,nn::tma,IHtcManager
sdk,0xa333f0,N2nn3htc4tenv15IServiceManagerE,nn::htc::tenv::IServiceManager,nn::htc::tenv,IServiceManager
sdk,0xa338b0,N2nn3htc4tenv8IServiceE,nn::htc::tenv::IService,nn::htc::tenv,IService
sdk,0xa33cd0,N2nn3tma12IHtcsManagerE,nn::tma::IHtcsManager,nn::tma,IHtcsManager
sdk,0xa340d0,N2nn3tma7ISocketE,nn::tma::ISocket,nn::tma,ISocket
sdk,0xa365e0,N2nn5image11JpegDecoderE,nn::image::JpegDecoder,nn::image,JpegDecoder
sdk,0xa36600,N2nn5image11JpegEncoderE,nn::image::JpegEncoder,nn::image,JpegEncoder
sdk,0xa36640,N2nn5image11ExifBuilderE,nn::image::ExifBuilder,nn::image,ExifBuilder
sdk,0xa36790,N2nn5image13ExifExtractorE,nn::image::ExifExtractor,nn::image,ExifExtractor
sdk,0xa36a50,N2nn8irsensor6detail7SessionE,nn::irsensor::detail::Session,nn::irsensor::detail,Session
sdk,0xa36a70,N2nn8irsensor6detail15IrSensorSessionE,nn::irsensor::detail::IrSensorSession,nn::irsensor::detail,IrSensorSession
sdk,0xa36ea0,N2nn8irsensor15IIrSensorServerE,nn::irsensor::IIrSensorServer,nn::irsensor,IIrSensorServer
sdk,0xa37300,N2nn8irsensor21IIrSensorSystemServerE,nn::irsensor::IIrSensorSystemServer,nn::irsensor,IIrSensorSystemServer
sdk,0xa38ea0,N2nn6jitsrv11IJitServiceE,nn::jitsrv::IJitService,nn::jitsrv,IJitService
sdk,0xa392e0,N2nn6jitsrv15IJitEnvironmentE,nn::jitsrv::IJitEnvironment,nn::jitsrv,IJitEnvironment
sdk,0xa39300,N2nn6jitsrv19IJitEnvironmentBaseE,nn::jitsrv::IJitEnvironmentBase,nn::jitsrv,IJitEnvironmentBase
sdk,0xa3af30,N2nn3ldn6detail19IUserServiceCreatorE,nn::ldn::detail::IUserServiceCreator,nn::ldn::detail,IUserServiceCreator
sdk,0xa3b670,N2nn3ldn6detail30IUserLocalCommunicationServiceE,nn::ldn::detail::IUserLocalCommunicationService,nn::ldn::detail,IUserLocalCommunicationService
sdk,0xa3b6b0,N2nn3ldn6detail26ILocalCommunicationServiceE,nn::ldn::detail::ILocalCommunicationService,nn::ldn::detail,ILocalCommunicationService
sdk,0xa3b6e0,N2nn3ldn6detail16IStateGetServiceE,nn::ldn::detail::IStateGetService,nn::ldn::detail,IStateGetService
sdk,0xa3bb50,N2nn3ldn6detail22IMonitorServiceCreatorE,nn::ldn::detail::IMonitorServiceCreator,nn::ldn::detail,IMonitorServiceCreator
sdk,0xa3c0e0,N2nn3ldn6detail15IMonitorServiceE,nn::ldn::detail::IMonitorService,nn::ldn::detail,IMonitorService
sdk,0xa3c520,N2nn3ldn6detail21ISystemServiceCreatorE,nn::ldn::detail::ISystemServiceCreator,nn::ldn::detail,ISystemServiceCreator
sdk,0xa3cc60,N2nn3ldn6detail32ISystemLocalCommunicationServiceE,nn::ldn::detail::ISystemLocalCommunicationService,nn::ldn::detail,ISystemLocalCommunicationService
sdk,0xa3cf90,N2nn2lm10ILogGetterE,nn::lm::ILogGetter,nn::lm,ILogGetter
sdk,0xa3d2d0,N2nn2lm11ILogServiceE,nn::lm::ILogService,nn::lm,ILogService
sdk,0xa3d5d0,N2nn2lm7ILoggerE,nn::lm::ILogger,nn::lm,ILogger
sdk,0xa3e990,N12_GLOBAL__N_114MqImplNonBlockE,_GLOBAL__N_1::MqImplNonBlock,_GLOBAL__N_1,MqImplNonBlock
sdk,0xa3e9c0,N12_GLOBAL__N_116nnmem_MqImplBaseE,_GLOBAL__N_1::nnmem_MqImplBase,_GLOBAL__N_1,nnmem_MqImplBase
sdk,0xa3e9f0,N12_GLOBAL__N_114MqImplLockFreeE,_GLOBAL__N_1::MqImplLockFree,_GLOBAL__N_1,MqImplLockFree
sdk,0xa3ea20,N12_GLOBAL__N_16MqImplE,_GLOBAL__N_1::MqImpl,_GLOBAL__N_1,MqImpl
sdk,0xa53660,N2nn3mii6detail14IStaticServiceE,nn::mii::detail::IStaticService,nn::mii::detail,IStaticService
sdk,0xa53a90,N2nn3mii6detail16IDatabaseServiceE,nn::mii::detail::IDatabaseService,nn::mii::detail,IDatabaseService
sdk,0xa53de0,N2nn3mii6detail21IImageDatabaseServiceE,nn::mii::detail::IImageDatabaseService,nn::mii::detail,IImageDatabaseService
sdk,0xa54350,N2nn3nfc6detail14ISystemManagerE,nn::nfc::detail::ISystemManager,nn::nfc::detail,ISystemManager
sdk,0xa54870,N2nn3nfc6detail7ISystemE,nn::nfc::detail::ISystem,nn::nfc::detail,ISystem
sdk,0xa54e40,N2nn3nfc6detail12IUserManagerE,nn::nfc::detail::IUserManager,nn::nfc::detail,IUserManager
sdk,0xa55350,N2nn3nfc6detail5IUserE,nn::nfc::detail::IUser,nn::nfc::detail,IUser
sdk,0xa558c0,N2nn3nfp6detail13IDebugManagerE,nn::nfp::detail::IDebugManager,nn::nfp::detail,IDebugManager
sdk,0xa55dd0,N2nn3nfp6detail6IDebugE,nn::nfp::detail::IDebug,nn::nfp::detail,IDebug
sdk,0xa562f0,N2nn3nfp6detail14ISystemManagerE,nn::nfp::detail::ISystemManager,nn::nfp::detail,ISystemManager
sdk,0xa56810,N2nn3nfp6detail7ISystemE,nn::nfp::detail::ISystem,nn::nfp::detail,ISystem
sdk,0xa56d40,N2nn3nfp6detail12IUserManagerE,nn::nfp::detail::IUserManager,nn::nfp::detail,IUserManager
sdk,0xa57250,N2nn3nfp6detail5IUserE,nn::nfp::detail::IUser,nn::nfp::detail,IUser
sdk,0xa573c0,N2nn3ngc15ProfanityFilterE,nn::ngc::ProfanityFilter,nn::ngc,ProfanityFilter
sdk,0xa573e0,N2nn3ngc19ProfanityFilterBaseE,nn::ngc::ProfanityFilterBase,nn::ngc,ProfanityFilterBase
sdk,0xa57400,N12_GLOBAL__N_113AcInputStreamE,_GLOBAL__N_1::AcInputStream,_GLOBAL__N_1,AcInputStream
sdk,0xa57fb0,N2nn3ngc6detail11InputStreamE,nn::ngc::detail::InputStream,nn::ngc::detail,InputStream
sdk,0xa57fd0,N2nn3ngc6detail15NullInputStreamE,nn::ngc::detail::NullInputStream,nn::ngc::detail,NullInputStream
sdk,0xa58000,N2nn3ngc6detail12OutputStreamE,nn::ngc::detail::OutputStream,nn::ngc::detail,OutputStream
sdk,0xa58020,N2nn3ngc6detail16NullOutputStreamE,nn::ngc::detail::NullOutputStream,nn::ngc::detail,NullOutputStream
sdk,0xa58050,N2nn3ngc6detail17MemoryInputStreamE,nn::ngc::detail::MemoryInputStream,nn::ngc::detail,MemoryInputStream
sdk,0xa585d0,N2nn4nifm6detail14IStaticServiceE,nn::nifm::detail::IStaticService,nn::nifm::detail,IStaticService
sdk,0xa58a00,N2nn4nifm6detail15IGeneralServiceE,nn::nifm::detail::IGeneralService,nn::nifm::detail,IGeneralService
sdk,0xa58e30,N2nn4nifm6detail12IScanRequestE,nn::nifm::detail::IScanRequest,nn::nifm::detail,IScanRequest
sdk,0xa59230,N2nn4nifm6detail8IRequestE,nn::nifm::detail::IRequest,nn::nifm::detail,IRequest
sdk,0xa59650,N2nn4nifm6detail15INetworkProfileE,nn::nifm::detail::INetworkProfile,nn::nifm::detail,INetworkProfile
sdk,0xa59970,N2nn4npns9INpnsUserE,nn::npns::INpnsUser,nn::npns,INpnsUser
sdk,0xa59ca0,N2nn4npns21INotificationReceiverE,nn::npns::INotificationReceiver,nn::npns,INotificationReceiver
sdk,0xa5a0c0,N2nn4npns11INpnsSystemE,nn::npns::INpnsSystem,nn::npns,INpnsSystem
sdk,0xa5a400,N2nn3nsd6detail8IManagerE,nn::nsd::detail::IManager,nn::nsd::detail,IManager
sdk,0xa5a570,N2nn2os6detail23MultiWaitHolderOfThreadE,nn::os::detail::MultiWaitHolderOfThread,nn::os::detail,MultiWaitHolderOfThread
sdk,0xa5a5a0,N2nn2os6detail31MultiWaitHolderOfUserWaitObjectE,nn::os::detail::MultiWaitHolderOfUserWaitObject,nn::os::detail,MultiWaitHolderOfUserWaitObject
sdk,0xa5a5e0,N2nn2os6detail19MultiWaitHolderBaseE,nn::os::detail::MultiWaitHolderBase,nn::os::detail,MultiWaitHolderBase
sdk,0xa5a610,N2nn2os6detail26MultiWaitHolderOfSemaphoreE,nn::os::detail::MultiWaitHolderOfSemaphore,nn::os::detail,MultiWaitHolderOfSemaphore
sdk,0xa5a640,N2nn2os6detail22MultiWaitHolderOfEventE,nn::os::detail::MultiWaitHolderOfEvent,nn::os::detail,MultiWaitHolderOfEvent
sdk,0xa5a670,N2nn2os6detail27MultiWaitHolderOfTimerEventE,nn::os::detail::MultiWaitHolderOfTimerEvent,nn::os::detail,MultiWaitHolderOfTimerEvent
sdk,0xa5a6a0,N2nn2os6detail31MultiWaitHolderOfInterruptEventE,nn::os::detail::MultiWaitHolderOfInterruptEvent,nn::os::detail,MultiWaitHolderOfInterruptEvent
sdk,0xa5a6e0,N2nn2os6detail33MultiWaitHolderOfNativeWaitObjectE,nn::os::detail::MultiWaitHolderOfNativeWaitObject,nn::os::detail,MultiWaitHolderOfNativeWaitObject
sdk,0xa5a720,N2nn2os6detail34MultiWaitHolderOfInterProcessEventE,nn::os::detail::MultiWaitHolderOfInterProcessEvent,nn::os::detail,MultiWaitHolderOfInterProcessEvent
sdk,0xa5a760,N2nn2os6detail36MultiWaitHolderOfMessageQueueNotFullE,nn::os::detail::MultiWaitHolderOfMessageQueueNotFull,nn::os::detail,MultiWaitHolderOfMessageQueueNotFull
sdk,0xa5a7a0,N2nn2os6detail37MultiWaitHolderOfMessageQueueNotEmptyE,nn::os::detail::MultiWaitHolderOfMessageQueueNotEmpty,nn::os::detail,MultiWaitHolderOfMessageQueueNotEmpty
sdk,0xa5a7e0,N2nn2os6detail29MultiWaitHolderOfNativeHandleE,nn::os::detail::MultiWaitHolderOfNativeHandle,nn::os::detail,MultiWaitHolderOfNativeHandle
sdk,0xa5ac60,N2nn4pctl6detail3ipc30IParentalControlServiceFactoryE,nn::pctl::detail::ipc::IParentalControlServiceFactory,nn::pctl::detail::ipc,IParentalControlServiceFactory
sdk,0xa5b0d0,N2nn4pctl6detail3ipc23IParentalControlServiceE,nn::pctl::detail::ipc::IParentalControlService,nn::pctl::detail::ipc,IParentalControlService
sdk,0xa5b4f0,N2nn2pl6detail18ISharedFontManagerE,nn::pl::detail::ISharedFontManager,nn::pl::detail,ISharedFontManager
sdk,0xa5b980,N2nn5prepo6detail3ipc13IPrepoServiceE,nn::prepo::detail::ipc::IPrepoService,nn::prepo::detail::ipc,IPrepoService
sdk,0xa5be60,N2nn2ro6detail12IRoInterfaceE,nn::ro::detail::IRoInterface,nn::ro::detail,IRoInterface
sdk,0xa5c340,N2nn8settings28IFirmwareDebugSettingsServerE,nn::settings::IFirmwareDebugSettingsServer,nn::settings,IFirmwareDebugSettingsServer
sdk,0xa5c6d0,N2nn8settings24ISettingsItemKeyIteratorE,nn::settings::ISettingsItemKeyIterator,nn::settings,ISettingsItemKeyIterator
sdk,0xa5ca30,N2nn8settings21ISystemSettingsServerE,nn::settings::ISystemSettingsServer,nn::settings,ISystemSettingsServer
sdk,0xa5cdc0,N2nn8settings22IFactorySettingsServerE,nn::settings::IFactorySettingsServer,nn::settings,IFactorySettingsServer
sdk,0xa5d100,N2nn8settings15ISettingsServerE,nn::settings::ISettingsServer,nn::settings,ISettingsServer
sdk,0xa5d120,N2nn2sf12_GLOBAL__N_123NewDeleteMemoryResourceE,nn::sf::_GLOBAL__N_1::NewDeleteMemoryResource,nn::sf::_GLOBAL__N_1,NewDeleteMemoryResource
sdk,0xa5d150,N2nn2sf4cmif6server23CmifServerDomainManager6DomainE,nn::sf::cmif::server::CmifServerDomainManager::Domain,nn::sf::cmif::server::CmifServerDomainManager,Domain
sdk,0xa5d190,N2nn2sf4cmif6server22CmifDomainServerObjectE,nn::sf::cmif::server::CmifDomainServerObject,nn::sf::cmif::server,CmifDomainServerObject
sdk,0xa5d1c0,N2nn2sf4cmif11ICmifDomainE,nn::sf::cmif::ICmifDomain,nn::sf::cmif,ICmifDomain
sdk,0xa5d1e0,N2nn2sf4cmif6server16CmifServerDomainE,nn::sf::cmif::server::CmifServerDomain,nn::sf::cmif::server,CmifServerDomain
sdk,0xa5d210,N2nn2sf4cmif6server23CmifServerDomainManagerE,nn::sf::cmif::server::CmifServerDomainManager,nn::sf::cmif::server,CmifServerDomainManager
sdk,0xa5d240,N2nn2sf4hipc6client12_GLOBAL__N_119HipcManagerAccessorE,nn::sf::hipc::client::_GLOBAL__N_1::HipcManagerAccessor,nn::sf::hipc::client::_GLOBAL__N_1,HipcManagerAccessor
sdk,0xa5d570,N2nn2sf4hipc6detail12IHipcManagerE,nn::sf::hipc::detail::IHipcManager,nn::sf::hipc::detail,IHipcManager
sdk,0xa5d930,N2nn2sf4hipc6server2v16detail29HipcAllInOneServerManagerBaseE,nn::sf::hipc::server::v1::detail::HipcAllInOneServerManagerBase,nn::sf::hipc::server::v1::detail,HipcAllInOneServerManagerBase
sdk,0xa5d990,N2nn2sf4hipc6server2v124HipcServerSessionManagerE,nn::sf::hipc::server::v1::HipcServerSessionManager,nn::sf::hipc::server::v1,HipcServerSessionManager
sdk,0xa5da30,N2nn2sf4hipc6server2v128HipcServerSessionManagerBaseE,nn::sf::hipc::server::v1::HipcServerSessionManagerBase,nn::sf::hipc::server::v1,HipcServerSessionManagerBase
sdk,0xa5da70,N2nn2sf4hipc6server24HipcServerApiModelHolderE,nn::sf::hipc::server::HipcServerApiModelHolder,nn::sf::hipc::server,HipcServerApiModelHolder
sdk,0xa5daa0,N2nn2sf4hipc6server2v112_GLOBAL__N_116HipcObjectDomainE,nn::sf::hipc::server::v1::_GLOBAL__N_1::HipcObjectDomain,nn::sf::hipc::server::v1::_GLOBAL__N_1,HipcObjectDomain
sdk,0xa5dae0,N2nn2sf4hipc6server17IHipcObjectDomainE,nn::sf::hipc::server::IHipcObjectDomain,nn::sf::hipc::server,IHipcObjectDomain
sdk,0xa5db10,N2nn2sf4hipc6server18Hipc2ServerMessageE,nn::sf::hipc::server::Hipc2ServerMessage,nn::sf::hipc::server,Hipc2ServerMessage
sdk,0xa5db40,N2nn2sf4cmif6server17CmifServerMessageE,nn::sf::cmif::server::CmifServerMessage,nn::sf::cmif::server,CmifServerMessage
sdk,0xa5db80,N2nn2sf4hipc6server2v134HipcServerSessionManagerWithDomainE,nn::sf::hipc::server::v1::HipcServerSessionManagerWithDomain,nn::sf::hipc::server::v1,HipcServerSessionManagerWithDomain
sdk,0xa5de80,N2nn2sf4cmif6server22CmifDomainServerObject23CmifDomainServerMessageE,nn::sf::cmif::server::CmifDomainServerObject::CmifDomainServerMessage,nn::sf::cmif::server::CmifDomainServerObject,CmifDomainServerMessage
sdk,0xa5ded0,N2nn2sf4hipc6server6detail29HipcAllInOneServerManagerBaseE,nn::sf::hipc::server::detail::HipcAllInOneServerManagerBase,nn::sf::hipc::server::detail,HipcAllInOneServerManagerBase
sdk,0xa5df40,N2nn2sf4hipc6server24HipcServerSessionManagerE,nn::sf::hipc::server::HipcServerSessionManager,nn::sf::hipc::server,HipcServerSessionManager
sdk,0xa5dfd0,N2nn2sf4hipc6server28HipcServerSessionManagerBaseE,nn::sf::hipc::server::HipcServerSessionManagerBase,nn::sf::hipc::server,HipcServerSessionManagerBase
sdk,0xa5e010,N2nn2sf4hipc6server12_GLOBAL__N_116HipcObjectDomainE,nn::sf::hipc::server::_GLOBAL__N_1::HipcObjectDomain,nn::sf::hipc::server::_GLOBAL__N_1,HipcObjectDomain
sdk,0xa5e050,N2nn2sf4hipc6server34HipcServerSessionManagerWithDomainE,nn::sf::hipc::server::HipcServerSessionManagerWithDomain,nn::sf::hipc::server,HipcServerSessionManagerWithDomain
sdk,0xa5e340,N2nn2sf4hipc12_GLOBAL__N_122InProcessPortProcessorE,nn::sf::hipc::_GLOBAL__N_1::InProcessPortProcessor,nn::sf::hipc::_GLOBAL__N_1,InProcessPortProcessor
sdk,0xa5e380,N2nn2sf4hipc13PortProcessorE,nn::sf::hipc::PortProcessor,nn::sf::hipc,PortProcessor
sdk,0xa5e3a0,N2nn2sf22UnitHeapMemoryResourceE,nn::sf::UnitHeapMemoryResource,nn::sf,UnitHeapMemoryResource
sdk,0xa5e7b0,N2nn2sm6detail14IUserInterfaceE,nn::sm::detail::IUserInterface,nn::sm::detail,IUserInterface
sdk,0xa5ebc0,N2nn2sm6detail17IManagerInterfaceE,nn::sm::detail::IManagerInterface,nn::sm::detail,IManagerInterface
sdk,0xa5f010,N2nn6socket2sf7IClientE,nn::socket::sf::IClient,nn::socket::sf,IClient
sdk,0xa5ff30,N2nn6socket8resolver9IResolverE,nn::socket::resolver::IResolver,nn::socket::resolver,IResolver
sdk,0xa60170,N2nn3ssl6detail10SslApiBaseE,nn::ssl::detail::SslApiBase,nn::ssl::detail,SslApiBase
sdk,0xa60190,N2nn3ssl12_GLOBAL__N_16SslApiE,nn::ssl::_GLOBAL__N_1::SslApi,nn::ssl::_GLOBAL__N_1,SslApi
sdk,0xa601c0,N2nn3ssl6detail18ISslServiceFactoryE,nn::ssl::detail::ISslServiceFactory,nn::ssl::detail,ISslServiceFactory
sdk,0xa601f0,N2nn3ssl6detail22ISslServiceFactoryBaseE,nn::ssl::detail::ISslServiceFactoryBase,nn::ssl::detail,ISslServiceFactoryBase
sdk,0xa60630,N2nn3ssl2sf11ISslServiceE,nn::ssl::sf::ISslService,nn::ssl::sf,ISslService
sdk,0xa60a60,N2nn3ssl2sf11ISslContextE,nn::ssl::sf::ISslContext,nn::ssl::sf,ISslContext
sdk,0xa60eb0,N2nn3ssl2sf14ISslConnectionE,nn::ssl::sf::ISslConnection,nn::ssl::sf,ISslConnection
sdk,0xa613d0,N2nn7timesrv6detail7service14IStaticServiceE,nn::timesrv::detail::service::IStaticService,nn::timesrv::detail::service,IStaticService
sdk,0xa61810,N2nn7timesrv6detail7service12ISystemClockE,nn::timesrv::detail::service::ISystemClock,nn::timesrv::detail::service,ISystemClock
sdk,0xa61c50,N2nn7timesrv6detail7service12ISteadyClockE,nn::timesrv::detail::service::ISteadyClock,nn::timesrv::detail::service,ISteadyClock
sdk,0xa620b0,N2nn7timesrv6detail7service16ITimeZoneServiceE,nn::timesrv::detail::service::ITimeZoneService,nn::timesrv::detail::service,ITimeZoneService
sdk,0xa624a0,N2nn3ntc6detail7service14IStaticServiceE,nn::ntc::detail::service::IStaticService,nn::ntc::detail::service,IStaticService
sdk,0xa62840,N2nn3ntc6detail7service38IEnsureNetworkClockAvailabilityServiceE,nn::ntc::detail::service::IEnsureNetworkClockAvailabilityService,nn::ntc::detail::service,IEnsureNetworkClockAvailabilityService
sdk,0xa68ca0,N3nne4nlib11InputStreamE,nne::nlib::InputStream,nne::nlib,InputStream
sdk,0xa68cc0,N3nne4nlib12OutputStreamE,nne::nlib::OutputStream,nne::nlib,OutputStream
sdk,0xa68ce0,N3nne4nlib15NullInputStreamE,nne::nlib::NullInputStream,nne::nlib,NullInputStream
sdk,0xa68d00,N3nne4nlib16NullOutputStreamE,nne::nlib::NullOutputStream,nne::nlib,NullOutputStream
sdk,0xa68d20,N2nn4util6detail19FileInputStreamImplE,nn::util::detail::FileInputStreamImpl,nn::util::detail,FileInputStreamImpl
sdk,0xa68d50,N2nn4util6detail20FileOutputStreamImplE,nn::util::detail::FileOutputStreamImpl,nn::util::detail,FileOutputStreamImpl
sdk,0xa68d80,N2nn4util10ExecutableE,nn::util::Executable,nn::util,Executable
sdk,0xa68da0,N2nn4util10CancelableE,nn::util::Cancelable,nn::util,Cancelable
sdk,0xa68dc0,N2nn4util16AbstractExecutorE,nn::util::AbstractExecutor,nn::util,AbstractExecutor
sdk,0xa69110,N2nn5visrv2sf18ISystemRootServiceE,nn::visrv::sf::ISystemRootService,nn::visrv::sf,ISystemRootService
sdk,0xa69480,N2nn5visrv2sf26IApplicationDisplayServiceE,nn::visrv::sf::IApplicationDisplayService,nn::visrv::sf,IApplicationDisplayService
sdk,0xa697d0,N2nn5visrv2sf21ISystemDisplayServiceE,nn::visrv::sf::ISystemDisplayService,nn::visrv::sf,ISystemDisplayService
sdk,0xa69b50,N2nn5visrv2sf22IManagerDisplayServiceE,nn::visrv::sf::IManagerDisplayService,nn::visrv::sf,IManagerDisplayService
sdk,0xa69f80,N2nn5visrv2sf23IApplicationRootServiceE,nn::visrv::sf::IApplicationRootService,nn::visrv::sf,IApplicationRootService
sdk,0xa6a2d0,N2nn5visrv2sf19IManagerRootServiceE,nn::visrv::sf::IManagerRootService,nn::visrv::sf,IManagerRootService
sdk,0xa6a570,N2nn2sf4impl6detail22ServiceObjectImplBase2E,nn::sf::impl::detail::ServiceObjectImplBase2,nn::sf::impl::detail,ServiceObjectImplBase2
sdk,0xa6a810,N2nv14MemoryProfiler15IMemoryProfilerE,nv::MemoryProfiler::IMemoryProfiler,nv::MemoryProfiler,IMemoryProfiler
sdk,0xa6a840,N2nn2sf14IServiceObjectE,nn::sf::IServiceObject,nn::sf,IServiceObject
sdk,0xa6a860,N2nn2sf13ISharedObjectE,nn::sf::ISharedObject,nn::sf,ISharedObject
sdk,0xa6a880,N2nn2sf4hipc6client26Hipc2ClientProxyBaseObjectE,nn::sf::hipc::client::Hipc2ClientProxyBaseObject,nn::sf::hipc::client,Hipc2ClientProxyBaseObject
sdk,0xa6a8c0,N2nn2sf4cmif6client14CmifBaseObjectE,nn::sf::cmif::client::CmifBaseObject,nn::sf::cmif::client,CmifBaseObject
sdk,0xa6a8f0,N2nn2sf6detail13CmifProxyInfoE,nn::sf::detail::CmifProxyInfo,nn::sf::detail,CmifProxyInfo
sdk,0xa6ae40,N2nn2sf4impl6detail22ServiceObjectImplBase2E,nn::sf::impl::detail::ServiceObjectImplBase2,nn::sf::impl::detail,ServiceObjectImplBase2
sdk,0xa6b0d0,N3nns5nvdrv14INvDrvServicesE,nns::nvdrv::INvDrvServices,nns::nvdrv,INvDrvServices
sdk,0xa6b0f0,N2nn2sf14IServiceObjectE,nn::sf::IServiceObject,nn::sf,IServiceObject
sdk,0xa6b110,N2nn2sf13ISharedObjectE,nn::sf::ISharedObject,nn::sf,ISharedObject
sdk,0xa6b130,N2nn2sf4hipc6client26Hipc2ClientProxyBaseObjectE,nn::sf::hipc::client::Hipc2ClientProxyBaseObject,nn::sf::hipc::client,Hipc2ClientProxyBaseObject
sdk,0xa6b170,N2nn2sf4cmif6client14CmifBaseObjectE,nn::sf::cmif::client::CmifBaseObject,nn::sf::cmif::client,CmifBaseObject
sdk,0xa6b1a0,N2nn2sf6detail13CmifProxyInfoE,nn::sf::detail::CmifProxyInfo,nn::sf::detail,CmifProxyInfo
sdk,0xa6bff0,N8nvrm_gpu19NvRmGpuDeviceProberE,nvrm_gpu::NvRmGpuDeviceProber,nvrm_gpu,NvRmGpuDeviceProber
sdk,0xa6c020,N8nvrm_gpu10ObjectBaseE,nvrm_gpu::ObjectBase,nvrm_gpu,ObjectBase
sdk,0xa6c040,N8nvrm_gpu13NvRmGpuObjectE,nvrm_gpu::NvRmGpuObject,nvrm_gpu,NvRmGpuObject
sdk,0xa6c250,N8nvrm_gpu8dummygpu12_GLOBAL__N_124NvRmDummyGpuDeviceProberE,nvrm_gpu::dummygpu::_GLOBAL__N_1::NvRmDummyGpuDeviceProber,nvrm_gpu::dummygpu::_GLOBAL__N_1,NvRmDummyGpuDeviceProber
sdk,0xa6c290,N8nvrm_gpu8dummygpu12_GLOBAL__N_114DummyProbeInfoE,nvrm_gpu::dummygpu::_GLOBAL__N_1::DummyProbeInfo,nvrm_gpu::dummygpu::_GLOBAL__N_1,DummyProbeInfo
sdk,0xa6c2d0,N8nvrm_gpu19NvRmGpuDeviceProber9ProbeInfoE,nvrm_gpu::NvRmGpuDeviceProber::ProbeInfo,nvrm_gpu::NvRmGpuDeviceProber,ProbeInfo
sdk,0xa6c300,N8nvrm_gpu8dummygpu12_GLOBAL__N_118NvRmDummyGpuDeviceE,nvrm_gpu::dummygpu::_GLOBAL__N_1::NvRmDummyGpuDevice,nvrm_gpu::dummygpu::_GLOBAL__N_1,NvRmDummyGpuDevice
sdk,0xa6c340,N8nvrm_gpu8dummygpu12_GLOBAL__N_124NvRmDummyGpuAddressSpaceE,nvrm_gpu::dummygpu::_GLOBAL__N_1::NvRmDummyGpuAddressSpace,nvrm_gpu::dummygpu::_GLOBAL__N_1,NvRmDummyGpuAddressSpace
sdk,0xa6c380,N8nvrm_gpu8dummygpu12_GLOBAL__N_131NvRmDummyAddressSpaceAllocationE,nvrm_gpu::dummygpu::_GLOBAL__N_1::NvRmDummyAddressSpaceAllocation,nvrm_gpu::dummygpu::_GLOBAL__N_1,NvRmDummyAddressSpaceAllocation
sdk,0xa6c3d0,N8nvrm_gpu8dummygpu12_GLOBAL__N_119NvRmDummyGpuMappingE,nvrm_gpu::dummygpu::_GLOBAL__N_1::NvRmDummyGpuMapping,nvrm_gpu::dummygpu::_GLOBAL__N_1,NvRmDummyGpuMapping
sdk,0xa6c410,N8nvrm_gpu8dummygpu12_GLOBAL__N_119NvRmDummyGpuChannelE,nvrm_gpu::dummygpu::_GLOBAL__N_1::NvRmDummyGpuChannel,nvrm_gpu::dummygpu::_GLOBAL__N_1,NvRmDummyGpuChannel
sdk,0xa6c450,N8nvrm_gpu22NvRmGpu_HwHalFunctionsE,nvrm_gpu::NvRmGpu_HwHalFunctions,nvrm_gpu,NvRmGpu_HwHalFunctions
sdk,0xa6c5d0,N8nvrm_gpu33NvRmGpu_HwHalFunctions_GM200_BaseE,nvrm_gpu::NvRmGpu_HwHalFunctions_GM200_Base,nvrm_gpu,NvRmGpu_HwHalFunctions_GM200_Base
sdk,0xa6c710,N8nvrm_gpu33NvRmGpu_HwHalFunctions_GP100_BaseE,nvrm_gpu::NvRmGpu_HwHalFunctions_GP100_Base,nvrm_gpu,NvRmGpu_HwHalFunctions_GP100_Base
sdk,0xa6c740,N8nvrm_gpu33NvRmGpu_HwHalFunctions_GP102_BaseE,nvrm_gpu::NvRmGpu_HwHalFunctions_GP102_Base,nvrm_gpu,NvRmGpu_HwHalFunctions_GP102_Base
sdk,0xa6c790,N8nvrm_gpu28NvRmGpu_HwHalFunctions_GP106E,nvrm_gpu::NvRmGpu_HwHalFunctions_GP106,nvrm_gpu,NvRmGpu_HwHalFunctions_GP106
sdk,0xa6c7c0,N8nvrm_gpu28NvRmGpu_HwHalFunctions_GP10BE,nvrm_gpu::NvRmGpu_HwHalFunctions_GP10B,nvrm_gpu,NvRmGpu_HwHalFunctions_GP10B
sdk,0xa6c7f0,N8nvrm_gpu14NvRmGpuLibImplE,nvrm_gpu::NvRmGpuLibImpl,nvrm_gpu,NvRmGpuLibImpl
sdk,0xa6c810,N8nvrm_gpu5nvgpu21NvRmNvgpuAddressSpaceE,nvrm_gpu::nvgpu::NvRmNvgpuAddressSpace,nvrm_gpu::nvgpu,NvRmNvgpuAddressSpace
sdk,0xa6c840,N8nvrm_gpu5nvgpu31NvRmNvgpuAddressSpaceAllocationE,nvrm_gpu::nvgpu::NvRmNvgpuAddressSpaceAllocation,nvrm_gpu::nvgpu,NvRmNvgpuAddressSpaceAllocation
sdk,0xa6c8b0,N8nvrm_gpu5nvgpu16NvRmNvgpuChannelE,nvrm_gpu::nvgpu::NvRmNvgpuChannel,nvrm_gpu::nvgpu,NvRmNvgpuChannel
sdk,0xa6c900,N8nvrm_gpu5nvgpu15NvRmNvgpuDeviceE,nvrm_gpu::nvgpu::NvRmNvgpuDevice,nvrm_gpu::nvgpu,NvRmNvgpuDevice
sdk,0xa6c930,N8nvrm_gpu5nvgpu18NvgpuProbeInfoFullE,nvrm_gpu::nvgpu::NvgpuProbeInfoFull,nvrm_gpu::nvgpu,NvgpuProbeInfoFull
sdk,0xa6c960,N8nvrm_gpu5nvgpu21NvgpuProbeInfoCompactE,nvrm_gpu::nvgpu::NvgpuProbeInfoCompact,nvrm_gpu::nvgpu,NvgpuProbeInfoCompact
sdk,0xa6c990,N8nvrm_gpu5nvgpu27NvRmNvgpuDeviceEventSessionE,nvrm_gpu::nvgpu::NvRmNvgpuDeviceEventSession,nvrm_gpu::nvgpu,NvRmNvgpuDeviceEventSession
sdk,0xa6c9c0,N8nvrm_gpu5nvgpu16NvRmNvgpuMappingE,nvrm_gpu::nvgpu::NvRmNvgpuMapping,nvrm_gpu::nvgpu,NvRmNvgpuMapping
sdk,0xa6c9f0,N8nvrm_gpu5nvgpu21NvRmNvgpuDeviceProberE,nvrm_gpu::nvgpu::NvRmNvgpuDeviceProber,nvrm_gpu::nvgpu,NvRmNvgpuDeviceProber
sdk,0xa6ca20,N8nvrm_gpu5nvgpu17NvRmNvgpuProfilerE,nvrm_gpu::nvgpu::NvRmNvgpuProfiler,nvrm_gpu::nvgpu,NvRmNvgpuProfiler
sdk,0xa6ca50,N8nvrm_gpu5nvgpu22NvRmNvgpuRegOpsSessionE,nvrm_gpu::nvgpu::NvRmNvgpuRegOpsSession,nvrm_gpu::nvgpu,NvRmNvgpuRegOpsSession
sdk,0xa6ca80,N8nvrm_gpu5nvgpu12NvRmNvgpuTSGE,nvrm_gpu::nvgpu::NvRmNvgpuTSG,nvrm_gpu::nvgpu,NvRmNvgpuTSG
sdk,0xa6caa0,N8nvrm_gpu5nvgpu22NvRmNvgpuTSGSubcontextE,nvrm_gpu::nvgpu::NvRmNvgpuTSGSubcontext,nvrm_gpu::nvgpu,NvRmNvgpuTSGSubcontext
sdk,0xa77ea0,N12_GLOBAL__N_111SpecialNameE,_GLOBAL__N_1::SpecialName,_GLOBAL__N_1,SpecialName
sdk,0xa77ec0,N12_GLOBAL__N_14NodeE,_GLOBAL__N_1::Node,_GLOBAL__N_1,Node
sdk,0xa77ee0,N12_GLOBAL__N_121CtorVtableSpecialNameE,_GLOBAL__N_1::CtorVtableSpecialName,_GLOBAL__N_1,CtorVtableSpecialName
sdk,0xa77f10,N12_GLOBAL__N_18NameTypeE,_GLOBAL__N_1::NameType,_GLOBAL__N_1,NameType
sdk,0xa77f30,N12_GLOBAL__N_124ForwardTemplateReferenceE,_GLOBAL__N_1::ForwardTemplateReference,_GLOBAL__N_1,ForwardTemplateReference
sdk,0xa77f60,N12_GLOBAL__N_110NestedNameE,_GLOBAL__N_1::NestedName,_GLOBAL__N_1,NestedName
sdk,0xa77f80,N12_GLOBAL__N_111IntegerExprE,_GLOBAL__N_1::IntegerExpr,_GLOBAL__N_1,IntegerExpr
sdk,0xa77fa0,N12_GLOBAL__N_14ExprE,_GLOBAL__N_1::Expr,_GLOBAL__N_1,Expr
sdk,0xa77fc0,N12_GLOBAL__N_18BoolExprE,_GLOBAL__N_1::BoolExpr,_GLOBAL__N_1,BoolExpr
sdk,0xa78040,N12_GLOBAL__N_115IntegerCastExprE,_GLOBAL__N_1::IntegerCastExpr,_GLOBAL__N_1,IntegerCastExpr
sdk,0xa78070,N12_GLOBAL__N_113FunctionParamE,_GLOBAL__N_1::FunctionParam,_GLOBAL__N_1,FunctionParam
sdk,0xa78090,N12_GLOBAL__N_18FoldExprE,_GLOBAL__N_1::FoldExpr,_GLOBAL__N_1,FoldExpr
sdk,0xa780b0,N12_GLOBAL__N_122ParameterPackExpansionE,_GLOBAL__N_1::ParameterPackExpansion,_GLOBAL__N_1,ParameterPackExpansion
sdk,0xa780e0,N12_GLOBAL__N_110BinaryExprE,_GLOBAL__N_1::BinaryExpr,_GLOBAL__N_1,BinaryExpr
sdk,0xa78100,N12_GLOBAL__N_110PrefixExprE,_GLOBAL__N_1::PrefixExpr,_GLOBAL__N_1,PrefixExpr
sdk,0xa78120,N12_GLOBAL__N_18CastExprE,_GLOBAL__N_1::CastExpr,_GLOBAL__N_1,CastExpr
sdk,0xa78140,N12_GLOBAL__N_18CallExprE,_GLOBAL__N_1::CallExpr,_GLOBAL__N_1,CallExpr
sdk,0xa78160,N12_GLOBAL__N_114ConversionExprE,_GLOBAL__N_1::ConversionExpr,_GLOBAL__N_1,ConversionExpr
sdk,0xa78190,N12_GLOBAL__N_110DeleteExprE,_GLOBAL__N_1::DeleteExpr,_GLOBAL__N_1,DeleteExpr
sdk,0xa781b0,N12_GLOBAL__N_113QualifiedNameE,_GLOBAL__N_1::QualifiedName,_GLOBAL__N_1,QualifiedName
sdk,0xa781d0,N12_GLOBAL__N_18DtorNameE,_GLOBAL__N_1::DtorName,_GLOBAL__N_1,DtorName
sdk,0xa781f0,N12_GLOBAL__N_122ConversionOperatorTypeE,_GLOBAL__N_1::ConversionOperatorType,_GLOBAL__N_1,ConversionOperatorType
sdk,0xa78220,N12_GLOBAL__N_115LiteralOperatorE,_GLOBAL__N_1::LiteralOperator,_GLOBAL__N_1,LiteralOperator
sdk,0xa78250,N12_GLOBAL__N_119GlobalQualifiedNameE,_GLOBAL__N_1::GlobalQualifiedName,_GLOBAL__N_1,GlobalQualifiedName
sdk,0xa78280,N12_GLOBAL__N_110MemberExprE,_GLOBAL__N_1::MemberExpr,_GLOBAL__N_1,MemberExpr
sdk,0xa782a0,N12_GLOBAL__N_118ArraySubscriptExprE,_GLOBAL__N_1::ArraySubscriptExpr,_GLOBAL__N_1,ArraySubscriptExpr
sdk,0xa782d0,N12_GLOBAL__N_110BracedExprE,_GLOBAL__N_1::BracedExpr,_GLOBAL__N_1,BracedExpr
sdk,0xa782f0,N12_GLOBAL__N_115BracedRangeExprE,_GLOBAL__N_1::BracedRangeExpr,_GLOBAL__N_1,BracedRangeExpr
sdk,0xa78320,N12_GLOBAL__N_112InitListExprE,_GLOBAL__N_1::InitListExpr,_GLOBAL__N_1,InitListExpr
sdk,0xa78340,N12_GLOBAL__N_111PostfixExprE,_GLOBAL__N_1::PostfixExpr,_GLOBAL__N_1,PostfixExpr
sdk,0xa78360,N12_GLOBAL__N_17NewExprE,_GLOBAL__N_1::NewExpr,_GLOBAL__N_1,NewExpr
sdk,0xa78380,N12_GLOBAL__N_113EnclosingExprE,_GLOBAL__N_1::EnclosingExpr,_GLOBAL__N_1,EnclosingExpr
sdk,0xa783a0,N12_GLOBAL__N_115ConditionalExprE,_GLOBAL__N_1::ConditionalExpr,_GLOBAL__N_1,ConditionalExpr
sdk,0xa783d0,N12_GLOBAL__N_119SizeofParamPackExprE,_GLOBAL__N_1::SizeofParamPackExpr,_GLOBAL__N_1,SizeofParamPackExpr
sdk,0xa78400,N12_GLOBAL__N_113NodeArrayNodeE,_GLOBAL__N_1::NodeArrayNode,_GLOBAL__N_1,NodeArrayNode
sdk,0xa78420,N12_GLOBAL__N_19ThrowExprE,_GLOBAL__N_1::ThrowExpr,_GLOBAL__N_1,ThrowExpr
sdk,0xa78440,N12_GLOBAL__N_127ExpandedSpecialSubstitutionE,_GLOBAL__N_1::ExpandedSpecialSubstitution,_GLOBAL__N_1,ExpandedSpecialSubstitution
sdk,0xa78470,N12_GLOBAL__N_112CtorDtorNameE,_GLOBAL__N_1::CtorDtorName,_GLOBAL__N_1,CtorDtorName
sdk,0xa78490,N12_GLOBAL__N_110AbiTagAttrE,_GLOBAL__N_1::AbiTagAttr,_GLOBAL__N_1,AbiTagAttr
sdk,0xa784b0,N12_GLOBAL__N_115UnnamedTypeNameE,_GLOBAL__N_1::UnnamedTypeName,_GLOBAL__N_1,UnnamedTypeName
sdk,0xa784e0,N12_GLOBAL__N_115ClosureTypeNameE,_GLOBAL__N_1::ClosureTypeName,_GLOBAL__N_1,ClosureTypeName
sdk,0xa78510,N12_GLOBAL__N_121StructuredBindingNameE,_GLOBAL__N_1::StructuredBindingName,_GLOBAL__N_1,StructuredBindingName
sdk,0xa78540,N12_GLOBAL__N_19LocalNameE,_GLOBAL__N_1::LocalName,_GLOBAL__N_1,LocalName
sdk,0xa78560,N12_GLOBAL__N_119SpecialSubstitutionE,_GLOBAL__N_1::SpecialSubstitution,_GLOBAL__N_1,SpecialSubstitution
sdk,0xa78590,N12_GLOBAL__N_113ParameterPackE,_GLOBAL__N_1::ParameterPack,_GLOBAL__N_1,ParameterPack
sdk,0xa785b0,N12_GLOBAL__N_112TemplateArgsE,_GLOBAL__N_1::TemplateArgs,_GLOBAL__N_1,TemplateArgs
sdk,0xa785d0,N12_GLOBAL__N_120NameWithTemplateArgsE,_GLOBAL__N_1::NameWithTemplateArgs,_GLOBAL__N_1,NameWithTemplateArgs
sdk,0xa78600,N12_GLOBAL__N_116StdQualifiedNameE,_GLOBAL__N_1::StdQualifiedName,_GLOBAL__N_1,StdQualifiedName
sdk,0xa78630,N12_GLOBAL__N_120TemplateArgumentPackE,_GLOBAL__N_1::TemplateArgumentPack,_GLOBAL__N_1,TemplateArgumentPack
sdk,0xa78660,N12_GLOBAL__N_112EnableIfAttrE,_GLOBAL__N_1::EnableIfAttr,_GLOBAL__N_1,EnableIfAttr
sdk,0xa78680,N12_GLOBAL__N_116FunctionEncodingE,_GLOBAL__N_1::FunctionEncoding,_GLOBAL__N_1,FunctionEncoding
sdk,0xa786b0,N12_GLOBAL__N_19DotSuffixE,_GLOBAL__N_1::DotSuffix,_GLOBAL__N_1,DotSuffix
sdk,0xa786d0,N12_GLOBAL__N_112NoexceptSpecE,_GLOBAL__N_1::NoexceptSpec,_GLOBAL__N_1,NoexceptSpec
sdk,0xa786f0,N12_GLOBAL__N_120DynamicExceptionSpecE,_GLOBAL__N_1::DynamicExceptionSpec,_GLOBAL__N_1,DynamicExceptionSpec
sdk,0xa78720,N12_GLOBAL__N_112FunctionTypeE,_GLOBAL__N_1::FunctionType,_GLOBAL__N_1,FunctionType
sdk,0xa78740,N12_GLOBAL__N_113ObjCProtoNameE,_GLOBAL__N_1::ObjCProtoName,_GLOBAL__N_1,ObjCProtoName
sdk,0xa78760,N12_GLOBAL__N_117VendorExtQualTypeE,_GLOBAL__N_1::VendorExtQualType,_GLOBAL__N_1,VendorExtQualType
sdk,0xa78790,N12_GLOBAL__N_18QualTypeE,_GLOBAL__N_1::QualType,_GLOBAL__N_1,QualType
sdk,0xa787b0,N12_GLOBAL__N_110VectorTypeE,_GLOBAL__N_1::VectorType,_GLOBAL__N_1,VectorType
sdk,0xa787d0,N12_GLOBAL__N_19ArrayTypeE,_GLOBAL__N_1::ArrayType,_GLOBAL__N_1,ArrayType
sdk,0xa787f0,N12_GLOBAL__N_119PointerToMemberTypeE,_GLOBAL__N_1::PointerToMemberType,_GLOBAL__N_1,PointerToMemberType
sdk,0xa78820,N12_GLOBAL__N_122ElaboratedTypeSpefTypeE,_GLOBAL__N_1::ElaboratedTypeSpefType,_GLOBAL__N_1,ElaboratedTypeSpefType
sdk,0xa78850,N12_GLOBAL__N_111PointerTypeE,_GLOBAL__N_1::PointerType,_GLOBAL__N_1,PointerType
sdk,0xa78870,N12_GLOBAL__N_113ReferenceTypeE,_GLOBAL__N_1::ReferenceType,_GLOBAL__N_1,ReferenceType
sdk,0xa78890,N12_GLOBAL__N_120PostfixQualifiedTypeE,_GLOBAL__N_1::PostfixQualifiedType,_GLOBAL__N_1,PostfixQualifiedType
sdk,0xa78a60,N10__cxxabiv116__shim_type_infoE,__cxxabiv1::__shim_type_info,__cxxabiv1,__shim_type_info
sdk,0xa78a90,N10__cxxabiv117__class_type_infoE,__cxxabiv1::__class_type_info,__cxxabiv1,__class_type_info
sdk,0xa78ac0,N10__cxxabiv117__pbase_type_infoE,__cxxabiv1::__pbase_type_info,__cxxabiv1,__pbase_type_info
sdk,0xa78af0,N10__cxxabiv119__pointer_type_infoE,__cxxabiv1::__pointer_type_info,__cxxabiv1,__pointer_type_info
sdk,0xa78b20,N10__cxxabiv120__function_type_infoE,__cxxabiv1::__function_type_info,__cxxabiv1,__function_type_info
sdk,0xa78b50,N10__cxxabiv129__pointer_to_member_type_infoE,__cxxabiv1::__pointer_to_member_type_info,__cxxabiv1,__pointer_to_member_type_info
sdk,0xa78ba0,N10__cxxabiv123__fundamental_type_infoE,__cxxabiv1::__fundamental_type_info,__cxxabiv1,__fundamental_type_info
sdk,0xa78d10,N10__cxxabiv117__array_type_infoE,__cxxabiv1::__array_type_info,__cxxabiv1,__array_type_info
sdk,0xa78d40,N10__cxxabiv116__enum_type_infoE,__cxxabiv1::__enum_type_info,__cxxabiv1,__enum_type_info
sdk,0xa78d70,N10__cxxabiv120__si_class_type_infoE,__cxxabiv1::__si_class_type_info,__cxxabiv1,__si_class_type_info
sdk,0xa78da0,N10__cxxabiv121__vmi_class_type_infoE,__cxxabiv1::__vmi_class_type_info,__cxxabiv1,__vmi_class_type_info
subsdk0,0x52b4a0,N2nn2sf4impl6detail22ServiceObjectImplBase2E,nn::sf::impl::detail::ServiceObjectImplBase2,nn::sf::impl::detail,ServiceObjectImplBase2
subsdk0,0x52b740,N2nn4mmnv8IRequestE,nn::mmnv::IRequest,nn::mmnv,IRequest
subsdk0,0x52b760,N2nn2sf14IServiceObjectE,nn::sf::IServiceObject,nn::sf,IServiceObject
subsdk0,0x52b780,N2nn2sf13ISharedObjectE,nn::sf::ISharedObject,nn::sf,ISharedObject
subsdk0,0x52b7a0,N2nn2sf4hipc6client26Hipc2ClientProxyBaseObjectE,nn::sf::hipc::client::Hipc2ClientProxyBaseObject,nn::sf::hipc::client,Hipc2ClientProxyBaseObject
subsdk0,0x52b7e0,N2nn2sf4cmif6client14CmifBaseObjectE,nn::sf::cmif::client::CmifBaseObject,nn::sf::cmif::client,CmifBaseObject
subsdk0,0x52b810,N2nn2sf6detail13CmifProxyInfoE,nn::sf::detail::CmifProxyInfo,nn::sf::detail,CmifProxyInfo
subsdk0,0x52c470,N7android8SoftAAC2E,android::SoftAAC2,android,SoftAAC2
subsdk0,0x541860,N7android10AACEncoderE,android::AACEncoder,android,AACEncoder
subsdk0,0x541880,N7android14SoftAACEncoderE,android::SoftAACEncoder,android,SoftAACEncoder
subsdk0,0x547950,N7android9SoftMPEG4E,android::SoftMPEG4,android,SoftMPEG4
subsdk0,0x54a590,N7android7SoftAVCE,android::SoftAVC,android,SoftAVC
subsdk0,0x55d240,N7android11AudioEffectE,android::AudioEffect,android,AudioEffect
subsdk0,0x55d290,N7android7IBinder14DeathRecipientE,android::IBinder::DeathRecipient,android::IBinder,DeathRecipient
subsdk0,0x55d2c0,N7android11AudioEffect12EffectClientE,android::AudioEffect::EffectClient,android::AudioEffect,EffectClient
subsdk0,0x55d2f0,N7android14AudioParameterE,android::AudioParameter,android,AudioParameter
subsdk0,0x55d370,N7android11AudioRecord13DeathNotifierE,android::AudioRecord::DeathNotifier,android::AudioRecord,DeathNotifier
subsdk0,0x55d3a0,N7android11AudioRecordE,android::AudioRecord,android,AudioRecord
subsdk0,0x55d3c0,N7android11AudioRecord17AudioRecordThreadE,android::AudioRecord::AudioRecordThread,android::AudioRecord,AudioRecordThread
subsdk0,0x55d3f0,N7android22AudioRecordClientProxyE,android::AudioRecordClientProxy,android,AudioRecordClientProxy
subsdk0,0x55d490,N7android11AudioSystem18AudioFlingerClientE,android::AudioSystem::AudioFlingerClient,android::AudioSystem,AudioFlingerClient
subsdk0,0x55d500,N7android11AudioSystem24AudioPolicyServiceClientE,android::AudioSystem::AudioPolicyServiceClient,android::AudioSystem,AudioPolicyServiceClient
subsdk0,0x55d650,N7android10AudioTrack13DeathNotifierE,android::AudioTrack::DeathNotifier,android::AudioTrack,DeathNotifier
subsdk0,0x55d680,N7android10AudioTrackE,android::AudioTrack,android,AudioTrack
subsdk0,0x55d6a0,N7android10AudioTrack16AudioTrackThreadE,android::AudioTrack::AudioTrackThread,android::AudioTrack,AudioTrackThread
subsdk0,0x55d6d0,N7android15TimedAudioTrackE,android::TimedAudioTrack,android,TimedAudioTrack
subsdk0,0x55d770,N7android11ClientProxyE,android::ClientProxy,android,ClientProxy
subsdk0,0x55d790,N7android5ProxyE,android::Proxy,android,Proxy
subsdk0,0x55d7b0,N7android21AudioTrackClientProxyE,android::AudioTrackClientProxy,android,AudioTrackClientProxy
subsdk0,0x55d7e0,N7android27StaticAudioTrackClientProxyE,android::StaticAudioTrackClientProxy,android,StaticAudioTrackClientProxy
subsdk0,0x55d810,N7android11ServerProxyE,android::ServerProxy,android,ServerProxy
subsdk0,0x55d830,N7android21AudioTrackServerProxyE,android::AudioTrackServerProxy,android,AudioTrackServerProxy
subsdk0,0x55d860,N7android27StaticAudioTrackServerProxyE,android::StaticAudioTrackServerProxy,android,StaticAudioTrackServerProxy
subsdk0,0x55d960,N7android13IAudioFlingerE,android::IAudioFlinger,android,IAudioFlinger
subsdk0,0x55d9b0,N7android14BnAudioFlingerE,android::BnAudioFlinger,android,BnAudioFlinger
subsdk0,0x55da00,N7android14BpAudioFlingerE,android::BpAudioFlinger,android,BpAudioFlinger
subsdk0,0x55da20,N7android19IAudioFlingerClientE,android::IAudioFlingerClient,android,IAudioFlingerClient
subsdk0,0x55da40,N7android20BnAudioFlingerClientE,android::BnAudioFlingerClient,android,BnAudioFlingerClient
subsdk0,0x55dab0,N7android20BpAudioFlingerClientE,android::BpAudioFlingerClient,android,BpAudioFlingerClient
subsdk0,0x55dae0,N7android25IAudioPolicyServiceClientE,android::IAudioPolicyServiceClient,android,IAudioPolicyServiceClient
subsdk0,0x55db10,N7android26BnAudioPolicyServiceClientE,android::BnAudioPolicyServiceClient,android,BnAudioPolicyServiceClient
subsdk0,0x55db80,N7android26BpAudioPolicyServiceClientE,android::BpAudioPolicyServiceClient,android,BpAudioPolicyServiceClient
subsdk0,0x55dbc0,N7android7IEffectE,android::IEffect,android,IEffect
subsdk0,0x55dc10,N7android8BnEffectE,android::BnEffect,android,BnEffect
subsdk0,0x55dc60,N7android8BpEffectE,android::BpEffect,android,BpEffect
subsdk0,0x55dc80,N7android13IEffectClientE,android::IEffectClient,android,IEffectClient
subsdk0,0x55dca0,N7android14BnEffectClientE,android::BnEffectClient,android,BnEffectClient
subsdk0,0x55dcf0,N7android14BpEffectClientE,android::BpEffectClient,android,BpEffectClient
subsdk0,0x55dd10,N7android15IMediaCodecListE,android::IMediaCodecList,android,IMediaCodecList
subsdk0,0x55dd60,N7android16BnMediaCodecListE,android::BnMediaCodecList,android,BnMediaCodecList
subsdk0,0x55ddb0,N7android16BpMediaCodecListE,android::BpMediaCodecList,android,BpMediaCodecList
subsdk0,0x55ddd0,N7android19IMediaDeathNotifier13DeathNotifierE,android::IMediaDeathNotifier::DeathNotifier,android::IMediaDeathNotifier,DeathNotifier
subsdk0,0x55deb0,N7android16ReferenceRenamerE,android::ReferenceRenamer,android,ReferenceRenamer
subsdk0,0x55ded0,N7android18IMediaPlayerClientE,android::IMediaPlayerClient,android,IMediaPlayerClient
subsdk0,0x55df30,N7android19BnMediaPlayerClientE,android::BnMediaPlayerClient,android,BnMediaPlayerClient
subsdk0,0x55df90,N7android19BpMediaPlayerClientE,android::BpMediaPlayerClient,android,BpMediaPlayerClient
subsdk0,0x55dfb0,N7android4IOMXE,android::IOMX,android,IOMX
subsdk0,0x55dff0,N7android5BnOMXE,android::BnOMX,android,BnOMX
subsdk0,0x55e010,N7android12IOMXObserverE,android::IOMXObserver,android,IOMXObserver
subsdk0,0x55e060,N7android13BnOMXObserverE,android::BnOMXObserver,android,BnOMXObserver
subsdk0,0x55e0b0,N7android5BpOMXE,android::BpOMX,android,BpOMX
subsdk0,0x55e120,N7android13BpOMXObserverE,android::BpOMXObserver,android,BpOMXObserver
subsdk0,0x55e150,N7android13IStreamSourceE,android::IStreamSource,android,IStreamSource
subsdk0,0x55e1a0,N7android14BnStreamSourceE,android::BnStreamSource,android,BnStreamSource
subsdk0,0x55e1c0,N7android15IStreamListenerE,android::IStreamListener,android,IStreamListener
subsdk0,0x55e210,N7android16BnStreamListenerE,android::BnStreamListener,android,BnStreamListener
subsdk0,0x55e260,N7android14BpStreamSourceE,android::BpStreamSource,android,BpStreamSource
subsdk0,0x55e2b0,N7android16BpStreamListenerE,android::BpStreamListener,android,BpStreamListener
subsdk0,0x55e360,N7android14MediaCodecInfo12CapabilitiesE,android::MediaCodecInfo::Capabilities,android::MediaCodecInfo,Capabilities
subsdk0,0x55e390,N7android14MediaCodecInfoE,android::MediaCodecInfo,android,MediaCodecInfo
subsdk0,0x55e4a0,N7android22MediaMetadataRetriever13DeathNotifierE,android::MediaMetadataRetriever::DeathNotifier,android::MediaMetadataRetriever,DeathNotifier
subsdk0,0x55e4e0,N7android22MediaMetadataRetrieverE,android::MediaMetadataRetriever,android,MediaMetadataRetriever
subsdk0,0x55e520,N7android19IMediaDeathNotifierE,android::IMediaDeathNotifier,android,IMediaDeathNotifier
subsdk0,0x55e540,N7android11MediaPlayerE,android::MediaPlayer,android,MediaPlayer
subsdk0,0x55e560,N7android18MediaScannerClientE,android::MediaScannerClient,android,MediaScannerClient
subsdk0,0x55e580,N7android6SampleE,android::Sample,android,Sample
subsdk0,0x55e680,N7android11StringArrayE,android::StringArray,android,StringArray
subsdk0,0x55e6a0,N7android17StagefrightPlayerE,android::StagefrightPlayer,android,StagefrightPlayer
subsdk0,0x55e6c0,N7android20MediaPlayerInterfaceE,android::MediaPlayerInterface,android,MediaPlayerInterface
subsdk0,0x55e6f0,N7android15MediaPlayerBaseE,android::MediaPlayerBase,android,MediaPlayerBase
subsdk0,0x55e730,N7android8NuPlayer22NuPlayerStreamListenerE,android::NuPlayer::NuPlayerStreamListener,android::NuPlayer,NuPlayerStreamListener
subsdk0,0x55e7c0,N7android14ARTPConnectionE,android::ARTPConnection,android,ARTPConnection
subsdk0,0x55e7e0,N7android8AHandlerE,android::AHandler,android,AHandler
subsdk0,0x55e8c0,N7android18ARawAudioAssemblerE,android::ARawAudioAssembler,android,ARawAudioAssembler
subsdk0,0x55e8e0,N7android13ARTPAssemblerE,android::ARTPAssembler,android,ARTPAssembler
subsdk0,0x55e900,N7android10ARTPSourceE,android::ARTPSource,android,ARTPSource
subsdk0,0x55e960,N7android13APacketSourceE,android::APacketSource,android,APacketSource
subsdk0,0x55ea30,N7android20AMPEG4AudioAssemblerE,android::AMPEG4AudioAssembler,android,AMPEG4AudioAssembler
subsdk0,0x55ea60,N7android14AH263AssemblerE,android::AH263Assembler,android,AH263Assembler
subsdk0,0x55ea80,N7android13AAMRAssemblerE,android::AAMRAssembler,android,AAMRAssembler
subsdk0,0x55eb60,N7android25AMPEG4ElementaryAssemblerE,android::AMPEG4ElementaryAssembler,android,AMPEG4ElementaryAssembler
subsdk0,0x55eb90,N7android17AMPEG2TSAssemblerE,android::AMPEG2TSAssembler,android,AMPEG2TSAssembler
subsdk0,0x55ebb0,N7android13AAVCAssemblerE,android::AAVCAssembler,android,AAVCAssembler
subsdk0,0x55ebd0,N7android9SDPLoaderE,android::SDPLoader,android,SDPLoader
subsdk0,0x55ebf0,N7android19ASessionDescriptionE,android::ASessionDescription,android,ASessionDescription
subsdk0,0x55eca0,N7android8NuPlayer14HTTPLiveSourceE,android::NuPlayer::HTTPLiveSource,android::NuPlayer,HTTPLiveSource
subsdk0,0x55ecd0,N7android19VideoFrameSchedulerE,android::VideoFrameScheduler,android,VideoFrameScheduler
subsdk0,0x55ed60,N7android8NuPlayer13GenericSourceE,android::NuPlayer::GenericSource,android::NuPlayer,GenericSource
subsdk0,0x55ee70,N7android8NuPlayer6SourceE,android::NuPlayer::Source,android::NuPlayer,Source
subsdk0,0x55ee90,N7android8NuPlayerE,android::NuPlayer,android,NuPlayer
subsdk0,0x55eeb0,N7android19NativeWindowWrapperE,android::NativeWindowWrapper,android,NativeWindowWrapper
subsdk0,0x55eed0,N7android8NuPlayer18FlushDecoderActionE,android::NuPlayer::FlushDecoderAction,android::NuPlayer,FlushDecoderAction
subsdk0,0x55ef00,N7android8NuPlayer6ActionE,android::NuPlayer::Action,android::NuPlayer,Action
subsdk0,0x55ef20,N7android8NuPlayer16SetSurfaceActionE,android::NuPlayer::SetSurfaceAction,android::NuPlayer,SetSurfaceAction
subsdk0,0x55ef50,N7android8NuPlayer10SeekActionE,android::NuPlayer::SeekAction,android::NuPlayer,SeekAction
subsdk0,0x55ef70,N7android8NuPlayer12SimpleActionE,android::NuPlayer::SimpleAction,android::NuPlayer,SimpleAction
subsdk0,0x55efa0,N7android8NuPlayer19ResumeDecoderActionE,android::NuPlayer::ResumeDecoderAction,android::NuPlayer,ResumeDecoderAction
subsdk0,0x55efd0,N7android8NuPlayer17PostMessageActionE,android::NuPlayer::PostMessageAction,android::NuPlayer,PostMessageAction
subsdk0,0x55f060,N7android8NuPlayer9CCDecoderE,android::NuPlayer::CCDecoder,android::NuPlayer,CCDecoder
subsdk0,0x55f0f0,N7android8NuPlayer7DecoderE,android::NuPlayer::Decoder,android::NuPlayer,Decoder
subsdk0,0x55f160,N7android8NuPlayer11DecoderBaseE,android::NuPlayer::DecoderBase,android::NuPlayer,DecoderBase
subsdk0,0x55f190,N7android8NuPlayer18DecoderPassThroughE,android::NuPlayer::DecoderPassThrough,android::NuPlayer,DecoderPassThrough
subsdk0,0x55f240,N7android14NuPlayerDriverE,android::NuPlayerDriver,android,NuPlayerDriver
subsdk0,0x55f2a0,N7android8NuPlayer8RendererE,android::NuPlayer::Renderer,android::NuPlayer,Renderer
subsdk0,0x55f300,N7android8NuPlayer15StreamingSourceE,android::NuPlayer::StreamingSource,android::NuPlayer,StreamingSource
subsdk0,0x55f380,N7android10ABitReaderE,android::ABitReader,android,ABitReader
subsdk0,0x55f3a0,N7android12NALBitReaderE,android::NALBitReader,android,NALBitReader
subsdk0,0x55f3c0,N7android7ABufferE,android::ABuffer,android,ABuffer
subsdk0,0x55f3e0,N7android6AStateE,android::AState,android,AState
subsdk0,0x55f400,N7android25AHierarchicalStateMachineE,android::AHierarchicalStateMachine,android,AHierarchicalStateMachine
subsdk0,0x55f4c0,N7android7ALooperE,android::ALooper,android,ALooper
subsdk0,0x55f4e0,N7android7ALooper12LooperThreadE,android::ALooper::LooperThread,android::ALooper,LooperThread
subsdk0,0x55f700,N7android8AMessageE,android::AMessage,android,AMessage
subsdk0,0x55f770,N7android9AWakeLock16PMDeathRecipientE,android::AWakeLock::PMDeathRecipient,android::AWakeLock,PMDeathRecipient
subsdk0,0x55f7a0,N7android9AWakeLockE,android::AWakeLock,android,AWakeLock
subsdk0,0x55fd50,N7android13ParsedMessageE,android::ParsedMessage,android,ParsedMessage
subsdk0,0x55fd70,N7android14LiveDataSourceE,android::LiveDataSource,android,LiveDataSource
subsdk0,0x55fdd0,N7android11LiveSessionE,android::LiveSession,android,LiveSession
subsdk0,0x55fdf0,N7android11LiveSession18BandwidthEstimatorE,android::LiveSession::BandwidthEstimator,android::LiveSession,BandwidthEstimator
subsdk0,0x55ffd0,N7android9M3UParser10MediaGroupE,android::M3UParser::MediaGroup,android::M3UParser,MediaGroup
subsdk0,0x560000,N7android9M3UParserE,android::M3UParser,android,M3UParser
subsdk0,0x560100,N7android15PlaylistFetcherE,android::PlaylistFetcher,android,PlaylistFetcher
subsdk0,0x5602a0,N7android12MemorySourceE,android::MemorySource,android,MemorySource
subsdk0,0x560340,N7android19AnotherPacketSourceE,android::AnotherPacketSource,android,AnotherPacketSource
subsdk0,0x5604e0,N7android9ATSParser6StreamE,android::ATSParser::Stream,android::ATSParser,Stream
subsdk0,0x560500,N7android9ATSParserE,android::ATSParser,android,ATSParser
subsdk0,0x560520,N7android9ATSParser10PSISectionE,android::ATSParser::PSISection,android::ATSParser,PSISection
subsdk0,0x560550,N7android9ATSParser7ProgramE,android::ATSParser::Program,android::ATSParser,Program
subsdk0,0x560aa0,N7android16MPEG2PSExtractorE,android::MPEG2PSExtractor,android,MPEG2PSExtractor
subsdk0,0x560ac0,N7android16MPEG2PSExtractor5TrackE,android::MPEG2PSExtractor::Track,android::MPEG2PSExtractor,Track
subsdk0,0x560af0,N7android16MPEG2PSExtractor12WrappedTrackE,android::MPEG2PSExtractor::WrappedTrack,android::MPEG2PSExtractor,WrappedTrack
subsdk0,0x560bc0,N7android13MPEG2TSSourceE,android::MPEG2TSSource,android,MPEG2TSSource
subsdk0,0x560be0,N7android16MPEG2TSExtractorE,android::MPEG2TSExtractor,android,MPEG2TSExtractor
subsdk0,0x560cb0,N7android16ConsumerListenerE,android::ConsumerListener,android,ConsumerListener
subsdk0,0x560cd0,N7android19GraphicBufferSourceE,android::GraphicBufferSource,android,GraphicBufferSource
subsdk0,0x560db0,N7android3OMX24CallbackDispatcherThreadE,android::OMX::CallbackDispatcherThread,android::OMX,CallbackDispatcherThread
subsdk0,0x560de0,N7android3OMX18CallbackDispatcherE,android::OMX::CallbackDispatcher,android::OMX,CallbackDispatcher
subsdk0,0x560e04,N7android3OMXE,android::OMX,android,OMX
subsdk0,0x560f80,N7android9OMXMasterE,android::OMXMaster,android,OMXMaster
subsdk0,0x560fa0,N7android13OMXPluginBaseE,android::OMXPluginBase,android,OMXPluginBase
subsdk0,0x5611e0,N7android22SimpleSoftOMXComponentE,android::SimpleSoftOMXComponent,android,SimpleSoftOMXComponent
subsdk0,0x561250,N7android16SoftOMXComponentE,android::SoftOMXComponent,android,SoftOMXComponent
subsdk0,0x561270,N7android13SoftOMXPluginE,android::SoftOMXPlugin,android,SoftOMXPlugin
subsdk0,0x561290,N7android11NVOMXPluginE,android::NVOMXPlugin,android,NVOMXPlugin
subsdk0,0x561380,N7android14SoftAVCEncoderE,android::SoftAVCEncoder,android,SoftAVCEncoder
subsdk0,0x5613a0,N7android19MediaBufferObserverE,android::MediaBufferObserver,android,MediaBufferObserver
subsdk0,0x562ae0,N7android28SoftVideoDecoderOMXComponentE,android::SoftVideoDecoderOMXComponent,android,SoftVideoDecoderOMXComponent
subsdk0,0x562bb0,N7android28SoftVideoEncoderOMXComponentE,android::SoftVideoEncoderOMXComponent,android,SoftVideoEncoderOMXComponent
subsdk0,0x562be0,N7android19TimedText3GPPSourceE,android::TimedText3GPPSource,android,TimedText3GPPSource
subsdk0,0x562cd0,N7android15TimedTextPlayerE,android::TimedTextPlayer,android,TimedTextPlayer
subsdk0,0x562cf0,N7android15TimedTextPlayer11ParcelEventE,android::TimedTextPlayer::ParcelEvent,android::TimedTextPlayer,ParcelEvent
subsdk0,0x562d20,N7android15TimedTextSourceE,android::TimedTextSource,android,TimedTextSource
subsdk0,0x562d40,N7android18TimedTextSRTSourceE,android::TimedTextSRTSource,android,TimedTextSRTSource
subsdk0,0x562df0,N7android12AACExtractorE,android::AACExtractor,android,AACExtractor
subsdk0,0x562e10,N7android9AACSourceE,android::AACSource,android,AACSource
subsdk0,0x563030,N7android6ACodecE,android::ACodec,android,ACodec
subsdk0,0x563050,N7android6ACodec15PortDescriptionE,android::ACodec::PortDescription,android::ACodec,PortDescription
subsdk0,0x563080,N7android6ACodec9BaseStateE,android::ACodec::BaseState,android::ACodec,BaseState
subsdk0,0x5630a0,N7android6ACodec18UninitializedStateE,android::ACodec::UninitializedState,android::ACodec,UninitializedState
subsdk0,0x5630d0,N7android6ACodec11LoadedStateE,android::ACodec::LoadedState,android::ACodec,LoadedState
subsdk0,0x5630f0,N7android6ACodec17LoadedToIdleStateE,android::ACodec::LoadedToIdleState,android::ACodec,LoadedToIdleState
subsdk0,0x563120,N7android6ACodec20IdleToExecutingStateE,android::ACodec::IdleToExecutingState,android::ACodec,IdleToExecutingState
subsdk0,0x563150,N7android6ACodec14ExecutingStateE,android::ACodec::ExecutingState,android::ACodec,ExecutingState
subsdk0,0x563180,N7android6ACodec30OutputPortSettingsChangedStateE,android::ACodec::OutputPortSettingsChangedState,android::ACodec,OutputPortSettingsChangedState
subsdk0,0x5631c0,N7android6ACodec20ExecutingToIdleStateE,android::ACodec::ExecutingToIdleState,android::ACodec,ExecutingToIdleState
subsdk0,0x5631f0,N7android6ACodec17IdleToLoadedStateE,android::ACodec::IdleToLoadedState,android::ACodec,IdleToLoadedState
subsdk0,0x563220,N7android6ACodec13FlushingStateE,android::ACodec::FlushingState,android::ACodec,FlushingState
subsdk0,0x563250,N7android6ACodec13DeathNotifierE,android::ACodec::DeathNotifier,android::ACodec,DeathNotifier
subsdk0,0x563280,N7android13CodecObserverE,android::CodecObserver,android,CodecObserver
subsdk0,0x5632a0,N7android21BufferProducerWrapperE,android::BufferProducerWrapper,android,BufferProducerWrapper
subsdk0,0x563300,N7android9CodecBaseE,android::CodecBase,android,CodecBase
subsdk0,0x563320,N7android9CodecBase15PortDescriptionE,android::CodecBase::PortDescription,android::CodecBase,PortDescription
subsdk0,0x563350,N7android12AMRExtractorE,android::AMRExtractor,android,AMRExtractor
subsdk0,0x563370,N7android9AMRSourceE,android::AMRSource,android,AMRSource
subsdk0,0x563490,N7android11AudioPlayerE,android::AudioPlayer,android,AudioPlayer
subsdk0,0x5634b0,N7android10TimeSourceE,android::TimeSource,android,TimeSource
subsdk0,0x5634d0,N7android11AudioSourceE,android::AudioSource,android,AudioSource
subsdk0,0x5637e0,N7android12AVIExtractor9AVISourceE,android::AVIExtractor::AVISource,android::AVIExtractor,AVISource
subsdk0,0x563810,N7android12AVIExtractor11MP3SplitterE,android::AVIExtractor::MP3Splitter,android::AVIExtractor,MP3Splitter
subsdk0,0x563840,N7android12AVIExtractorE,android::AVIExtractor,android,AVIExtractor
subsdk0,0x5638e0,N7android13AwesomePlayerE,android::AwesomePlayer,android,AwesomePlayer
subsdk0,0x563940,N7android12AwesomeEventE,android::AwesomeEvent,android,AwesomeEvent
subsdk0,0x563960,N7android15TimedEventQueue5EventE,android::TimedEventQueue::Event,android::TimedEventQueue,Event
subsdk0,0x563990,N7android27AwesomeNativeWindowRendererE,android::AwesomeNativeWindowRenderer,android,AwesomeNativeWindowRenderer
subsdk0,0x5639c0,N7android15AwesomeRendererE,android::AwesomeRenderer,android,AwesomeRenderer
subsdk0,0x5639e0,N7android20AwesomeLocalRendererE,android::AwesomeLocalRenderer,android,AwesomeLocalRenderer
subsdk0,0x563a10,N7android18CallbackDataSourceE,android::CallbackDataSource,android,CallbackDataSource
subsdk0,0x563a30,N7android26WindowedLinearFitEstimatorE,android::WindowedLinearFitEstimator,android,WindowedLinearFitEstimator
subsdk0,0x563a60,N7android14ClockEstimatorE,android::ClockEstimator,android,ClockEstimator
subsdk0,0x563aa0,N7android10DataSourceE,android::DataSource,android,DataSource
subsdk0,0x563b20,N7android13DataURISourceE,android::DataURISource,android,DataURISource
subsdk0,0x563b40,N7android10FileSourceE,android::FileSource,android,FileSource
subsdk0,0x563b60,N7android18InMemoryFileSourceE,android::InMemoryFileSource,android,InMemoryFileSource
subsdk0,0x563b80,N7android8HTTPBaseE,android::HTTPBase,android,HTTPBase
subsdk0,0x563bd0,N7android18CurlHttpConnectionE,android::CurlHttpConnection,android,CurlHttpConnection
subsdk0,0x563bf0,N7android10JPEGSourceE,android::JPEGSource,android,JPEGSource
subsdk0,0x563c10,N7android12MediaAdapterE,android::MediaAdapter,android,MediaAdapter
subsdk0,0x563c30,N7android11MediaBufferE,android::MediaBuffer,android,MediaBuffer
subsdk0,0x563c50,N7android15MediaBufferBaseE,android::MediaBufferBase,android,MediaBufferBase
subsdk0,0x563c70,N7android16MediaBufferGroupE,android::MediaBufferGroup,android,MediaBufferGroup
subsdk0,0x563cf0,N7android10MediaCodecE,android::MediaCodec,android,MediaCodec
subsdk0,0x563da0,N7android14MediaCodecList19BinderDeathObserverE,android::MediaCodecList::BinderDeathObserver,android::MediaCodecList,BinderDeathObserver
subsdk0,0x563dd0,N7android14MediaCodecListE,android::MediaCodecList,android,MediaCodecList
subsdk0,0x563f20,N7android16MediaCodecSource6PullerE,android::MediaCodecSource::Puller,android::MediaCodecSource,Puller
subsdk0,0x563f50,N7android16MediaCodecSourceE,android::MediaCodecSource,android,MediaCodecSource
subsdk0,0x563ff0,N7android14MediaExtractorE,android::MediaExtractor,android,MediaExtractor
subsdk0,0x564010,N7android10MediaMuxerE,android::MediaMuxer,android,MediaMuxer
subsdk0,0x5640c0,N7android11MediaSourceE,android::MediaSource,android,MediaSource
subsdk0,0x5640e0,N7android8MetaDataE,android::MetaData,android,MetaData
subsdk0,0x564160,N7android12MP3ExtractorE,android::MP3Extractor,android,MP3Extractor
subsdk0,0x564180,N7android9MP3SourceE,android::MP3Source,android,MP3Source
subsdk0,0x5641c0,N7android13MPEG2TSWriter10SourceInfoE,android::MPEG2TSWriter::SourceInfo,android::MPEG2TSWriter,SourceInfo
subsdk0,0x5641f0,N7android13MPEG2TSWriterE,android::MPEG2TSWriter,android,MPEG2TSWriter
subsdk0,0x564210,N7android11MediaWriterE,android::MediaWriter,android,MediaWriter
subsdk0,0x564400,N7android15MPEG4DataSourceE,android::MPEG4DataSource,android,MPEG4DataSource
subsdk0,0x564420,N7android14MPEG4ExtractorE,android::MPEG4Extractor,android,MPEG4Extractor
subsdk0,0x564440,N7android11MPEG4SourceE,android::MPEG4Source,android,MPEG4Source
subsdk0,0x564580,N7android11MPEG4WriterE,android::MPEG4Writer,android,MPEG4Writer
subsdk0,0x5646b0,N7android15NuCachedSource2E,android::NuCachedSource2,android,NuCachedSource2
subsdk0,0x564760,N7android16NuMediaExtractorE,android::NuMediaExtractor,android,NuMediaExtractor
subsdk0,0x5647f0,N7android9OggSourceE,android::OggSource,android,OggSource
subsdk0,0x564810,N7android17MyVorbisExtractorE,android::MyVorbisExtractor,android,MyVorbisExtractor
subsdk0,0x564830,N7android12OggExtractorE,android::OggExtractor,android,OggExtractor
subsdk0,0x564890,N7android10SoftVorbisE,android::SoftVorbis,android,SoftVorbis
subsdk0,0x5648b0,N7android8SoftOpusE,android::SoftOpus,android,SoftOpus
subsdk0,0x5648d0,N7android6MuxOMXE,android::MuxOMX,android,MuxOMX
subsdk0,0x564b00,N7android8OMXCodecE,android::OMXCodec,android,OMXCodec
subsdk0,0x564b20,N7android16OMXCodecObserverE,android::OMXCodecObserver,android,OMXCodecObserver
subsdk0,0x564c00,N7android11SampleTableE,android::SampleTable,android,SampleTable
subsdk0,0x564c20,N7android8SfThreadE,android::SfThread,android,SfThread
subsdk0,0x564c70,N7android12SfMemoryHeapE,android::SfMemoryHeap,android,SfMemoryHeap
subsdk0,0x564c90,N7android11SfMemDealerE,android::SfMemDealer,android,SfMemDealer
subsdk0,0x564ce0,N7android13SkipCutBufferE,android::SkipCutBuffer,android,SkipCutBuffer
subsdk0,0x564d00,N7android18SurfaceMediaSourceE,android::SurfaceMediaSource,android,SurfaceMediaSource
subsdk0,0x564db0,N7android15ThrottledSourceE,android::ThrottledSource,android,ThrottledSource
subsdk0,0x564dd0,N7android15TimedEventQueue16PMDeathRecipientE,android::TimedEventQueue::PMDeathRecipient,android::TimedEventQueue,PMDeathRecipient
subsdk0,0x564e00,N7android15TimedEventQueue9StopEventE,android::TimedEventQueue::StopEvent,android::TimedEventQueue,StopEvent
subsdk0,0x564e70,N7android16SystemTimeSourceE,android::SystemTimeSource,android,SystemTimeSource
subsdk0,0x564fc0,N7android10VBRISeekerE,android::VBRISeeker,android,VBRISeeker
subsdk0,0x564fe0,N7android9MP3SeekerE,android::MP3Seeker,android,MP3Seeker
subsdk0,0x565000,N7android12WAVExtractorE,android::WAVExtractor,android,WAVExtractor
subsdk0,0x565020,N7android9WAVSourceE,android::WAVSource,android,WAVSource
subsdk0,0x565050,N7android12WVMExtractorE,android::WVMExtractor,android,WVMExtractor
subsdk0,0x565070,N7android10XINGSeekerE,android::XINGSeeker,android,XINGSeeker
subsdk0,0x5651b0,N7android14MatroskaSourceE,android::MatroskaSource,android,MatroskaSource
subsdk0,0x5651d0,N7android17MatroskaExtractorE,android::MatroskaExtractor,android,MatroskaExtractor
subsdk0,0x5651f0,N7android16DataSourceReaderE,android::DataSourceReader,android,DataSourceReader
subsdk0,0x565380,N9mkvparser10IMkvReaderE,mkvparser::IMkvReader,mkvparser,IMkvReader
subsdk0,0x5653a0,N9mkvparser5Track8EOSBlockE,mkvparser::Track::EOSBlock,mkvparser::Track,EOSBlock
subsdk0,0x5653c0,N9mkvparser10BlockEntryE,mkvparser::BlockEntry,mkvparser,BlockEntry
subsdk0,0x5653e0,N9mkvparser5TrackE,mkvparser::Track,mkvparser,Track
subsdk0,0x565400,N9mkvparser10VideoTrackE,mkvparser::VideoTrack,mkvparser,VideoTrack
subsdk0,0x565420,N9mkvparser11SimpleBlockE,mkvparser::SimpleBlock,mkvparser,SimpleBlock
subsdk0,0x565440,N9mkvparser10BlockGroupE,mkvparser::BlockGroup,mkvparser,BlockGroup
subsdk0,0x565460,N9mkvparser10AudioTrackE,mkvparser::AudioTrack,mkvparser,AudioTrack
subsdk0,0x5654a0,N8mkvmuxer10IMkvWriterE,mkvmuxer::IMkvWriter,mkvmuxer,IMkvWriter
subsdk0,0x5654c0,N8mkvmuxer5TrackE,mkvmuxer::Track,mkvmuxer,Track
subsdk0,0x5654e0,N8mkvmuxer10VideoTrackE,mkvmuxer::VideoTrack,mkvmuxer,VideoTrack
subsdk0,0x565500,N8mkvmuxer10AudioTrackE,mkvmuxer::AudioTrack,mkvmuxer,AudioTrack
subsdk0,0x565520,N9mkvparser9MkvReaderE,mkvparser::MkvReader,mkvparser,MkvReader
subsdk0,0x565540,N8mkvmuxer9MkvWriterE,mkvmuxer::MkvWriter,mkvmuxer,MkvWriter
subsdk0,0x565570,N7android10WebmWriterE,android::WebmWriter,android,WebmWriter
subsdk0,0x5655c0,N7android26WebmFrameEmptySourceThreadE,android::WebmFrameEmptySourceThread,android,WebmFrameEmptySourceThread
subsdk0,0x5655f0,N7android21WebmFrameSourceThreadE,android::WebmFrameSourceThread,android,WebmFrameSourceThread
subsdk0,0x565650,N7android15WebmFrameThreadE,android::WebmFrameThread,android,WebmFrameThread
subsdk0,0x5656a0,N7android10HeapObjectE,android::HeapObject,android,HeapObject
subsdk0,0x5656c0,N7android19WebmFrameSinkThreadE,android::WebmFrameSinkThread,android,WebmFrameSinkThread
subsdk0,0x5656e0,N7android26WebmFrameMediaSourceThreadE,android::WebmFrameMediaSourceThread,android,WebmFrameMediaSourceThread
subsdk0,0x565710,N7android11WebmElementE,android::WebmElement,android,WebmElement
subsdk0,0x565760,N7android12WebmUnsignedE,android::WebmUnsigned,android,WebmUnsigned
subsdk0,0x565780,N7android9WebmFloatE,android::WebmFloat,android,WebmFloat
subsdk0,0x5657a0,N7android10WebmBinaryE,android::WebmBinary,android,WebmBinary
subsdk0,0x5657c0,N7android10WebmStringE,android::WebmString,android,WebmString
subsdk0,0x5657e0,N7android15WebmSimpleBlockE,android::WebmSimpleBlock,android,WebmSimpleBlock
subsdk0,0x565800,N7android8EbmlVoidE,android::EbmlVoid,android,EbmlVoid
subsdk0,0x565820,N7android10WebmMasterE,android::WebmMaster,android,WebmMaster
