script,bytes,cells,code_end,data_end,heap_end,stack_end,stack_size,entry_cell,publics,natives,libraries,pubvars,tags,defsize,amx_version,flags,pasm,pseudo_c
romfs_out/amx_flat/aura_bonus.amx,1670,417,3992,4380,576,13148,1024,3440,0,20,2,4,1,12,10,28,decomp/script/aura_bonus.pasm,decomp/script/aura_bonus.pseudo.c
romfs_out/amx_flat/azukariya.amx,22034,5508,39744,40804,23640,72636,1024,25464,0,76,2,4,1,12,10,28,decomp/script/azukariya.pasm,decomp/script/azukariya.pseudo.c
romfs_out/amx_flat/battle_man.amx,12158,3039,27888,28720,2408,39320,1024,16112,0,57,2,4,1,12,10,28,decomp/script/battle_man.pasm,decomp/script/battle_man.pseudo.c
romfs_out/amx_flat/battle_tower.amx,23318,5829,46912,48392,16240,72824,1024,30928,0,111,2,4,1,12,10,28,decomp/script/battle_tower.pasm,decomp/script/battle_tower.pseudo.c
romfs_out/amx_flat/btl_ai_allowance.amx,376,94,1712,1824,24,34616,4096,408,0,1,0,3,0,12,10,4,decomp/script/btl_ai_allowance.pasm,decomp/script/btl_ai_allowance.pseudo.c
romfs_out/amx_flat/btl_ai_basic.amx,34497,8624,203320,203456,1872,238096,4096,408,0,2,1,3,0,12,10,4,decomp/script/btl_ai_basic.pasm,decomp/script/btl_ai_basic.pseudo.c
romfs_out/amx_flat/btl_ai_double.amx,28634,7158,172304,172416,24,205208,4096,408,0,1,0,3,0,12,10,4,decomp/script/btl_ai_double.pasm,decomp/script/btl_ai_double.pseudo.c
romfs_out/amx_flat/btl_ai_expert.amx,74077,18519,444096,444208,24,477000,4096,408,0,1,0,3,0,12,10,4,decomp/script/btl_ai_expert.pasm,decomp/script/btl_ai_expert.pseudo.c
romfs_out/amx_flat/btl_ai_honoo_gym_item.amx,317,79,1296,1408,24,34200,4096,272,0,1,0,3,0,12,10,4,decomp/script/btl_ai_honoo_gym_item.pasm,decomp/script/btl_ai_honoo_gym_item.pseudo.c
romfs_out/amx_flat/btl_ai_honoo_gym_rival.amx,168,42,376,488,24,33280,4096,184,0,1,0,3,0,12,10,4,decomp/script/btl_ai_honoo_gym_rival.pasm,decomp/script/btl_ai_honoo_gym_rival.pseudo.c
romfs_out/amx_flat/btl_ai_honoo_gym_staff.amx,2130,532,10440,10576,1280,44624,4096,408,0,2,1,3,0,12,10,4,decomp/script/btl_ai_honoo_gym_staff.pasm,decomp/script/btl_ai_honoo_gym_staff.pseudo.c
romfs_out/amx_flat/btl_ai_honoo_gym_yell.amx,2041,510,10128,10264,1256,44288,4096,408,0,2,1,3,0,12,10,4,decomp/script/btl_ai_honoo_gym_yell.pasm,decomp/script/btl_ai_honoo_gym_yell.pseudo.c
romfs_out/amx_flat/btl_ai_item.amx,1608,402,9520,9632,24,42424,4096,272,0,1,0,3,0,12,10,4,decomp/script/btl_ai_item.pasm,decomp/script/btl_ai_item.pseudo.c
romfs_out/amx_flat/btl_ai_jk3_ookami.amx,1088,272,3808,3944,1560,38272,4096,408,0,2,1,3,0,12,10,4,decomp/script/btl_ai_jk3_ookami.pasm,decomp/script/btl_ai_jk3_ookami.pseudo.c
romfs_out/amx_flat/btl_ai_pokechange.amx,2387,596,14496,14608,40,47416,4096,336,0,1,0,3,0,12,10,4,decomp/script/btl_ai_pokechange.pasm,decomp/script/btl_ai_pokechange.pseudo.c
romfs_out/amx_flat/btl_ai_raid.amx,15955,3988,95088,95200,24,127992,4096,408,0,1,0,3,0,12,10,4,decomp/script/btl_ai_raid.pasm,decomp/script/btl_ai_raid.pseudo.c
romfs_out/amx_flat/btl_ai_strong.amx,3054,763,18312,18424,24,51216,4096,408,0,1,0,3,0,12,10,4,decomp/script/btl_ai_strong.pasm,decomp/script/btl_ai_strong.pseudo.c
romfs_out/amx_flat/campking.amx,27823,6955,48120,49072,35176,92440,1024,36688,0,67,2,4,1,12,10,28,decomp/script/campking.pasm,decomp/script/campking.pseudo.c
romfs_out/amx_flat/chair.amx,2989,747,6456,6976,504,15672,1024,1856,0,31,2,4,1,12,10,28,decomp/script/chair.pasm,decomp/script/chair.pseudo.c
romfs_out/amx_flat/circuit.amx,31018,7754,56992,58208,33872,100272,1024,38232,0,89,2,4,1,12,10,28,decomp/script/circuit.pasm,decomp/script/circuit.pseudo.c
romfs_out/amx_flat/common_talk.amx,9030,2257,20448,21196,3256,32644,1024,18616,0,50,2,4,1,12,10,28,decomp/script/common_talk.pasm,decomp/script/common_talk.pseudo.c
romfs_out/amx_flat/comp_director.amx,23918,5979,40616,41520,32008,81720,1024,35728,0,63,2,4,1,12,10,28,decomp/script/comp_director.pasm,decomp/script/comp_director.pseudo.c
romfs_out/amx_flat/cut_scene.amx,39833,9958,59088,61492,59664,129348,1024,-1,86,102,2,4,1,12,10,28,decomp/script/cut_scene.pasm,decomp/script/cut_scene.pseudo.c
romfs_out/amx_flat/effort_power_check.amx,7927,1981,18096,18772,2192,29156,1024,15448,0,44,2,4,1,12,10,28,decomp/script/effort_power_check.pasm,decomp/script/effort_power_check.pseudo.c
romfs_out/amx_flat/elevator.amx,13734,3433,27376,28376,6696,43264,1024,18160,0,71,2,4,1,12,10,28,decomp/script/elevator.pasm,decomp/script/elevator.pseudo.c
romfs_out/amx_flat/encount_item.amx,1752,438,4184,4500,560,13252,1024,2840,0,14,2,4,1,12,10,28,decomp/script/encount_item.pasm,decomp/script/encount_item.pseudo.c
romfs_out/amx_flat/field_network.amx,1234,308,3368,3612,32,11836,1024,2600,0,8,2,4,1,12,10,28,decomp/script/field_network.pasm,decomp/script/field_network.pseudo.c
romfs_out/amx_flat/field_trade.amx,8594,2148,18944,19608,2536,30336,1024,14088,0,43,2,4,1,12,10,28,decomp/script/field_trade.pasm,decomp/script/field_trade.pseudo.c
romfs_out/amx_flat/fld_item.amx,3301,825,7416,7984,1008,17184,1024,4824,0,35,2,4,1,12,10,28,decomp/script/fld_item.pasm,decomp/script/fld_item.pseudo.c
romfs_out/amx_flat/general_dummy.amx,231,57,304,464,32,8688,1024,8,0,1,2,4,1,12,10,28,decomp/script/general_dummy.pasm,decomp/script/general_dummy.pseudo.c
romfs_out/amx_flat/hair_salon.amx,11278,2819,24792,25876,3624,37692,1024,17320,0,78,2,4,1,12,10,28,decomp/script/hair_salon.pasm,decomp/script/hair_salon.pseudo.c
romfs_out/amx_flat/horidashimono.amx,23154,5788,41808,42856,25152,76200,1024,29520,0,75,2,4,1,12,10,28,decomp/script/horidashimono.pasm,decomp/script/horidashimono.pseudo.c
romfs_out/amx_flat/horidashioyaji.amx,21436,5359,37288,38312,26696,73200,1024,27832,0,73,2,4,1,12,10,28,decomp/script/horidashioyaji.pasm,decomp/script/horidashioyaji.pseudo.c
romfs_out/amx_flat/hyper_training.amx,9295,2323,21272,22116,2352,32660,1024,15760,0,58,2,4,1,12,10,28,decomp/script/hyper_training.pasm,decomp/script/hyper_training.pseudo.c
romfs_out/amx_flat/init_r_1001.amx,223,55,304,464,32,8688,1024,8,0,1,2,4,1,12,10,28,decomp/script/init_r_1001.pasm,decomp/script/init_r_1001.pseudo.c
romfs_out/amx_flat/init_scr.amx,15508,3877,36336,36640,8728,53560,1024,1832,0,13,2,4,1,12,10,28,decomp/script/init_scr.pasm,decomp/script/init_scr.pseudo.c
romfs_out/amx_flat/init_z_bt0101.amx,223,55,304,464,32,8688,1024,8,0,1,2,4,1,12,10,28,decomp/script/init_z_bt0101.pasm,decomp/script/init_z_bt0101.pseudo.c
romfs_out/amx_flat/init_z_bt0102.amx,223,55,304,464,32,8688,1024,8,0,1,2,4,1,12,10,28,decomp/script/init_z_bt0102.pasm,decomp/script/init_z_bt0102.pseudo.c
romfs_out/amx_flat/init_z_bt0110.amx,223,55,304,464,32,8688,1024,8,0,1,2,4,1,12,10,28,decomp/script/init_z_bt0110.pasm,decomp/script/init_z_bt0110.pseudo.c
romfs_out/amx_flat/init_z_c0101.amx,345,86,664,860,32,9084,1024,8,0,4,2,4,1,12,10,28,decomp/script/init_z_c0101.pasm,decomp/script/init_z_c0101.pseudo.c
romfs_out/amx_flat/init_z_c0101_b0101.amx,223,55,304,464,32,8688,1024,8,0,1,2,4,1,12,10,28,decomp/script/init_z_c0101_b0101.pasm,decomp/script/init_z_c0101_b0101.pseudo.c
romfs_out/amx_flat/init_z_c0101_g0101.amx,223,55,304,464,32,8688,1024,8,0,1,2,4,1,12,10,28,decomp/script/init_z_c0101_g0101.pasm,decomp/script/init_z_c0101_g0101.pseudo.c
romfs_out/amx_flat/init_z_c0101_g0102.amx,898,224,1848,2092,56,10340,1024,128,0,8,2,4,1,12,10,28,decomp/script/init_z_c0101_g0102.pasm,decomp/script/init_z_c0101_g0102.pseudo.c
romfs_out/amx_flat/init_z_c0101_g0201.amx,223,55,304,464,32,8688,1024,8,0,1,2,4,1,12,10,28,decomp/script/init_z_c0101_g0201.pasm,decomp/script/init_z_c0101_g0201.pseudo.c
romfs_out/amx_flat/init_z_c0101_g0210.amx,223,55,304,464,32,8688,1024,8,0,1,2,4,1,12,10,28,decomp/script/init_z_c0101_g0210.pasm,decomp/script/init_z_c0101_g0210.pseudo.c
romfs_out/amx_flat/init_z_c0101_h0101.amx,223,55,304,464,32,8688,1024,8,0,1,2,4,1,12,10,28,decomp/script/init_z_c0101_h0101.pasm,decomp/script/init_z_c0101_h0101.pseudo.c
romfs_out/amx_flat/init_z_c0101_i0201.amx,223,55,304,464,32,8688,1024,8,0,1,2,4,1,12,10,28,decomp/script/init_z_c0101_i0201.pasm,decomp/script/init_z_c0101_i0201.pseudo.c
romfs_out/amx_flat/init_z_c0101_i0202.amx,223,55,304,464,32,8688,1024,8,0,1,2,4,1,12,10,28,decomp/script/init_z_c0101_i0202.pasm,decomp/script/init_z_c0101_i0202.pseudo.c
romfs_out/amx_flat/init_z_c0101_i0210.amx,223,55,304,464,32,8688,1024,8,0,1,2,4,1,12,10,28,decomp/script/init_z_c0101_i0210.pasm,decomp/script/init_z_c0101_i0210.pseudo.c
romfs_out/amx_flat/init_z_c0101_i0211.amx,223,55,304,464,32,8688,1024,8,0,1,2,4,1,12,10,28,decomp/script/init_z_c0101_i0211.pasm,decomp/script/init_z_c0101_i0211.pseudo.c
romfs_out/amx_flat/init_z_c0101_i0212.amx,223,55,304,464,32,8688,1024,8,0,1,2,4,1,12,10,28,decomp/script/init_z_c0101_i0212.pasm,decomp/script/init_z_c0101_i0212.pseudo.c
romfs_out/amx_flat/init_z_c0101_i0213.amx,223,55,304,464,32,8688,1024,8,0,1,2,4,1,12,10,28,decomp/script/init_z_c0101_i0213.pasm,decomp/script/init_z_c0101_i0213.pseudo.c
romfs_out/amx_flat/init_z_c0101_i0301.amx,223,55,304,464,32,8688,1024,8,0,1,2,4,1,12,10,28,decomp/script/init_z_c0101_i0301.pasm,decomp/script/init_z_c0101_i0301.pseudo.c
romfs_out/amx_flat/init_z_c0101_pc0101.amx,279,69,400,584,32,8808,1024,8,0,3,2,4,1,12,10,28,decomp/script/init_z_c0101_pc0101.pasm,decomp/script/init_z_c0101_pc0101.pseudo.c
romfs_out/amx_flat/init_z_c0101_pc0201.amx,279,69,400,584,32,8808,1024,8,0,3,2,4,1,12,10,28,decomp/script/init_z_c0101_pc0201.pasm,decomp/script/init_z_c0101_pc0201.pseudo.c
romfs_out/amx_flat/init_z_c0101_s0101.amx,223,55,304,464,32,8688,1024,8,0,1,2,4,1,12,10,28,decomp/script/init_z_c0101_s0101.pasm,decomp/script/init_z_c0101_s0101.pseudo.c
romfs_out/amx_flat/init_z_c0102.amx,223,55,304,464,32,8688,1024,8,0,1,2,4,1,12,10,28,decomp/script/init_z_c0102.pasm,decomp/script/init_z_c0102.pseudo.c
romfs_out/amx_flat/init_z_c0201.amx,362,90,576,784,32,9008,1024,8,0,5,2,4,1,12,10,28,decomp/script/init_z_c0201.pasm,decomp/script/init_z_c0201.pseudo.c
romfs_out/amx_flat/init_z_c0201_b0101.amx,223,55,304,464,32,8688,1024,8,0,1,2,4,1,12,10,28,decomp/script/init_z_c0201_b0101.pasm,decomp/script/init_z_c0201_b0101.pseudo.c
romfs_out/amx_flat/init_z_c0201_g0101.amx,223,55,304,464,32,8688,1024,8,0,1,2,4,1,12,10,28,decomp/script/init_z_c0201_g0101.pasm,decomp/script/init_z_c0201_g0101.pseudo.c
romfs_out/amx_flat/init_z_c0201_g0102.amx,223,55,304,464,32,8688,1024,8,0,1,2,4,1,12,10,28,decomp/script/init_z_c0201_g0102.pasm,decomp/script/init_z_c0201_g0102.pseudo.c
romfs_out/amx_flat/init_z_c0201_g0201.amx,223,55,304,464,32,8688,1024,8,0,1,2,4,1,12,10,28,decomp/script/init_z_c0201_g0201.pasm,decomp/script/init_z_c0201_g0201.pseudo.c
romfs_out/amx_flat/init_z_c0201_g0210.amx,223,55,304,464,32,8688,1024,8,0,1,2,4,1,12,10,28,decomp/script/init_z_c0201_g0210.pasm,decomp/script/init_z_c0201_g0210.pseudo.c
romfs_out/amx_flat/init_z_c0201_h0101.amx,223,55,304,464,32,8688,1024,8,0,1,2,4,1,12,10,28,decomp/script/init_z_c0201_h0101.pasm,decomp/script/init_z_c0201_h0101.pseudo.c
romfs_out/amx_flat/init_z_c0201_i0201.amx,223,55,304,464,32,8688,1024,8,0,1,2,4,1,12,10,28,decomp/script/init_z_c0201_i0201.pasm,decomp/script/init_z_c0201_i0201.pseudo.c
romfs_out/amx_flat/init_z_c0201_i0301.amx,223,55,304,464,32,8688,1024,8,0,1,2,4,1,12,10,28,decomp/script/init_z_c0201_i0301.pasm,decomp/script/init_z_c0201_i0301.pseudo.c
romfs_out/amx_flat/init_z_c0201_i0401.amx,223,55,304,464,32,8688,1024,8,0,1,2,4,1,12,10,28,decomp/script/init_z_c0201_i0401.pasm,decomp/script/init_z_c0201_i0401.pseudo.c
romfs_out/amx_flat/init_z_c0201_i0501.amx,223,55,304,464,32,8688,1024,8,0,1,2,4,1,12,10,28,decomp/script/init_z_c0201_i0501.pasm,decomp/script/init_z_c0201_i0501.pseudo.c
romfs_out/amx_flat/init_z_c0201_i0601.amx,223,55,304,464,32,8688,1024,8,0,1,2,4,1,12,10,28,decomp/script/init_z_c0201_i0601.pasm,decomp/script/init_z_c0201_i0601.pseudo.c
romfs_out/amx_flat/init_z_c0201_i0701.amx,223,55,304,464,32,8688,1024,8,0,1,2,4,1,12,10,28,decomp/script/init_z_c0201_i0701.pasm,decomp/script/init_z_c0201_i0701.pseudo.c
romfs_out/amx_flat/init_z_c0201_pc0101.amx,279,69,400,584,32,8808,1024,8,0,3,2,4,1,12,10,28,decomp/script/init_z_c0201_pc0101.pasm,decomp/script/init_z_c0201_pc0101.pseudo.c
romfs_out/amx_flat/init_z_c0201_pc0201.amx,279,69,400,584,32,8808,1024,8,0,3,2,4,1,12,10,28,decomp/script/init_z_c0201_pc0201.pasm,decomp/script/init_z_c0201_pc0201.pseudo.c
romfs_out/amx_flat/init_z_c0201_pc0301.amx,279,69,400,584,32,8808,1024,8,0,3,2,4,1,12,10,28,decomp/script/init_z_c0201_pc0301.pasm,decomp/script/init_z_c0201_pc0301.pseudo.c
romfs_out/amx_flat/init_z_c0201_s0101.amx,223,55,304,464,32,8688,1024,8,0,1,2,4,1,12,10,28,decomp/script/init_z_c0201_s0101.pasm,decomp/script/init_z_c0201_s0101.pseudo.c
romfs_out/amx_flat/init_z_c0301.amx,307,76,456,652,32,8876,1024,8,0,4,2,4,1,12,10,28,decomp/script/init_z_c0301.pasm,decomp/script/init_z_c0301.pseudo.c
romfs_out/amx_flat/init_z_c0301_b0101.amx,223,55,304,464,32,8688,1024,8,0,1,2,4,1,12,10,28,decomp/script/init_z_c0301_b0101.pasm,decomp/script/init_z_c0301_b0101.pseudo.c
romfs_out/amx_flat/init_z_c0301_h0101.amx,223,55,304,464,32,8688,1024,8,0,1,2,4,1,12,10,28,decomp/script/init_z_c0301_h0101.pasm,decomp/script/init_z_c0301_h0101.pseudo.c
romfs_out/amx_flat/init_z_c0301_i0101.amx,223,55,304,464,32,8688,1024,8,0,1,2,4,1,12,10,28,decomp/script/init_z_c0301_i0101.pasm,decomp/script/init_z_c0301_i0101.pseudo.c
romfs_out/amx_flat/init_z_c0301_i0201.amx,370,92,432,616,376,9184,1024,8,0,3,2,4,1,12,10,28,decomp/script/init_z_c0301_i0201.pasm,decomp/script/init_z_c0301_i0201.pseudo.c
romfs_out/amx_flat/init_z_c0301_i0202.amx,223,55,304,464,32,8688,1024,8,0,1,2,4,1,12,10,28,decomp/script/init_z_c0301_i0202.pasm,decomp/script/init_z_c0301_i0202.pseudo.c
romfs_out/amx_flat/init_z_c0301_i0210.amx,223,55,304,464,32,8688,1024,8,0,1,2,4,1,12,10,28,decomp/script/init_z_c0301_i0210.pasm,decomp/script/init_z_c0301_i0210.pseudo.c
romfs_out/amx_flat/init_z_c0301_i0301.amx,223,55,304,464,32,8688,1024,8,0,1,2,4,1,12,10,28,decomp/script/init_z_c0301_i0301.pasm,decomp/script/init_z_c0301_i0301.pseudo.c
romfs_out/amx_flat/init_z_c0301_i0401.amx,223,55,304,464,32,8688,1024,8,0,1,2,4,1,12,10,28,decomp/script/init_z_c0301_i0401.pasm,decomp/script/init_z_c0301_i0401.pseudo.c
romfs_out/amx_flat/init_z_c0301_i0501.amx,223,55,304,464,32,8688,1024,8,0,1,2,4,1,12,10,28,decomp/script/init_z_c0301_i0501.pasm,decomp/script/init_z_c0301_i0501.pseudo.c
romfs_out/amx_flat/init_z_c0301_i0601.amx,223,55,304,464,32,8688,1024,8,0,1,2,4,1,12,10,28,decomp/script/init_z_c0301_i0601.pasm,decomp/script/init_z_c0301_i0601.pseudo.c
romfs_out/amx_flat/init_z_c0301_i0701.amx,223,55,304,464,32,8688,1024,8,0,1,2,4,1,12,10,28,decomp/script/init_z_c0301_i0701.pasm,decomp/script/init_z_c0301_i0701.pseudo.c
romfs_out/amx_flat/init_z_c0301_i0801.amx,223,55,304,464,32,8688,1024,8,0,1,2,4,1,12,10,28,decomp/script/init_z_c0301_i0801.pasm,decomp/script/init_z_c0301_i0801.pseudo.c
romfs_out/amx_flat/init_z_c0301_i0901.amx,223,55,304,464,32,8688,1024,8,0,1,2,4,1,12,10,28,decomp/script/init_z_c0301_i0901.pasm,decomp/script/init_z_c0301_i0901.pseudo.c
romfs_out/amx_flat/init_z_c0301_i1001.amx,223,55,304,464,32,8688,1024,8,0,1,2,4,1,12,10,28,decomp/script/init_z_c0301_i1001.pasm,decomp/script/init_z_c0301_i1001.pseudo.c
romfs_out/amx_flat/init_z_c0301_i1101.amx,223,55,304,464,32,8688,1024,8,0,1,2,4,1,12,10,28,decomp/script/init_z_c0301_i1101.pasm,decomp/script/init_z_c0301_i1101.pseudo.c
romfs_out/amx_flat/init_z_c0301_i1201.amx,223,55,304,464,32,8688,1024,8,0,1,2,4,1,12,10,28,decomp/script/init_z_c0301_i1201.pasm,decomp/script/init_z_c0301_i1201.pseudo.c
romfs_out/amx_flat/init_z_c0301_pc0101.amx,279,69,400,584,32,8808,1024,8,0,3,2,4,1,12,10,28,decomp/script/init_z_c0301_pc0101.pasm,decomp/script/init_z_c0301_pc0101.pseudo.c
romfs_out/amx_flat/init_z_c0301_pc0201.amx,279,69,400,584,32,8808,1024,8,0,3,2,4,1,12,10,28,decomp/script/init_z_c0301_pc0201.pasm,decomp/script/init_z_c0301_pc0201.pseudo.c
romfs_out/amx_flat/init_z_c0301_s0101.amx,223,55,304,464,32,8688,1024,8,0,1,2,4,1,12,10,28,decomp/script/init_z_c0301_s0101.pasm,decomp/script/init_z_c0301_s0101.pseudo.c
romfs_out/amx_flat/init_z_c0306.amx,484,121,696,916,352,9460,1024,8,0,6,2,4,1,12,10,28,decomp/script/init_z_c0306.pasm,decomp/script/init_z_c0306.pseudo.c
romfs_out/amx_flat/init_z_d0101.amx,308,77,456,652,32,8876,1024,8,0,4,2,4,1,12,10,28,decomp/script/init_z_d0101.pasm,decomp/script/init_z_d0101.pseudo.c
romfs_out/amx_flat/init_z_d0102.amx,444,111,760,992,32,9216,1024,104,0,7,2,4,1,12,10,28,decomp/script/init_z_d0102.pasm,decomp/script/init_z_d0102.pseudo.c
romfs_out/amx_flat/init_z_d0103.amx,334,83,496,704,32,8928,1024,8,0,5,2,4,1,12,10,28,decomp/script/init_z_d0103.pasm,decomp/script/init_z_d0103.pseudo.c
romfs_out/amx_flat/init_z_d0201.amx,447,111,792,1012,32,9236,1024,8,0,6,2,4,1,12,10,28,decomp/script/init_z_d0201.pasm,decomp/script/init_z_d0201.pseudo.c
romfs_out/amx_flat/init_z_d0301.amx,308,77,456,652,32,8876,1024,8,0,4,2,4,1,12,10,28,decomp/script/init_z_d0301.pasm,decomp/script/init_z_d0301.pseudo.c
romfs_out/amx_flat/init_z_d0302.amx,412,103,736,944,32,9168,1024,8,0,5,2,4,1,12,10,28,decomp/script/init_z_d0302.pasm,decomp/script/init_z_d0302.pseudo.c
romfs_out/amx_flat/init_z_d0401.amx,438,109,760,980,32,9204,1024,8,0,6,2,4,1,12,10,28,decomp/script/init_z_d0401.pasm,decomp/script/init_z_d0401.pseudo.c
romfs_out/amx_flat/init_z_d0501.amx,308,77,456,652,32,8876,1024,8,0,4,2,4,1,12,10,28,decomp/script/init_z_d0501.pasm,decomp/script/init_z_d0501.pseudo.c
romfs_out/amx_flat/init_z_d0601.amx,223,55,304,464,32,8688,1024,8,0,1,2,4,1,12,10,28,decomp/script/init_z_d0601.pasm,decomp/script/init_z_d0601.pseudo.c
romfs_out/amx_flat/init_z_d0602.amx,223,55,304,464,32,8688,1024,8,0,1,2,4,1,12,10,28,decomp/script/init_z_d0602.pasm,decomp/script/init_z_d0602.pseudo.c
romfs_out/amx_flat/init_z_pl0101.amx,223,55,304,464,32,8688,1024,8,0,1,2,4,1,12,10,28,decomp/script/init_z_pl0101.pasm,decomp/script/init_z_pl0101.pseudo.c
romfs_out/amx_flat/init_z_pl0102.amx,223,55,304,464,32,8688,1024,8,0,1,2,4,1,12,10,28,decomp/script/init_z_pl0102.pasm,decomp/script/init_z_pl0102.pseudo.c
romfs_out/amx_flat/init_z_pl0110.amx,223,55,304,464,32,8688,1024,8,0,1,2,4,1,12,10,28,decomp/script/init_z_pl0110.pasm,decomp/script/init_z_pl0110.pseudo.c
romfs_out/amx_flat/init_z_r0101.amx,347,86,664,860,32,9084,1024,8,0,4,2,4,1,12,10,28,decomp/script/init_z_r0101.pasm,decomp/script/init_z_r0101.pseudo.c
romfs_out/amx_flat/init_z_r0201.amx,347,86,664,860,32,9084,1024,8,0,4,2,4,1,12,10,28,decomp/script/init_z_r0201.pasm,decomp/script/init_z_r0201.pseudo.c
romfs_out/amx_flat/init_z_r0202.amx,309,77,456,652,32,8876,1024,8,0,4,2,4,1,12,10,28,decomp/script/init_z_r0202.pasm,decomp/script/init_z_r0202.pseudo.c
romfs_out/amx_flat/init_z_r0301.amx,502,125,856,1100,32,9324,1024,120,0,8,2,4,1,12,10,28,decomp/script/init_z_r0301.pasm,decomp/script/init_z_r0301.pseudo.c
romfs_out/amx_flat/init_z_r0401.amx,546,136,992,1236,32,9460,1024,120,0,8,2,4,1,12,10,28,decomp/script/init_z_r0401.pasm,decomp/script/init_z_r0401.pseudo.c
romfs_out/amx_flat/init_z_r0501.amx,588,147,944,1200,160,9552,1024,184,0,9,2,4,1,12,10,28,decomp/script/init_z_r0501.pasm,decomp/script/init_z_r0501.pseudo.c
romfs_out/amx_flat/init_z_r0501_i0101.amx,223,55,304,464,32,8688,1024,8,0,1,2,4,1,12,10,28,decomp/script/init_z_r0501_i0101.pasm,decomp/script/init_z_r0501_i0101.pseudo.c
romfs_out/amx_flat/init_z_r0601.amx,414,103,672,892,32,9116,1024,120,0,6,2,4,1,12,10,28,decomp/script/init_z_r0601.pasm,decomp/script/init_z_r0601.pseudo.c
romfs_out/amx_flat/init_z_r0701.amx,414,103,672,892,32,9116,1024,120,0,6,2,4,1,12,10,28,decomp/script/init_z_r0701.pasm,decomp/script/init_z_r0701.pseudo.c
romfs_out/amx_flat/init_z_r0801.amx,469,117,792,1024,32,9248,1024,120,0,7,2,4,1,12,10,28,decomp/script/init_z_r0801.pasm,decomp/script/init_z_r0801.pseudo.c
romfs_out/amx_flat/init_z_r0901.amx,308,77,456,652,32,8876,1024,8,0,4,2,4,1,12,10,28,decomp/script/init_z_r0901.pasm,decomp/script/init_z_r0901.pseudo.c
romfs_out/amx_flat/init_z_r0902.amx,308,77,456,652,32,8876,1024,8,0,4,2,4,1,12,10,28,decomp/script/init_z_r0902.pasm,decomp/script/init_z_r0902.pseudo.c
romfs_out/amx_flat/init_z_r0903.amx,308,77,456,652,32,8876,1024,8,0,4,2,4,1,12,10,28,decomp/script/init_z_r0903.pasm,decomp/script/init_z_r0903.pseudo.c
romfs_out/amx_flat/init_z_r0904.amx,500,125,872,1104,32,9328,1024,120,0,7,2,4,1,12,10,28,decomp/script/init_z_r0904.pasm,decomp/script/init_z_r0904.pseudo.c
romfs_out/amx_flat/init_z_r1001.amx,308,77,456,652,32,8876,1024,8,0,4,2,4,1,12,10,28,decomp/script/init_z_r1001.pasm,decomp/script/init_z_r1001.pseudo.c
romfs_out/amx_flat/init_z_r1001_s0101.amx,223,55,304,464,32,8688,1024,8,0,1,2,4,1,12,10,28,decomp/script/init_z_r1001_s0101.pasm,decomp/script/init_z_r1001_s0101.pseudo.c
romfs_out/amx_flat/init_z_r1002.amx,449,112,752,984,32,9208,1024,120,0,7,2,4,1,12,10,28,decomp/script/init_z_r1002.pasm,decomp/script/init_z_r1002.pseudo.c
romfs_out/amx_flat/init_z_r1003.amx,308,77,456,652,32,8876,1024,8,0,4,2,4,1,12,10,28,decomp/script/init_z_r1003.pasm,decomp/script/init_z_r1003.pseudo.c
romfs_out/amx_flat/init_z_script_dummy.amx,249,62,440,600,32,8824,1024,8,0,1,2,4,1,12,10,28,decomp/script/init_z_script_dummy.pasm,decomp/script/init_z_script_dummy.pseudo.c
romfs_out/amx_flat/init_z_t0101.amx,347,86,664,860,32,9084,1024,8,0,4,2,4,1,12,10,28,decomp/script/init_z_t0101.pasm,decomp/script/init_z_t0101.pseudo.c
romfs_out/amx_flat/init_z_t0101_i0101.amx,439,109,728,924,288,9404,1024,56,0,4,2,4,1,12,10,28,decomp/script/init_z_t0101_i0101.pasm,decomp/script/init_z_t0101_i0101.pseudo.c
romfs_out/amx_flat/init_z_t0101_i0201.amx,223,55,304,464,32,8688,1024,8,0,1,2,4,1,12,10,28,decomp/script/init_z_t0101_i0201.pasm,decomp/script/init_z_t0101_i0201.pseudo.c
romfs_out/amx_flat/init_z_t0101_i0202.amx,223,55,304,464,32,8688,1024,8,0,1,2,4,1,12,10,28,decomp/script/init_z_t0101_i0202.pasm,decomp/script/init_z_t0101_i0202.pseudo.c
romfs_out/amx_flat/init_z_t0201.amx,347,86,664,860,32,9084,1024,8,0,4,2,4,1,12,10,28,decomp/script/init_z_t0201.pasm,decomp/script/init_z_t0201.pseudo.c
romfs_out/amx_flat/init_z_t0201_b0101.amx,223,55,304,464,32,8688,1024,8,0,1,2,4,1,12,10,28,decomp/script/init_z_t0201_b0101.pasm,decomp/script/init_z_t0201_b0101.pseudo.c
romfs_out/amx_flat/init_z_t0201_i0101.amx,223,55,304,464,32,8688,1024,8,0,1,2,4,1,12,10,28,decomp/script/init_z_t0201_i0101.pasm,decomp/script/init_z_t0201_i0101.pseudo.c
romfs_out/amx_flat/init_z_t0201_i0201.amx,223,55,304,464,32,8688,1024,8,0,1,2,4,1,12,10,28,decomp/script/init_z_t0201_i0201.pasm,decomp/script/init_z_t0201_i0201.pseudo.c
romfs_out/amx_flat/init_z_t0201_i0202.amx,223,55,304,464,32,8688,1024,8,0,1,2,4,1,12,10,28,decomp/script/init_z_t0201_i0202.pasm,decomp/script/init_z_t0201_i0202.pseudo.c
romfs_out/amx_flat/init_z_t0201_i0301.amx,223,55,304,464,32,8688,1024,8,0,1,2,4,1,12,10,28,decomp/script/init_z_t0201_i0301.pasm,decomp/script/init_z_t0201_i0301.pseudo.c
romfs_out/amx_flat/init_z_t0201_i0401.amx,223,55,304,464,32,8688,1024,8,0,1,2,4,1,12,10,28,decomp/script/init_z_t0201_i0401.pasm,decomp/script/init_z_t0201_i0401.pseudo.c
romfs_out/amx_flat/init_z_t0201_pc0101.amx,279,69,400,584,32,8808,1024,8,0,3,2,4,1,12,10,28,decomp/script/init_z_t0201_pc0101.pasm,decomp/script/init_z_t0201_pc0101.pseudo.c
romfs_out/amx_flat/init_z_t0201_s0101.amx,223,55,304,464,32,8688,1024,8,0,1,2,4,1,12,10,28,decomp/script/init_z_t0201_s0101.pasm,decomp/script/init_z_t0201_s0101.pseudo.c
romfs_out/amx_flat/init_z_t0301.amx,309,77,456,652,32,8876,1024,8,0,4,2,4,1,12,10,28,decomp/script/init_z_t0301.pasm,decomp/script/init_z_t0301.pseudo.c
romfs_out/amx_flat/init_z_t0301_g0101.amx,223,55,304,464,32,8688,1024,8,0,1,2,4,1,12,10,28,decomp/script/init_z_t0301_g0101.pasm,decomp/script/init_z_t0301_g0101.pseudo.c
romfs_out/amx_flat/init_z_t0301_g0102.amx,223,55,304,464,32,8688,1024,8,0,1,2,4,1,12,10,28,decomp/script/init_z_t0301_g0102.pasm,decomp/script/init_z_t0301_g0102.pseudo.c
romfs_out/amx_flat/init_z_t0301_g0110.amx,223,55,304,464,32,8688,1024,8,0,1,2,4,1,12,10,28,decomp/script/init_z_t0301_g0110.pasm,decomp/script/init_z_t0301_g0110.pseudo.c
romfs_out/amx_flat/init_z_t0301_pc0101.amx,279,69,400,584,32,8808,1024,8,0,3,2,4,1,12,10,28,decomp/script/init_z_t0301_pc0101.pasm,decomp/script/init_z_t0301_pc0101.pseudo.c
romfs_out/amx_flat/init_z_t0401.amx,347,86,664,860,32,9084,1024,8,0,4,2,4,1,12,10,28,decomp/script/init_z_t0401.pasm,decomp/script/init_z_t0401.pseudo.c
romfs_out/amx_flat/init_z_t0401_g0101.amx,223,55,304,464,32,8688,1024,8,0,1,2,4,1,12,10,28,decomp/script/init_z_t0401_g0101.pasm,decomp/script/init_z_t0401_g0101.pseudo.c
romfs_out/amx_flat/init_z_t0401_g0102.amx,223,55,304,464,32,8688,1024,8,0,1,2,4,1,12,10,28,decomp/script/init_z_t0401_g0102.pasm,decomp/script/init_z_t0401_g0102.pseudo.c
romfs_out/amx_flat/init_z_t0401_g0110.amx,223,55,304,464,32,8688,1024,8,0,1,2,4,1,12,10,28,decomp/script/init_z_t0401_g0110.pasm,decomp/script/init_z_t0401_g0110.pseudo.c
romfs_out/amx_flat/init_z_t0401_i0101.amx,223,55,304,464,32,8688,1024,8,0,1,2,4,1,12,10,28,decomp/script/init_z_t0401_i0101.pasm,decomp/script/init_z_t0401_i0101.pseudo.c
romfs_out/amx_flat/init_z_t0401_i0201.amx,223,55,304,464,32,8688,1024,8,0,1,2,4,1,12,10,28,decomp/script/init_z_t0401_i0201.pasm,decomp/script/init_z_t0401_i0201.pseudo.c
romfs_out/amx_flat/init_z_t0401_i0301.amx,223,55,304,464,32,8688,1024,8,0,1,2,4,1,12,10,28,decomp/script/init_z_t0401_i0301.pasm,decomp/script/init_z_t0401_i0301.pseudo.c
romfs_out/amx_flat/init_z_t0401_i0401.amx,223,55,304,464,32,8688,1024,8,0,1,2,4,1,12,10,28,decomp/script/init_z_t0401_i0401.pasm,decomp/script/init_z_t0401_i0401.pseudo.c
romfs_out/amx_flat/init_z_t0401_i0501.amx,223,55,304,464,32,8688,1024,8,0,1,2,4,1,12,10,28,decomp/script/init_z_t0401_i0501.pasm,decomp/script/init_z_t0401_i0501.pseudo.c
romfs_out/amx_flat/init_z_t0401_i0601.amx,223,55,304,464,32,8688,1024,8,0,1,2,4,1,12,10,28,decomp/script/init_z_t0401_i0601.pasm,decomp/script/init_z_t0401_i0601.pseudo.c
romfs_out/amx_flat/init_z_t0401_i0701.amx,223,55,304,464,32,8688,1024,8,0,1,2,4,1,12,10,28,decomp/script/init_z_t0401_i0701.pasm,decomp/script/init_z_t0401_i0701.pseudo.c
romfs_out/amx_flat/init_z_t0401_i0801.amx,223,55,304,464,32,8688,1024,8,0,1,2,4,1,12,10,28,decomp/script/init_z_t0401_i0801.pasm,decomp/script/init_z_t0401_i0801.pseudo.c
romfs_out/amx_flat/init_z_t0401_pc0101.amx,279,69,400,584,32,8808,1024,8,0,3,2,4,1,12,10,28,decomp/script/init_z_t0401_pc0101.pasm,decomp/script/init_z_t0401_pc0101.pseudo.c
romfs_out/amx_flat/init_z_t0401_s0101.amx,223,55,304,464,32,8688,1024,8,0,1,2,4,1,12,10,28,decomp/script/init_z_t0401_s0101.pasm,decomp/script/init_z_t0401_s0101.pseudo.c
romfs_out/amx_flat/init_z_t0501.amx,309,77,456,652,32,8876,1024,8,0,4,2,4,1,12,10,28,decomp/script/init_z_t0501.pasm,decomp/script/init_z_t0501.pseudo.c
romfs_out/amx_flat/init_z_t0501_g0101.amx,223,55,304,464,32,8688,1024,8,0,1,2,4,1,12,10,28,decomp/script/init_z_t0501_g0101.pasm,decomp/script/init_z_t0501_g0101.pseudo.c
romfs_out/amx_flat/init_z_t0501_g0102.amx,223,55,304,464,32,8688,1024,8,0,1,2,4,1,12,10,28,decomp/script/init_z_t0501_g0102.pasm,decomp/script/init_z_t0501_g0102.pseudo.c
romfs_out/amx_flat/init_z_t0501_g0110.amx,223,55,304,464,32,8688,1024,8,0,1,2,4,1,12,10,28,decomp/script/init_z_t0501_g0110.pasm,decomp/script/init_z_t0501_g0110.pseudo.c
romfs_out/amx_flat/init_z_t0501_g0201.amx,223,55,304,464,32,8688,1024,8,0,1,2,4,1,12,10,28,decomp/script/init_z_t0501_g0201.pasm,decomp/script/init_z_t0501_g0201.pseudo.c
romfs_out/amx_flat/init_z_t0501_g0202.amx,223,55,304,464,32,8688,1024,8,0,1,2,4,1,12,10,28,decomp/script/init_z_t0501_g0202.pasm,decomp/script/init_z_t0501_g0202.pseudo.c
romfs_out/amx_flat/init_z_t0501_g0210.amx,223,55,304,464,32,8688,1024,8,0,1,2,4,1,12,10,28,decomp/script/init_z_t0501_g0210.pasm,decomp/script/init_z_t0501_g0210.pseudo.c
romfs_out/amx_flat/init_z_t0501_i0101.amx,223,55,304,464,32,8688,1024,8,0,1,2,4,1,12,10,28,decomp/script/init_z_t0501_i0101.pasm,decomp/script/init_z_t0501_i0101.pseudo.c
romfs_out/amx_flat/init_z_t0501_i0201.amx,223,55,304,464,32,8688,1024,8,0,1,2,4,1,12,10,28,decomp/script/init_z_t0501_i0201.pasm,decomp/script/init_z_t0501_i0201.pseudo.c
romfs_out/amx_flat/init_z_t0501_pc0101.amx,279,69,400,584,32,8808,1024,8,0,3,2,4,1,12,10,28,decomp/script/init_z_t0501_pc0101.pasm,decomp/script/init_z_t0501_pc0101.pseudo.c
romfs_out/amx_flat/init_z_t0601.amx,309,77,456,652,32,8876,1024,8,0,4,2,4,1,12,10,28,decomp/script/init_z_t0601.pasm,decomp/script/init_z_t0601.pseudo.c
romfs_out/amx_flat/init_z_t0601_g0101.amx,223,55,304,464,32,8688,1024,8,0,1,2,4,1,12,10,28,decomp/script/init_z_t0601_g0101.pasm,decomp/script/init_z_t0601_g0101.pseudo.c
romfs_out/amx_flat/init_z_t0601_g0102.amx,223,55,304,464,32,8688,1024,8,0,1,2,4,1,12,10,28,decomp/script/init_z_t0601_g0102.pasm,decomp/script/init_z_t0601_g0102.pseudo.c
romfs_out/amx_flat/init_z_t0601_g0103.amx,223,55,304,464,32,8688,1024,8,0,1,2,4,1,12,10,28,decomp/script/init_z_t0601_g0103.pasm,decomp/script/init_z_t0601_g0103.pseudo.c
romfs_out/amx_flat/init_z_t0601_g0104.amx,223,55,304,464,32,8688,1024,8,0,1,2,4,1,12,10,28,decomp/script/init_z_t0601_g0104.pasm,decomp/script/init_z_t0601_g0104.pseudo.c
romfs_out/amx_flat/init_z_t0601_g0110.amx,223,55,304,464,32,8688,1024,8,0,1,2,4,1,12,10,28,decomp/script/init_z_t0601_g0110.pasm,decomp/script/init_z_t0601_g0110.pseudo.c
romfs_out/amx_flat/init_z_t0601_i0101.amx,223,55,304,464,32,8688,1024,8,0,1,2,4,1,12,10,28,decomp/script/init_z_t0601_i0101.pasm,decomp/script/init_z_t0601_i0101.pseudo.c
romfs_out/amx_flat/init_z_t0601_i0201.amx,223,55,304,464,32,8688,1024,8,0,1,2,4,1,12,10,28,decomp/script/init_z_t0601_i0201.pasm,decomp/script/init_z_t0601_i0201.pseudo.c
romfs_out/amx_flat/init_z_t0601_pc0101.amx,279,69,400,584,32,8808,1024,8,0,3,2,4,1,12,10,28,decomp/script/init_z_t0601_pc0101.pasm,decomp/script/init_z_t0601_pc0101.pseudo.c
romfs_out/amx_flat/init_z_t0701.amx,309,77,456,652,32,8876,1024,8,0,4,2,4,1,12,10,28,decomp/script/init_z_t0701.pasm,decomp/script/init_z_t0701.pseudo.c
romfs_out/amx_flat/init_z_t0701_b0101.amx,223,55,304,464,32,8688,1024,8,0,1,2,4,1,12,10,28,decomp/script/init_z_t0701_b0101.pasm,decomp/script/init_z_t0701_b0101.pseudo.c
romfs_out/amx_flat/init_z_t0701_g0101.amx,223,55,304,464,32,8688,1024,8,0,1,2,4,1,12,10,28,decomp/script/init_z_t0701_g0101.pasm,decomp/script/init_z_t0701_g0101.pseudo.c
romfs_out/amx_flat/init_z_t0701_g0102.amx,347,86,624,796,32,9020,1024,8,0,2,2,4,1,12,10,28,decomp/script/init_z_t0701_g0102.pasm,decomp/script/init_z_t0701_g0102.pseudo.c
romfs_out/amx_flat/init_z_t0701_g0110.amx,223,55,304,464,32,8688,1024,8,0,1,2,4,1,12,10,28,decomp/script/init_z_t0701_g0110.pasm,decomp/script/init_z_t0701_g0110.pseudo.c
romfs_out/amx_flat/init_z_t0701_g0201.amx,223,55,304,464,32,8688,1024,8,0,1,2,4,1,12,10,28,decomp/script/init_z_t0701_g0201.pasm,decomp/script/init_z_t0701_g0201.pseudo.c
romfs_out/amx_flat/init_z_t0701_g0202.amx,347,86,624,796,32,9020,1024,8,0,2,2,4,1,12,10,28,decomp/script/init_z_t0701_g0202.pasm,decomp/script/init_z_t0701_g0202.pseudo.c
romfs_out/amx_flat/init_z_t0701_g0210.amx,223,55,304,464,32,8688,1024,8,0,1,2,4,1,12,10,28,decomp/script/init_z_t0701_g0210.pasm,decomp/script/init_z_t0701_g0210.pseudo.c
romfs_out/amx_flat/init_z_t0701_h0101.amx,223,55,304,464,32,8688,1024,8,0,1,2,4,1,12,10,28,decomp/script/init_z_t0701_h0101.pasm,decomp/script/init_z_t0701_h0101.pseudo.c
romfs_out/amx_flat/init_z_t0701_i0101.amx,223,55,304,464,32,8688,1024,8,0,1,2,4,1,12,10,28,decomp/script/init_z_t0701_i0101.pasm,decomp/script/init_z_t0701_i0101.pseudo.c
romfs_out/amx_flat/init_z_t0701_i0201.amx,223,55,304,464,32,8688,1024,8,0,1,2,4,1,12,10,28,decomp/script/init_z_t0701_i0201.pasm,decomp/script/init_z_t0701_i0201.pseudo.c
romfs_out/amx_flat/init_z_t0701_i0301.amx,223,55,304,464,32,8688,1024,8,0,1,2,4,1,12,10,28,decomp/script/init_z_t0701_i0301.pasm,decomp/script/init_z_t0701_i0301.pseudo.c
romfs_out/amx_flat/init_z_t0701_i0401.amx,223,55,304,464,32,8688,1024,8,0,1,2,4,1,12,10,28,decomp/script/init_z_t0701_i0401.pasm,decomp/script/init_z_t0701_i0401.pseudo.c
romfs_out/amx_flat/init_z_t0701_i0501.amx,223,55,304,464,32,8688,1024,8,0,1,2,4,1,12,10,28,decomp/script/init_z_t0701_i0501.pasm,decomp/script/init_z_t0701_i0501.pseudo.c
romfs_out/amx_flat/init_z_t0701_i0601.amx,223,55,304,464,32,8688,1024,8,0,1,2,4,1,12,10,28,decomp/script/init_z_t0701_i0601.pasm,decomp/script/init_z_t0701_i0601.pseudo.c
romfs_out/amx_flat/init_z_t0701_i0701.amx,223,55,304,464,32,8688,1024,8,0,1,2,4,1,12,10,28,decomp/script/init_z_t0701_i0701.pasm,decomp/script/init_z_t0701_i0701.pseudo.c
romfs_out/amx_flat/init_z_t0701_i0801.amx,223,55,304,464,32,8688,1024,8,0,1,2,4,1,12,10,28,decomp/script/init_z_t0701_i0801.pasm,decomp/script/init_z_t0701_i0801.pseudo.c
romfs_out/amx_flat/init_z_t0701_i0802.amx,223,55,304,464,32,8688,1024,8,0,1,2,4,1,12,10,28,decomp/script/init_z_t0701_i0802.pasm,decomp/script/init_z_t0701_i0802.pseudo.c
romfs_out/amx_flat/init_z_t0701_i0810.amx,223,55,304,464,32,8688,1024,8,0,1,2,4,1,12,10,28,decomp/script/init_z_t0701_i0810.pasm,decomp/script/init_z_t0701_i0810.pseudo.c
romfs_out/amx_flat/init_z_t0701_i0811.amx,223,55,304,464,32,8688,1024,8,0,1,2,4,1,12,10,28,decomp/script/init_z_t0701_i0811.pasm,decomp/script/init_z_t0701_i0811.pseudo.c
romfs_out/amx_flat/init_z_t0701_i0812.amx,223,55,304,464,32,8688,1024,8,0,1,2,4,1,12,10,28,decomp/script/init_z_t0701_i0812.pasm,decomp/script/init_z_t0701_i0812.pseudo.c
romfs_out/amx_flat/init_z_t0701_i0813.amx,223,55,304,464,32,8688,1024,8,0,1,2,4,1,12,10,28,decomp/script/init_z_t0701_i0813.pasm,decomp/script/init_z_t0701_i0813.pseudo.c
romfs_out/amx_flat/init_z_t0701_i0901.amx,223,55,304,464,32,8688,1024,8,0,1,2,4,1,12,10,28,decomp/script/init_z_t0701_i0901.pasm,decomp/script/init_z_t0701_i0901.pseudo.c
romfs_out/amx_flat/init_z_t0701_i0902.amx,223,55,304,464,32,8688,1024,8,0,1,2,4,1,12,10,28,decomp/script/init_z_t0701_i0902.pasm,decomp/script/init_z_t0701_i0902.pseudo.c
romfs_out/amx_flat/init_z_t0701_i0910.amx,223,55,304,464,32,8688,1024,8,0,1,2,4,1,12,10,28,decomp/script/init_z_t0701_i0910.pasm,decomp/script/init_z_t0701_i0910.pseudo.c
romfs_out/amx_flat/init_z_t0701_i0911.amx,223,55,304,464,32,8688,1024,8,0,1,2,4,1,12,10,28,decomp/script/init_z_t0701_i0911.pasm,decomp/script/init_z_t0701_i0911.pseudo.c
romfs_out/amx_flat/init_z_t0701_i0912.amx,223,55,304,464,32,8688,1024,8,0,1,2,4,1,12,10,28,decomp/script/init_z_t0701_i0912.pasm,decomp/script/init_z_t0701_i0912.pseudo.c
romfs_out/amx_flat/init_z_t0701_i0913.amx,223,55,304,464,32,8688,1024,8,0,1,2,4,1,12,10,28,decomp/script/init_z_t0701_i0913.pasm,decomp/script/init_z_t0701_i0913.pseudo.c
romfs_out/amx_flat/init_z_t0701_pc0101.amx,279,69,400,584,32,8808,1024,8,0,3,2,4,1,12,10,28,decomp/script/init_z_t0701_pc0101.pasm,decomp/script/init_z_t0701_pc0101.pseudo.c
romfs_out/amx_flat/init_z_t0801.amx,909,227,1456,1736,520,10448,1024,168,0,11,2,4,1,12,10,28,decomp/script/init_z_t0801.pasm,decomp/script/init_z_t0801.pseudo.c
romfs_out/amx_flat/init_z_t0801_pc0101.amx,279,69,400,584,32,8808,1024,8,0,3,2,4,1,12,10,28,decomp/script/init_z_t0801_pc0101.pasm,decomp/script/init_z_t0801_pc0101.pseudo.c
romfs_out/amx_flat/init_z_tr0101.amx,223,55,304,464,32,8688,1024,8,0,1,2,4,1,12,10,28,decomp/script/init_z_tr0101.pasm,decomp/script/init_z_tr0101.pseudo.c
romfs_out/amx_flat/init_z_wr0101.amx,4065,1016,4272,4600,2384,15176,1024,3800,0,15,2,4,1,12,10,28,decomp/script/init_z_wr0101.pasm,decomp/script/init_z_wr0101.pseudo.c
romfs_out/amx_flat/init_z_wr0101_s0101.amx,223,55,304,464,32,8688,1024,8,0,1,2,4,1,12,10,28,decomp/script/init_z_wr0101_s0101.pasm,decomp/script/init_z_wr0101_s0101.pseudo.c
romfs_out/amx_flat/init_z_wr0102.amx,4065,1016,4272,4600,2384,15176,1024,3800,0,15,2,4,1,12,10,28,decomp/script/init_z_wr0102.pasm,decomp/script/init_z_wr0102.pseudo.c
romfs_out/amx_flat/init_z_wr0103.amx,4065,1016,4272,4600,2384,15176,1024,3800,0,15,2,4,1,12,10,28,decomp/script/init_z_wr0103.pasm,decomp/script/init_z_wr0103.pseudo.c
romfs_out/amx_flat/init_z_wr0104.amx,4065,1016,4272,4600,2384,15176,1024,3800,0,15,2,4,1,12,10,28,decomp/script/init_z_wr0104.pasm,decomp/script/init_z_wr0104.pseudo.c
romfs_out/amx_flat/init_z_wr0105.amx,4065,1016,4272,4600,2384,15176,1024,3800,0,15,2,4,1,12,10,28,decomp/script/init_z_wr0105.pasm,decomp/script/init_z_wr0105.pseudo.c
romfs_out/amx_flat/init_z_wr0106.amx,4065,1016,4272,4600,2384,15176,1024,3800,0,15,2,4,1,12,10,28,decomp/script/init_z_wr0106.pasm,decomp/script/init_z_wr0106.pseudo.c
romfs_out/amx_flat/init_z_wr0107.amx,4065,1016,4272,4600,2384,15176,1024,3800,0,15,2,4,1,12,10,28,decomp/script/init_z_wr0107.pasm,decomp/script/init_z_wr0107.pseudo.c
romfs_out/amx_flat/init_z_wr0108.amx,4065,1016,4272,4600,2384,15176,1024,3800,0,15,2,4,1,12,10,28,decomp/script/init_z_wr0108.pasm,decomp/script/init_z_wr0108.pseudo.c
romfs_out/amx_flat/init_z_wr0109.amx,4065,1016,4272,4600,2384,15176,1024,3800,0,15,2,4,1,12,10,28,decomp/script/init_z_wr0109.pasm,decomp/script/init_z_wr0109.pseudo.c
romfs_out/amx_flat/init_z_wr0110.amx,4065,1016,4272,4600,2384,15176,1024,3800,0,15,2,4,1,12,10,28,decomp/script/init_z_wr0110.pasm,decomp/script/init_z_wr0110.pseudo.c
romfs_out/amx_flat/init_z_wr0121.amx,4065,1016,4272,4600,2384,15176,1024,3800,0,15,2,4,1,12,10,28,decomp/script/init_z_wr0121.pasm,decomp/script/init_z_wr0121.pseudo.c
romfs_out/amx_flat/init_z_wr0122.amx,4266,1066,4592,4968,2512,15672,1024,3912,0,19,2,4,1,12,10,28,decomp/script/init_z_wr0122.pasm,decomp/script/init_z_wr0122.pseudo.c
romfs_out/amx_flat/init_z_wr0131.amx,4065,1016,4272,4600,2384,15176,1024,3800,0,15,2,4,1,12,10,28,decomp/script/init_z_wr0131.pasm,decomp/script/init_z_wr0131.pseudo.c
romfs_out/amx_flat/init_z_wr0132.amx,4065,1016,4272,4600,2384,15176,1024,3800,0,15,2,4,1,12,10,28,decomp/script/init_z_wr0132.pasm,decomp/script/init_z_wr0132.pseudo.c
romfs_out/amx_flat/init_z_wr0133.amx,4065,1016,4272,4600,2384,15176,1024,3800,0,15,2,4,1,12,10,28,decomp/script/init_z_wr0133.pasm,decomp/script/init_z_wr0133.pseudo.c
romfs_out/amx_flat/init_z_wr0134.amx,4065,1016,4272,4600,2384,15176,1024,3800,0,15,2,4,1,12,10,28,decomp/script/init_z_wr0134.pasm,decomp/script/init_z_wr0134.pseudo.c
romfs_out/amx_flat/init_z_wr0135.amx,4065,1016,4272,4600,2384,15176,1024,3800,0,15,2,4,1,12,10,28,decomp/script/init_z_wr0135.pasm,decomp/script/init_z_wr0135.pseudo.c
romfs_out/amx_flat/init_z_wr0136.amx,4065,1016,4272,4600,2384,15176,1024,3800,0,15,2,4,1,12,10,28,decomp/script/init_z_wr0136.pasm,decomp/script/init_z_wr0136.pseudo.c
romfs_out/amx_flat/kaseki.amx,9692,2423,22864,23708,2704,34604,1024,16504,0,58,2,4,1,12,10,28,decomp/script/kaseki.pasm,decomp/script/kaseki.pseudo.c
romfs_out/amx_flat/kinomi_tree.amx,7137,1784,16664,17520,2520,28232,1024,6200,0,59,2,4,1,12,10,28,decomp/script/kinomi_tree.pasm,decomp/script/kinomi_tree.pseudo.c
romfs_out/amx_flat/kisekae.amx,7963,1990,17736,18436,2808,29436,1024,14968,0,46,2,4,1,12,10,28,decomp/script/kisekae.pasm,decomp/script/kisekae.pseudo.c
romfs_out/amx_flat/main_event_0020.amx,22512,5628,42576,43720,16008,67920,1024,29784,0,83,2,4,1,12,10,28,decomp/script/main_event_0020.pasm,decomp/script/main_event_0020.pseudo.c
romfs_out/amx_flat/main_event_0025.amx,20112,5028,31736,32436,30808,71436,1024,29288,0,46,2,4,1,12,10,28,decomp/script/main_event_0025.pasm,decomp/script/main_event_0025.pseudo.c
romfs_out/amx_flat/main_event_0030.amx,11637,2909,21792,22612,10432,41236,1024,16016,0,56,2,4,1,12,10,28,decomp/script/main_event_0030.pasm,decomp/script/main_event_0030.pseudo.c
romfs_out/amx_flat/main_event_0040.amx,24619,6154,40864,41792,32272,82256,1024,34320,0,65,2,4,1,12,10,28,decomp/script/main_event_0040.pasm,decomp/script/main_event_0040.pseudo.c
romfs_out/amx_flat/main_event_0050.amx,10057,2514,19048,19844,10000,38036,1024,16264,0,54,2,4,1,12,10,28,decomp/script/main_event_0050.pasm,decomp/script/main_event_0050.pseudo.c
romfs_out/amx_flat/main_event_0060.amx,43712,10928,76352,77388,33688,119268,1024,34632,0,74,2,4,1,12,10,28,decomp/script/main_event_0060.pasm,decomp/script/main_event_0060.pseudo.c
romfs_out/amx_flat/main_event_0070.amx,4721,1180,10256,10944,1696,20832,1024,7736,0,45,2,4,1,12,10,28,decomp/script/main_event_0070.pasm,decomp/script/main_event_0070.pseudo.c
romfs_out/amx_flat/main_event_0080.amx,18077,4519,36904,37976,11600,57768,1024,27176,0,77,2,4,1,12,10,28,decomp/script/main_event_0080.pasm,decomp/script/main_event_0080.pseudo.c
romfs_out/amx_flat/main_event_0082.amx,34104,8526,57200,58272,35776,102240,1024,35808,0,77,2,4,1,12,10,28,decomp/script/main_event_0082.pasm,decomp/script/main_event_0082.pseudo.c
romfs_out/amx_flat/main_event_0100.amx,6072,1518,13128,13828,1688,23708,1024,8464,0,46,2,4,1,12,10,28,decomp/script/main_event_0100.pasm,decomp/script/main_event_0100.pseudo.c
romfs_out/amx_flat/main_event_0110.amx,27227,6806,46792,47888,32936,89016,1024,37968,0,79,2,4,1,12,10,28,decomp/script/main_event_0110.pasm,decomp/script/main_event_0110.pseudo.c
romfs_out/amx_flat/main_event_0120.amx,25228,6307,43320,44296,31864,84352,1024,36392,0,69,2,4,1,12,10,28,decomp/script/main_event_0120.pasm,decomp/script/main_event_0120.pseudo.c
romfs_out/amx_flat/main_event_0130.amx,18999,4749,36160,37328,14160,59680,1024,29112,0,85,2,4,1,12,10,28,decomp/script/main_event_0130.pasm,decomp/script/main_event_0130.pseudo.c
romfs_out/amx_flat/main_event_0140.amx,21152,5288,36688,37688,25328,71208,1024,27032,0,71,2,4,1,12,10,28,decomp/script/main_event_0140.pasm,decomp/script/main_event_0140.pseudo.c
romfs_out/amx_flat/main_event_0150.amx,25155,6288,42456,43480,31976,83648,1024,34448,0,73,2,4,1,12,10,28,decomp/script/main_event_0150.pasm,decomp/script/main_event_0150.pseudo.c
romfs_out/amx_flat/main_event_0170.amx,31366,7841,53176,54260,34472,96924,1024,36424,0,78,2,4,1,12,10,28,decomp/script/main_event_0170.pasm,decomp/script/main_event_0170.pseudo.c
romfs_out/amx_flat/main_event_0180.amx,23318,5829,39152,40056,31288,79536,1024,33440,0,63,2,4,1,12,10,28,decomp/script/main_event_0180.pasm,decomp/script/main_event_0180.pseudo.c
romfs_out/amx_flat/main_event_0190.amx,5166,1291,11560,12296,1576,22064,1024,7968,0,49,2,4,1,12,10,28,decomp/script/main_event_0190.pasm,decomp/script/main_event_0190.pseudo.c
romfs_out/amx_flat/main_event_0200.amx,5034,1258,10904,11640,1752,21584,1024,7392,0,49,2,4,1,12,10,28,decomp/script/main_event_0200.pasm,decomp/script/main_event_0200.pseudo.c
romfs_out/amx_flat/main_event_0210.amx,35055,8763,59248,60524,33736,102452,1024,39192,0,94,2,4,1,12,10,28,decomp/script/main_event_0210.pasm,decomp/script/main_event_0210.pseudo.c
romfs_out/amx_flat/main_event_0215.amx,12034,3008,22912,23828,10664,42684,1024,20048,0,64,2,4,1,12,10,28,decomp/script/main_event_0215.pasm,decomp/script/main_event_0215.pseudo.c
romfs_out/amx_flat/main_event_0220.amx,17065,4266,28152,28948,23968,61108,1024,24944,0,54,2,4,1,12,10,28,decomp/script/main_event_0220.pasm,decomp/script/main_event_0220.pseudo.c
romfs_out/amx_flat/main_event_0230.amx,18344,4586,30712,31544,24064,63800,1024,25344,0,57,2,4,1,12,10,28,decomp/script/main_event_0230.pasm,decomp/script/main_event_0230.pseudo.c
romfs_out/amx_flat/main_event_0240.amx,4895,1223,10744,11492,1896,21580,1024,7864,0,50,2,4,1,12,10,28,decomp/script/main_event_0240.pasm,decomp/script/main_event_0240.pseudo.c
romfs_out/amx_flat/main_event_0250.amx,27467,6866,46800,47932,33824,89948,1024,38904,0,82,2,4,1,12,10,28,decomp/script/main_event_0250.pasm,decomp/script/main_event_0250.pseudo.c
romfs_out/amx_flat/main_event_0270.amx,19558,4889,34072,34940,23648,66780,1024,28080,0,60,2,4,1,12,10,28,decomp/script/main_event_0270.pasm,decomp/script/main_event_0270.pseudo.c
romfs_out/amx_flat/main_event_0271.amx,27372,6843,46672,47684,32232,88108,1024,36640,0,72,2,4,1,12,10,28,decomp/script/main_event_0271.pasm,decomp/script/main_event_0271.pseudo.c
romfs_out/amx_flat/main_event_0280.amx,21915,5478,38920,40148,24520,72860,1024,32088,0,90,2,4,1,12,10,28,decomp/script/main_event_0280.pasm,decomp/script/main_event_0280.pseudo.c
romfs_out/amx_flat/main_event_0290.amx,16064,4016,26720,27396,23272,58860,1024,24080,0,44,2,4,1,12,10,28,decomp/script/main_event_0290.pasm,decomp/script/main_event_0290.pseudo.c
romfs_out/amx_flat/main_event_0300.amx,25920,6480,44232,45316,33000,86508,1024,38200,0,78,2,4,1,12,10,28,decomp/script/main_event_0300.pasm,decomp/script/main_event_0300.pseudo.c
romfs_out/amx_flat/main_event_0310.amx,30975,7743,52520,53748,35200,97140,1024,41912,0,90,2,4,1,12,10,28,decomp/script/main_event_0310.pasm,decomp/script/main_event_0310.pseudo.c
romfs_out/amx_flat/main_event_0330.amx,28660,7165,48240,49360,34568,92120,1024,38840,0,81,2,4,1,12,10,28,decomp/script/main_event_0330.pasm,decomp/script/main_event_0330.pseudo.c
romfs_out/amx_flat/main_event_0340.amx,28977,7244,49744,50900,33296,92388,1024,37736,0,84,2,4,1,12,10,28,decomp/script/main_event_0340.pasm,decomp/script/main_event_0340.pseudo.c
romfs_out/amx_flat/main_event_0350.amx,27213,6803,47024,48144,32728,89064,1024,38912,0,81,2,4,1,12,10,28,decomp/script/main_event_0350.pasm,decomp/script/main_event_0350.pseudo.c
romfs_out/amx_flat/main_event_0360.amx,20044,5011,35544,36616,23752,68560,1024,30552,0,77,2,4,1,12,10,28,decomp/script/main_event_0360.pasm,decomp/script/main_event_0360.pseudo.c
romfs_out/amx_flat/main_event_0365.amx,2813,703,5872,6404,1648,16244,1024,4472,0,32,2,4,1,12,10,28,decomp/script/main_event_0365.pasm,decomp/script/main_event_0365.pseudo.c
romfs_out/amx_flat/main_event_0370.amx,30993,7748,53264,54552,33288,96032,1024,41160,0,95,2,4,1,12,10,28,decomp/script/main_event_0370.pasm,decomp/script/main_event_0370.pseudo.c
romfs_out/amx_flat/main_event_0390.amx,18727,4681,30888,31684,23480,63356,1024,23248,0,54,2,4,1,12,10,28,decomp/script/main_event_0390.pasm,decomp/script/main_event_0390.pseudo.c
romfs_out/amx_flat/main_event_0400.amx,18992,4748,32776,33704,23672,65568,1024,28568,0,65,2,4,1,12,10,28,decomp/script/main_event_0400.pasm,decomp/script/main_event_0400.pseudo.c
romfs_out/amx_flat/main_event_0410.amx,18624,4656,37416,38536,12784,59512,1024,31264,0,81,2,4,1,12,10,28,decomp/script/main_event_0410.pasm,decomp/script/main_event_0410.pseudo.c
romfs_out/amx_flat/main_event_0411.amx,7281,1820,15672,16612,1576,26380,1024,10024,0,66,2,4,1,12,10,28,decomp/script/main_event_0411.pasm,decomp/script/main_event_0411.pseudo.c
romfs_out/amx_flat/main_event_0412.amx,18537,4634,37192,38336,12880,59408,1024,31552,0,83,2,4,1,12,10,28,decomp/script/main_event_0412.pasm,decomp/script/main_event_0412.pseudo.c
romfs_out/amx_flat/main_event_0418.amx,17064,4266,28608,29392,23432,61016,1024,25112,0,53,2,4,1,12,10,28,decomp/script/main_event_0418.pasm,decomp/script/main_event_0418.pseudo.c
romfs_out/amx_flat/main_event_0420.amx,18256,4564,31584,32488,23688,64368,1024,27696,0,63,2,4,1,12,10,28,decomp/script/main_event_0420.pasm,decomp/script/main_event_0420.pseudo.c
romfs_out/amx_flat/main_event_0431.amx,6108,1527,13384,14216,1352,23760,1024,8896,0,57,2,4,1,12,10,28,decomp/script/main_event_0431.pasm,decomp/script/main_event_0431.pseudo.c
romfs_out/amx_flat/main_event_0440.amx,14434,3608,31064,32076,3584,43852,1024,21248,0,72,2,4,1,12,10,28,decomp/script/main_event_0440.pasm,decomp/script/main_event_0440.pseudo.c
romfs_out/amx_flat/main_event_0450.amx,36772,9193,63576,64720,32744,105656,1024,38160,0,83,2,4,1,12,10,28,decomp/script/main_event_0450.pasm,decomp/script/main_event_0450.pseudo.c
romfs_out/amx_flat/main_event_0460.amx,5466,1366,12088,12896,2080,23168,1024,9168,0,55,2,4,1,12,10,28,decomp/script/main_event_0460.pasm,decomp/script/main_event_0460.pseudo.c
romfs_out/amx_flat/main_event_0470.amx,24200,6050,41016,41944,32192,82328,1024,36520,0,65,2,4,1,12,10,28,decomp/script/main_event_0470.pasm,decomp/script/main_event_0470.pseudo.c
romfs_out/amx_flat/main_event_0471.amx,21707,5426,35760,36544,31064,75800,1024,32032,0,53,2,4,1,12,10,28,decomp/script/main_event_0471.pasm,decomp/script/main_event_0471.pseudo.c
romfs_out/amx_flat/main_event_0480.amx,23542,5885,39136,40088,32352,80632,1024,32952,0,67,2,4,1,12,10,28,decomp/script/main_event_0480.pasm,decomp/script/main_event_0480.pseudo.c
romfs_out/amx_flat/main_event_0490.amx,2985,746,6544,7064,1288,16544,1024,4640,0,31,2,4,1,12,10,28,decomp/script/main_event_0490.pasm,decomp/script/main_event_0490.pseudo.c
romfs_out/amx_flat/main_event_0521.amx,10525,2631,20104,21032,9504,38728,1024,17216,0,65,2,4,1,12,10,28,decomp/script/main_event_0521.pasm,decomp/script/main_event_0521.pseudo.c
romfs_out/amx_flat/main_event_0525.amx,25685,6421,44008,45104,33144,86440,1024,39008,0,79,2,4,1,12,10,28,decomp/script/main_event_0525.pasm,decomp/script/main_event_0525.pseudo.c
romfs_out/amx_flat/main_event_0530.amx,15141,3785,28840,29960,11648,49800,1024,21760,0,81,2,4,1,12,10,28,decomp/script/main_event_0530.pasm,decomp/script/main_event_0530.pseudo.c
romfs_out/amx_flat/main_event_0540.amx,12182,3045,22784,23664,10008,41864,1024,16896,0,61,2,4,1,12,10,28,decomp/script/main_event_0540.pasm,decomp/script/main_event_0540.pseudo.c
romfs_out/amx_flat/main_event_0550.amx,8238,2059,17224,18128,1808,28128,1024,9336,0,63,2,4,1,12,10,28,decomp/script/main_event_0550.pasm,decomp/script/main_event_0550.pseudo.c
romfs_out/amx_flat/main_event_0560.amx,13489,3372,28248,29296,5960,43448,1024,20528,0,75,2,4,1,12,10,28,decomp/script/main_event_0560.pasm,decomp/script/main_event_0560.pseudo.c
romfs_out/amx_flat/main_event_0570.amx,18182,4545,34568,35736,11320,55248,1024,23960,0,85,2,4,1,12,10,28,decomp/script/main_event_0570.pasm,decomp/script/main_event_0570.pseudo.c
romfs_out/amx_flat/main_event_0580.amx,17583,4395,30008,30864,23496,62552,1024,26280,0,59,2,4,1,12,10,28,decomp/script/main_event_0580.pasm,decomp/script/main_event_0580.pseudo.c
romfs_out/amx_flat/main_event_0590.amx,18833,4708,37824,38872,13448,60512,1024,35496,0,75,2,4,1,12,10,28,decomp/script/main_event_0590.pasm,decomp/script/main_event_0590.pseudo.c
romfs_out/amx_flat/main_event_0600.amx,21777,5444,42112,43244,15768,67204,1024,33592,0,82,2,4,1,12,10,28,decomp/script/main_event_0600.pasm,decomp/script/main_event_0600.pseudo.c
romfs_out/amx_flat/main_event_0610.amx,39131,9782,67176,68824,39424,116440,1024,48864,0,125,2,4,1,12,10,28,decomp/script/main_event_0610.pasm,decomp/script/main_event_0610.pseudo.c
romfs_out/amx_flat/main_event_0620.amx,26565,6641,45656,46764,32600,87556,1024,37936,0,80,2,4,1,12,10,28,decomp/script/main_event_0620.pasm,decomp/script/main_event_0620.pseudo.c
romfs_out/amx_flat/main_event_0630.amx,27342,6835,46784,48036,32824,89052,1024,40664,0,92,2,4,1,12,10,28,decomp/script/main_event_0630.pasm,decomp/script/main_event_0630.pseudo.c
romfs_out/amx_flat/main_event_0637.amx,2529,632,5232,5740,1368,15300,1024,3752,0,30,2,4,1,12,10,28,decomp/script/main_event_0637.pasm,decomp/script/main_event_0637.pseudo.c
romfs_out/amx_flat/main_event_0640.amx,26345,6586,44792,45672,31608,85472,1024,33128,0,61,2,4,1,12,10,28,decomp/script/main_event_0640.pasm,decomp/script/main_event_0640.pseudo.c
romfs_out/amx_flat/main_event_0645.amx,25209,6302,42808,43880,32704,84776,1024,38376,0,77,2,4,1,12,10,28,decomp/script/main_event_0645.pasm,decomp/script/main_event_0645.pseudo.c
romfs_out/amx_flat/main_event_0650.amx,18293,4573,36736,37736,13384,59312,1024,35152,0,71,2,4,1,12,10,28,decomp/script/main_event_0650.pasm,decomp/script/main_event_0650.pseudo.c
romfs_out/amx_flat/main_event_0660.amx,21764,5441,41720,42864,15968,67024,1024,33616,0,83,2,4,1,12,10,28,decomp/script/main_event_0660.pasm,decomp/script/main_event_0660.pseudo.c
romfs_out/amx_flat/main_event_0670.amx,37043,9260,63504,65044,39000,112236,1024,47248,0,116,2,4,1,12,10,28,decomp/script/main_event_0670.pasm,decomp/script/main_event_0670.pseudo.c
romfs_out/amx_flat/main_event_0680.amx,12063,3015,22888,23852,10824,42868,1024,20568,0,68,2,4,1,12,10,28,decomp/script/main_event_0680.pasm,decomp/script/main_event_0680.pseudo.c
romfs_out/amx_flat/main_event_0690.amx,11739,2934,22336,23300,10928,42420,1024,19984,0,68,2,4,1,12,10,28,decomp/script/main_event_0690.pasm,decomp/script/main_event_0690.pseudo.c
romfs_out/amx_flat/main_event_0700.amx,4803,1200,10680,11440,1576,21208,1024,8088,0,51,2,4,1,12,10,28,decomp/script/main_event_0700.pasm,decomp/script/main_event_0700.pseudo.c
romfs_out/amx_flat/main_event_0701.amx,7403,1850,17608,18320,2056,28568,1024,16376,0,47,2,4,1,12,10,28,decomp/script/main_event_0701.pasm,decomp/script/main_event_0701.pseudo.c
romfs_out/amx_flat/main_event_0710.amx,28738,7184,48112,49316,36048,93556,1024,40208,0,88,2,4,1,12,10,28,decomp/script/main_event_0710.pasm,decomp/script/main_event_0710.pseudo.c
romfs_out/amx_flat/main_event_0720.amx,23117,5779,40328,41316,24584,74092,1024,28320,0,70,2,4,1,12,10,28,decomp/script/main_event_0720.pasm,decomp/script/main_event_0720.pseudo.c
romfs_out/amx_flat/main_event_0730.amx,20791,5197,35896,36752,23624,68568,1024,26904,0,59,2,4,1,12,10,28,decomp/script/main_event_0730.pasm,decomp/script/main_event_0730.pseudo.c
romfs_out/amx_flat/main_event_0740.amx,10946,2736,24272,25284,3248,36724,1024,19488,0,72,2,4,1,12,10,28,decomp/script/main_event_0740.pasm,decomp/script/main_event_0740.pseudo.c
romfs_out/amx_flat/main_event_0748.amx,24260,6065,39264,40288,31112,79592,1024,27480,0,73,2,4,1,12,10,28,decomp/script/main_event_0748.pasm,decomp/script/main_event_0748.pseudo.c
romfs_out/amx_flat/main_event_0750.amx,18878,4719,37776,38908,13504,60604,1024,32424,0,82,2,4,1,12,10,28,decomp/script/main_event_0750.pasm,decomp/script/main_event_0750.pseudo.c
romfs_out/amx_flat/main_event_0760.amx,16869,4217,28096,28904,23752,60848,1024,25112,0,55,2,4,1,12,10,28,decomp/script/main_event_0760.pasm,decomp/script/main_event_0760.pseudo.c
romfs_out/amx_flat/main_event_0770.amx,19094,4773,38808,39844,13384,61420,1024,36104,0,74,2,4,1,12,10,28,decomp/script/main_event_0770.pasm,decomp/script/main_event_0770.pseudo.c
romfs_out/amx_flat/main_event_0780.amx,31401,7850,54816,55960,34672,98824,1024,40272,0,83,2,4,1,12,10,28,decomp/script/main_event_0780.pasm,decomp/script/main_event_0780.pseudo.c
romfs_out/amx_flat/main_event_0790.amx,30652,7663,49656,50992,35416,94600,1024,34144,0,99,2,4,1,12,10,28,decomp/script/main_event_0790.pasm,decomp/script/main_event_0790.pseudo.c
romfs_out/amx_flat/main_event_0800.amx,26904,6726,46056,47104,33880,89176,1024,40000,0,75,2,4,1,12,10,28,decomp/script/main_event_0800.pasm,decomp/script/main_event_0800.pseudo.c
romfs_out/amx_flat/main_event_0820.amx,27117,6779,46256,47220,31528,86940,1024,34768,0,68,2,4,1,12,10,28,decomp/script/main_event_0820.pasm,decomp/script/main_event_0820.pseudo.c
romfs_out/amx_flat/main_event_0825.amx,24939,6234,41952,42844,31448,82484,1024,33288,0,62,2,4,1,12,10,28,decomp/script/main_event_0825.pasm,decomp/script/main_event_0825.pseudo.c
romfs_out/amx_flat/main_event_0835.amx,12281,3070,23344,24248,9680,42120,1024,16632,0,63,2,4,1,12,10,28,decomp/script/main_event_0835.pasm,decomp/script/main_event_0835.pseudo.c
romfs_out/amx_flat/main_event_0840.amx,4661,1165,9584,10176,1432,19800,1024,4936,0,37,2,4,1,12,10,28,decomp/script/main_event_0840.pasm,decomp/script/main_event_0840.pseudo.c
romfs_out/amx_flat/main_event_0850.amx,19329,4832,32488,33296,24088,65576,1024,25808,0,55,2,4,1,12,10,28,decomp/script/main_event_0850.pasm,decomp/script/main_event_0850.pseudo.c
romfs_out/amx_flat/main_event_0870.amx,18651,4662,31480,32348,23856,64396,1024,26008,0,60,2,4,1,12,10,28,decomp/script/main_event_0870.pasm,decomp/script/main_event_0870.pseudo.c
romfs_out/amx_flat/main_event_0880.amx,5860,1465,12808,13616,1896,23704,1024,8512,0,55,2,4,1,12,10,28,decomp/script/main_event_0880.pasm,decomp/script/main_event_0880.pseudo.c
romfs_out/amx_flat/main_event_0890.amx,27585,6896,47264,48468,33256,89916,1024,40584,0,88,2,4,1,12,10,28,decomp/script/main_event_0890.pasm,decomp/script/main_event_0890.pseudo.c
romfs_out/amx_flat/main_event_0900.amx,27320,6830,46808,47868,32832,88892,1024,39184,0,76,2,4,1,12,10,28,decomp/script/main_event_0900.pasm,decomp/script/main_event_0900.pseudo.c
romfs_out/amx_flat/main_event_0905.amx,16812,4203,27992,28764,23448,60404,1024,25304,0,52,2,4,1,12,10,28,decomp/script/main_event_0905.pasm,decomp/script/main_event_0905.pseudo.c
romfs_out/amx_flat/main_event_0910.amx,27120,6780,48576,49648,24400,82240,1024,30376,0,77,2,4,1,12,10,28,decomp/script/main_event_0910.pasm,decomp/script/main_event_0910.pseudo.c
romfs_out/amx_flat/main_event_0930.amx,13175,3293,25000,26036,10824,45052,1024,21224,0,74,2,4,1,12,10,28,decomp/script/main_event_0930.pasm,decomp/script/main_event_0930.pseudo.c
romfs_out/amx_flat/main_event_0935.amx,2687,671,5720,6204,1208,15604,1024,3688,0,28,2,4,1,12,10,28,decomp/script/main_event_0935.pasm,decomp/script/main_event_0935.pseudo.c
romfs_out/amx_flat/main_event_0940.amx,29753,7438,51816,53056,33320,94568,1024,42104,0,91,2,4,1,12,10,28,decomp/script/main_event_0940.pasm,decomp/script/main_event_0940.pseudo.c
romfs_out/amx_flat/main_event_0960.amx,18304,4576,36728,37728,13448,59368,1024,35232,0,71,2,4,1,12,10,28,decomp/script/main_event_0960.pasm,decomp/script/main_event_0960.pseudo.c
romfs_out/amx_flat/main_event_0961.amx,18306,4576,36728,37728,13448,59368,1024,35232,0,71,2,4,1,12,10,28,decomp/script/main_event_0961.pasm,decomp/script/main_event_0961.pseudo.c
romfs_out/amx_flat/main_event_0970.amx,21367,5341,41648,42828,15952,66972,1024,33744,0,86,2,4,1,12,10,28,decomp/script/main_event_0970.pasm,decomp/script/main_event_0970.pseudo.c
romfs_out/amx_flat/main_event_0980.amx,21401,5350,41648,42828,15952,66972,1024,33744,0,86,2,4,1,12,10,28,decomp/script/main_event_0980.pasm,decomp/script/main_event_0980.pseudo.c
romfs_out/amx_flat/main_event_0990.amx,34639,8659,58936,60428,38088,106708,1024,45648,0,112,2,4,1,12,10,28,decomp/script/main_event_0990.pasm,decomp/script/main_event_0990.pseudo.c
romfs_out/amx_flat/main_event_1000.amx,34501,8625,58544,60048,38072,106312,1024,45696,0,113,2,4,1,12,10,28,decomp/script/main_event_1000.pasm,decomp/script/main_event_1000.pseudo.c
romfs_out/amx_flat/main_event_1010.amx,12847,3211,24432,25300,10656,44148,1024,18216,0,60,2,4,1,12,10,28,decomp/script/main_event_1010.pasm,decomp/script/main_event_1010.pseudo.c
romfs_out/amx_flat/main_event_1050.amx,5525,1381,11544,12244,1896,22332,1024,7616,0,46,2,4,1,12,10,28,decomp/script/main_event_1050.pasm,decomp/script/main_event_1050.pseudo.c
romfs_out/amx_flat/main_event_1070.amx,10063,2515,19088,19860,9800,37852,1024,16408,0,52,2,4,1,12,10,28,decomp/script/main_event_1070.pasm,decomp/script/main_event_1070.pseudo.c
romfs_out/amx_flat/main_event_1090.amx,29107,7276,49208,50184,31816,90192,1024,34368,0,69,2,4,1,12,10,28,decomp/script/main_event_1090.pasm,decomp/script/main_event_1090.pseudo.c
romfs_out/amx_flat/main_event_1110.amx,20470,5117,40896,42076,13432,63700,1024,32816,0,86,2,4,1,12,10,28,decomp/script/main_event_1110.pasm,decomp/script/main_event_1110.pseudo.c
romfs_out/amx_flat/main_event_1112.amx,2348,587,4968,5452,1208,14852,1024,3688,0,28,2,4,1,12,10,28,decomp/script/main_event_1112.pasm,decomp/script/main_event_1112.pseudo.c
romfs_out/amx_flat/main_event_1115.amx,14476,3619,27408,28468,11368,48028,1024,22016,0,76,2,4,1,12,10,28,decomp/script/main_event_1115.pasm,decomp/script/main_event_1115.pseudo.c
romfs_out/amx_flat/main_event_1120.amx,18274,4568,36656,37656,13448,59296,1024,35152,0,71,2,4,1,12,10,28,decomp/script/main_event_1120.pasm,decomp/script/main_event_1120.pseudo.c
romfs_out/amx_flat/main_event_1130.amx,17625,4406,37664,38892,5952,53036,1024,25784,0,90,2,4,1,12,10,28,decomp/script/main_event_1130.pasm,decomp/script/main_event_1130.pseudo.c
romfs_out/amx_flat/main_event_1140.amx,36537,9134,62528,64044,38992,111228,1024,47904,0,114,2,4,1,12,10,28,decomp/script/main_event_1140.pasm,decomp/script/main_event_1140.pseudo.c
romfs_out/amx_flat/main_event_1150.amx,12199,3049,23216,24180,9768,42140,1024,16576,0,68,2,4,1,12,10,28,decomp/script/main_event_1150.pasm,decomp/script/main_event_1150.pseudo.c
romfs_out/amx_flat/main_event_1160.amx,19694,4923,34496,35448,15232,58872,1024,19088,0,67,2,4,1,12,10,28,decomp/script/main_event_1160.pasm,decomp/script/main_event_1160.pseudo.c
romfs_out/amx_flat/main_event_1170.amx,28606,7151,48800,49884,32432,90508,1024,36256,0,78,2,4,1,12,10,28,decomp/script/main_event_1170.pasm,decomp/script/main_event_1170.pseudo.c
romfs_out/amx_flat/main_event_1181.amx,21685,5421,35688,36520,31064,75776,1024,32304,0,57,2,4,1,12,10,28,decomp/script/main_event_1181.pasm,decomp/script/main_event_1181.pseudo.c
romfs_out/amx_flat/main_event_1190.amx,24340,6085,41184,42184,32056,82432,1024,35584,0,71,2,4,1,12,10,28,decomp/script/main_event_1190.pasm,decomp/script/main_event_1190.pseudo.c
romfs_out/amx_flat/main_event_1210.amx,2346,586,5032,5492,1208,14892,1024,3624,0,26,2,4,1,12,10,28,decomp/script/main_event_1210.pasm,decomp/script/main_event_1210.pseudo.c
romfs_out/amx_flat/main_event_1230.amx,25148,6287,42712,43772,32656,84620,1024,38392,0,76,2,4,1,12,10,28,decomp/script/main_event_1230.pasm,decomp/script/main_event_1230.pseudo.c
romfs_out/amx_flat/main_event_1240.amx,19250,4812,39072,40072,13448,61712,1024,35152,0,71,2,4,1,12,10,28,decomp/script/main_event_1240.pasm,decomp/script/main_event_1240.pseudo.c
romfs_out/amx_flat/main_event_1241.amx,22813,5703,44000,45240,15864,69296,1024,34984,0,91,2,4,1,12,10,28,decomp/script/main_event_1241.pasm,decomp/script/main_event_1241.pseudo.c
romfs_out/amx_flat/main_event_1242.amx,34428,8607,58536,60028,38056,106276,1024,45696,0,112,2,4,1,12,10,28,decomp/script/main_event_1242.pasm,decomp/script/main_event_1242.pseudo.c
romfs_out/amx_flat/main_event_1250.amx,19238,4809,39120,40120,13384,61696,1024,35152,0,71,2,4,1,12,10,28,decomp/script/main_event_1250.pasm,decomp/script/main_event_1250.pseudo.c
romfs_out/amx_flat/main_event_1251.amx,22835,5708,44000,45240,15864,69296,1024,34984,0,91,2,4,1,12,10,28,decomp/script/main_event_1251.pasm,decomp/script/main_event_1251.pseudo.c
romfs_out/amx_flat/main_event_1252.amx,34794,8698,59160,60640,38040,106872,1024,45696,0,111,2,4,1,12,10,28,decomp/script/main_event_1252.pasm,decomp/script/main_event_1252.pseudo.c
romfs_out/amx_flat/main_event_1260.amx,5437,1359,12048,12868,1896,22956,1024,9056,0,56,2,4,1,12,10,28,decomp/script/main_event_1260.pasm,decomp/script/main_event_1260.pseudo.c
romfs_out/amx_flat/main_event_1270.amx,31473,7868,52544,53544,35280,97016,1024,34224,0,71,2,4,1,12,10,28,decomp/script/main_event_1270.pasm,decomp/script/main_event_1270.pseudo.c
romfs_out/amx_flat/main_event_1280.amx,31301,7825,54224,55356,33296,96844,1024,40176,0,82,2,4,1,12,10,28,decomp/script/main_event_1280.pasm,decomp/script/main_event_1280.pseudo.c
romfs_out/amx_flat/main_event_1300.amx,31064,7766,52464,53644,36752,98588,1024,39120,0,86,2,4,1,12,10,28,decomp/script/main_event_1300.pasm,decomp/script/main_event_1300.pseudo.c
romfs_out/amx_flat/main_event_1320.amx,23681,5920,40104,41056,31536,80784,1024,35280,0,67,2,4,1,12,10,28,decomp/script/main_event_1320.pasm,decomp/script/main_event_1320.pseudo.c
romfs_out/amx_flat/main_event_1325.amx,20360,5090,34400,35340,24856,68388,1024,26616,0,66,2,4,1,12,10,28,decomp/script/main_event_1325.pasm,decomp/script/main_event_1325.pseudo.c
romfs_out/amx_flat/main_event_1327.amx,2321,580,4928,5400,1208,14800,1024,3688,0,27,2,4,1,12,10,28,decomp/script/main_event_1327.pasm,decomp/script/main_event_1327.pseudo.c
romfs_out/amx_flat/main_event_1330.amx,42847,10711,75632,77112,40216,125520,1024,45728,0,111,2,4,1,12,10,28,decomp/script/main_event_1330.pasm,decomp/script/main_event_1330.pseudo.c
romfs_out/amx_flat/main_event_1340.amx,25879,6469,42856,43784,34752,86728,1024,35384,0,65,2,4,1,12,10,28,decomp/script/main_event_1340.pasm,decomp/script/main_event_1340.pseudo.c
romfs_out/amx_flat/main_event_1350.amx,43517,10879,73896,75124,39568,122884,1024,42088,0,90,2,4,1,12,10,28,decomp/script/main_event_1350.pasm,decomp/script/main_event_1350.pseudo.c
romfs_out/amx_flat/main_event_1370.amx,25215,6303,42624,43564,31664,83420,1024,33344,0,66,2,4,1,12,10,28,decomp/script/main_event_1370.pasm,decomp/script/main_event_1370.pseudo.c
romfs_out/amx_flat/main_event_1390.amx,27344,6836,46624,47684,33656,89532,1024,38240,0,76,2,4,1,12,10,28,decomp/script/main_event_1390.pasm,decomp/script/main_event_1390.pseudo.c
romfs_out/amx_flat/main_event_1400.amx,23200,5800,38752,39680,31104,78976,1024,32696,0,65,2,4,1,12,10,28,decomp/script/main_event_1400.pasm,decomp/script/main_event_1400.pseudo.c
romfs_out/amx_flat/main_event_1410.amx,32383,8095,54824,55932,34368,98492,1024,37312,0,80,2,4,1,12,10,28,decomp/script/main_event_1410.pasm,decomp/script/main_event_1410.pseudo.c
romfs_out/amx_flat/main_event_1420.amx,18429,4607,37024,38048,13384,59624,1024,35232,0,73,2,4,1,12,10,28,decomp/script/main_event_1420.pasm,decomp/script/main_event_1420.pseudo.c
romfs_out/amx_flat/main_event_1422.amx,27512,6878,50880,52072,26136,86400,1024,35472,0,87,2,4,1,12,10,28,decomp/script/main_event_1422.pasm,decomp/script/main_event_1422.pseudo.c
romfs_out/amx_flat/main_event_1430.amx,39092,9773,67472,69048,39272,116512,1024,47272,0,119,2,4,1,12,10,28,decomp/script/main_event_1430.pasm,decomp/script/main_event_1430.pseudo.c
romfs_out/amx_flat/main_event_1440.amx,28955,7238,47720,48732,35544,92468,1024,36384,0,72,2,4,1,12,10,28,decomp/script/main_event_1440.pasm,decomp/script/main_event_1440.pseudo.c
romfs_out/amx_flat/main_event_1450.amx,20001,5000,34336,35276,24032,67500,1024,26872,0,66,2,4,1,12,10,28,decomp/script/main_event_1450.pasm,decomp/script/main_event_1450.pseudo.c
romfs_out/amx_flat/main_event_1460.amx,22170,5542,36792,37648,31240,77080,1024,32912,0,59,2,4,1,12,10,28,decomp/script/main_event_1460.pasm,decomp/script/main_event_1460.pseudo.c
romfs_out/amx_flat/main_event_1480.amx,22556,5639,39272,40248,23752,72192,1024,26320,0,69,2,4,1,12,10,28,decomp/script/main_event_1480.pasm,decomp/script/main_event_1480.pseudo.c
romfs_out/amx_flat/main_event_1490.amx,6615,1653,14672,15564,1792,25548,1024,10896,0,62,2,4,1,12,10,28,decomp/script/main_event_1490.pasm,decomp/script/main_event_1490.pseudo.c
romfs_out/amx_flat/main_event_1520.amx,22962,5740,39304,40484,25208,73884,1024,29008,0,86,2,4,1,12,10,28,decomp/script/main_event_1520.pasm,decomp/script/main_event_1520.pseudo.c
romfs_out/amx_flat/main_event_1530.amx,5898,1474,12624,13348,1640,23180,1024,7648,0,48,2,4,1,12,10,28,decomp/script/main_event_1530.pasm,decomp/script/main_event_1530.pseudo.c
romfs_out/amx_flat/main_event_1540.amx,28217,7054,48136,49352,33224,90768,1024,37904,0,89,2,4,1,12,10,28,decomp/script/main_event_1540.pasm,decomp/script/main_event_1540.pseudo.c
romfs_out/amx_flat/main_event_1550.amx,28975,7243,48744,49744,32600,90536,1024,35016,0,71,2,4,1,12,10,28,decomp/script/main_event_1550.pasm,decomp/script/main_event_1550.pseudo.c
romfs_out/amx_flat/main_event_1560.amx,19223,4805,32656,33488,23272,64952,1024,25192,0,57,2,4,1,12,10,28,decomp/script/main_event_1560.pasm,decomp/script/main_event_1560.pseudo.c
romfs_out/amx_flat/main_event_1570.amx,27057,6764,45760,46796,31240,86228,1024,34352,0,74,2,4,1,12,10,28,decomp/script/main_event_1570.pasm,decomp/script/main_event_1570.pseudo.c
romfs_out/amx_flat/main_event_1580.amx,33122,8280,56144,57204,32168,97564,1024,35184,0,76,2,4,1,12,10,28,decomp/script/main_event_1580.pasm,decomp/script/main_event_1580.pseudo.c
romfs_out/amx_flat/main_event_1585.amx,49191,12297,83216,84480,36048,128720,1024,38776,0,93,2,4,1,12,10,28,decomp/script/main_event_1585.pasm,decomp/script/main_event_1585.pseudo.c
romfs_out/amx_flat/main_event_1590.amx,27559,6889,46552,47492,31064,86748,1024,33656,0,66,2,4,1,12,10,28,decomp/script/main_event_1590.pasm,decomp/script/main_event_1590.pseudo.c
romfs_out/amx_flat/main_event_1600.amx,25693,6423,42608,43488,32264,83944,1024,33080,0,61,2,4,1,12,10,28,decomp/script/main_event_1600.pasm,decomp/script/main_event_1600.pseudo.c
romfs_out/amx_flat/main_event_1610.amx,34669,8667,59400,60448,37040,105680,1024,38488,0,75,2,4,1,12,10,28,decomp/script/main_event_1610.pasm,decomp/script/main_event_1610.pseudo.c
romfs_out/amx_flat/main_event_1640.amx,25283,6320,42344,43368,31520,83080,1024,33960,0,73,2,4,1,12,10,28,decomp/script/main_event_1640.pasm,decomp/script/main_event_1640.pseudo.c
romfs_out/amx_flat/main_event_1660.amx,25387,6346,42248,43248,31104,82544,1024,33712,0,71,2,4,1,12,10,28,decomp/script/main_event_1660.pasm,decomp/script/main_event_1660.pseudo.c
romfs_out/amx_flat/main_event_1670.amx,28777,7194,50216,51264,31760,91216,1024,37144,0,75,2,4,1,12,10,28,decomp/script/main_event_1670.pasm,decomp/script/main_event_1670.pseudo.c
romfs_out/amx_flat/main_event_1672.amx,23815,5953,40088,41004,31272,80468,1024,34672,0,64,2,4,1,12,10,28,decomp/script/main_event_1672.pasm,decomp/script/main_event_1672.pseudo.c
romfs_out/amx_flat/main_event_1675.amx,5700,1425,12976,13844,1352,23388,1024,9184,0,60,2,4,1,12,10,28,decomp/script/main_event_1675.pasm,decomp/script/main_event_1675.pseudo.c
romfs_out/amx_flat/main_event_1680.amx,6135,1533,13680,14524,2008,24724,1024,9920,0,58,2,4,1,12,10,28,decomp/script/main_event_1680.pasm,decomp/script/main_event_1680.pseudo.c
romfs_out/amx_flat/main_event_1705.amx,33059,8264,55784,57048,34456,99696,1024,37504,0,93,2,4,1,12,10,28,decomp/script/main_event_1705.pasm,decomp/script/main_event_1705.pseudo.c
romfs_out/amx_flat/main_event_1710.amx,23914,5978,41176,42332,26048,76572,1024,29744,0,84,2,4,1,12,10,28,decomp/script/main_event_1710.pasm,decomp/script/main_event_1710.pseudo.c
romfs_out/amx_flat/main_event_1720.amx,29821,7455,51880,53072,26776,88040,1024,29640,0,87,2,4,1,12,10,28,decomp/script/main_event_1720.pasm,decomp/script/main_event_1720.pseudo.c
romfs_out/amx_flat/main_event_1725.amx,5287,1321,11392,12056,1640,21888,1024,7144,0,43,2,4,1,12,10,28,decomp/script/main_event_1725.pasm,decomp/script/main_event_1725.pseudo.c
romfs_out/amx_flat/main_event_1730.amx,23905,5976,41200,42380,25888,76460,1024,30088,0,86,2,4,1,12,10,28,decomp/script/main_event_1730.pasm,decomp/script/main_event_1730.pseudo.c
romfs_out/amx_flat/main_event_1780.amx,25892,6473,43880,44820,31720,84732,1024,34888,0,66,2,4,1,12,10,28,decomp/script/main_event_1780.pasm,decomp/script/main_event_1780.pseudo.c
romfs_out/amx_flat/main_event_1790.amx,21653,5413,36632,37656,24624,70472,1024,27072,0,73,2,4,1,12,10,28,decomp/script/main_event_1790.pasm,decomp/script/main_event_1790.pseudo.c
romfs_out/amx_flat/main_event_1810.amx,25888,6472,44024,45000,31112,84304,1024,33496,0,69,2,4,1,12,10,28,decomp/script/main_event_1810.pasm,decomp/script/main_event_1810.pseudo.c
romfs_out/amx_flat/main_event_1820.amx,30767,7691,52144,53408,32608,94208,1024,39296,0,93,2,4,1,12,10,28,decomp/script/main_event_1820.pasm,decomp/script/main_event_1820.pseudo.c
romfs_out/amx_flat/main_event_1830.amx,4511,1127,10168,10844,1352,20388,1024,7512,0,44,2,4,1,12,10,28,decomp/script/main_event_1830.pasm,decomp/script/main_event_1830.pseudo.c
romfs_out/amx_flat/main_event_1850.amx,12977,3244,24784,25712,9456,43360,1024,16528,0,65,2,4,1,12,10,28,decomp/script/main_event_1850.pasm,decomp/script/main_event_1850.pseudo.c
romfs_out/amx_flat/main_event_1860.amx,18998,4749,31880,32748,23272,64212,1024,25480,0,60,2,4,1,12,10,28,decomp/script/main_event_1860.pasm,decomp/script/main_event_1860.pseudo.c
romfs_out/amx_flat/main_event_1865.amx,2207,551,4672,5108,1208,14508,1024,3624,0,24,2,4,1,12,10,28,decomp/script/main_event_1865.pasm,decomp/script/main_event_1865.pseudo.c
romfs_out/amx_flat/main_event_1870.amx,30235,7558,51816,53044,32632,93868,1024,36864,0,90,2,4,1,12,10,28,decomp/script/main_event_1870.pasm,decomp/script/main_event_1870.pseudo.c
romfs_out/amx_flat/main_event_1875.amx,20120,5030,34864,35948,23496,67636,1024,28040,0,78,2,4,1,12,10,28,decomp/script/main_event_1875.pasm,decomp/script/main_event_1875.pseudo.c
romfs_out/amx_flat/main_event_1880.amx,2202,550,4688,5124,1160,14476,1024,3528,0,24,2,4,1,12,10,28,decomp/script/main_event_1880.pasm,decomp/script/main_event_1880.pseudo.c
romfs_out/amx_flat/main_event_1890.amx,16211,4052,27288,28084,23392,59668,1024,25352,0,54,2,4,1,12,10,28,decomp/script/main_event_1890.pasm,decomp/script/main_event_1890.pseudo.c
romfs_out/amx_flat/main_event_1910.amx,9421,2355,21664,22568,3184,33944,1024,18440,0,63,2,4,1,12,10,28,decomp/script/main_event_1910.pasm,decomp/script/main_event_1910.pseudo.c
romfs_out/amx_flat/main_event_1930.amx,15392,3848,29680,30752,10640,49584,1024,18928,0,77,2,4,1,12,10,28,decomp/script/main_event_1930.pasm,decomp/script/main_event_1930.pseudo.c
romfs_out/amx_flat/main_event_2020.amx,4397,1099,9984,10672,1824,20688,1024,7568,0,45,2,4,1,12,10,28,decomp/script/main_event_2020.pasm,decomp/script/main_event_2020.pseudo.c
romfs_out/amx_flat/main_event_2030.amx,26573,6643,46384,47804,26592,82588,1024,33392,0,106,2,4,1,12,10,28,decomp/script/main_event_2030.pasm,decomp/script/main_event_2030.pseudo.c
romfs_out/amx_flat/main_event_3000.amx,21010,5252,36496,37496,23312,69000,1024,27536,0,71,2,4,1,12,10,28,decomp/script/main_event_3000.pasm,decomp/script/main_event_3000.pseudo.c
romfs_out/amx_flat/main_event_3010.amx,34600,8650,60808,62144,33256,103592,1024,44472,0,99,2,4,1,12,10,28,decomp/script/main_event_3010.pasm,decomp/script/main_event_3010.pseudo.c
romfs_out/amx_flat/main_event_3030.amx,44047,11011,76632,77752,33176,119120,1024,37280,0,81,2,4,1,12,10,28,decomp/script/main_event_3030.pasm,decomp/script/main_event_3030.pseudo.c
romfs_out/amx_flat/main_event_3040.amx,32546,8136,55312,56456,34736,99384,1024,39224,0,83,2,4,1,12,10,28,decomp/script/main_event_3040.pasm,decomp/script/main_event_3040.pseudo.c
romfs_out/amx_flat/main_event_3050.amx,35341,8835,59944,61136,35120,104448,1024,39160,0,87,2,4,1,12,10,28,decomp/script/main_event_3050.pasm,decomp/script/main_event_3050.pseudo.c
romfs_out/amx_flat/main_event_3060.amx,42368,10592,71992,73304,36368,117864,1024,42464,0,97,2,4,1,12,10,28,decomp/script/main_event_3060.pasm,decomp/script/main_event_3060.pseudo.c
romfs_out/amx_flat/main_event_3070.amx,30958,7739,53288,54396,31640,94228,1024,37528,0,80,2,4,1,12,10,28,decomp/script/main_event_3070.pasm,decomp/script/main_event_3070.pseudo.c
romfs_out/amx_flat/main_event_3080.amx,31598,7899,53112,54328,35192,97712,1024,39704,0,89,2,4,1,12,10,28,decomp/script/main_event_3080.pasm,decomp/script/main_event_3080.pseudo.c
romfs_out/amx_flat/main_event_3090.amx,31184,7796,52432,53648,35192,97032,1024,39704,0,89,2,4,1,12,10,28,decomp/script/main_event_3090.pasm,decomp/script/main_event_3090.pseudo.c
romfs_out/amx_flat/main_event_3092.amx,20395,5098,34392,35308,28000,71500,1024,27208,0,64,2,4,1,12,10,28,decomp/script/main_event_3092.pasm,decomp/script/main_event_3092.pseudo.c
romfs_out/amx_flat/main_event_3095.amx,42230,10557,73064,74304,33616,116112,1024,40200,0,91,2,4,1,12,10,28,decomp/script/main_event_3095.pasm,decomp/script/main_event_3095.pseudo.c
romfs_out/amx_flat/main_event_3098.amx,33416,8354,57648,58768,32928,99888,1024,38704,0,81,2,4,1,12,10,28,decomp/script/main_event_3098.pasm,decomp/script/main_event_3098.pseudo.c
romfs_out/amx_flat/main_event_3100.amx,32713,8178,55056,56224,34656,99072,1024,38424,0,85,2,4,1,12,10,28,decomp/script/main_event_3100.pasm,decomp/script/main_event_3100.pseudo.c
romfs_out/amx_flat/main_event_3110.amx,31143,7785,52784,53976,34272,96440,1024,39048,0,87,2,4,1,12,10,28,decomp/script/main_event_3110.pasm,decomp/script/main_event_3110.pseudo.c
romfs_out/amx_flat/main_event_3120.amx,36538,9134,62264,63528,34600,106320,1024,40904,0,93,2,4,1,12,10,28,decomp/script/main_event_3120.pasm,decomp/script/main_event_3120.pseudo.c
romfs_out/amx_flat/main_event_3130.amx,33581,8395,57200,58416,34272,100880,1024,39216,0,89,2,4,1,12,10,28,decomp/script/main_event_3130.pasm,decomp/script/main_event_3130.pseudo.c
romfs_out/amx_flat/main_event_3140.amx,25727,6431,45160,46064,32760,87016,1024,33760,0,63,2,4,1,12,10,28,decomp/script/main_event_3140.pasm,decomp/script/main_event_3140.pseudo.c
romfs_out/amx_flat/main_event_3150.amx,27608,6902,47552,48684,32640,89516,1024,39136,0,82,2,4,1,12,10,28,decomp/script/main_event_3150.pasm,decomp/script/main_event_3150.pseudo.c
romfs_out/amx_flat/main_event_3160.amx,36678,9169,62768,63840,35224,107256,1024,38672,0,77,2,4,1,12,10,28,decomp/script/main_event_3160.pasm,decomp/script/main_event_3160.pseudo.c
romfs_out/amx_flat/main_event_3165.amx,28055,7013,47144,48228,34240,90660,1024,38080,0,78,2,4,1,12,10,28,decomp/script/main_event_3165.pasm,decomp/script/main_event_3165.pseudo.c
romfs_out/amx_flat/main_event_3170.amx,44410,11102,75960,77140,33040,118372,1024,37232,0,86,2,4,1,12,10,28,decomp/script/main_event_3170.pasm,decomp/script/main_event_3170.pseudo.c
romfs_out/amx_flat/main_event_3180.amx,29119,7279,55880,57348,14824,80364,1024,34544,0,110,2,4,1,12,10,28,decomp/script/main_event_3180.pasm,decomp/script/main_event_3180.pseudo.c
romfs_out/amx_flat/main_event_3190.amx,38629,9657,66464,67692,32376,108260,1024,38296,0,90,2,4,1,12,10,28,decomp/script/main_event_3190.pasm,decomp/script/main_event_3190.pseudo.c
romfs_out/amx_flat/main_event_3200.amx,49948,12487,86384,87900,38832,134924,1024,48136,0,114,2,4,1,12,10,28,decomp/script/main_event_3200.pasm,decomp/script/main_event_3200.pseudo.c
romfs_out/amx_flat/nakayoshi_check.amx,7965,1991,18248,18924,2192,29308,1024,15448,0,44,2,4,1,12,10,28,decomp/script/nakayoshi_check.pasm,decomp/script/nakayoshi_check.pseudo.c
romfs_out/amx_flat/pokecamp.amx,23813,5953,39464,40332,32992,81516,1024,37432,0,60,2,4,1,12,10,28,decomp/script/pokecamp.pasm,decomp/script/pokecamp.pseudo.c
romfs_out/amx_flat/pokemoncenter.amx,36721,9180,67448,68928,36352,113472,1024,44184,0,111,2,4,1,12,10,28,decomp/script/pokemoncenter.pasm,decomp/script/pokemoncenter.pseudo.c
romfs_out/amx_flat/pos_stop.amx,34362,8590,61128,61996,33600,103788,1024,34152,0,60,2,4,1,12,10,28,decomp/script/pos_stop.pasm,decomp/script/pos_stop.pseudo.c
romfs_out/amx_flat/railway.amx,3583,895,7424,7920,840,16952,1024,3688,0,29,2,4,1,12,10,28,decomp/script/railway.pasm,decomp/script/railway.pseudo.c
romfs_out/amx_flat/rental_team.amx,8983,2245,20136,20836,2640,31668,1024,15240,0,46,2,4,1,12,10,28,decomp/script/rental_team.pasm,decomp/script/rental_team.pseudo.c
romfs_out/amx_flat/shop.amx,12593,3148,26520,27340,3376,38908,1024,16568,0,56,2,4,1,12,10,28,decomp/script/shop.pasm,decomp/script/shop.pseudo.c
romfs_out/amx_flat/sub_event_001.amx,23993,5998,40560,41428,32008,81628,1024,35720,0,60,2,4,1,12,10,28,decomp/script/sub_event_001.pasm,decomp/script/sub_event_001.pseudo.c
romfs_out/amx_flat/sub_event_002.amx,15829,3957,32256,33232,11536,52960,1024,28032,0,69,2,4,1,12,10,28,decomp/script/sub_event_002.pasm,decomp/script/sub_event_002.pseudo.c
romfs_out/amx_flat/sub_event_003.amx,10031,2507,23272,24092,3112,35396,1024,18328,0,56,2,4,1,12,10,28,decomp/script/sub_event_003.pasm,decomp/script/sub_event_003.pseudo.c
romfs_out/amx_flat/sub_event_004.amx,22638,5659,37584,38404,31512,78108,1024,37168,0,56,2,4,1,12,10,28,decomp/script/sub_event_004.pasm,decomp/script/sub_event_004.pseudo.c
romfs_out/amx_flat/sub_event_005.amx,23944,5986,40304,41268,32368,81828,1024,37656,0,68,2,4,1,12,10,28,decomp/script/sub_event_005.pasm,decomp/script/sub_event_005.pseudo.c
romfs_out/amx_flat/sub_event_006.amx,22765,5691,37792,38624,31512,78328,1024,37168,0,57,2,4,1,12,10,28,decomp/script/sub_event_006.pasm,decomp/script/sub_event_006.pseudo.c
romfs_out/amx_flat/sub_event_008.amx,17019,4254,29056,29792,22352,60336,1024,22776,0,49,2,4,1,12,10,28,decomp/script/sub_event_008.pasm,decomp/script/sub_event_008.pseudo.c
romfs_out/amx_flat/sub_event_009.amx,23852,5963,40040,40920,31904,81016,1024,36656,0,61,2,4,1,12,10,28,decomp/script/sub_event_009.pasm,decomp/script/sub_event_009.pseudo.c
romfs_out/amx_flat/sub_event_010.amx,13390,3347,26512,27260,10672,46124,1024,22504,0,50,2,4,1,12,10,28,decomp/script/sub_event_010.pasm,decomp/script/sub_event_010.pseudo.c
romfs_out/amx_flat/sub_event_011.amx,24538,6134,42136,43100,32496,83788,1024,36880,0,68,2,4,1,12,10,28,decomp/script/sub_event_011.pasm,decomp/script/sub_event_011.pseudo.c
romfs_out/amx_flat/sub_event_012.amx,22870,5717,38552,39456,31568,79216,1024,36400,0,63,2,4,1,12,10,28,decomp/script/sub_event_012.pasm,decomp/script/sub_event_012.pseudo.c
romfs_out/amx_flat/sub_event_013.amx,22869,5717,38552,39456,31568,79216,1024,36400,0,63,2,4,1,12,10,28,decomp/script/sub_event_013.pasm,decomp/script/sub_event_013.pseudo.c
romfs_out/amx_flat/sub_event_014.amx,29308,7327,50928,51748,34376,94316,1024,35760,0,56,2,4,1,12,10,28,decomp/script/sub_event_014.pasm,decomp/script/sub_event_014.pseudo.c
romfs_out/amx_flat/sub_event_015.amx,22872,5718,38552,39456,31568,79216,1024,36400,0,63,2,4,1,12,10,28,decomp/script/sub_event_015.pasm,decomp/script/sub_event_015.pseudo.c
romfs_out/amx_flat/sub_event_016.amx,22640,5660,37584,38404,31512,78108,1024,37168,0,56,2,4,1,12,10,28,decomp/script/sub_event_016.pasm,decomp/script/sub_event_016.pseudo.c
romfs_out/amx_flat/sub_event_017.amx,22638,5659,37584,38404,31512,78108,1024,37168,0,56,2,4,1,12,10,28,decomp/script/sub_event_017.pasm,decomp/script/sub_event_017.pseudo.c
romfs_out/amx_flat/sub_event_018.amx,25043,6260,42976,43832,31512,83536,1024,35752,0,59,2,4,1,12,10,28,decomp/script/sub_event_018.pasm,decomp/script/sub_event_018.pseudo.c
romfs_out/amx_flat/sub_event_019.amx,22638,5659,37584,38404,31512,78108,1024,37168,0,56,2,4,1,12,10,28,decomp/script/sub_event_019.pasm,decomp/script/sub_event_019.pseudo.c
romfs_out/amx_flat/sub_event_020.amx,22638,5659,37584,38404,31512,78108,1024,37168,0,56,2,4,1,12,10,28,decomp/script/sub_event_020.pasm,decomp/script/sub_event_020.pseudo.c
romfs_out/amx_flat/sub_event_021.amx,45246,11311,79848,81136,37136,126464,1024,43664,0,95,2,4,1,12,10,28,decomp/script/sub_event_021.pasm,decomp/script/sub_event_021.pseudo.c
romfs_out/amx_flat/sub_event_022.amx,22641,5660,37584,38404,31512,78108,1024,37168,0,56,2,4,1,12,10,28,decomp/script/sub_event_022.pasm,decomp/script/sub_event_022.pseudo.c
romfs_out/amx_flat/sub_event_023.amx,22636,5659,37584,38404,31512,78108,1024,37168,0,56,2,4,1,12,10,28,decomp/script/sub_event_023.pasm,decomp/script/sub_event_023.pseudo.c
romfs_out/amx_flat/sub_event_024.amx,22811,5702,37984,38804,31512,78508,1024,37168,0,56,2,4,1,12,10,28,decomp/script/sub_event_024.pasm,decomp/script/sub_event_024.pseudo.c
romfs_out/amx_flat/sub_event_025.amx,26318,6579,44552,45480,34272,87944,1024,37144,0,65,2,4,1,12,10,28,decomp/script/sub_event_025.pasm,decomp/script/sub_event_025.pseudo.c
romfs_out/amx_flat/sub_event_026.amx,24539,6134,42064,43040,31864,83096,1024,38312,0,69,2,4,1,12,10,28,decomp/script/sub_event_026.pasm,decomp/script/sub_event_026.pseudo.c
romfs_out/amx_flat/sub_event_027.amx,22640,5660,37584,38404,31512,78108,1024,37168,0,56,2,4,1,12,10,28,decomp/script/sub_event_027.pasm,decomp/script/sub_event_027.pseudo.c
romfs_out/amx_flat/sub_event_028.amx,20834,5208,33720,34420,30144,72756,1024,30104,0,46,2,4,1,12,10,28,decomp/script/sub_event_028.pasm,decomp/script/sub_event_028.pseudo.c
romfs_out/amx_flat/sub_event_029.amx,22763,5690,37792,38624,31512,78328,1024,37168,0,57,2,4,1,12,10,28,decomp/script/sub_event_029.pasm,decomp/script/sub_event_029.pseudo.c
romfs_out/amx_flat/sub_event_030.amx,22763,5690,37792,38624,31512,78328,1024,37168,0,57,2,4,1,12,10,28,decomp/script/sub_event_030.pasm,decomp/script/sub_event_030.pseudo.c
romfs_out/amx_flat/sub_event_031.amx,28040,7010,49616,50508,31728,90428,1024,35856,0,62,2,4,1,12,10,28,decomp/script/sub_event_031.pasm,decomp/script/sub_event_031.pseudo.c
romfs_out/amx_flat/sub_event_034.amx,32780,8195,57720,58924,31352,98468,1024,39472,0,88,2,4,1,12,10,28,decomp/script/sub_event_034.pasm,decomp/script/sub_event_034.pseudo.c
romfs_out/amx_flat/sub_event_037.amx,8430,2107,19360,20072,2552,30816,1024,16336,0,47,2,4,1,12,10,28,decomp/script/sub_event_037.pasm,decomp/script/sub_event_037.pseudo.c
romfs_out/amx_flat/sub_event_040.amx,23747,5936,40312,41204,31816,81212,1024,36088,0,62,2,4,1,12,10,28,decomp/script/sub_event_040.pasm,decomp/script/sub_event_040.pseudo.c
romfs_out/amx_flat/sub_event_042.amx,25209,6302,43416,44440,31880,84512,1024,36584,0,73,2,4,1,12,10,28,decomp/script/sub_event_042.pasm,decomp/script/sub_event_042.pseudo.c
romfs_out/amx_flat/sub_event_046.amx,22909,5727,38256,39088,31672,78952,1024,36560,0,57,2,4,1,12,10,28,decomp/script/sub_event_046.pasm,decomp/script/sub_event_046.pseudo.c
romfs_out/amx_flat/sub_event_120.amx,24633,6158,42416,43332,31568,83092,1024,37096,0,64,2,4,1,12,10,28,decomp/script/sub_event_120.pasm,decomp/script/sub_event_120.pseudo.c
romfs_out/amx_flat/tournament.amx,38125,9531,65480,66960,41112,116264,1024,41304,0,111,2,4,1,12,10,28,decomp/script/tournament.pasm,decomp/script/tournament.pseudo.c
romfs_out/amx_flat/trainer.amx,8799,2199,20504,21372,2344,31908,1024,16104,0,60,2,4,1,12,10,28,decomp/script/trainer.pasm,decomp/script/trainer.pseudo.c
romfs_out/amx_flat/tv_monitor.amx,1395,348,2904,3184,632,12008,1024,992,0,11,2,4,1,12,10,28,decomp/script/tv_monitor.pasm,decomp/script/tv_monitor.pseudo.c
romfs_out/amx_flat/vending_machine.amx,9188,2297,17472,18256,8968,35416,1024,13696,0,53,2,4,1,12,10,28,decomp/script/vending_machine.pasm,decomp/script/vending_machine.pseudo.c
romfs_out/amx_flat/waza_oshie_gattai.amx,9372,2343,21368,22140,2416,32748,1024,15888,0,52,2,4,1,12,10,28,decomp/script/waza_oshie_gattai.pasm,decomp/script/waza_oshie_gattai.pseudo.c
romfs_out/amx_flat/waza_oshie_kyuukyoku.amx,9283,2320,21368,22140,2272,32604,1024,15888,0,52,2,4,1,12,10,28,decomp/script/waza_oshie_kyuukyoku.pasm,decomp/script/waza_oshie_kyuukyoku.pseudo.c
romfs_out/amx_flat/waza_oshie_ryuuseigun.amx,8815,2203,20136,20908,2200,31300,1024,15744,0,52,2,4,1,12,10,28,decomp/script/waza_oshie_ryuuseigun.pasm,decomp/script/waza_oshie_ryuuseigun.pseudo.c
romfs_out/amx_flat/waza_oshie_special.amx,8890,2222,20304,21088,2200,31480,1024,15744,0,53,2,4,1,12,10,28,decomp/script/waza_oshie_special.pasm,decomp/script/waza_oshie_special.pseudo.c
romfs_out/amx_flat/wide_road.amx,22494,5623,45712,47180,10080,65452,1024,25712,0,110,2,4,1,12,10,28,decomp/script/wide_road.pasm,decomp/script/wide_road.pseudo.c
romfs_out/amx_flat/z_bt0101.amx,1341,335,3264,3556,344,12092,1024,2592,0,12,2,4,1,12,10,28,decomp/script/z_bt0101.pasm,decomp/script/z_bt0101.pseudo.c
romfs_out/amx_flat/z_bt0102.amx,228,57,280,440,32,8664,1024,8,0,1,2,4,1,12,10,28,decomp/script/z_bt0102.pasm,decomp/script/z_bt0102.pseudo.c
romfs_out/amx_flat/z_bt0110.amx,228,57,280,440,32,8664,1024,8,0,1,2,4,1,12,10,28,decomp/script/z_bt0110.pasm,decomp/script/z_bt0110.pseudo.c
romfs_out/amx_flat/z_c0101.amx,9117,2279,19648,20432,3976,32600,1024,15608,1,52,2,4,1,12,10,28,decomp/script/z_c0101.pasm,decomp/script/z_c0101.pseudo.c
romfs_out/amx_flat/z_c0101_b0101.amx,228,57,280,440,32,8664,1024,8,0,1,2,4,1,12,10,28,decomp/script/z_c0101_b0101.pasm,decomp/script/z_c0101_b0101.pseudo.c
romfs_out/amx_flat/z_c0101_g0101.amx,228,57,280,440,32,8664,1024,8,0,1,2,4,1,12,10,28,decomp/script/z_c0101_g0101.pasm,decomp/script/z_c0101_g0101.pseudo.c
romfs_out/amx_flat/z_c0101_g0102.amx,2205,551,5408,5748,984,14924,1024,3048,0,16,2,4,1,12,10,28,decomp/script/z_c0101_g0102.pasm,decomp/script/z_c0101_g0102.pseudo.c
romfs_out/amx_flat/z_c0101_g0201.amx,9271,2317,21072,21736,3160,33088,1024,15056,1,42,2,4,1,12,10,28,decomp/script/z_c0101_g0201.pasm,decomp/script/z_c0101_g0201.pseudo.c
romfs_out/amx_flat/z_c0101_g0210.amx,228,57,280,440,32,8664,1024,8,0,1,2,4,1,12,10,28,decomp/script/z_c0101_g0210.pasm,decomp/script/z_c0101_g0210.pseudo.c
romfs_out/amx_flat/z_c0101_h0101.amx,227,56,280,440,32,8664,1024,8,0,1,2,4,1,12,10,28,decomp/script/z_c0101_h0101.pasm,decomp/script/z_c0101_h0101.pseudo.c
romfs_out/amx_flat/z_c0101_i0201.amx,7865,1966,17496,18160,3376,29728,1024,15160,1,42,2,4,1,12,10,28,decomp/script/z_c0101_i0201.pasm,decomp/script/z_c0101_i0201.pseudo.c
romfs_out/amx_flat/z_c0101_i0202.amx,227,56,280,440,32,8664,1024,8,0,1,2,4,1,12,10,28,decomp/script/z_c0101_i0202.pasm,decomp/script/z_c0101_i0202.pseudo.c
romfs_out/amx_flat/z_c0101_i0210.amx,227,56,280,440,32,8664,1024,8,0,1,2,4,1,12,10,28,decomp/script/z_c0101_i0210.pasm,decomp/script/z_c0101_i0210.pseudo.c
romfs_out/amx_flat/z_c0101_i0211.amx,227,56,280,440,32,8664,1024,8,0,1,2,4,1,12,10,28,decomp/script/z_c0101_i0211.pasm,decomp/script/z_c0101_i0211.pseudo.c
romfs_out/amx_flat/z_c0101_i0212.amx,281,70,320,492,72,8756,1024,8,1,1,2,4,1,12,10,28,decomp/script/z_c0101_i0212.pasm,decomp/script/z_c0101_i0212.pseudo.c
romfs_out/amx_flat/z_c0101_i0213.amx,227,56,280,440,32,8664,1024,8,0,1,2,4,1,12,10,28,decomp/script/z_c0101_i0213.pasm,decomp/script/z_c0101_i0213.pseudo.c
romfs_out/amx_flat/z_c0101_i0301.amx,1776,444,4216,4508,336,13036,1024,2936,0,12,2,4,1,12,10,28,decomp/script/z_c0101_i0301.pasm,decomp/script/z_c0101_i0301.pseudo.c
romfs_out/amx_flat/z_c0101_pc0101.amx,634,158,1040,1236,408,9836,1024,424,0,4,2,4,1,12,10,28,decomp/script/z_c0101_pc0101.pasm,decomp/script/z_c0101_pc0101.pseudo.c
romfs_out/amx_flat/z_c0101_pc0201.amx,632,158,1040,1236,408,9836,1024,424,0,4,2,4,1,12,10,28,decomp/script/z_c0101_pc0201.pasm,decomp/script/z_c0101_pc0201.pseudo.c
romfs_out/amx_flat/z_c0101_s0101.amx,228,57,280,440,32,8664,1024,8,0,1,2,4,1,12,10,28,decomp/script/z_c0101_s0101.pasm,decomp/script/z_c0101_s0101.pseudo.c
romfs_out/amx_flat/z_c0102.amx,228,57,280,440,32,8664,1024,8,0,1,2,4,1,12,10,28,decomp/script/z_c0102.pasm,decomp/script/z_c0102.pseudo.c
romfs_out/amx_flat/z_c0201.amx,7071,1767,15968,16608,2728,27528,1024,15056,1,40,2,4,1,12,10,28,decomp/script/z_c0201.pasm,decomp/script/z_c0201.pseudo.c
romfs_out/amx_flat/z_c0201_b0101.amx,228,57,280,440,32,8664,1024,8,0,1,2,4,1,12,10,28,decomp/script/z_c0201_b0101.pasm,decomp/script/z_c0201_b0101.pseudo.c
romfs_out/amx_flat/z_c0201_g0101.amx,6875,1718,15728,16368,2440,27000,1024,15056,0,41,2,4,1,12,10,28,decomp/script/z_c0201_g0101.pasm,decomp/script/z_c0201_g0101.pseudo.c
romfs_out/amx_flat/z_c0201_g0102.amx,7012,1753,16184,16824,2440,27456,1024,15056,0,41,2,4,1,12,10,28,decomp/script/z_c0201_g0102.pasm,decomp/script/z_c0201_g0102.pseudo.c
romfs_out/amx_flat/z_c0201_g0201.amx,8715,2178,19496,20172,3128,31492,1024,15144,1,43,2,4,1,12,10,28,decomp/script/z_c0201_g0201.pasm,decomp/script/z_c0201_g0201.pseudo.c
romfs_out/amx_flat/z_c0201_g0210.amx,6802,1700,15720,16360,2224,26776,1024,15136,0,41,2,4,1,12,10,28,decomp/script/z_c0201_g0210.pasm,decomp/script/z_c0201_g0210.pseudo.c
romfs_out/amx_flat/z_c0201_h0101.amx,227,56,280,440,32,8664,1024,8,0,1,2,4,1,12,10,28,decomp/script/z_c0201_h0101.pasm,decomp/script/z_c0201_h0101.pseudo.c
romfs_out/amx_flat/z_c0201_i0201.amx,1538,384,3712,4004,336,12532,1024,2936,0,12,2,4,1,12,10,28,decomp/script/z_c0201_i0201.pasm,decomp/script/z_c0201_i0201.pseudo.c
romfs_out/amx_flat/z_c0201_i0301.amx,227,56,280,440,32,8664,1024,8,0,1,2,4,1,12,10,28,decomp/script/z_c0201_i0301.pasm,decomp/script/z_c0201_i0301.pseudo.c
romfs_out/amx_flat/z_c0201_i0401.amx,228,57,280,440,32,8664,1024,8,0,1,2,4,1,12,10,28,decomp/script/z_c0201_i0401.pasm,decomp/script/z_c0201_i0401.pseudo.c
romfs_out/amx_flat/z_c0201_i0501.amx,228,57,280,440,32,8664,1024,8,0,1,2,4,1,12,10,28,decomp/script/z_c0201_i0501.pasm,decomp/script/z_c0201_i0501.pseudo.c
romfs_out/amx_flat/z_c0201_i0601.amx,228,57,280,440,32,8664,1024,8,0,1,2,4,1,12,10,28,decomp/script/z_c0201_i0601.pasm,decomp/script/z_c0201_i0601.pseudo.c
romfs_out/amx_flat/z_c0201_i0701.amx,228,57,280,440,32,8664,1024,8,0,1,2,4,1,12,10,28,decomp/script/z_c0201_i0701.pasm,decomp/script/z_c0201_i0701.pseudo.c
romfs_out/amx_flat/z_c0201_pc0101.amx,634,158,1040,1236,408,9836,1024,424,0,4,2,4,1,12,10,28,decomp/script/z_c0201_pc0101.pasm,decomp/script/z_c0201_pc0101.pseudo.c
romfs_out/amx_flat/z_c0201_pc0201.amx,634,158,1040,1236,408,9836,1024,424,0,4,2,4,1,12,10,28,decomp/script/z_c0201_pc0201.pasm,decomp/script/z_c0201_pc0201.pseudo.c
romfs_out/amx_flat/z_c0201_pc0301.amx,633,158,1040,1236,408,9836,1024,424,0,4,2,4,1,12,10,28,decomp/script/z_c0201_pc0301.pasm,decomp/script/z_c0201_pc0301.pseudo.c
romfs_out/amx_flat/z_c0201_s0101.amx,228,57,280,440,32,8664,1024,8,0,1,2,4,1,12,10,28,decomp/script/z_c0201_s0101.pasm,decomp/script/z_c0201_s0101.pseudo.c
romfs_out/amx_flat/z_c0301.amx,22063,5515,37448,38436,26512,73140,1024,29600,1,69,2,4,1,12,10,28,decomp/script/z_c0301.pasm,decomp/script/z_c0301.pseudo.c
romfs_out/amx_flat/z_c0301_b0101.amx,227,56,280,440,32,8664,1024,8,0,1,2,4,1,12,10,28,decomp/script/z_c0301_b0101.pasm,decomp/script/z_c0301_b0101.pseudo.c
romfs_out/amx_flat/z_c0301_h0101.amx,227,56,280,440,32,8664,1024,8,0,1,2,4,1,12,10,28,decomp/script/z_c0301_h0101.pasm,decomp/script/z_c0301_h0101.pseudo.c
romfs_out/amx_flat/z_c0301_i0101.amx,227,56,280,440,32,8664,1024,8,0,1,2,4,1,12,10,28,decomp/script/z_c0301_i0101.pasm,decomp/script/z_c0301_i0101.pseudo.c
romfs_out/amx_flat/z_c0301_i0201.amx,6913,1728,15768,16408,2480,27080,1024,15056,1,40,2,4,1,12,10,28,decomp/script/z_c0301_i0201.pasm,decomp/script/z_c0301_i0201.pseudo.c
romfs_out/amx_flat/z_c0301_i0202.amx,279,69,320,492,72,8756,1024,8,1,1,2,4,1,12,10,28,decomp/script/z_c0301_i0202.pasm,decomp/script/z_c0301_i0202.pseudo.c
romfs_out/amx_flat/z_c0301_i0210.amx,6727,1681,15528,16156,2224,26572,1024,15056,0,40,2,4,1,12,10,28,decomp/script/z_c0301_i0210.pasm,decomp/script/z_c0301_i0210.pseudo.c
romfs_out/amx_flat/z_c0301_i0301.amx,227,56,280,440,32,8664,1024,8,0,1,2,4,1,12,10,28,decomp/script/z_c0301_i0301.pasm,decomp/script/z_c0301_i0301.pseudo.c
romfs_out/amx_flat/z_c0301_i0401.amx,227,56,280,440,32,8664,1024,8,0,1,2,4,1,12,10,28,decomp/script/z_c0301_i0401.pasm,decomp/script/z_c0301_i0401.pseudo.c
romfs_out/amx_flat/z_c0301_i0501.amx,227,56,280,440,32,8664,1024,8,0,1,2,4,1,12,10,28,decomp/script/z_c0301_i0501.pasm,decomp/script/z_c0301_i0501.pseudo.c
romfs_out/amx_flat/z_c0301_i0601.amx,227,56,280,440,32,8664,1024,8,0,1,2,4,1,12,10,28,decomp/script/z_c0301_i0601.pasm,decomp/script/z_c0301_i0601.pseudo.c
romfs_out/amx_flat/z_c0301_i0701.amx,227,56,280,440,32,8664,1024,8,0,1,2,4,1,12,10,28,decomp/script/z_c0301_i0701.pasm,decomp/script/z_c0301_i0701.pseudo.c
romfs_out/amx_flat/z_c0301_i0801.amx,228,57,280,440,32,8664,1024,8,0,1,2,4,1,12,10,28,decomp/script/z_c0301_i0801.pasm,decomp/script/z_c0301_i0801.pseudo.c
romfs_out/amx_flat/z_c0301_i0901.amx,228,57,280,440,32,8664,1024,8,0,1,2,4,1,12,10,28,decomp/script/z_c0301_i0901.pasm,decomp/script/z_c0301_i0901.pseudo.c
romfs_out/amx_flat/z_c0301_i1001.amx,227,56,280,440,32,8664,1024,8,0,1,2,4,1,12,10,28,decomp/script/z_c0301_i1001.pasm,decomp/script/z_c0301_i1001.pseudo.c
romfs_out/amx_flat/z_c0301_i1101.amx,227,56,280,440,32,8664,1024,8,0,1,2,4,1,12,10,28,decomp/script/z_c0301_i1101.pasm,decomp/script/z_c0301_i1101.pseudo.c
romfs_out/amx_flat/z_c0301_i1201.amx,1539,384,3712,4004,336,12532,1024,2936,0,12,2,4,1,12,10,28,decomp/script/z_c0301_i1201.pasm,decomp/script/z_c0301_i1201.pseudo.c
romfs_out/amx_flat/z_c0301_pc0101.amx,631,157,1040,1236,408,9836,1024,424,0,4,2,4,1,12,10,28,decomp/script/z_c0301_pc0101.pasm,decomp/script/z_c0301_pc0101.pseudo.c
romfs_out/amx_flat/z_c0301_pc0201.amx,632,158,1040,1236,408,9836,1024,424,0,4,2,4,1,12,10,28,decomp/script/z_c0301_pc0201.pasm,decomp/script/z_c0301_pc0201.pseudo.c
romfs_out/amx_flat/z_c0301_s0101.amx,228,57,280,440,32,8664,1024,8,0,1,2,4,1,12,10,28,decomp/script/z_c0301_s0101.pasm,decomp/script/z_c0301_s0101.pseudo.c
romfs_out/amx_flat/z_c0306.amx,7404,1851,16728,17392,2696,28280,1024,15552,1,42,2,4,1,12,10,28,decomp/script/z_c0306.pasm,decomp/script/z_c0306.pseudo.c
romfs_out/amx_flat/z_d0101.amx,641,160,1080,1300,72,9564,1024,8,1,5,2,4,1,12,10,28,decomp/script/z_d0101.pasm,decomp/script/z_d0101.pseudo.c
romfs_out/amx_flat/z_d0102.amx,6853,1713,15720,16384,2264,26840,1024,15056,1,42,2,4,1,12,10,28,decomp/script/z_d0102.pasm,decomp/script/z_d0102.pseudo.c
romfs_out/amx_flat/z_d0103.amx,6727,1681,15528,16156,2224,26572,1024,15056,0,40,2,4,1,12,10,28,decomp/script/z_d0103.pasm,decomp/script/z_d0103.pseudo.c
romfs_out/amx_flat/z_d0201.amx,227,56,280,440,32,8664,1024,8,0,1,2,4,1,12,10,28,decomp/script/z_d0201.pasm,decomp/script/z_d0201.pseudo.c
romfs_out/amx_flat/z_d0301.amx,227,56,280,440,32,8664,1024,8,0,1,2,4,1,12,10,28,decomp/script/z_d0301.pasm,decomp/script/z_d0301.pseudo.c
romfs_out/amx_flat/z_d0302.amx,6860,1715,15728,16356,2440,26988,1024,15056,0,40,2,4,1,12,10,28,decomp/script/z_d0302.pasm,decomp/script/z_d0302.pseudo.c
romfs_out/amx_flat/z_d0401.amx,5197,1299,7792,8396,3072,19660,1024,2992,0,38,2,4,1,12,10,28,decomp/script/z_d0401.pasm,decomp/script/z_d0401.pseudo.c
romfs_out/amx_flat/z_d0501.amx,6820,1705,15704,16308,2008,26508,1024,14640,0,38,2,4,1,12,10,28,decomp/script/z_d0501.pasm,decomp/script/z_d0501.pseudo.c
romfs_out/amx_flat/z_d0601.amx,6726,1681,15528,16156,2224,26572,1024,15056,0,40,2,4,1,12,10,28,decomp/script/z_d0601.pasm,decomp/script/z_d0601.pseudo.c
romfs_out/amx_flat/z_d0602.amx,279,69,320,492,72,8756,1024,8,1,1,2,4,1,12,10,28,decomp/script/z_d0602.pasm,decomp/script/z_d0602.pseudo.c
romfs_out/amx_flat/z_pl0101.amx,15064,3766,30176,30948,11624,50764,1024,23792,0,52,2,4,1,12,10,28,decomp/script/z_pl0101.pasm,decomp/script/z_pl0101.pseudo.c
romfs_out/amx_flat/z_pl0102.amx,10538,2634,22296,23128,5872,37192,1024,16800,0,57,2,4,1,12,10,28,decomp/script/z_pl0102.pasm,decomp/script/z_pl0102.pseudo.c
romfs_out/amx_flat/z_pl0110.amx,228,57,280,440,32,8664,1024,8,0,1,2,4,1,12,10,28,decomp/script/z_pl0110.pasm,decomp/script/z_pl0110.pseudo.c
romfs_out/amx_flat/z_r0101.amx,228,57,280,440,32,8664,1024,8,0,1,2,4,1,12,10,28,decomp/script/z_r0101.pasm,decomp/script/z_r0101.pseudo.c
romfs_out/amx_flat/z_r0201.amx,7366,1841,16816,17552,2224,27968,1024,15232,0,49,2,4,1,12,10,28,decomp/script/z_r0201.pasm,decomp/script/z_r0201.pseudo.c
romfs_out/amx_flat/z_r0202.amx,228,57,280,440,32,8664,1024,8,0,1,2,4,1,12,10,28,decomp/script/z_r0202.pasm,decomp/script/z_r0202.pseudo.c
romfs_out/amx_flat/z_r0301.amx,12170,3042,24368,25092,10800,44084,1024,23752,0,48,2,4,1,12,10,28,decomp/script/z_r0301.pasm,decomp/script/z_r0301.pseudo.c
romfs_out/amx_flat/z_r0401.amx,12168,3042,24368,25092,10800,44084,1024,23752,0,48,2,4,1,12,10,28,decomp/script/z_r0401.pasm,decomp/script/z_r0401.pseudo.c
romfs_out/amx_flat/z_r0501.amx,6919,1729,15880,16544,2352,27088,1024,15056,0,43,2,4,1,12,10,28,decomp/script/z_r0501.pasm,decomp/script/z_r0501.pseudo.c
romfs_out/amx_flat/z_r0501_i0101.amx,6819,1704,15928,16556,2008,26756,1024,14200,0,40,2,4,1,12,10,28,decomp/script/z_r0501_i0101.pasm,decomp/script/z_r0501_i0101.pseudo.c
romfs_out/amx_flat/z_r0601.amx,279,69,400,572,32,8796,1024,8,0,2,2,4,1,12,10,28,decomp/script/z_r0601.pasm,decomp/script/z_r0601.pseudo.c
romfs_out/amx_flat/z_r0701.amx,279,69,400,572,32,8796,1024,8,0,2,2,4,1,12,10,28,decomp/script/z_r0701.pasm,decomp/script/z_r0701.pseudo.c
romfs_out/amx_flat/z_r0801.amx,278,69,400,572,32,8796,1024,8,0,2,2,4,1,12,10,28,decomp/script/z_r0801.pasm,decomp/script/z_r0801.pseudo.c
romfs_out/amx_flat/z_r0901.amx,228,57,280,440,32,8664,1024,8,0,1,2,4,1,12,10,28,decomp/script/z_r0901.pasm,decomp/script/z_r0901.pseudo.c
romfs_out/amx_flat/z_r0902.amx,7541,1885,17072,17736,3088,29016,1024,15056,0,43,2,4,1,12,10,28,decomp/script/z_r0902.pasm,decomp/script/z_r0902.pseudo.c
romfs_out/amx_flat/z_r0903.amx,228,57,280,440,32,8664,1024,8,0,1,2,4,1,12,10,28,decomp/script/z_r0903.pasm,decomp/script/z_r0903.pseudo.c
romfs_out/amx_flat/z_r0904.amx,279,69,400,572,32,8796,1024,8,0,2,2,4,1,12,10,28,decomp/script/z_r0904.pasm,decomp/script/z_r0904.pseudo.c
romfs_out/amx_flat/z_r1001.amx,280,70,320,492,72,8756,1024,8,1,1,2,4,1,12,10,28,decomp/script/z_r1001.pasm,decomp/script/z_r1001.pseudo.c
romfs_out/amx_flat/z_r1001_s0101.amx,228,57,280,440,32,8664,1024,8,0,1,2,4,1,12,10,28,decomp/script/z_r1001_s0101.pasm,decomp/script/z_r1001_s0101.pseudo.c
romfs_out/amx_flat/z_r1002.amx,387,96,480,676,256,9124,1024,8,0,4,2,4,1,12,10,28,decomp/script/z_r1002.pasm,decomp/script/z_r1002.pseudo.c
romfs_out/amx_flat/z_r1003.amx,228,57,280,440,32,8664,1024,8,0,1,2,4,1,12,10,28,decomp/script/z_r1003.pasm,decomp/script/z_r1003.pseudo.c
romfs_out/amx_flat/z_script_dummy.amx,228,57,280,440,32,8664,1024,8,0,1,2,4,1,12,10,28,decomp/script/z_script_dummy.pasm,decomp/script/z_script_dummy.pseudo.c
romfs_out/amx_flat/z_t0101.amx,7790,1947,17464,18140,3344,29676,1024,15456,1,43,2,4,1,12,10,28,decomp/script/z_t0101.pasm,decomp/script/z_t0101.pseudo.c
romfs_out/amx_flat/z_t0101_i0101.amx,17369,4342,35200,36104,12352,56648,1024,26992,1,62,2,4,1,12,10,28,decomp/script/z_t0101_i0101.pasm,decomp/script/z_t0101_i0101.pseudo.c
romfs_out/amx_flat/z_t0101_i0201.amx,7171,1792,16536,17176,2048,27416,1024,15048,1,40,2,4,1,12,10,28,decomp/script/z_t0101_i0201.pasm,decomp/script/z_t0101_i0201.pseudo.c
romfs_out/amx_flat/z_t0101_i0202.amx,8308,2077,19016,19752,2632,30576,1024,16712,0,49,2,4,1,12,10,28,decomp/script/z_t0101_i0202.pasm,decomp/script/z_t0101_i0202.pseudo.c
romfs_out/amx_flat/z_t0201.amx,352,88,440,624,104,8920,1024,8,1,2,2,4,1,12,10,28,decomp/script/z_t0201.pasm,decomp/script/z_t0201.pseudo.c
romfs_out/amx_flat/z_t0201_b0101.amx,227,56,280,440,32,8664,1024,8,0,1,2,4,1,12,10,28,decomp/script/z_t0201_b0101.pasm,decomp/script/z_t0201_b0101.pseudo.c
romfs_out/amx_flat/z_t0201_i0101.amx,1409,352,3480,3760,280,12232,1024,2784,1,10,2,4,1,12,10,28,decomp/script/z_t0201_i0101.pasm,decomp/script/z_t0201_i0101.pseudo.c
romfs_out/amx_flat/z_t0201_i0201.amx,7571,1892,17112,17764,2872,28828,1024,15552,0,42,2,4,1,12,10,28,decomp/script/z_t0201_i0201.pasm,decomp/script/z_t0201_i0201.pseudo.c
romfs_out/amx_flat/z_t0201_i0202.amx,228,57,280,440,32,8664,1024,8,0,1,2,4,1,12,10,28,decomp/script/z_t0201_i0202.pasm,decomp/script/z_t0201_i0202.pseudo.c
romfs_out/amx_flat/z_t0201_i0301.amx,228,57,280,440,32,8664,1024,8,0,1,2,4,1,12,10,28,decomp/script/z_t0201_i0301.pasm,decomp/script/z_t0201_i0301.pseudo.c
romfs_out/amx_flat/z_t0201_i0401.amx,228,57,280,440,32,8664,1024,8,0,1,2,4,1,12,10,28,decomp/script/z_t0201_i0401.pasm,decomp/script/z_t0201_i0401.pseudo.c
romfs_out/amx_flat/z_t0201_pc0101.amx,634,158,1040,1236,408,9836,1024,424,0,4,2,4,1,12,10,28,decomp/script/z_t0201_pc0101.pasm,decomp/script/z_t0201_pc0101.pseudo.c
romfs_out/amx_flat/z_t0201_s0101.amx,280,70,320,492,72,8756,1024,8,1,1,2,4,1,12,10,28,decomp/script/z_t0201_s0101.pasm,decomp/script/z_t0201_s0101.pseudo.c
romfs_out/amx_flat/z_t0301.amx,16323,4080,27208,27944,22768,58904,1024,25792,1,48,2,4,1,12,10,28,decomp/script/z_t0301.pasm,decomp/script/z_t0301.pseudo.c
romfs_out/amx_flat/z_t0301_g0101.amx,7417,1854,16912,17576,2440,28208,1024,15144,0,43,2,4,1,12,10,28,decomp/script/z_t0301_g0101.pasm,decomp/script/z_t0301_g0101.pseudo.c
romfs_out/amx_flat/z_t0301_g0102.amx,227,56,280,440,32,8664,1024,8,0,1,2,4,1,12,10,28,decomp/script/z_t0301_g0102.pasm,decomp/script/z_t0301_g0102.pseudo.c
romfs_out/amx_flat/z_t0301_g0110.amx,227,56,280,440,32,8664,1024,8,0,1,2,4,1,12,10,28,decomp/script/z_t0301_g0110.pasm,decomp/script/z_t0301_g0110.pseudo.c
romfs_out/amx_flat/z_t0301_pc0101.amx,634,158,1040,1236,408,9836,1024,424,0,4,2,4,1,12,10,28,decomp/script/z_t0301_pc0101.pasm,decomp/script/z_t0301_pc0101.pseudo.c
romfs_out/amx_flat/z_t0401.amx,416,104,536,732,136,9060,1024,8,1,3,2,4,1,12,10,28,decomp/script/z_t0401.pasm,decomp/script/z_t0401.pseudo.c
romfs_out/amx_flat/z_t0401_g0101.amx,7463,1865,16912,17588,2480,28260,1024,15144,1,43,2,4,1,12,10,28,decomp/script/z_t0401_g0101.pasm,decomp/script/z_t0401_g0101.pseudo.c
romfs_out/amx_flat/z_t0401_g0102.amx,3696,924,5944,6296,4064,18552,1024,1192,0,17,2,4,1,12,10,28,decomp/script/z_t0401_g0102.pasm,decomp/script/z_t0401_g0102.pseudo.c
romfs_out/amx_flat/z_t0401_g0110.amx,227,56,280,440,32,8664,1024,8,0,1,2,4,1,12,10,28,decomp/script/z_t0401_g0110.pasm,decomp/script/z_t0401_g0110.pseudo.c
romfs_out/amx_flat/z_t0401_i0101.amx,228,57,280,440,32,8664,1024,8,0,1,2,4,1,12,10,28,decomp/script/z_t0401_i0101.pasm,decomp/script/z_t0401_i0101.pseudo.c
romfs_out/amx_flat/z_t0401_i0201.amx,228,57,280,440,32,8664,1024,8,0,1,2,4,1,12,10,28,decomp/script/z_t0401_i0201.pasm,decomp/script/z_t0401_i0201.pseudo.c
romfs_out/amx_flat/z_t0401_i0301.amx,228,57,280,440,32,8664,1024,8,0,1,2,4,1,12,10,28,decomp/script/z_t0401_i0301.pasm,decomp/script/z_t0401_i0301.pseudo.c
romfs_out/amx_flat/z_t0401_i0401.amx,227,56,280,440,32,8664,1024,8,0,1,2,4,1,12,10,28,decomp/script/z_t0401_i0401.pasm,decomp/script/z_t0401_i0401.pseudo.c
romfs_out/amx_flat/z_t0401_i0501.amx,228,57,280,440,32,8664,1024,8,0,1,2,4,1,12,10,28,decomp/script/z_t0401_i0501.pasm,decomp/script/z_t0401_i0501.pseudo.c
romfs_out/amx_flat/z_t0401_i0601.amx,228,57,280,440,32,8664,1024,8,0,1,2,4,1,12,10,28,decomp/script/z_t0401_i0601.pasm,decomp/script/z_t0401_i0601.pseudo.c
romfs_out/amx_flat/z_t0401_i0701.amx,228,57,280,440,32,8664,1024,8,0,1,2,4,1,12,10,28,decomp/script/z_t0401_i0701.pasm,decomp/script/z_t0401_i0701.pseudo.c
romfs_out/amx_flat/z_t0401_i0801.amx,227,56,280,440,32,8664,1024,8,0,1,2,4,1,12,10,28,decomp/script/z_t0401_i0801.pasm,decomp/script/z_t0401_i0801.pseudo.c
romfs_out/amx_flat/z_t0401_pc0101.amx,632,158,1040,1236,408,9836,1024,424,0,4,2,4,1,12,10,28,decomp/script/z_t0401_pc0101.pasm,decomp/script/z_t0401_pc0101.pseudo.c
romfs_out/amx_flat/z_t0401_s0101.amx,227,56,280,440,32,8664,1024,8,0,1,2,4,1,12,10,28,decomp/script/z_t0401_s0101.pasm,decomp/script/z_t0401_s0101.pseudo.c
romfs_out/amx_flat/z_t0501.amx,8586,2146,19704,20392,2480,31064,1024,15552,1,44,2,4,1,12,10,28,decomp/script/z_t0501.pasm,decomp/script/z_t0501.pseudo.c
romfs_out/amx_flat/z_t0501_g0101.amx,7322,1830,16712,17388,2264,27844,1024,15144,1,43,2,4,1,12,10,28,decomp/script/z_t0501_g0101.pasm,decomp/script/z_t0501_g0101.pseudo.c
romfs_out/amx_flat/z_t0501_g0102.amx,2246,561,5288,5700,424,14316,1024,3504,0,22,2,4,1,12,10,28,decomp/script/z_t0501_g0102.pasm,decomp/script/z_t0501_g0102.pseudo.c
romfs_out/amx_flat/z_t0501_g0110.amx,227,56,280,440,32,8664,1024,8,0,1,2,4,1,12,10,28,decomp/script/z_t0501_g0110.pasm,decomp/script/z_t0501_g0110.pseudo.c
romfs_out/amx_flat/z_t0501_g0201.amx,7325,1831,16712,17388,2264,27844,1024,15144,1,43,2,4,1,12,10,28,decomp/script/z_t0501_g0201.pasm,decomp/script/z_t0501_g0201.pseudo.c
romfs_out/amx_flat/z_t0501_g0202.amx,2249,562,5288,5700,424,14316,1024,3504,0,22,2,4,1,12,10,28,decomp/script/z_t0501_g0202.pasm,decomp/script/z_t0501_g0202.pseudo.c
romfs_out/amx_flat/z_t0501_g0210.amx,227,56,280,440,32,8664,1024,8,0,1,2,4,1,12,10,28,decomp/script/z_t0501_g0210.pasm,decomp/script/z_t0501_g0210.pseudo.c
romfs_out/amx_flat/z_t0501_i0101.amx,228,57,280,440,32,8664,1024,8,0,1,2,4,1,12,10,28,decomp/script/z_t0501_i0101.pasm,decomp/script/z_t0501_i0101.pseudo.c
romfs_out/amx_flat/z_t0501_i0201.amx,228,57,280,440,32,8664,1024,8,0,1,2,4,1,12,10,28,decomp/script/z_t0501_i0201.pasm,decomp/script/z_t0501_i0201.pseudo.c
romfs_out/amx_flat/z_t0501_pc0101.amx,632,158,1040,1236,408,9836,1024,424,0,4,2,4,1,12,10,28,decomp/script/z_t0501_pc0101.pasm,decomp/script/z_t0501_pc0101.pseudo.c
romfs_out/amx_flat/z_t0601.amx,302,75,320,492,104,8788,1024,8,1,1,2,4,1,12,10,28,decomp/script/z_t0601.pasm,decomp/script/z_t0601.pseudo.c
romfs_out/amx_flat/z_t0601_g0101.amx,7349,1837,16712,17388,2296,27876,1024,15144,1,43,2,4,1,12,10,28,decomp/script/z_t0601_g0101.pasm,decomp/script/z_t0601_g0101.pseudo.c
romfs_out/amx_flat/z_t0601_g0102.amx,227,56,280,440,32,8664,1024,8,0,1,2,4,1,12,10,28,decomp/script/z_t0601_g0102.pasm,decomp/script/z_t0601_g0102.pseudo.c
romfs_out/amx_flat/z_t0601_g0103.amx,280,70,320,492,72,8756,1024,8,1,1,2,4,1,12,10,28,decomp/script/z_t0601_g0103.pasm,decomp/script/z_t0601_g0103.pseudo.c
romfs_out/amx_flat/z_t0601_g0104.amx,227,56,280,440,32,8664,1024,8,0,1,2,4,1,12,10,28,decomp/script/z_t0601_g0104.pasm,decomp/script/z_t0601_g0104.pseudo.c
romfs_out/amx_flat/z_t0601_g0110.amx,227,56,280,440,32,8664,1024,8,0,1,2,4,1,12,10,28,decomp/script/z_t0601_g0110.pasm,decomp/script/z_t0601_g0110.pseudo.c
romfs_out/amx_flat/z_t0601_i0101.amx,227,56,280,440,32,8664,1024,8,0,1,2,4,1,12,10,28,decomp/script/z_t0601_i0101.pasm,decomp/script/z_t0601_i0101.pseudo.c
romfs_out/amx_flat/z_t0601_i0201.amx,228,57,280,440,32,8664,1024,8,0,1,2,4,1,12,10,28,decomp/script/z_t0601_i0201.pasm,decomp/script/z_t0601_i0201.pseudo.c
romfs_out/amx_flat/z_t0601_pc0101.amx,632,158,1040,1236,408,9836,1024,424,0,4,2,4,1,12,10,28,decomp/script/z_t0601_pc0101.pasm,decomp/script/z_t0601_pc0101.pseudo.c
romfs_out/amx_flat/z_t0701.amx,411,102,608,804,104,9100,1024,8,1,3,2,4,1,12,10,28,decomp/script/z_t0701.pasm,decomp/script/z_t0701.pseudo.c
romfs_out/amx_flat/z_t0701_b0101.amx,227,56,280,440,32,8664,1024,8,0,1,2,4,1,12,10,28,decomp/script/z_t0701_b0101.pasm,decomp/script/z_t0701_b0101.pseudo.c
romfs_out/amx_flat/z_t0701_g0101.amx,7349,1837,16712,17388,2296,27876,1024,15144,1,43,2,4,1,12,10,28,decomp/script/z_t0701_g0101.pasm,decomp/script/z_t0701_g0101.pseudo.c
romfs_out/amx_flat/z_t0701_g0102.amx,3248,812,8728,9044,336,17572,1024,728,0,14,2,4,1,12,10,28,decomp/script/z_t0701_g0102.pasm,decomp/script/z_t0701_g0102.pseudo.c
romfs_out/amx_flat/z_t0701_g0110.amx,228,57,280,440,32,8664,1024,8,0,1,2,4,1,12,10,28,decomp/script/z_t0701_g0110.pasm,decomp/script/z_t0701_g0110.pseudo.c
romfs_out/amx_flat/z_t0701_g0201.amx,7344,1836,16712,17388,2296,27876,1024,15144,1,43,2,4,1,12,10,28,decomp/script/z_t0701_g0201.pasm,decomp/script/z_t0701_g0201.pseudo.c
romfs_out/amx_flat/z_t0701_g0202.amx,3213,803,8648,8964,336,17492,1024,728,0,14,2,4,1,12,10,28,decomp/script/z_t0701_g0202.pasm,decomp/script/z_t0701_g0202.pseudo.c
romfs_out/amx_flat/z_t0701_g0210.amx,228,57,280,440,32,8664,1024,8,0,1,2,4,1,12,10,28,decomp/script/z_t0701_g0210.pasm,decomp/script/z_t0701_g0210.pseudo.c
romfs_out/amx_flat/z_t0701_h0101.amx,228,57,280,440,32,8664,1024,8,0,1,2,4,1,12,10,28,decomp/script/z_t0701_h0101.pasm,decomp/script/z_t0701_h0101.pseudo.c
romfs_out/amx_flat/z_t0701_i0101.amx,1387,346,3392,3684,248,12124,1024,2808,1,11,2,4,1,12,10,28,decomp/script/z_t0701_i0101.pasm,decomp/script/z_t0701_i0101.pseudo.c
romfs_out/amx_flat/z_t0701_i0201.amx,227,56,280,440,32,8664,1024,8,0,1,2,4,1,12,10,28,decomp/script/z_t0701_i0201.pasm,decomp/script/z_t0701_i0201.pseudo.c
romfs_out/amx_flat/z_t0701_i0301.amx,228,57,280,440,32,8664,1024,8,0,1,2,4,1,12,10,28,decomp/script/z_t0701_i0301.pasm,decomp/script/z_t0701_i0301.pseudo.c
romfs_out/amx_flat/z_t0701_i0401.amx,227,56,280,440,32,8664,1024,8,0,1,2,4,1,12,10,28,decomp/script/z_t0701_i0401.pasm,decomp/script/z_t0701_i0401.pseudo.c
romfs_out/amx_flat/z_t0701_i0501.amx,227,56,280,440,32,8664,1024,8,0,1,2,4,1,12,10,28,decomp/script/z_t0701_i0501.pasm,decomp/script/z_t0701_i0501.pseudo.c
romfs_out/amx_flat/z_t0701_i0601.amx,227,56,280,440,32,8664,1024,8,0,1,2,4,1,12,10,28,decomp/script/z_t0701_i0601.pasm,decomp/script/z_t0701_i0601.pseudo.c
romfs_out/amx_flat/z_t0701_i0701.amx,227,56,280,440,32,8664,1024,8,0,1,2,4,1,12,10,28,decomp/script/z_t0701_i0701.pasm,decomp/script/z_t0701_i0701.pseudo.c
romfs_out/amx_flat/z_t0701_i0801.amx,227,56,280,440,32,8664,1024,8,0,1,2,4,1,12,10,28,decomp/script/z_t0701_i0801.pasm,decomp/script/z_t0701_i0801.pseudo.c
romfs_out/amx_flat/z_t0701_i0802.amx,227,56,280,440,32,8664,1024,8,0,1,2,4,1,12,10,28,decomp/script/z_t0701_i0802.pasm,decomp/script/z_t0701_i0802.pseudo.c
romfs_out/amx_flat/z_t0701_i0810.amx,227,56,280,440,32,8664,1024,8,0,1,2,4,1,12,10,28,decomp/script/z_t0701_i0810.pasm,decomp/script/z_t0701_i0810.pseudo.c
romfs_out/amx_flat/z_t0701_i0811.amx,228,57,280,440,32,8664,1024,8,0,1,2,4,1,12,10,28,decomp/script/z_t0701_i0811.pasm,decomp/script/z_t0701_i0811.pseudo.c
romfs_out/amx_flat/z_t0701_i0812.amx,228,57,280,440,32,8664,1024,8,0,1,2,4,1,12,10,28,decomp/script/z_t0701_i0812.pasm,decomp/script/z_t0701_i0812.pseudo.c
romfs_out/amx_flat/z_t0701_i0813.amx,228,57,280,440,32,8664,1024,8,0,1,2,4,1,12,10,28,decomp/script/z_t0701_i0813.pasm,decomp/script/z_t0701_i0813.pseudo.c
romfs_out/amx_flat/z_t0701_i0901.amx,227,56,280,440,32,8664,1024,8,0,1,2,4,1,12,10,28,decomp/script/z_t0701_i0901.pasm,decomp/script/z_t0701_i0901.pseudo.c
romfs_out/amx_flat/z_t0701_i0902.amx,227,56,280,440,32,8664,1024,8,0,1,2,4,1,12,10,28,decomp/script/z_t0701_i0902.pasm,decomp/script/z_t0701_i0902.pseudo.c
romfs_out/amx_flat/z_t0701_i0910.amx,227,56,280,440,32,8664,1024,8,0,1,2,4,1,12,10,28,decomp/script/z_t0701_i0910.pasm,decomp/script/z_t0701_i0910.pseudo.c
romfs_out/amx_flat/z_t0701_i0911.amx,227,56,280,440,32,8664,1024,8,0,1,2,4,1,12,10,28,decomp/script/z_t0701_i0911.pasm,decomp/script/z_t0701_i0911.pseudo.c
romfs_out/amx_flat/z_t0701_i0912.amx,280,70,320,492,72,8756,1024,8,1,1,2,4,1,12,10,28,decomp/script/z_t0701_i0912.pasm,decomp/script/z_t0701_i0912.pseudo.c
romfs_out/amx_flat/z_t0701_i0913.amx,227,56,280,440,32,8664,1024,8,0,1,2,4,1,12,10,28,decomp/script/z_t0701_i0913.pasm,decomp/script/z_t0701_i0913.pseudo.c
romfs_out/amx_flat/z_t0701_pc0101.amx,632,158,1040,1236,408,9836,1024,424,0,4,2,4,1,12,10,28,decomp/script/z_t0701_pc0101.pasm,decomp/script/z_t0701_pc0101.pseudo.c
romfs_out/amx_flat/z_t0801.amx,7146,1786,16264,16952,2600,27744,1024,15056,1,44,2,4,1,12,10,28,decomp/script/z_t0801.pasm,decomp/script/z_t0801.pseudo.c
romfs_out/amx_flat/z_t0801_pc0101.amx,7196,1799,16400,17028,2384,27604,1024,14992,0,40,2,4,1,12,10,28,decomp/script/z_t0801_pc0101.pasm,decomp/script/z_t0801_pc0101.pseudo.c
romfs_out/amx_flat/z_tr0101.amx,227,56,280,440,32,8664,1024,8,0,1,2,4,1,12,10,28,decomp/script/z_tr0101.pasm,decomp/script/z_tr0101.pseudo.c
romfs_out/amx_flat/z_wr0101.amx,6918,1729,15768,16408,2480,27080,1024,15056,1,40,2,4,1,12,10,28,decomp/script/z_wr0101.pasm,decomp/script/z_wr0101.pseudo.c
romfs_out/amx_flat/z_wr0101_s0101.amx,6727,1681,15528,16156,2224,26572,1024,15056,0,40,2,4,1,12,10,28,decomp/script/z_wr0101_s0101.pasm,decomp/script/z_wr0101_s0101.pseudo.c
romfs_out/amx_flat/z_wr0102.amx,228,57,280,440,32,8664,1024,8,0,1,2,4,1,12,10,28,decomp/script/z_wr0102.pasm,decomp/script/z_wr0102.pseudo.c
romfs_out/amx_flat/z_wr0103.amx,228,57,280,440,32,8664,1024,8,0,1,2,4,1,12,10,28,decomp/script/z_wr0103.pasm,decomp/script/z_wr0103.pseudo.c
romfs_out/amx_flat/z_wr0104.amx,228,57,280,440,32,8664,1024,8,0,1,2,4,1,12,10,28,decomp/script/z_wr0104.pasm,decomp/script/z_wr0104.pseudo.c
romfs_out/amx_flat/z_wr0105.amx,228,57,280,440,32,8664,1024,8,0,1,2,4,1,12,10,28,decomp/script/z_wr0105.pasm,decomp/script/z_wr0105.pseudo.c
romfs_out/amx_flat/z_wr0106.amx,228,57,280,440,32,8664,1024,8,0,1,2,4,1,12,10,28,decomp/script/z_wr0106.pasm,decomp/script/z_wr0106.pseudo.c
romfs_out/amx_flat/z_wr0107.amx,228,57,280,440,32,8664,1024,8,0,1,2,4,1,12,10,28,decomp/script/z_wr0107.pasm,decomp/script/z_wr0107.pseudo.c
romfs_out/amx_flat/z_wr0108.amx,228,57,280,440,32,8664,1024,8,0,1,2,4,1,12,10,28,decomp/script/z_wr0108.pasm,decomp/script/z_wr0108.pseudo.c
romfs_out/amx_flat/z_wr0109.amx,228,57,280,440,32,8664,1024,8,0,1,2,4,1,12,10,28,decomp/script/z_wr0109.pasm,decomp/script/z_wr0109.pseudo.c
romfs_out/amx_flat/z_wr0110.amx,228,57,280,440,32,8664,1024,8,0,1,2,4,1,12,10,28,decomp/script/z_wr0110.pasm,decomp/script/z_wr0110.pseudo.c
romfs_out/amx_flat/z_wr0121.amx,228,57,280,440,32,8664,1024,8,0,1,2,4,1,12,10,28,decomp/script/z_wr0121.pasm,decomp/script/z_wr0121.pseudo.c
romfs_out/amx_flat/z_wr0122.amx,404,101,576,772,160,9124,1024,72,0,4,2,4,1,12,10,28,decomp/script/z_wr0122.pasm,decomp/script/z_wr0122.pseudo.c
romfs_out/amx_flat/z_wr0131.amx,228,57,280,440,32,8664,1024,8,0,1,2,4,1,12,10,28,decomp/script/z_wr0131.pasm,decomp/script/z_wr0131.pseudo.c
romfs_out/amx_flat/z_wr0132.amx,715,178,1376,1668,128,9988,1024,448,0,12,2,4,1,12,10,28,decomp/script/z_wr0132.pasm,decomp/script/z_wr0132.pseudo.c
romfs_out/amx_flat/z_wr0133.amx,228,57,280,440,32,8664,1024,8,0,1,2,4,1,12,10,28,decomp/script/z_wr0133.pasm,decomp/script/z_wr0133.pseudo.c
romfs_out/amx_flat/z_wr0134.amx,228,57,280,440,32,8664,1024,8,0,1,2,4,1,12,10,28,decomp/script/z_wr0134.pasm,decomp/script/z_wr0134.pseudo.c
romfs_out/amx_flat/z_wr0135.amx,228,57,280,440,32,8664,1024,8,0,1,2,4,1,12,10,28,decomp/script/z_wr0135.pasm,decomp/script/z_wr0135.pseudo.c
romfs_out/amx_flat/z_wr0136.amx,228,57,280,440,32,8664,1024,8,0,1,2,4,1,12,10,28,decomp/script/z_wr0136.pasm,decomp/script/z_wr0136.pseudo.c
romfs_out/amx_flat/zone_change_camera.amx,1940,485,4792,5144,32,13368,1024,1088,0,17,2,4,1,12,10,28,decomp/script/zone_change_camera.pasm,decomp/script/zone_change_camera.pseudo.c
